[{"averageSimilarity":0.27809252947331903,"strength":0.07549869109791074,"members":["GPT","CLAUDE","HATICE_SENA_SES","EMIR_KEREM_ISILDAR","BORA_YALCIN","ABDULLAH_MERT_OZDEM","FATIH_KAGAN_CEBI","BEGUM_HAMARAT"]},{"averageSimilarity":0.7712418300653595,"strength":0.027453105243986163,"members":["SERKAN_YILMAZ","MIRAY_DUYGULU"]},{"averageSimilarity":0.19461649013282054,"strength":0.052500551660831896,"members":["EGE_KARTAL","SEVKET_YESILPEKMEZ_MACOS","EDA_GUL_CETINEL","MUHAMMED_EMIN_SEKER","MEHMET_EREN_GUNER","ISMAIL_ERIM_ATAKTURK","EYLUL_PIRINCAL","DORUK_OCAL"]}]