[{"averageSimilarity":0.24515496069814074,"strength":0.04146222872334637,"members":["EGE_KARTAL","EDA_GUL_CETINEL","MUHAMMED_EMIN_SEKER","EYLUL_PIRINCAL","DORUK_OCAL"]},{"averageSimilarity":0.7712418300653595,"strength":0.027453105243986163,"members":["SERKAN_YILMAZ","MIRAY_DUYGULU"]},{"averageSimilarity":0.4203736509985913,"strength":0.03440943479074943,"members":["GPT","CLAUDE","HATICE_SENA_SES","ABDULLAH_MERT_OZDEM","BEGUM_HAMARAT"]},{"averageSimilarity":0.5402298850574713,"strength":0.013842061546029395,"members":["EMIR_KEREM_ISILDAR","BORA_YALCIN"]},{"averageSimilarity":0.2542030559513165,"strength":0.02357931316231538,"members":["SEVKET_YESILPEKMEZ_MACOS","MEHMET_EREN_GUNER","ISMAIL_ERIM_ATAKTURK","FATIH_KAGAN_CEBI"]}]