{"submissionIds":{"FATIH_KAGAN_CEBI":"FATIH_KAGAN_CEBI","ISMAIL_ERIM_ATAKTURK":"ISMAIL_ERIM_ATAKTURK","EGE_KARTAL":"EGE_KARTAL","MIRAY_DUYGULU":"MIRAY_DUYGULU","EMIR_KEREM_ISILDAR":"EMIR_KEREM_ISILDAR","SERKAN_YILMAZ":"SERKAN_YILMAZ","BERKE_TURKBAY":"BERKE_TURKBAY","SEVKET_YESILPEKMEZ_MACOS":"SEVKET_YESILPEKMEZ_MACOS","GPT":"GPT","DORUK_OCAL":"DORUK_OCAL","MUHAMMED_EMIN_SEKER":"MUHAMMED_EMIN_SEKER","CIHAT_OZLUK":"CIHAT_OZLUK","EYLUL_PIRINCAL":"EYLUL_PIRINCAL","EDA_GUL_CETINEL":"EDA_GUL_CETINEL","BEGUM_HAMARAT":"BEGUM_HAMARAT","HATICE_SENA_SES":"HATICE_SENA_SES","ABDULLAH_MERT_OZDEM":"ABDULLAH_MERT_OZDEM","BORA_YALCIN":"BORA_YALCIN","CLAUDE":"CLAUDE","MEHMET_EREN_GUNER":"MEHMET_EREN_GUNER"},"submissionIdsToComparisonFileName":{"FATIH_KAGAN_CEBI":{"ISMAIL_ERIM_ATAKTURK":"ISMAIL_ERIM_ATAKTURK-FATIH_KAGAN_CEBI.json","EGE_KARTAL":"EGE_KARTAL-FATIH_KAGAN_CEBI.json","MIRAY_DUYGULU":"MIRAY_DUYGULU-FATIH_KAGAN_CEBI.json","EMIR_KEREM_ISILDAR":"EMIR_KEREM_ISILDAR-FATIH_KAGAN_CEBI.json","SERKAN_YILMAZ":"SERKAN_YILMAZ-FATIH_KAGAN_CEBI.json","BERKE_TURKBAY":"BERKE_TURKBAY-FATIH_KAGAN_CEBI.json","SEVKET_YESILPEKMEZ_MACOS":"SEVKET_YESILPEKMEZ_MACOS-FATIH_KAGAN_CEBI.json","GPT":"GPT-FATIH_KAGAN_CEBI.json","DORUK_OCAL":"DORUK_OCAL-FATIH_KAGAN_CEBI.json","MUHAMMED_EMIN_SEKER":"MUHAMMED_EMIN_SEKER-FATIH_KAGAN_CEBI.json","CIHAT_OZLUK":"CIHAT_OZLUK-FATIH_KAGAN_CEBI.json","EYLUL_PIRINCAL":"EYLUL_PIRINCAL-FATIH_KAGAN_CEBI.json","BEGUM_HAMARAT":"BEGUM_HAMARAT-FATIH_KAGAN_CEBI.json","EDA_GUL_CETINEL":"EDA_GUL_CETINEL-FATIH_KAGAN_CEBI.json","ABDULLAH_MERT_OZDEM":"ABDULLAH_MERT_OZDEM-FATIH_KAGAN_CEBI.json","HATICE_SENA_SES":"HATICE_SENA_SES-FATIH_KAGAN_CEBI.json","BORA_YALCIN":"BORA_YALCIN-FATIH_KAGAN_CEBI.json","CLAUDE":"CLAUDE-FATIH_KAGAN_CEBI.json","MEHMET_EREN_GUNER":"MEHMET_EREN_GUNER-FATIH_KAGAN_CEBI.json"},"EGE_KARTAL":{"FATIH_KAGAN_CEBI":"EGE_KARTAL-FATIH_KAGAN_CEBI.json","ISMAIL_ERIM_ATAKTURK":"ISMAIL_ERIM_ATAKTURK-EGE_KARTAL.json","MIRAY_DUYGULU":"MIRAY_DUYGULU-EGE_KARTAL.json","EMIR_KEREM_ISILDAR":"EMIR_KEREM_ISILDAR-EGE_KARTAL.json","SERKAN_YILMAZ":"SERKAN_YILMAZ-EGE_KARTAL.json","BERKE_TURKBAY":"BERKE_TURKBAY-EGE_KARTAL.json","SEVKET_YESILPEKMEZ_MACOS":"SEVKET_YESILPEKMEZ_MACOS-EGE_KARTAL.json","GPT":"EGE_KARTAL-GPT.json","DORUK_OCAL":"DORUK_OCAL-EGE_KARTAL.json","MUHAMMED_EMIN_SEKER":"EGE_KARTAL-MUHAMMED_EMIN_SEKER.json","EYLUL_PIRINCAL":"EYLUL_PIRINCAL-EGE_KARTAL.json","CIHAT_OZLUK":"CIHAT_OZLUK-EGE_KARTAL.json","EDA_GUL_CETINEL":"EDA_GUL_CETINEL-EGE_KARTAL.json","BEGUM_HAMARAT":"BEGUM_HAMARAT-EGE_KARTAL.json","HATICE_SENA_SES":"HATICE_SENA_SES-EGE_KARTAL.json","ABDULLAH_MERT_OZDEM":"EGE_KARTAL-ABDULLAH_MERT_OZDEM.json","BORA_YALCIN":"EGE_KARTAL-BORA_YALCIN.json","CLAUDE":"EGE_KARTAL-CLAUDE.json","MEHMET_EREN_GUNER":"MEHMET_EREN_GUNER-EGE_KARTAL.json"},"ISMAIL_ERIM_ATAKTURK":{"FATIH_KAGAN_CEBI":"ISMAIL_ERIM_ATAKTURK-FATIH_KAGAN_CEBI.json","EGE_KARTAL":"ISMAIL_ERIM_ATAKTURK-EGE_KARTAL.json","MIRAY_DUYGULU":"ISMAIL_ERIM_ATAKTURK-MIRAY_DUYGULU.json","EMIR_KEREM_ISILDAR":"EMIR_KEREM_ISILDAR-ISMAIL_ERIM_ATAKTURK.json","SERKAN_YILMAZ":"SERKAN_YILMAZ-ISMAIL_ERIM_ATAKTURK.json","BERKE_TURKBAY":"BERKE_TURKBAY-ISMAIL_ERIM_ATAKTURK.json","SEVKET_YESILPEKMEZ_MACOS":"SEVKET_YESILPEKMEZ_MACOS-ISMAIL_ERIM_ATAKTURK.json","GPT":"ISMAIL_ERIM_ATAKTURK-GPT.json","DORUK_OCAL":"DORUK_OCAL-ISMAIL_ERIM_ATAKTURK.json","MUHAMMED_EMIN_SEKER":"ISMAIL_ERIM_ATAKTURK-MUHAMMED_EMIN_SEKER.json","CIHAT_OZLUK":"ISMAIL_ERIM_ATAKTURK-CIHAT_OZLUK.json","EYLUL_PIRINCAL":"EYLUL_PIRINCAL-ISMAIL_ERIM_ATAKTURK.json","EDA_GUL_CETINEL":"ISMAIL_ERIM_ATAKTURK-EDA_GUL_CETINEL.json","BEGUM_HAMARAT":"ISMAIL_ERIM_ATAKTURK-BEGUM_HAMARAT.json","HATICE_SENA_SES":"HATICE_SENA_SES-ISMAIL_ERIM_ATAKTURK.json","ABDULLAH_MERT_OZDEM":"ISMAIL_ERIM_ATAKTURK-ABDULLAH_MERT_OZDEM.json","BORA_YALCIN":"ISMAIL_ERIM_ATAKTURK-BORA_YALCIN.json","CLAUDE":"ISMAIL_ERIM_ATAKTURK-CLAUDE.json","MEHMET_EREN_GUNER":"MEHMET_EREN_GUNER-ISMAIL_ERIM_ATAKTURK.json"},"MIRAY_DUYGULU":{"FATIH_KAGAN_CEBI":"MIRAY_DUYGULU-FATIH_KAGAN_CEBI.json","EGE_KARTAL":"MIRAY_DUYGULU-EGE_KARTAL.json","ISMAIL_ERIM_ATAKTURK":"ISMAIL_ERIM_ATAKTURK-MIRAY_DUYGULU.json","SERKAN_YILMAZ":"SERKAN_YILMAZ-MIRAY_DUYGULU.json","EMIR_KEREM_ISILDAR":"EMIR_KEREM_ISILDAR-MIRAY_DUYGULU.json","BERKE_TURKBAY":"BERKE_TURKBAY-MIRAY_DUYGULU.json","SEVKET_YESILPEKMEZ_MACOS":"SEVKET_YESILPEKMEZ_MACOS-MIRAY_DUYGULU.json","GPT":"MIRAY_DUYGULU-GPT.json","DORUK_OCAL":"DORUK_OCAL-MIRAY_DUYGULU.json","MUHAMMED_EMIN_SEKER":"MIRAY_DUYGULU-MUHAMMED_EMIN_SEKER.json","CIHAT_OZLUK":"MIRAY_DUYGULU-CIHAT_OZLUK.json","EYLUL_PIRINCAL":"EYLUL_PIRINCAL-MIRAY_DUYGULU.json","EDA_GUL_CETINEL":"MIRAY_DUYGULU-EDA_GUL_CETINEL.json","BEGUM_HAMARAT":"MIRAY_DUYGULU-BEGUM_HAMARAT.json","HATICE_SENA_SES":"HATICE_SENA_SES-MIRAY_DUYGULU.json","ABDULLAH_MERT_OZDEM":"MIRAY_DUYGULU-ABDULLAH_MERT_OZDEM.json","BORA_YALCIN":"MIRAY_DUYGULU-BORA_YALCIN.json","CLAUDE":"MIRAY_DUYGULU-CLAUDE.json","MEHMET_EREN_GUNER":"MEHMET_EREN_GUNER-MIRAY_DUYGULU.json"},"SERKAN_YILMAZ":{"FATIH_KAGAN_CEBI":"SERKAN_YILMAZ-FATIH_KAGAN_CEBI.json","ISMAIL_ERIM_ATAKTURK":"SERKAN_YILMAZ-ISMAIL_ERIM_ATAKTURK.json","EGE_KARTAL":"SERKAN_YILMAZ-EGE_KARTAL.json","MIRAY_DUYGULU":"SERKAN_YILMAZ-MIRAY_DUYGULU.json","EMIR_KEREM_ISILDAR":"SERKAN_YILMAZ-EMIR_KEREM_ISILDAR.json","BERKE_TURKBAY":"BERKE_TURKBAY-SERKAN_YILMAZ.json","SEVKET_YESILPEKMEZ_MACOS":"SERKAN_YILMAZ-SEVKET_YESILPEKMEZ_MACOS.json","GPT":"SERKAN_YILMAZ-GPT.json","DORUK_OCAL":"SERKAN_YILMAZ-DORUK_OCAL.json","MUHAMMED_EMIN_SEKER":"SERKAN_YILMAZ-MUHAMMED_EMIN_SEKER.json","CIHAT_OZLUK":"SERKAN_YILMAZ-CIHAT_OZLUK.json","EYLUL_PIRINCAL":"EYLUL_PIRINCAL-SERKAN_YILMAZ.json","EDA_GUL_CETINEL":"SERKAN_YILMAZ-EDA_GUL_CETINEL.json","BEGUM_HAMARAT":"SERKAN_YILMAZ-BEGUM_HAMARAT.json","HATICE_SENA_SES":"SERKAN_YILMAZ-HATICE_SENA_SES.json","ABDULLAH_MERT_OZDEM":"SERKAN_YILMAZ-ABDULLAH_MERT_OZDEM.json","BORA_YALCIN":"SERKAN_YILMAZ-BORA_YALCIN.json","CLAUDE":"SERKAN_YILMAZ-CLAUDE.json","MEHMET_EREN_GUNER":"MEHMET_EREN_GUNER-SERKAN_YILMAZ.json"},"EMIR_KEREM_ISILDAR":{"FATIH_KAGAN_CEBI":"EMIR_KEREM_ISILDAR-FATIH_KAGAN_CEBI.json","EGE_KARTAL":"EMIR_KEREM_ISILDAR-EGE_KARTAL.json","ISMAIL_ERIM_ATAKTURK":"EMIR_KEREM_ISILDAR-ISMAIL_ERIM_ATAKTURK.json","MIRAY_DUYGULU":"EMIR_KEREM_ISILDAR-MIRAY_DUYGULU.json","SERKAN_YILMAZ":"SERKAN_YILMAZ-EMIR_KEREM_ISILDAR.json","BERKE_TURKBAY":"BERKE_TURKBAY-EMIR_KEREM_ISILDAR.json","SEVKET_YESILPEKMEZ_MACOS":"SEVKET_YESILPEKMEZ_MACOS-EMIR_KEREM_ISILDAR.json","GPT":"EMIR_KEREM_ISILDAR-GPT.json","DORUK_OCAL":"DORUK_OCAL-EMIR_KEREM_ISILDAR.json","MUHAMMED_EMIN_SEKER":"EMIR_KEREM_ISILDAR-MUHAMMED_EMIN_SEKER.json","EYLUL_PIRINCAL":"EYLUL_PIRINCAL-EMIR_KEREM_ISILDAR.json","CIHAT_OZLUK":"EMIR_KEREM_ISILDAR-CIHAT_OZLUK.json","EDA_GUL_CETINEL":"EMIR_KEREM_ISILDAR-EDA_GUL_CETINEL.json","BEGUM_HAMARAT":"EMIR_KEREM_ISILDAR-BEGUM_HAMARAT.json","HATICE_SENA_SES":"HATICE_SENA_SES-EMIR_KEREM_ISILDAR.json","ABDULLAH_MERT_OZDEM":"EMIR_KEREM_ISILDAR-ABDULLAH_MERT_OZDEM.json","BORA_YALCIN":"EMIR_KEREM_ISILDAR-BORA_YALCIN.json","CLAUDE":"EMIR_KEREM_ISILDAR-CLAUDE.json","MEHMET_EREN_GUNER":"MEHMET_EREN_GUNER-EMIR_KEREM_ISILDAR.json"},"BERKE_TURKBAY":{"FATIH_KAGAN_CEBI":"BERKE_TURKBAY-FATIH_KAGAN_CEBI.json","ISMAIL_ERIM_ATAKTURK":"BERKE_TURKBAY-ISMAIL_ERIM_ATAKTURK.json","EGE_KARTAL":"BERKE_TURKBAY-EGE_KARTAL.json","MIRAY_DUYGULU":"BERKE_TURKBAY-MIRAY_DUYGULU.json","EMIR_KEREM_ISILDAR":"BERKE_TURKBAY-EMIR_KEREM_ISILDAR.json","SERKAN_YILMAZ":"BERKE_TURKBAY-SERKAN_YILMAZ.json","SEVKET_YESILPEKMEZ_MACOS":"BERKE_TURKBAY-SEVKET_YESILPEKMEZ_MACOS.json","GPT":"BERKE_TURKBAY-GPT.json","DORUK_OCAL":"BERKE_TURKBAY-DORUK_OCAL.json","MUHAMMED_EMIN_SEKER":"BERKE_TURKBAY-MUHAMMED_EMIN_SEKER.json","CIHAT_OZLUK":"BERKE_TURKBAY-CIHAT_OZLUK.json","EYLUL_PIRINCAL":"BERKE_TURKBAY-EYLUL_PIRINCAL.json","EDA_GUL_CETINEL":"BERKE_TURKBAY-EDA_GUL_CETINEL.json","BEGUM_HAMARAT":"BERKE_TURKBAY-BEGUM_HAMARAT.json","HATICE_SENA_SES":"BERKE_TURKBAY-HATICE_SENA_SES.json","ABDULLAH_MERT_OZDEM":"BERKE_TURKBAY-ABDULLAH_MERT_OZDEM.json","BORA_YALCIN":"BERKE_TURKBAY-BORA_YALCIN.json","CLAUDE":"BERKE_TURKBAY-CLAUDE.json","MEHMET_EREN_GUNER":"BERKE_TURKBAY-MEHMET_EREN_GUNER.json"},"SEVKET_YESILPEKMEZ_MACOS":{"FATIH_KAGAN_CEBI":"SEVKET_YESILPEKMEZ_MACOS-FATIH_KAGAN_CEBI.json","EGE_KARTAL":"SEVKET_YESILPEKMEZ_MACOS-EGE_KARTAL.json","ISMAIL_ERIM_ATAKTURK":"SEVKET_YESILPEKMEZ_MACOS-ISMAIL_ERIM_ATAKTURK.json","MIRAY_DUYGULU":"SEVKET_YESILPEKMEZ_MACOS-MIRAY_DUYGULU.json","EMIR_KEREM_ISILDAR":"SEVKET_YESILPEKMEZ_MACOS-EMIR_KEREM_ISILDAR.json","SERKAN_YILMAZ":"SERKAN_YILMAZ-SEVKET_YESILPEKMEZ_MACOS.json","BERKE_TURKBAY":"BERKE_TURKBAY-SEVKET_YESILPEKMEZ_MACOS.json","GPT":"SEVKET_YESILPEKMEZ_MACOS-GPT.json","DORUK_OCAL":"SEVKET_YESILPEKMEZ_MACOS-DORUK_OCAL.json","MUHAMMED_EMIN_SEKER":"SEVKET_YESILPEKMEZ_MACOS-MUHAMMED_EMIN_SEKER.json","EYLUL_PIRINCAL":"EYLUL_PIRINCAL-SEVKET_YESILPEKMEZ_MACOS.json","CIHAT_OZLUK":"SEVKET_YESILPEKMEZ_MACOS-CIHAT_OZLUK.json","EDA_GUL_CETINEL":"SEVKET_YESILPEKMEZ_MACOS-EDA_GUL_CETINEL.json","BEGUM_HAMARAT":"SEVKET_YESILPEKMEZ_MACOS-BEGUM_HAMARAT.json","HATICE_SENA_SES":"SEVKET_YESILPEKMEZ_MACOS-HATICE_SENA_SES.json","ABDULLAH_MERT_OZDEM":"SEVKET_YESILPEKMEZ_MACOS-ABDULLAH_MERT_OZDEM.json","BORA_YALCIN":"SEVKET_YESILPEKMEZ_MACOS-BORA_YALCIN.json","CLAUDE":"SEVKET_YESILPEKMEZ_MACOS-CLAUDE.json","MEHMET_EREN_GUNER":"MEHMET_EREN_GUNER-SEVKET_YESILPEKMEZ_MACOS.json"},"GPT":{"FATIH_KAGAN_CEBI":"GPT-FATIH_KAGAN_CEBI.json","EGE_KARTAL":"EGE_KARTAL-GPT.json","ISMAIL_ERIM_ATAKTURK":"ISMAIL_ERIM_ATAKTURK-GPT.json","MIRAY_DUYGULU":"MIRAY_DUYGULU-GPT.json","EMIR_KEREM_ISILDAR":"EMIR_KEREM_ISILDAR-GPT.json","SERKAN_YILMAZ":"SERKAN_YILMAZ-GPT.json","BERKE_TURKBAY":"BERKE_TURKBAY-GPT.json","SEVKET_YESILPEKMEZ_MACOS":"SEVKET_YESILPEKMEZ_MACOS-GPT.json","DORUK_OCAL":"DORUK_OCAL-GPT.json","MUHAMMED_EMIN_SEKER":"MUHAMMED_EMIN_SEKER-GPT.json","EYLUL_PIRINCAL":"EYLUL_PIRINCAL-GPT.json","CIHAT_OZLUK":"CIHAT_OZLUK-GPT.json","EDA_GUL_CETINEL":"EDA_GUL_CETINEL-GPT.json","BEGUM_HAMARAT":"BEGUM_HAMARAT-GPT.json","HATICE_SENA_SES":"HATICE_SENA_SES-GPT.json","ABDULLAH_MERT_OZDEM":"ABDULLAH_MERT_OZDEM-GPT.json","BORA_YALCIN":"BORA_YALCIN-GPT.json","CLAUDE":"GPT-CLAUDE.json","MEHMET_EREN_GUNER":"MEHMET_EREN_GUNER-GPT.json"},"DORUK_OCAL":{"FATIH_KAGAN_CEBI":"DORUK_OCAL-FATIH_KAGAN_CEBI.json","EGE_KARTAL":"DORUK_OCAL-EGE_KARTAL.json","ISMAIL_ERIM_ATAKTURK":"DORUK_OCAL-ISMAIL_ERIM_ATAKTURK.json","MIRAY_DUYGULU":"DORUK_OCAL-MIRAY_DUYGULU.json","EMIR_KEREM_ISILDAR":"DORUK_OCAL-EMIR_KEREM_ISILDAR.json","SERKAN_YILMAZ":"SERKAN_YILMAZ-DORUK_OCAL.json","BERKE_TURKBAY":"BERKE_TURKBAY-DORUK_OCAL.json","SEVKET_YESILPEKMEZ_MACOS":"SEVKET_YESILPEKMEZ_MACOS-DORUK_OCAL.json","GPT":"DORUK_OCAL-GPT.json","MUHAMMED_EMIN_SEKER":"DORUK_OCAL-MUHAMMED_EMIN_SEKER.json","CIHAT_OZLUK":"DORUK_OCAL-CIHAT_OZLUK.json","EYLUL_PIRINCAL":"EYLUL_PIRINCAL-DORUK_OCAL.json","EDA_GUL_CETINEL":"DORUK_OCAL-EDA_GUL_CETINEL.json","BEGUM_HAMARAT":"DORUK_OCAL-BEGUM_HAMARAT.json","HATICE_SENA_SES":"DORUK_OCAL-HATICE_SENA_SES.json","ABDULLAH_MERT_OZDEM":"DORUK_OCAL-ABDULLAH_MERT_OZDEM.json","BORA_YALCIN":"DORUK_OCAL-BORA_YALCIN.json","CLAUDE":"DORUK_OCAL-CLAUDE.json","MEHMET_EREN_GUNER":"MEHMET_EREN_GUNER-DORUK_OCAL.json"},"MUHAMMED_EMIN_SEKER":{"FATIH_KAGAN_CEBI":"MUHAMMED_EMIN_SEKER-FATIH_KAGAN_CEBI.json","EGE_KARTAL":"EGE_KARTAL-MUHAMMED_EMIN_SEKER.json","ISMAIL_ERIM_ATAKTURK":"ISMAIL_ERIM_ATAKTURK-MUHAMMED_EMIN_SEKER.json","MIRAY_DUYGULU":"MIRAY_DUYGULU-MUHAMMED_EMIN_SEKER.json","EMIR_KEREM_ISILDAR":"EMIR_KEREM_ISILDAR-MUHAMMED_EMIN_SEKER.json","SERKAN_YILMAZ":"SERKAN_YILMAZ-MUHAMMED_EMIN_SEKER.json","BERKE_TURKBAY":"BERKE_TURKBAY-MUHAMMED_EMIN_SEKER.json","SEVKET_YESILPEKMEZ_MACOS":"SEVKET_YESILPEKMEZ_MACOS-MUHAMMED_EMIN_SEKER.json","GPT":"MUHAMMED_EMIN_SEKER-GPT.json","DORUK_OCAL":"DORUK_OCAL-MUHAMMED_EMIN_SEKER.json","EYLUL_PIRINCAL":"EYLUL_PIRINCAL-MUHAMMED_EMIN_SEKER.json","CIHAT_OZLUK":"CIHAT_OZLUK-MUHAMMED_EMIN_SEKER.json","EDA_GUL_CETINEL":"EDA_GUL_CETINEL-MUHAMMED_EMIN_SEKER.json","BEGUM_HAMARAT":"BEGUM_HAMARAT-MUHAMMED_EMIN_SEKER.json","HATICE_SENA_SES":"HATICE_SENA_SES-MUHAMMED_EMIN_SEKER.json","ABDULLAH_MERT_OZDEM":"ABDULLAH_MERT_OZDEM-MUHAMMED_EMIN_SEKER.json","BORA_YALCIN":"BORA_YALCIN-MUHAMMED_EMIN_SEKER.json","CLAUDE":"MUHAMMED_EMIN_SEKER-CLAUDE.json","MEHMET_EREN_GUNER":"MEHMET_EREN_GUNER-MUHAMMED_EMIN_SEKER.json"},"EYLUL_PIRINCAL":{"FATIH_KAGAN_CEBI":"EYLUL_PIRINCAL-FATIH_KAGAN_CEBI.json","EGE_KARTAL":"EYLUL_PIRINCAL-EGE_KARTAL.json","ISMAIL_ERIM_ATAKTURK":"EYLUL_PIRINCAL-ISMAIL_ERIM_ATAKTURK.json","MIRAY_DUYGULU":"EYLUL_PIRINCAL-MIRAY_DUYGULU.json","EMIR_KEREM_ISILDAR":"EYLUL_PIRINCAL-EMIR_KEREM_ISILDAR.json","SERKAN_YILMAZ":"EYLUL_PIRINCAL-SERKAN_YILMAZ.json","BERKE_TURKBAY":"BERKE_TURKBAY-EYLUL_PIRINCAL.json","SEVKET_YESILPEKMEZ_MACOS":"EYLUL_PIRINCAL-SEVKET_YESILPEKMEZ_MACOS.json","GPT":"EYLUL_PIRINCAL-GPT.json","DORUK_OCAL":"EYLUL_PIRINCAL-DORUK_OCAL.json","MUHAMMED_EMIN_SEKER":"EYLUL_PIRINCAL-MUHAMMED_EMIN_SEKER.json","CIHAT_OZLUK":"EYLUL_PIRINCAL-CIHAT_OZLUK.json","EDA_GUL_CETINEL":"EYLUL_PIRINCAL-EDA_GUL_CETINEL.json","BEGUM_HAMARAT":"EYLUL_PIRINCAL-BEGUM_HAMARAT.json","HATICE_SENA_SES":"EYLUL_PIRINCAL-HATICE_SENA_SES.json","ABDULLAH_MERT_OZDEM":"EYLUL_PIRINCAL-ABDULLAH_MERT_OZDEM.json","BORA_YALCIN":"EYLUL_PIRINCAL-BORA_YALCIN.json","CLAUDE":"EYLUL_PIRINCAL-CLAUDE.json","MEHMET_EREN_GUNER":"EYLUL_PIRINCAL-MEHMET_EREN_GUNER.json"},"CIHAT_OZLUK":{"FATIH_KAGAN_CEBI":"CIHAT_OZLUK-FATIH_KAGAN_CEBI.json","ISMAIL_ERIM_ATAKTURK":"ISMAIL_ERIM_ATAKTURK-CIHAT_OZLUK.json","EGE_KARTAL":"CIHAT_OZLUK-EGE_KARTAL.json","MIRAY_DUYGULU":"MIRAY_DUYGULU-CIHAT_OZLUK.json","EMIR_KEREM_ISILDAR":"EMIR_KEREM_ISILDAR-CIHAT_OZLUK.json","SERKAN_YILMAZ":"SERKAN_YILMAZ-CIHAT_OZLUK.json","BERKE_TURKBAY":"BERKE_TURKBAY-CIHAT_OZLUK.json","SEVKET_YESILPEKMEZ_MACOS":"SEVKET_YESILPEKMEZ_MACOS-CIHAT_OZLUK.json","GPT":"CIHAT_OZLUK-GPT.json","DORUK_OCAL":"DORUK_OCAL-CIHAT_OZLUK.json","MUHAMMED_EMIN_SEKER":"CIHAT_OZLUK-MUHAMMED_EMIN_SEKER.json","EYLUL_PIRINCAL":"EYLUL_PIRINCAL-CIHAT_OZLUK.json","EDA_GUL_CETINEL":"CIHAT_OZLUK-EDA_GUL_CETINEL.json","BEGUM_HAMARAT":"BEGUM_HAMARAT-CIHAT_OZLUK.json","HATICE_SENA_SES":"HATICE_SENA_SES-CIHAT_OZLUK.json","ABDULLAH_MERT_OZDEM":"CIHAT_OZLUK-ABDULLAH_MERT_OZDEM.json","BORA_YALCIN":"CIHAT_OZLUK-BORA_YALCIN.json","CLAUDE":"CIHAT_OZLUK-CLAUDE.json","MEHMET_EREN_GUNER":"MEHMET_EREN_GUNER-CIHAT_OZLUK.json"},"EDA_GUL_CETINEL":{"FATIH_KAGAN_CEBI":"EDA_GUL_CETINEL-FATIH_KAGAN_CEBI.json","EGE_KARTAL":"EDA_GUL_CETINEL-EGE_KARTAL.json","ISMAIL_ERIM_ATAKTURK":"ISMAIL_ERIM_ATAKTURK-EDA_GUL_CETINEL.json","MIRAY_DUYGULU":"MIRAY_DUYGULU-EDA_GUL_CETINEL.json","EMIR_KEREM_ISILDAR":"EMIR_KEREM_ISILDAR-EDA_GUL_CETINEL.json","SERKAN_YILMAZ":"SERKAN_YILMAZ-EDA_GUL_CETINEL.json","BERKE_TURKBAY":"BERKE_TURKBAY-EDA_GUL_CETINEL.json","SEVKET_YESILPEKMEZ_MACOS":"SEVKET_YESILPEKMEZ_MACOS-EDA_GUL_CETINEL.json","GPT":"EDA_GUL_CETINEL-GPT.json","DORUK_OCAL":"DORUK_OCAL-EDA_GUL_CETINEL.json","MUHAMMED_EMIN_SEKER":"EDA_GUL_CETINEL-MUHAMMED_EMIN_SEKER.json","EYLUL_PIRINCAL":"EYLUL_PIRINCAL-EDA_GUL_CETINEL.json","CIHAT_OZLUK":"CIHAT_OZLUK-EDA_GUL_CETINEL.json","BEGUM_HAMARAT":"BEGUM_HAMARAT-EDA_GUL_CETINEL.json","HATICE_SENA_SES":"HATICE_SENA_SES-EDA_GUL_CETINEL.json","ABDULLAH_MERT_OZDEM":"EDA_GUL_CETINEL-ABDULLAH_MERT_OZDEM.json","BORA_YALCIN":"EDA_GUL_CETINEL-BORA_YALCIN.json","CLAUDE":"EDA_GUL_CETINEL-CLAUDE.json","MEHMET_EREN_GUNER":"MEHMET_EREN_GUNER-EDA_GUL_CETINEL.json"},"BEGUM_HAMARAT":{"FATIH_KAGAN_CEBI":"BEGUM_HAMARAT-FATIH_KAGAN_CEBI.json","ISMAIL_ERIM_ATAKTURK":"ISMAIL_ERIM_ATAKTURK-BEGUM_HAMARAT.json","EGE_KARTAL":"BEGUM_HAMARAT-EGE_KARTAL.json","MIRAY_DUYGULU":"MIRAY_DUYGULU-BEGUM_HAMARAT.json","EMIR_KEREM_ISILDAR":"EMIR_KEREM_ISILDAR-BEGUM_HAMARAT.json","SERKAN_YILMAZ":"SERKAN_YILMAZ-BEGUM_HAMARAT.json","BERKE_TURKBAY":"BERKE_TURKBAY-BEGUM_HAMARAT.json","SEVKET_YESILPEKMEZ_MACOS":"SEVKET_YESILPEKMEZ_MACOS-BEGUM_HAMARAT.json","GPT":"BEGUM_HAMARAT-GPT.json","DORUK_OCAL":"DORUK_OCAL-BEGUM_HAMARAT.json","MUHAMMED_EMIN_SEKER":"BEGUM_HAMARAT-MUHAMMED_EMIN_SEKER.json","EYLUL_PIRINCAL":"EYLUL_PIRINCAL-BEGUM_HAMARAT.json","CIHAT_OZLUK":"BEGUM_HAMARAT-CIHAT_OZLUK.json","EDA_GUL_CETINEL":"BEGUM_HAMARAT-EDA_GUL_CETINEL.json","HATICE_SENA_SES":"HATICE_SENA_SES-BEGUM_HAMARAT.json","ABDULLAH_MERT_OZDEM":"BEGUM_HAMARAT-ABDULLAH_MERT_OZDEM.json","BORA_YALCIN":"BEGUM_HAMARAT-BORA_YALCIN.json","CLAUDE":"BEGUM_HAMARAT-CLAUDE.json","MEHMET_EREN_GUNER":"MEHMET_EREN_GUNER-BEGUM_HAMARAT.json"},"HATICE_SENA_SES":{"FATIH_KAGAN_CEBI":"HATICE_SENA_SES-FATIH_KAGAN_CEBI.json","EGE_KARTAL":"HATICE_SENA_SES-EGE_KARTAL.json","ISMAIL_ERIM_ATAKTURK":"HATICE_SENA_SES-ISMAIL_ERIM_ATAKTURK.json","MIRAY_DUYGULU":"HATICE_SENA_SES-MIRAY_DUYGULU.json","EMIR_KEREM_ISILDAR":"HATICE_SENA_SES-EMIR_KEREM_ISILDAR.json","SERKAN_YILMAZ":"SERKAN_YILMAZ-HATICE_SENA_SES.json","BERKE_TURKBAY":"BERKE_TURKBAY-HATICE_SENA_SES.json","SEVKET_YESILPEKMEZ_MACOS":"SEVKET_YESILPEKMEZ_MACOS-HATICE_SENA_SES.json","GPT":"HATICE_SENA_SES-GPT.json","DORUK_OCAL":"DORUK_OCAL-HATICE_SENA_SES.json","MUHAMMED_EMIN_SEKER":"HATICE_SENA_SES-MUHAMMED_EMIN_SEKER.json","EYLUL_PIRINCAL":"EYLUL_PIRINCAL-HATICE_SENA_SES.json","CIHAT_OZLUK":"HATICE_SENA_SES-CIHAT_OZLUK.json","BEGUM_HAMARAT":"HATICE_SENA_SES-BEGUM_HAMARAT.json","EDA_GUL_CETINEL":"HATICE_SENA_SES-EDA_GUL_CETINEL.json","ABDULLAH_MERT_OZDEM":"HATICE_SENA_SES-ABDULLAH_MERT_OZDEM.json","BORA_YALCIN":"HATICE_SENA_SES-BORA_YALCIN.json","CLAUDE":"HATICE_SENA_SES-CLAUDE.json","MEHMET_EREN_GUNER":"MEHMET_EREN_GUNER-HATICE_SENA_SES.json"},"ABDULLAH_MERT_OZDEM":{"FATIH_KAGAN_CEBI":"ABDULLAH_MERT_OZDEM-FATIH_KAGAN_CEBI.json","EGE_KARTAL":"EGE_KARTAL-ABDULLAH_MERT_OZDEM.json","ISMAIL_ERIM_ATAKTURK":"ISMAIL_ERIM_ATAKTURK-ABDULLAH_MERT_OZDEM.json","MIRAY_DUYGULU":"MIRAY_DUYGULU-ABDULLAH_MERT_OZDEM.json","EMIR_KEREM_ISILDAR":"EMIR_KEREM_ISILDAR-ABDULLAH_MERT_OZDEM.json","SERKAN_YILMAZ":"SERKAN_YILMAZ-ABDULLAH_MERT_OZDEM.json","BERKE_TURKBAY":"BERKE_TURKBAY-ABDULLAH_MERT_OZDEM.json","SEVKET_YESILPEKMEZ_MACOS":"SEVKET_YESILPEKMEZ_MACOS-ABDULLAH_MERT_OZDEM.json","GPT":"ABDULLAH_MERT_OZDEM-GPT.json","DORUK_OCAL":"DORUK_OCAL-ABDULLAH_MERT_OZDEM.json","MUHAMMED_EMIN_SEKER":"ABDULLAH_MERT_OZDEM-MUHAMMED_EMIN_SEKER.json","CIHAT_OZLUK":"CIHAT_OZLUK-ABDULLAH_MERT_OZDEM.json","EYLUL_PIRINCAL":"EYLUL_PIRINCAL-ABDULLAH_MERT_OZDEM.json","BEGUM_HAMARAT":"BEGUM_HAMARAT-ABDULLAH_MERT_OZDEM.json","EDA_GUL_CETINEL":"EDA_GUL_CETINEL-ABDULLAH_MERT_OZDEM.json","HATICE_SENA_SES":"HATICE_SENA_SES-ABDULLAH_MERT_OZDEM.json","BORA_YALCIN":"ABDULLAH_MERT_OZDEM-BORA_YALCIN.json","CLAUDE":"ABDULLAH_MERT_OZDEM-CLAUDE.json","MEHMET_EREN_GUNER":"MEHMET_EREN_GUNER-ABDULLAH_MERT_OZDEM.json"},"BORA_YALCIN":{"FATIH_KAGAN_CEBI":"BORA_YALCIN-FATIH_KAGAN_CEBI.json","ISMAIL_ERIM_ATAKTURK":"ISMAIL_ERIM_ATAKTURK-BORA_YALCIN.json","EGE_KARTAL":"EGE_KARTAL-BORA_YALCIN.json","MIRAY_DUYGULU":"MIRAY_DUYGULU-BORA_YALCIN.json","EMIR_KEREM_ISILDAR":"EMIR_KEREM_ISILDAR-BORA_YALCIN.json","SERKAN_YILMAZ":"SERKAN_YILMAZ-BORA_YALCIN.json","BERKE_TURKBAY":"BERKE_TURKBAY-BORA_YALCIN.json","SEVKET_YESILPEKMEZ_MACOS":"SEVKET_YESILPEKMEZ_MACOS-BORA_YALCIN.json","GPT":"BORA_YALCIN-GPT.json","DORUK_OCAL":"DORUK_OCAL-BORA_YALCIN.json","MUHAMMED_EMIN_SEKER":"BORA_YALCIN-MUHAMMED_EMIN_SEKER.json","CIHAT_OZLUK":"CIHAT_OZLUK-BORA_YALCIN.json","EYLUL_PIRINCAL":"EYLUL_PIRINCAL-BORA_YALCIN.json","EDA_GUL_CETINEL":"EDA_GUL_CETINEL-BORA_YALCIN.json","BEGUM_HAMARAT":"BEGUM_HAMARAT-BORA_YALCIN.json","HATICE_SENA_SES":"HATICE_SENA_SES-BORA_YALCIN.json","ABDULLAH_MERT_OZDEM":"ABDULLAH_MERT_OZDEM-BORA_YALCIN.json","CLAUDE":"BORA_YALCIN-CLAUDE.json","MEHMET_EREN_GUNER":"MEHMET_EREN_GUNER-BORA_YALCIN.json"},"CLAUDE":{"FATIH_KAGAN_CEBI":"CLAUDE-FATIH_KAGAN_CEBI.json","EGE_KARTAL":"EGE_KARTAL-CLAUDE.json","ISMAIL_ERIM_ATAKTURK":"ISMAIL_ERIM_ATAKTURK-CLAUDE.json","MIRAY_DUYGULU":"MIRAY_DUYGULU-CLAUDE.json","EMIR_KEREM_ISILDAR":"EMIR_KEREM_ISILDAR-CLAUDE.json","SERKAN_YILMAZ":"SERKAN_YILMAZ-CLAUDE.json","BERKE_TURKBAY":"BERKE_TURKBAY-CLAUDE.json","SEVKET_YESILPEKMEZ_MACOS":"SEVKET_YESILPEKMEZ_MACOS-CLAUDE.json","GPT":"GPT-CLAUDE.json","DORUK_OCAL":"DORUK_OCAL-CLAUDE.json","MUHAMMED_EMIN_SEKER":"MUHAMMED_EMIN_SEKER-CLAUDE.json","EYLUL_PIRINCAL":"EYLUL_PIRINCAL-CLAUDE.json","CIHAT_OZLUK":"CIHAT_OZLUK-CLAUDE.json","EDA_GUL_CETINEL":"EDA_GUL_CETINEL-CLAUDE.json","BEGUM_HAMARAT":"BEGUM_HAMARAT-CLAUDE.json","HATICE_SENA_SES":"HATICE_SENA_SES-CLAUDE.json","ABDULLAH_MERT_OZDEM":"ABDULLAH_MERT_OZDEM-CLAUDE.json","BORA_YALCIN":"BORA_YALCIN-CLAUDE.json","MEHMET_EREN_GUNER":"MEHMET_EREN_GUNER-CLAUDE.json"},"MEHMET_EREN_GUNER":{"FATIH_KAGAN_CEBI":"MEHMET_EREN_GUNER-FATIH_KAGAN_CEBI.json","ISMAIL_ERIM_ATAKTURK":"MEHMET_EREN_GUNER-ISMAIL_ERIM_ATAKTURK.json","EGE_KARTAL":"MEHMET_EREN_GUNER-EGE_KARTAL.json","MIRAY_DUYGULU":"MEHMET_EREN_GUNER-MIRAY_DUYGULU.json","EMIR_KEREM_ISILDAR":"MEHMET_EREN_GUNER-EMIR_KEREM_ISILDAR.json","SERKAN_YILMAZ":"MEHMET_EREN_GUNER-SERKAN_YILMAZ.json","BERKE_TURKBAY":"BERKE_TURKBAY-MEHMET_EREN_GUNER.json","SEVKET_YESILPEKMEZ_MACOS":"MEHMET_EREN_GUNER-SEVKET_YESILPEKMEZ_MACOS.json","GPT":"MEHMET_EREN_GUNER-GPT.json","DORUK_OCAL":"MEHMET_EREN_GUNER-DORUK_OCAL.json","MUHAMMED_EMIN_SEKER":"MEHMET_EREN_GUNER-MUHAMMED_EMIN_SEKER.json","CIHAT_OZLUK":"MEHMET_EREN_GUNER-CIHAT_OZLUK.json","EYLUL_PIRINCAL":"EYLUL_PIRINCAL-MEHMET_EREN_GUNER.json","EDA_GUL_CETINEL":"MEHMET_EREN_GUNER-EDA_GUL_CETINEL.json","BEGUM_HAMARAT":"MEHMET_EREN_GUNER-BEGUM_HAMARAT.json","HATICE_SENA_SES":"MEHMET_EREN_GUNER-HATICE_SENA_SES.json","ABDULLAH_MERT_OZDEM":"MEHMET_EREN_GUNER-ABDULLAH_MERT_OZDEM.json","BORA_YALCIN":"MEHMET_EREN_GUNER-BORA_YALCIN.json","CLAUDE":"MEHMET_EREN_GUNER-CLAUDE.json"}}}