{"fileIndexes":{"FATIH_KAGAN_CEBI":{"FATIH_KAGAN_CEBI/QueueQuestions.tpp":{"tokenCount":62},"FATIH_KAGAN_CEBI/QueueQuestions.cpp":{"tokenCount":69}},"EGE_KARTAL":{"EGE_KARTAL/QueueQuestions.tpp":{"tokenCount":68},"EGE_KARTAL/QueueQuestions.cpp":{"tokenCount":27}},"ISMAIL_ERIM_ATAKTURK":{"ISMAIL_ERIM_ATAKTURK/QueueQuestions.cpp":{"tokenCount":45},"ISMAIL_ERIM_ATAKTURK/QueueQuestions.tpp":{"tokenCount":38}},"MIRAY_DUYGULU":{"MIRAY_DUYGULU/QueueQuestions_m.cpp":{"tokenCount":26},"MIRAY_DUYGULU/QueueQuestions_m1.cpp":{"tokenCount":62}},"SERKAN_YILMAZ":{"SERKAN_YILMAZ/QueueQuestions.tpp":{"tokenCount":68}},"EMIR_KEREM_ISILDAR":{"EMIR_KEREM_ISILDAR/QueueQuestions.cpp":{"tokenCount":5},"EMIR_KEREM_ISILDAR/QueueQuestions.tpp":{"tokenCount":77}},"BERKE_TURKBAY":{"BERKE_TURKBAY/QueueQuestions.tpp":{"tokenCount":3}},"SEVKET_YESILPEKMEZ_MACOS":{"SEVKET_YESILPEKMEZ_MACOS/QueueQuestions.tpp":{"tokenCount":40},"SEVKET_YESILPEKMEZ_MACOS/QueueQuestions.cpp":{"tokenCount":29}},"GPT":{"GPT/QueueQuestions.cpp":{"tokenCount":29},"GPT/QueueQuestions.tpp":{"tokenCount":82}},"DORUK_OCAL":{"DORUK_OCAL/QueueQuestions.cpp":{"tokenCount":28},"DORUK_OCAL/QueueQuestions.tpp":{"tokenCount":46}},"MUHAMMED_EMIN_SEKER":{"MUHAMMED_EMIN_SEKER/QueueQuestions.cpp":{"tokenCount":38},"MUHAMMED_EMIN_SEKER/QueueQuestions.tpp":{"tokenCount":63}},"CIHAT_OZLUK":{"CIHAT_OZLUK/QueueQuestions.tpp":{"tokenCount":87},"CIHAT_OZLUK/QueueQuestions.cpp":{"tokenCount":5}},"EYLUL_PIRINCAL":{"EYLUL_PIRINCAL/QueueQuestions.tpp":{"tokenCount":59}},"EDA_GUL_CETINEL":{"EDA_GUL_CETINEL/QueueQuestions.cpp":{"tokenCount":27},"EDA_GUL_CETINEL/QueueQuestions.tpp":{"tokenCount":66}},"BEGUM_HAMARAT":{"BEGUM_HAMARAT/QueueQuestionsBegumHamaratt.tpp":{"tokenCount":89}},"HATICE_SENA_SES":{"HATICE_SENA_SES/Labwork3.tpp":{"tokenCount":74}},"ABDULLAH_MERT_OZDEM":{"ABDULLAH_MERT_OZDEM/QueueQuestions.tpp":{"tokenCount":96}},"BORA_YALCIN":{"BORA_YALCIN/QueueQuestions.cpp":{"tokenCount":28},"BORA_YALCIN/QueueQuestions.tpp":{"tokenCount":68}},"CLAUDE":{"CLAUDE/QueueQuestions.cpp":{"tokenCount":35},"CLAUDE/QueueQuestions.tpp":{"tokenCount":84}},"MEHMET_EREN_GUNER":{"MEHMET_EREN_GUNER/QueueQuestions.cpp":{"tokenCount":28},"MEHMET_EREN_GUNER/QueueQuestions.tpp":{"tokenCount":34}}}}