[{"firstSubmission":"EGE_KARTAL","secondSubmission":"GPT","similarities":{"AVG":0.9504950495049505,"MAX":0.967741935483871,"MAXIMUM_LENGTH":111.0,"LONGEST_MATCH":66.0}},{"firstSubmission":"GPT","secondSubmission":"CLAUDE","similarities":{"AVG":0.8141592920353983,"MAX":0.8440366972477065,"MAXIMUM_LENGTH":119.0,"LONGEST_MATCH":37.0}},{"firstSubmission":"SERKAN_YILMAZ","secondSubmission":"MIRAY_DUYGULU","similarities":{"AVG":0.7712418300653595,"MAX":0.8208955223880597,"MAXIMUM_LENGTH":88.0,"LONGEST_MATCH":34.0}},{"firstSubmission":"EGE_KARTAL","secondSubmission":"CLAUDE","similarities":{"AVG":0.7333333333333333,"MAX":0.7956989247311828,"MAXIMUM_LENGTH":119.0,"LONGEST_MATCH":18.0}},{"firstSubmission":"HATICE_SENA_SES","secondSubmission":"GPT","similarities":{"AVG":0.6593406593406593,"MAX":0.821917808219178,"MAXIMUM_LENGTH":111.0,"LONGEST_MATCH":14.0}},{"firstSubmission":"SEVKET_YESILPEKMEZ_MACOS","secondSubmission":"GPT","similarities":{"AVG":0.5454545454545454,"MAX":0.7164179104477612,"MAXIMUM_LENGTH":111.0,"LONGEST_MATCH":28.0}},{"firstSubmission":"EDA_GUL_CETINEL","secondSubmission":"GPT","similarities":{"AVG":0.545,"MAX":0.5596330275229358,"MAXIMUM_LENGTH":111.0,"LONGEST_MATCH":35.0}},{"firstSubmission":"EDA_GUL_CETINEL","secondSubmission":"MUHAMMED_EMIN_SEKER","similarities":{"AVG":0.5421052631578948,"MAX":0.5604395604395604,"MAXIMUM_LENGTH":101.0,"LONGEST_MATCH":40.0}},{"firstSubmission":"EMIR_KEREM_ISILDAR","secondSubmission":"BORA_YALCIN","similarities":{"AVG":0.5402298850574713,"MAX":0.6,"MAXIMUM_LENGTH":96.0,"LONGEST_MATCH":27.0}},{"firstSubmission":"HATICE_SENA_SES","secondSubmission":"CLAUDE","similarities":{"AVG":0.5368421052631579,"MAX":0.6986301369863014,"MAXIMUM_LENGTH":119.0,"LONGEST_MATCH":14.0}},{"firstSubmission":"ABDULLAH_MERT_OZDEM","secondSubmission":"GPT","similarities":{"AVG":0.5294117647058824,"MAX":0.5684210526315789,"MAXIMUM_LENGTH":111.0,"LONGEST_MATCH":36.0}},{"firstSubmission":"HATICE_SENA_SES","secondSubmission":"ABDULLAH_MERT_OZDEM","similarities":{"AVG":0.47619047619047616,"MAX":0.547945205479452,"MAXIMUM_LENGTH":96.0,"LONGEST_MATCH":14.0}},{"firstSubmission":"EGE_KARTAL","secondSubmission":"MUHAMMED_EMIN_SEKER","similarities":{"AVG":0.46875,"MAX":0.4838709677419355,"MAXIMUM_LENGTH":101.0,"LONGEST_MATCH":15.0}},{"firstSubmission":"MEHMET_EREN_GUNER","secondSubmission":"SEVKET_YESILPEKMEZ_MACOS","similarities":{"AVG":0.4406779661016949,"MAX":0.5098039215686274,"MAXIMUM_LENGTH":69.0,"LONGEST_MATCH":26.0}},{"firstSubmission":"ABDULLAH_MERT_OZDEM","secondSubmission":"CLAUDE","similarities":{"AVG":0.4339622641509434,"MAX":0.4842105263157895,"MAXIMUM_LENGTH":119.0,"LONGEST_MATCH":28.0}},{"firstSubmission":"SEVKET_YESILPEKMEZ_MACOS","secondSubmission":"CLAUDE","similarities":{"AVG":0.42391304347826086,"MAX":0.582089552238806,"MAXIMUM_LENGTH":119.0,"LONGEST_MATCH":19.0}},{"firstSubmission":"EDA_GUL_CETINEL","secondSubmission":"EGE_KARTAL","similarities":{"AVG":0.41304347826086957,"MAX":0.4175824175824176,"MAXIMUM_LENGTH":95.0,"LONGEST_MATCH":24.0}},{"firstSubmission":"SEVKET_YESILPEKMEZ_MACOS","secondSubmission":"EGE_KARTAL","similarities":{"AVG":0.4125,"MAX":0.4925373134328358,"MAXIMUM_LENGTH":95.0,"LONGEST_MATCH":13.0}},{"firstSubmission":"SEVKET_YESILPEKMEZ_MACOS","secondSubmission":"EDA_GUL_CETINEL","similarities":{"AVG":0.379746835443038,"MAX":0.44776119402985076,"MAXIMUM_LENGTH":93.0,"LONGEST_MATCH":13.0}},{"firstSubmission":"EMIR_KEREM_ISILDAR","secondSubmission":"CLAUDE","similarities":{"AVG":0.34517766497461927,"MAX":0.425,"MAXIMUM_LENGTH":119.0,"LONGEST_MATCH":26.0}},{"firstSubmission":"MEHMET_EREN_GUNER","secondSubmission":"ISMAIL_ERIM_ATAKTURK","similarities":{"AVG":0.3252032520325203,"MAX":0.39215686274509803,"MAXIMUM_LENGTH":83.0,"LONGEST_MATCH":20.0}},{"firstSubmission":"MEHMET_EREN_GUNER","secondSubmission":"GPT","similarities":{"AVG":0.325,"MAX":0.5098039215686274,"MAXIMUM_LENGTH":111.0,"LONGEST_MATCH":26.0}},{"firstSubmission":"HATICE_SENA_SES","secondSubmission":"BORA_YALCIN","similarities":{"AVG":0.31137724550898205,"MAX":0.3561643835616438,"MAXIMUM_LENGTH":96.0,"LONGEST_MATCH":9.0}},{"firstSubmission":"ISMAIL_ERIM_ATAKTURK","secondSubmission":"CLAUDE","similarities":{"AVG":0.2962962962962963,"MAX":0.3888888888888889,"MAXIMUM_LENGTH":119.0,"LONGEST_MATCH":19.0}},{"firstSubmission":"ABDULLAH_MERT_OZDEM","secondSubmission":"BORA_YALCIN","similarities":{"AVG":0.2962962962962963,"MAX":0.2978723404255319,"MAXIMUM_LENGTH":96.0,"LONGEST_MATCH":10.0}},{"firstSubmission":"SEVKET_YESILPEKMEZ_MACOS","secondSubmission":"ISMAIL_ERIM_ATAKTURK","similarities":{"AVG":0.28776978417266186,"MAX":0.29850746268656714,"MAXIMUM_LENGTH":83.0,"LONGEST_MATCH":20.0}},{"firstSubmission":"BORA_YALCIN","secondSubmission":"GPT","similarities":{"AVG":0.2660098522167488,"MAX":0.2872340425531915,"MAXIMUM_LENGTH":111.0,"LONGEST_MATCH":9.0}},{"firstSubmission":"MEHMET_EREN_GUNER","secondSubmission":"MIRAY_DUYGULU","similarities":{"AVG":0.26277372262773724,"MAX":0.35294117647058826,"MAXIMUM_LENGTH":88.0,"LONGEST_MATCH":18.0}},{"firstSubmission":"ISMAIL_ERIM_ATAKTURK","secondSubmission":"EDA_GUL_CETINEL","similarities":{"AVG":0.25766871165644173,"MAX":0.2916666666666667,"MAXIMUM_LENGTH":93.0,"LONGEST_MATCH":13.0}},{"firstSubmission":"SEVKET_YESILPEKMEZ_MACOS","secondSubmission":"HATICE_SENA_SES","similarities":{"AVG":0.2571428571428571,"MAX":0.26865671641791045,"MAXIMUM_LENGTH":74.0,"LONGEST_MATCH":10.0}},{"firstSubmission":"MIRAY_DUYGULU","secondSubmission":"CLAUDE","similarities":{"AVG":0.2561576354679803,"MAX":0.3023255813953488,"MAXIMUM_LENGTH":119.0,"LONGEST_MATCH":18.0}},{"firstSubmission":"BORA_YALCIN","secondSubmission":"CLAUDE","similarities":{"AVG":0.2559241706161137,"MAX":0.2872340425531915,"MAXIMUM_LENGTH":119.0,"LONGEST_MATCH":9.0}},{"firstSubmission":"EYLUL_PIRINCAL","secondSubmission":"EGE_KARTAL","similarities":{"AVG":0.25165562913907286,"MAX":0.3275862068965517,"MAXIMUM_LENGTH":95.0,"LONGEST_MATCH":11.0}},{"firstSubmission":"MIRAY_DUYGULU","secondSubmission":"EGE_KARTAL","similarities":{"AVG":0.24581005586592178,"MAX":0.2558139534883721,"MAXIMUM_LENGTH":95.0,"LONGEST_MATCH":13.0}},{"firstSubmission":"EMIR_KEREM_ISILDAR","secondSubmission":"GPT","similarities":{"AVG":0.24338624338624337,"MAX":0.2875,"MAXIMUM_LENGTH":111.0,"LONGEST_MATCH":23.0}},{"firstSubmission":"EYLUL_PIRINCAL","secondSubmission":"MUHAMMED_EMIN_SEKER","similarities":{"AVG":0.24203821656050956,"MAX":0.3275862068965517,"MAXIMUM_LENGTH":101.0,"LONGEST_MATCH":10.0}},{"firstSubmission":"EDA_GUL_CETINEL","secondSubmission":"CLAUDE","similarities":{"AVG":0.2403846153846154,"MAX":0.27472527472527475,"MAXIMUM_LENGTH":119.0,"LONGEST_MATCH":13.0}},{"firstSubmission":"HATICE_SENA_SES","secondSubmission":"EMIR_KEREM_ISILDAR","similarities":{"AVG":0.23529411764705882,"MAX":0.2465753424657534,"MAXIMUM_LENGTH":82.0,"LONGEST_MATCH":10.0}},{"firstSubmission":"SEVKET_YESILPEKMEZ_MACOS","secondSubmission":"MIRAY_DUYGULU","similarities":{"AVG":0.23529411764705882,"MAX":0.26865671641791045,"MAXIMUM_LENGTH":88.0,"LONGEST_MATCH":18.0}},{"firstSubmission":"GPT","secondSubmission":"FATIH_KAGAN_CEBI","similarities":{"AVG":0.23529411764705882,"MAX":0.25688073394495414,"MAXIMUM_LENGTH":131.0,"LONGEST_MATCH":10.0}},{"firstSubmission":"ABDULLAH_MERT_OZDEM","secondSubmission":"FATIH_KAGAN_CEBI","similarities":{"AVG":0.23214285714285715,"MAX":0.2736842105263158,"MAXIMUM_LENGTH":131.0,"LONGEST_MATCH":9.0}},{"firstSubmission":"SEVKET_YESILPEKMEZ_MACOS","secondSubmission":"MUHAMMED_EMIN_SEKER","similarities":{"AVG":0.2289156626506024,"MAX":0.2835820895522388,"MAXIMUM_LENGTH":101.0,"LONGEST_MATCH":11.0}},{"firstSubmission":"ISMAIL_ERIM_ATAKTURK","secondSubmission":"MIRAY_DUYGULU","similarities":{"AVG":0.22784810126582278,"MAX":0.25,"MAXIMUM_LENGTH":88.0,"LONGEST_MATCH":18.0}},{"firstSubmission":"MEHMET_EREN_GUNER","secondSubmission":"CLAUDE","similarities":{"AVG":0.2261904761904762,"MAX":0.37254901960784315,"MAXIMUM_LENGTH":119.0,"LONGEST_MATCH":19.0}},{"firstSubmission":"DORUK_OCAL","secondSubmission":"MUHAMMED_EMIN_SEKER","similarities":{"AVG":0.2222222222222222,"MAX":0.2638888888888889,"MAXIMUM_LENGTH":101.0,"LONGEST_MATCH":11.0}},{"firstSubmission":"ISMAIL_ERIM_ATAKTURK","secondSubmission":"GPT","similarities":{"AVG":0.22099447513812154,"MAX":0.2777777777777778,"MAXIMUM_LENGTH":111.0,"LONGEST_MATCH":20.0}},{"firstSubmission":"EYLUL_PIRINCAL","secondSubmission":"EDA_GUL_CETINEL","similarities":{"AVG":0.21476510067114093,"MAX":0.27586206896551724,"MAXIMUM_LENGTH":93.0,"LONGEST_MATCH":8.0}},{"firstSubmission":"SEVKET_YESILPEKMEZ_MACOS","secondSubmission":"ABDULLAH_MERT_OZDEM","similarities":{"AVG":0.20987654320987653,"MAX":0.2537313432835821,"MAXIMUM_LENGTH":96.0,"LONGEST_MATCH":9.0}},{"firstSubmission":"EMIR_KEREM_ISILDAR","secondSubmission":"EGE_KARTAL","similarities":{"AVG":0.20809248554913296,"MAX":0.225,"MAXIMUM_LENGTH":95.0,"LONGEST_MATCH":18.0}},{"firstSubmission":"ISMAIL_ERIM_ATAKTURK","secondSubmission":"FATIH_KAGAN_CEBI","similarities":{"AVG":0.19900497512437812,"MAX":0.2777777777777778,"MAXIMUM_LENGTH":131.0,"LONGEST_MATCH":12.0}},{"firstSubmission":"HATICE_SENA_SES","secondSubmission":"BEGUM_HAMARAT","similarities":{"AVG":0.19875776397515527,"MAX":0.2191780821917808,"MAXIMUM_LENGTH":89.0,"LONGEST_MATCH":8.0}},{"firstSubmission":"BEGUM_HAMARAT","secondSubmission":"ABDULLAH_MERT_OZDEM","similarities":{"AVG":0.19672131147540983,"MAX":0.20454545454545456,"MAXIMUM_LENGTH":96.0,"LONGEST_MATCH":10.0}},{"firstSubmission":"HATICE_SENA_SES","secondSubmission":"EGE_KARTAL","similarities":{"AVG":0.1927710843373494,"MAX":0.2191780821917808,"MAXIMUM_LENGTH":95.0,"LONGEST_MATCH":8.0}},{"firstSubmission":"MIRAY_DUYGULU","secondSubmission":"GPT","similarities":{"AVG":0.18461538461538463,"MAX":0.20930232558139536,"MAXIMUM_LENGTH":111.0,"LONGEST_MATCH":18.0}},{"firstSubmission":"SEVKET_YESILPEKMEZ_MACOS","secondSubmission":"FATIH_KAGAN_CEBI","similarities":{"AVG":0.1836734693877551,"MAX":0.26865671641791045,"MAXIMUM_LENGTH":131.0,"LONGEST_MATCH":10.0}},{"firstSubmission":"MEHMET_EREN_GUNER","secondSubmission":"EDA_GUL_CETINEL","similarities":{"AVG":0.18309859154929578,"MAX":0.2549019607843137,"MAXIMUM_LENGTH":93.0,"LONGEST_MATCH":13.0}},{"firstSubmission":"BEGUM_HAMARAT","secondSubmission":"GPT","similarities":{"AVG":0.18274111675126903,"MAX":0.20454545454545456,"MAXIMUM_LENGTH":111.0,"LONGEST_MATCH":10.0}},{"firstSubmission":"MEHMET_EREN_GUNER","secondSubmission":"EGE_KARTAL","similarities":{"AVG":0.18055555555555555,"MAX":0.2549019607843137,"MAXIMUM_LENGTH":95.0,"LONGEST_MATCH":13.0}},{"firstSubmission":"HATICE_SENA_SES","secondSubmission":"FATIH_KAGAN_CEBI","similarities":{"AVG":0.1782178217821782,"MAX":0.2465753424657534,"MAXIMUM_LENGTH":131.0,"LONGEST_MATCH":9.0}},{"firstSubmission":"BEGUM_HAMARAT","secondSubmission":"CLAUDE","similarities":{"AVG":0.17560975609756097,"MAX":0.20454545454545456,"MAXIMUM_LENGTH":119.0,"LONGEST_MATCH":10.0}},{"firstSubmission":"SEVKET_YESILPEKMEZ_MACOS","secondSubmission":"EMIR_KEREM_ISILDAR","similarities":{"AVG":0.16326530612244897,"MAX":0.1791044776119403,"MAXIMUM_LENGTH":82.0,"LONGEST_MATCH":12.0}},{"firstSubmission":"ISMAIL_ERIM_ATAKTURK","secondSubmission":"EGE_KARTAL","similarities":{"AVG":0.15757575757575756,"MAX":0.18055555555555555,"MAXIMUM_LENGTH":95.0,"LONGEST_MATCH":13.0}},{"firstSubmission":"EYLUL_PIRINCAL","secondSubmission":"HATICE_SENA_SES","similarities":{"AVG":0.15267175572519084,"MAX":0.1724137931034483,"MAXIMUM_LENGTH":74.0,"LONGEST_MATCH":10.0}},{"firstSubmission":"MIRAY_DUYGULU","secondSubmission":"EDA_GUL_CETINEL","similarities":{"AVG":0.14689265536723164,"MAX":0.1511627906976744,"MAXIMUM_LENGTH":93.0,"LONGEST_MATCH":13.0}},{"firstSubmission":"EYLUL_PIRINCAL","secondSubmission":"SEVKET_YESILPEKMEZ_MACOS","similarities":{"AVG":0.144,"MAX":0.15517241379310345,"MAXIMUM_LENGTH":69.0,"LONGEST_MATCH":9.0}},{"firstSubmission":"EMIR_KEREM_ISILDAR","secondSubmission":"EDA_GUL_CETINEL","similarities":{"AVG":0.14035087719298245,"MAX":0.15,"MAXIMUM_LENGTH":93.0,"LONGEST_MATCH":12.0}},{"firstSubmission":"EMIR_KEREM_ISILDAR","secondSubmission":"MUHAMMED_EMIN_SEKER","similarities":{"AVG":0.1340782122905028,"MAX":0.15,"MAXIMUM_LENGTH":101.0,"LONGEST_MATCH":12.0}},{"firstSubmission":"EYLUL_PIRINCAL","secondSubmission":"EMIR_KEREM_ISILDAR","similarities":{"AVG":0.13043478260869565,"MAX":0.15517241379310345,"MAXIMUM_LENGTH":82.0,"LONGEST_MATCH":9.0}},{"firstSubmission":"EYLUL_PIRINCAL","secondSubmission":"BEGUM_HAMARAT","similarities":{"AVG":0.1232876712328767,"MAX":0.15517241379310345,"MAXIMUM_LENGTH":89.0,"LONGEST_MATCH":9.0}},{"firstSubmission":"EMIR_KEREM_ISILDAR","secondSubmission":"BEGUM_HAMARAT","similarities":{"AVG":0.11904761904761904,"MAX":0.125,"MAXIMUM_LENGTH":89.0,"LONGEST_MATCH":10.0}},{"firstSubmission":"SEVKET_YESILPEKMEZ_MACOS","secondSubmission":"BEGUM_HAMARAT","similarities":{"AVG":0.11612903225806452,"MAX":0.13432835820895522,"MAXIMUM_LENGTH":89.0,"LONGEST_MATCH":9.0}},{"firstSubmission":"MUHAMMED_EMIN_SEKER","secondSubmission":"GPT","similarities":{"AVG":0.11538461538461539,"MAX":0.12121212121212122,"MAXIMUM_LENGTH":111.0,"LONGEST_MATCH":12.0}},{"firstSubmission":"DORUK_OCAL","secondSubmission":"MIRAY_DUYGULU","similarities":{"AVG":0.11392405063291139,"MAX":0.125,"MAXIMUM_LENGTH":88.0,"LONGEST_MATCH":9.0}},{"firstSubmission":"MUHAMMED_EMIN_SEKER","secondSubmission":"CLAUDE","similarities":{"AVG":0.1111111111111111,"MAX":0.12121212121212122,"MAXIMUM_LENGTH":119.0,"LONGEST_MATCH":12.0}},{"firstSubmission":"MIRAY_DUYGULU","secondSubmission":"MUHAMMED_EMIN_SEKER","similarities":{"AVG":0.10810810810810811,"MAX":0.11627906976744186,"MAXIMUM_LENGTH":101.0,"LONGEST_MATCH":10.0}},{"firstSubmission":"EYLUL_PIRINCAL","secondSubmission":"GPT","similarities":{"AVG":0.10778443113772455,"MAX":0.15517241379310345,"MAXIMUM_LENGTH":111.0,"LONGEST_MATCH":9.0}},{"firstSubmission":"EMIR_KEREM_ISILDAR","secondSubmission":"ISMAIL_ERIM_ATAKTURK","similarities":{"AVG":0.10526315789473684,"MAX":0.1111111111111111,"MAXIMUM_LENGTH":83.0,"LONGEST_MATCH":8.0}},{"firstSubmission":"EYLUL_PIRINCAL","secondSubmission":"CLAUDE","similarities":{"AVG":0.10285714285714286,"MAX":0.15517241379310345,"MAXIMUM_LENGTH":119.0,"LONGEST_MATCH":9.0}},{"firstSubmission":"DORUK_OCAL","secondSubmission":"EGE_KARTAL","similarities":{"AVG":0.09696969696969697,"MAX":0.1111111111111111,"MAXIMUM_LENGTH":95.0,"LONGEST_MATCH":8.0}},{"firstSubmission":"DORUK_OCAL","secondSubmission":"BORA_YALCIN","similarities":{"AVG":0.0963855421686747,"MAX":0.1111111111111111,"MAXIMUM_LENGTH":96.0,"LONGEST_MATCH":8.0}},{"firstSubmission":"EMIR_KEREM_ISILDAR","secondSubmission":"MIRAY_DUYGULU","similarities":{"AVG":0.0963855421686747,"MAX":0.1,"MAXIMUM_LENGTH":88.0,"LONGEST_MATCH":8.0}},{"firstSubmission":"EMIR_KEREM_ISILDAR","secondSubmission":"ABDULLAH_MERT_OZDEM","similarities":{"AVG":0.09142857142857143,"MAX":0.1,"MAXIMUM_LENGTH":96.0,"LONGEST_MATCH":8.0}},{"firstSubmission":"MEHMET_EREN_GUNER","secondSubmission":"FATIH_KAGAN_CEBI","similarities":{"AVG":0.08888888888888889,"MAX":0.1568627450980392,"MAXIMUM_LENGTH":131.0,"LONGEST_MATCH":8.0}},{"firstSubmission":"EDA_GUL_CETINEL","secondSubmission":"BORA_YALCIN","similarities":{"AVG":0.08648648648648649,"MAX":0.08791208791208792,"MAXIMUM_LENGTH":96.0,"LONGEST_MATCH":8.0}},{"firstSubmission":"EMIR_KEREM_ISILDAR","secondSubmission":"FATIH_KAGAN_CEBI","similarities":{"AVG":0.0861244019138756,"MAX":0.1125,"MAXIMUM_LENGTH":131.0,"LONGEST_MATCH":9.0}},{"firstSubmission":"EGE_KARTAL","secondSubmission":"ABDULLAH_MERT_OZDEM","similarities":{"AVG":0.0851063829787234,"MAX":0.08602150537634409,"MAXIMUM_LENGTH":96.0,"LONGEST_MATCH":8.0}},{"firstSubmission":"BEGUM_HAMARAT","secondSubmission":"FATIH_KAGAN_CEBI","similarities":{"AVG":0.07373271889400922,"MAX":0.09090909090909091,"MAXIMUM_LENGTH":131.0,"LONGEST_MATCH":8.0}},{"firstSubmission":"CLAUDE","secondSubmission":"FATIH_KAGAN_CEBI","similarities":{"AVG":0.07317073170731707,"MAX":0.07692307692307693,"MAXIMUM_LENGTH":131.0,"LONGEST_MATCH":9.0}},{"firstSubmission":"EGE_KARTAL","secondSubmission":"FATIH_KAGAN_CEBI","similarities":{"AVG":0.07207207207207207,"MAX":0.08602150537634409,"MAXIMUM_LENGTH":131.0,"LONGEST_MATCH":8.0}},{"firstSubmission":"ISMAIL_ERIM_ATAKTURK","secondSubmission":"MUHAMMED_EMIN_SEKER","similarities":{"AVG":0.0,"MAX":0.0,"MAXIMUM_LENGTH":101.0,"LONGEST_MATCH":0.0}},{"firstSubmission":"CIHAT_OZLUK","secondSubmission":"MUHAMMED_EMIN_SEKER","similarities":{"AVG":0.0,"MAX":0.0,"MAXIMUM_LENGTH":101.0,"LONGEST_MATCH":0.0}},{"firstSubmission":"BORA_YALCIN","secondSubmission":"MUHAMMED_EMIN_SEKER","similarities":{"AVG":0.0,"MAX":0.0,"MAXIMUM_LENGTH":101.0,"LONGEST_MATCH":0.0}},{"firstSubmission":"MEHMET_EREN_GUNER","secondSubmission":"MUHAMMED_EMIN_SEKER","similarities":{"AVG":0.0,"MAX":0.0,"MAXIMUM_LENGTH":101.0,"LONGEST_MATCH":0.0}},{"firstSubmission":"SERKAN_YILMAZ","secondSubmission":"MUHAMMED_EMIN_SEKER","similarities":{"AVG":0.0,"MAX":0.0,"MAXIMUM_LENGTH":101.0,"LONGEST_MATCH":0.0}},{"firstSubmission":"BERKE_TURKBAY","secondSubmission":"MUHAMMED_EMIN_SEKER","similarities":{"AVG":0.0,"MAX":0.0,"MAXIMUM_LENGTH":101.0,"LONGEST_MATCH":0.0}},{"firstSubmission":"MUHAMMED_EMIN_SEKER","secondSubmission":"FATIH_KAGAN_CEBI","similarities":{"AVG":0.0,"MAX":0.0,"MAXIMUM_LENGTH":131.0,"LONGEST_MATCH":0.0}},{"firstSubmission":"HATICE_SENA_SES","secondSubmission":"MUHAMMED_EMIN_SEKER","similarities":{"AVG":0.0,"MAX":0.0,"MAXIMUM_LENGTH":101.0,"LONGEST_MATCH":0.0}},{"firstSubmission":"ABDULLAH_MERT_OZDEM","secondSubmission":"MUHAMMED_EMIN_SEKER","similarities":{"AVG":0.0,"MAX":0.0,"MAXIMUM_LENGTH":101.0,"LONGEST_MATCH":0.0}},{"firstSubmission":"BEGUM_HAMARAT","secondSubmission":"MUHAMMED_EMIN_SEKER","similarities":{"AVG":0.0,"MAX":0.0,"MAXIMUM_LENGTH":101.0,"LONGEST_MATCH":0.0}},{"firstSubmission":"CIHAT_OZLUK","secondSubmission":"EDA_GUL_CETINEL","similarities":{"AVG":0.0,"MAX":0.0,"MAXIMUM_LENGTH":93.0,"LONGEST_MATCH":0.0}},{"firstSubmission":"DORUK_OCAL","secondSubmission":"EDA_GUL_CETINEL","similarities":{"AVG":0.0,"MAX":0.0,"MAXIMUM_LENGTH":93.0,"LONGEST_MATCH":0.0}},{"firstSubmission":"SERKAN_YILMAZ","secondSubmission":"EDA_GUL_CETINEL","similarities":{"AVG":0.0,"MAX":0.0,"MAXIMUM_LENGTH":93.0,"LONGEST_MATCH":0.0}},{"firstSubmission":"BERKE_TURKBAY","secondSubmission":"EDA_GUL_CETINEL","similarities":{"AVG":0.0,"MAX":0.0,"MAXIMUM_LENGTH":93.0,"LONGEST_MATCH":0.0}},{"firstSubmission":"EDA_GUL_CETINEL","secondSubmission":"FATIH_KAGAN_CEBI","similarities":{"AVG":0.0,"MAX":0.0,"MAXIMUM_LENGTH":131.0,"LONGEST_MATCH":0.0}},{"firstSubmission":"HATICE_SENA_SES","secondSubmission":"EDA_GUL_CETINEL","similarities":{"AVG":0.0,"MAX":0.0,"MAXIMUM_LENGTH":93.0,"LONGEST_MATCH":0.0}},{"firstSubmission":"EDA_GUL_CETINEL","secondSubmission":"ABDULLAH_MERT_OZDEM","similarities":{"AVG":0.0,"MAX":0.0,"MAXIMUM_LENGTH":96.0,"LONGEST_MATCH":0.0}},{"firstSubmission":"BEGUM_HAMARAT","secondSubmission":"EDA_GUL_CETINEL","similarities":{"AVG":0.0,"MAX":0.0,"MAXIMUM_LENGTH":93.0,"LONGEST_MATCH":0.0}},{"firstSubmission":"ISMAIL_ERIM_ATAKTURK","secondSubmission":"CIHAT_OZLUK","similarities":{"AVG":0.0,"MAX":0.0,"MAXIMUM_LENGTH":92.0,"LONGEST_MATCH":0.0}},{"firstSubmission":"ISMAIL_ERIM_ATAKTURK","secondSubmission":"BORA_YALCIN","similarities":{"AVG":0.0,"MAX":0.0,"MAXIMUM_LENGTH":96.0,"LONGEST_MATCH":0.0}},{"firstSubmission":"DORUK_OCAL","secondSubmission":"ISMAIL_ERIM_ATAKTURK","similarities":{"AVG":0.0,"MAX":0.0,"MAXIMUM_LENGTH":83.0,"LONGEST_MATCH":0.0}},{"firstSubmission":"SERKAN_YILMAZ","secondSubmission":"ISMAIL_ERIM_ATAKTURK","similarities":{"AVG":0.0,"MAX":0.0,"MAXIMUM_LENGTH":83.0,"LONGEST_MATCH":0.0}},{"firstSubmission":"BERKE_TURKBAY","secondSubmission":"ISMAIL_ERIM_ATAKTURK","similarities":{"AVG":0.0,"MAX":0.0,"MAXIMUM_LENGTH":83.0,"LONGEST_MATCH":0.0}},{"firstSubmission":"HATICE_SENA_SES","secondSubmission":"ISMAIL_ERIM_ATAKTURK","similarities":{"AVG":0.0,"MAX":0.0,"MAXIMUM_LENGTH":83.0,"LONGEST_MATCH":0.0}},{"firstSubmission":"ISMAIL_ERIM_ATAKTURK","secondSubmission":"ABDULLAH_MERT_OZDEM","similarities":{"AVG":0.0,"MAX":0.0,"MAXIMUM_LENGTH":96.0,"LONGEST_MATCH":0.0}},{"firstSubmission":"ISMAIL_ERIM_ATAKTURK","secondSubmission":"BEGUM_HAMARAT","similarities":{"AVG":0.0,"MAX":0.0,"MAXIMUM_LENGTH":89.0,"LONGEST_MATCH":0.0}},{"firstSubmission":"EYLUL_PIRINCAL","secondSubmission":"ISMAIL_ERIM_ATAKTURK","similarities":{"AVG":0.0,"MAX":0.0,"MAXIMUM_LENGTH":83.0,"LONGEST_MATCH":0.0}},{"firstSubmission":"CIHAT_OZLUK","secondSubmission":"BORA_YALCIN","similarities":{"AVG":0.0,"MAX":0.0,"MAXIMUM_LENGTH":96.0,"LONGEST_MATCH":0.0}},{"firstSubmission":"EMIR_KEREM_ISILDAR","secondSubmission":"CIHAT_OZLUK","similarities":{"AVG":0.0,"MAX":0.0,"MAXIMUM_LENGTH":92.0,"LONGEST_MATCH":0.0}},{"firstSubmission":"DORUK_OCAL","secondSubmission":"CIHAT_OZLUK","similarities":{"AVG":0.0,"MAX":0.0,"MAXIMUM_LENGTH":92.0,"LONGEST_MATCH":0.0}},{"firstSubmission":"CIHAT_OZLUK","secondSubmission":"CLAUDE","similarities":{"AVG":0.0,"MAX":0.0,"MAXIMUM_LENGTH":119.0,"LONGEST_MATCH":0.0}},{"firstSubmission":"SEVKET_YESILPEKMEZ_MACOS","secondSubmission":"CIHAT_OZLUK","similarities":{"AVG":0.0,"MAX":0.0,"MAXIMUM_LENGTH":92.0,"LONGEST_MATCH":0.0}},{"firstSubmission":"MEHMET_EREN_GUNER","secondSubmission":"CIHAT_OZLUK","similarities":{"AVG":0.0,"MAX":0.0,"MAXIMUM_LENGTH":92.0,"LONGEST_MATCH":0.0}},{"firstSubmission":"SERKAN_YILMAZ","secondSubmission":"CIHAT_OZLUK","similarities":{"AVG":0.0,"MAX":0.0,"MAXIMUM_LENGTH":92.0,"LONGEST_MATCH":0.0}},{"firstSubmission":"BERKE_TURKBAY","secondSubmission":"CIHAT_OZLUK","similarities":{"AVG":0.0,"MAX":0.0,"MAXIMUM_LENGTH":92.0,"LONGEST_MATCH":0.0}},{"firstSubmission":"CIHAT_OZLUK","secondSubmission":"FATIH_KAGAN_CEBI","similarities":{"AVG":0.0,"MAX":0.0,"MAXIMUM_LENGTH":131.0,"LONGEST_MATCH":0.0}},{"firstSubmission":"CIHAT_OZLUK","secondSubmission":"EGE_KARTAL","similarities":{"AVG":0.0,"MAX":0.0,"MAXIMUM_LENGTH":95.0,"LONGEST_MATCH":0.0}},{"firstSubmission":"HATICE_SENA_SES","secondSubmission":"CIHAT_OZLUK","similarities":{"AVG":0.0,"MAX":0.0,"MAXIMUM_LENGTH":92.0,"LONGEST_MATCH":0.0}},{"firstSubmission":"CIHAT_OZLUK","secondSubmission":"GPT","similarities":{"AVG":0.0,"MAX":0.0,"MAXIMUM_LENGTH":111.0,"LONGEST_MATCH":0.0}},{"firstSubmission":"CIHAT_OZLUK","secondSubmission":"ABDULLAH_MERT_OZDEM","similarities":{"AVG":0.0,"MAX":0.0,"MAXIMUM_LENGTH":96.0,"LONGEST_MATCH":0.0}},{"firstSubmission":"BEGUM_HAMARAT","secondSubmission":"CIHAT_OZLUK","similarities":{"AVG":0.0,"MAX":0.0,"MAXIMUM_LENGTH":92.0,"LONGEST_MATCH":0.0}},{"firstSubmission":"EYLUL_PIRINCAL","secondSubmission":"CIHAT_OZLUK","similarities":{"AVG":0.0,"MAX":0.0,"MAXIMUM_LENGTH":92.0,"LONGEST_MATCH":0.0}},{"firstSubmission":"MIRAY_DUYGULU","secondSubmission":"CIHAT_OZLUK","similarities":{"AVG":0.0,"MAX":0.0,"MAXIMUM_LENGTH":92.0,"LONGEST_MATCH":0.0}},{"firstSubmission":"SEVKET_YESILPEKMEZ_MACOS","secondSubmission":"BORA_YALCIN","similarities":{"AVG":0.0,"MAX":0.0,"MAXIMUM_LENGTH":96.0,"LONGEST_MATCH":0.0}},{"firstSubmission":"MEHMET_EREN_GUNER","secondSubmission":"BORA_YALCIN","similarities":{"AVG":0.0,"MAX":0.0,"MAXIMUM_LENGTH":96.0,"LONGEST_MATCH":0.0}},{"firstSubmission":"SERKAN_YILMAZ","secondSubmission":"BORA_YALCIN","similarities":{"AVG":0.0,"MAX":0.0,"MAXIMUM_LENGTH":96.0,"LONGEST_MATCH":0.0}},{"firstSubmission":"BERKE_TURKBAY","secondSubmission":"BORA_YALCIN","similarities":{"AVG":0.0,"MAX":0.0,"MAXIMUM_LENGTH":96.0,"LONGEST_MATCH":0.0}},{"firstSubmission":"BORA_YALCIN","secondSubmission":"FATIH_KAGAN_CEBI","similarities":{"AVG":0.0,"MAX":0.0,"MAXIMUM_LENGTH":131.0,"LONGEST_MATCH":0.0}},{"firstSubmission":"EGE_KARTAL","secondSubmission":"BORA_YALCIN","similarities":{"AVG":0.0,"MAX":0.0,"MAXIMUM_LENGTH":96.0,"LONGEST_MATCH":0.0}},{"firstSubmission":"BEGUM_HAMARAT","secondSubmission":"BORA_YALCIN","similarities":{"AVG":0.0,"MAX":0.0,"MAXIMUM_LENGTH":96.0,"LONGEST_MATCH":0.0}},{"firstSubmission":"EYLUL_PIRINCAL","secondSubmission":"BORA_YALCIN","similarities":{"AVG":0.0,"MAX":0.0,"MAXIMUM_LENGTH":96.0,"LONGEST_MATCH":0.0}},{"firstSubmission":"MIRAY_DUYGULU","secondSubmission":"BORA_YALCIN","similarities":{"AVG":0.0,"MAX":0.0,"MAXIMUM_LENGTH":96.0,"LONGEST_MATCH":0.0}},{"firstSubmission":"DORUK_OCAL","secondSubmission":"EMIR_KEREM_ISILDAR","similarities":{"AVG":0.0,"MAX":0.0,"MAXIMUM_LENGTH":82.0,"LONGEST_MATCH":0.0}},{"firstSubmission":"MEHMET_EREN_GUNER","secondSubmission":"EMIR_KEREM_ISILDAR","similarities":{"AVG":0.0,"MAX":0.0,"MAXIMUM_LENGTH":82.0,"LONGEST_MATCH":0.0}},{"firstSubmission":"SERKAN_YILMAZ","secondSubmission":"EMIR_KEREM_ISILDAR","similarities":{"AVG":0.0,"MAX":0.0,"MAXIMUM_LENGTH":82.0,"LONGEST_MATCH":0.0}},{"firstSubmission":"BERKE_TURKBAY","secondSubmission":"EMIR_KEREM_ISILDAR","similarities":{"AVG":0.0,"MAX":0.0,"MAXIMUM_LENGTH":82.0,"LONGEST_MATCH":0.0}},{"firstSubmission":"DORUK_OCAL","secondSubmission":"CLAUDE","similarities":{"AVG":0.0,"MAX":0.0,"MAXIMUM_LENGTH":119.0,"LONGEST_MATCH":0.0}},{"firstSubmission":"SEVKET_YESILPEKMEZ_MACOS","secondSubmission":"DORUK_OCAL","similarities":{"AVG":0.0,"MAX":0.0,"MAXIMUM_LENGTH":74.0,"LONGEST_MATCH":0.0}},{"firstSubmission":"MEHMET_EREN_GUNER","secondSubmission":"DORUK_OCAL","similarities":{"AVG":0.0,"MAX":0.0,"MAXIMUM_LENGTH":74.0,"LONGEST_MATCH":0.0}},{"firstSubmission":"SERKAN_YILMAZ","secondSubmission":"DORUK_OCAL","similarities":{"AVG":0.0,"MAX":0.0,"MAXIMUM_LENGTH":74.0,"LONGEST_MATCH":0.0}},{"firstSubmission":"BERKE_TURKBAY","secondSubmission":"DORUK_OCAL","similarities":{"AVG":0.0,"MAX":0.0,"MAXIMUM_LENGTH":74.0,"LONGEST_MATCH":0.0}},{"firstSubmission":"DORUK_OCAL","secondSubmission":"FATIH_KAGAN_CEBI","similarities":{"AVG":0.0,"MAX":0.0,"MAXIMUM_LENGTH":131.0,"LONGEST_MATCH":0.0}},{"firstSubmission":"DORUK_OCAL","secondSubmission":"HATICE_SENA_SES","similarities":{"AVG":0.0,"MAX":0.0,"MAXIMUM_LENGTH":74.0,"LONGEST_MATCH":0.0}},{"firstSubmission":"DORUK_OCAL","secondSubmission":"GPT","similarities":{"AVG":0.0,"MAX":0.0,"MAXIMUM_LENGTH":111.0,"LONGEST_MATCH":0.0}},{"firstSubmission":"DORUK_OCAL","secondSubmission":"ABDULLAH_MERT_OZDEM","similarities":{"AVG":0.0,"MAX":0.0,"MAXIMUM_LENGTH":96.0,"LONGEST_MATCH":0.0}},{"firstSubmission":"DORUK_OCAL","secondSubmission":"BEGUM_HAMARAT","similarities":{"AVG":0.0,"MAX":0.0,"MAXIMUM_LENGTH":89.0,"LONGEST_MATCH":0.0}},{"firstSubmission":"EYLUL_PIRINCAL","secondSubmission":"DORUK_OCAL","similarities":{"AVG":0.0,"MAX":0.0,"MAXIMUM_LENGTH":74.0,"LONGEST_MATCH":0.0}},{"firstSubmission":"SERKAN_YILMAZ","secondSubmission":"CLAUDE","similarities":{"AVG":0.0,"MAX":0.0,"MAXIMUM_LENGTH":119.0,"LONGEST_MATCH":0.0}},{"firstSubmission":"BERKE_TURKBAY","secondSubmission":"CLAUDE","similarities":{"AVG":0.0,"MAX":0.0,"MAXIMUM_LENGTH":119.0,"LONGEST_MATCH":0.0}},{"firstSubmission":"SERKAN_YILMAZ","secondSubmission":"SEVKET_YESILPEKMEZ_MACOS","similarities":{"AVG":0.0,"MAX":0.0,"MAXIMUM_LENGTH":69.0,"LONGEST_MATCH":0.0}},{"firstSubmission":"BERKE_TURKBAY","secondSubmission":"SEVKET_YESILPEKMEZ_MACOS","similarities":{"AVG":0.0,"MAX":0.0,"MAXIMUM_LENGTH":69.0,"LONGEST_MATCH":0.0}},{"firstSubmission":"MEHMET_EREN_GUNER","secondSubmission":"SERKAN_YILMAZ","similarities":{"AVG":0.0,"MAX":0.0,"MAXIMUM_LENGTH":68.0,"LONGEST_MATCH":0.0}},{"firstSubmission":"BERKE_TURKBAY","secondSubmission":"MEHMET_EREN_GUNER","similarities":{"AVG":0.0,"MAX":0.0,"MAXIMUM_LENGTH":62.0,"LONGEST_MATCH":0.0}},{"firstSubmission":"MEHMET_EREN_GUNER","secondSubmission":"HATICE_SENA_SES","similarities":{"AVG":0.0,"MAX":0.0,"MAXIMUM_LENGTH":74.0,"LONGEST_MATCH":0.0}},{"firstSubmission":"MEHMET_EREN_GUNER","secondSubmission":"ABDULLAH_MERT_OZDEM","similarities":{"AVG":0.0,"MAX":0.0,"MAXIMUM_LENGTH":96.0,"LONGEST_MATCH":0.0}},{"firstSubmission":"MEHMET_EREN_GUNER","secondSubmission":"BEGUM_HAMARAT","similarities":{"AVG":0.0,"MAX":0.0,"MAXIMUM_LENGTH":89.0,"LONGEST_MATCH":0.0}},{"firstSubmission":"EYLUL_PIRINCAL","secondSubmission":"MEHMET_EREN_GUNER","similarities":{"AVG":0.0,"MAX":0.0,"MAXIMUM_LENGTH":62.0,"LONGEST_MATCH":0.0}},{"firstSubmission":"BERKE_TURKBAY","secondSubmission":"SERKAN_YILMAZ","similarities":{"AVG":0.0,"MAX":0.0,"MAXIMUM_LENGTH":68.0,"LONGEST_MATCH":0.0}},{"firstSubmission":"SERKAN_YILMAZ","secondSubmission":"FATIH_KAGAN_CEBI","similarities":{"AVG":0.0,"MAX":0.0,"MAXIMUM_LENGTH":131.0,"LONGEST_MATCH":0.0}},{"firstSubmission":"SERKAN_YILMAZ","secondSubmission":"EGE_KARTAL","similarities":{"AVG":0.0,"MAX":0.0,"MAXIMUM_LENGTH":95.0,"LONGEST_MATCH":0.0}},{"firstSubmission":"SERKAN_YILMAZ","secondSubmission":"HATICE_SENA_SES","similarities":{"AVG":0.0,"MAX":0.0,"MAXIMUM_LENGTH":74.0,"LONGEST_MATCH":0.0}},{"firstSubmission":"SERKAN_YILMAZ","secondSubmission":"GPT","similarities":{"AVG":0.0,"MAX":0.0,"MAXIMUM_LENGTH":111.0,"LONGEST_MATCH":0.0}},{"firstSubmission":"SERKAN_YILMAZ","secondSubmission":"ABDULLAH_MERT_OZDEM","similarities":{"AVG":0.0,"MAX":0.0,"MAXIMUM_LENGTH":96.0,"LONGEST_MATCH":0.0}},{"firstSubmission":"SERKAN_YILMAZ","secondSubmission":"BEGUM_HAMARAT","similarities":{"AVG":0.0,"MAX":0.0,"MAXIMUM_LENGTH":89.0,"LONGEST_MATCH":0.0}},{"firstSubmission":"EYLUL_PIRINCAL","secondSubmission":"SERKAN_YILMAZ","similarities":{"AVG":0.0,"MAX":0.0,"MAXIMUM_LENGTH":68.0,"LONGEST_MATCH":0.0}},{"firstSubmission":"BERKE_TURKBAY","secondSubmission":"FATIH_KAGAN_CEBI","similarities":{"AVG":0.0,"MAX":0.0,"MAXIMUM_LENGTH":131.0,"LONGEST_MATCH":0.0}},{"firstSubmission":"BERKE_TURKBAY","secondSubmission":"EGE_KARTAL","similarities":{"AVG":0.0,"MAX":0.0,"MAXIMUM_LENGTH":95.0,"LONGEST_MATCH":0.0}},{"firstSubmission":"BERKE_TURKBAY","secondSubmission":"HATICE_SENA_SES","similarities":{"AVG":0.0,"MAX":0.0,"MAXIMUM_LENGTH":74.0,"LONGEST_MATCH":0.0}},{"firstSubmission":"BERKE_TURKBAY","secondSubmission":"GPT","similarities":{"AVG":0.0,"MAX":0.0,"MAXIMUM_LENGTH":111.0,"LONGEST_MATCH":0.0}},{"firstSubmission":"BERKE_TURKBAY","secondSubmission":"ABDULLAH_MERT_OZDEM","similarities":{"AVG":0.0,"MAX":0.0,"MAXIMUM_LENGTH":96.0,"LONGEST_MATCH":0.0}},{"firstSubmission":"BERKE_TURKBAY","secondSubmission":"BEGUM_HAMARAT","similarities":{"AVG":0.0,"MAX":0.0,"MAXIMUM_LENGTH":89.0,"LONGEST_MATCH":0.0}},{"firstSubmission":"BERKE_TURKBAY","secondSubmission":"EYLUL_PIRINCAL","similarities":{"AVG":0.0,"MAX":0.0,"MAXIMUM_LENGTH":59.0,"LONGEST_MATCH":0.0}},{"firstSubmission":"BERKE_TURKBAY","secondSubmission":"MIRAY_DUYGULU","similarities":{"AVG":0.0,"MAX":0.0,"MAXIMUM_LENGTH":88.0,"LONGEST_MATCH":0.0}},{"firstSubmission":"EYLUL_PIRINCAL","secondSubmission":"FATIH_KAGAN_CEBI","similarities":{"AVG":0.0,"MAX":0.0,"MAXIMUM_LENGTH":131.0,"LONGEST_MATCH":0.0}},{"firstSubmission":"MIRAY_DUYGULU","secondSubmission":"FATIH_KAGAN_CEBI","similarities":{"AVG":0.0,"MAX":0.0,"MAXIMUM_LENGTH":131.0,"LONGEST_MATCH":0.0}},{"firstSubmission":"BEGUM_HAMARAT","secondSubmission":"EGE_KARTAL","similarities":{"AVG":0.0,"MAX":0.0,"MAXIMUM_LENGTH":95.0,"LONGEST_MATCH":0.0}},{"firstSubmission":"HATICE_SENA_SES","secondSubmission":"MIRAY_DUYGULU","similarities":{"AVG":0.0,"MAX":0.0,"MAXIMUM_LENGTH":88.0,"LONGEST_MATCH":0.0}},{"firstSubmission":"EYLUL_PIRINCAL","secondSubmission":"ABDULLAH_MERT_OZDEM","similarities":{"AVG":0.0,"MAX":0.0,"MAXIMUM_LENGTH":96.0,"LONGEST_MATCH":0.0}},{"firstSubmission":"MIRAY_DUYGULU","secondSubmission":"ABDULLAH_MERT_OZDEM","similarities":{"AVG":0.0,"MAX":0.0,"MAXIMUM_LENGTH":96.0,"LONGEST_MATCH":0.0}},{"firstSubmission":"MIRAY_DUYGULU","secondSubmission":"BEGUM_HAMARAT","similarities":{"AVG":0.0,"MAX":0.0,"MAXIMUM_LENGTH":89.0,"LONGEST_MATCH":0.0}},{"firstSubmission":"EYLUL_PIRINCAL","secondSubmission":"MIRAY_DUYGULU","similarities":{"AVG":0.0,"MAX":0.0,"MAXIMUM_LENGTH":88.0,"LONGEST_MATCH":0.0}}]