{"fileIndexes":{"BURHAN_EFE_DEMIR":{"BURHAN_EFE_DEMIR/Burhan Efe Demir/StackQuestionsNonMember.tpp":{"tokenCount":46},"BURHAN_EFE_DEMIR/Burhan Efe Demir/StackQuestionsMember.tpp":{"tokenCount":69}},"OYKU_AKSUNGUR":{"OYKU_AKSUNGUR/StackQuestionsNonMember.tpp":{"tokenCount":40},"OYKU_AKSUNGUR/StackQuestionsMember (2).tpp":{"tokenCount":40}},"EFE_DEMIRCI":{"EFE_DEMIRCI/StackQuestionsMember.tpp":{"tokenCount":61},"EFE_DEMIRCI/StackQuestionsNonMember.cpp":{"tokenCount":28},"EFE_DEMIRCI/StackQuestionsNonMember.tpp":{"tokenCount":45}},"ECENUR_GUNER":{"ECENUR_GUNER/StackQuestionsMember.tpp":{"tokenCount":75},"ECENUR_GUNER/StackQuestionsNonMember.cpp":{"tokenCount":31},"ECENUR_GUNER/StackQuestionsNonMember.tpp":{"tokenCount":42}},"SERRA_PEHLIVANKUCUK":{"SERRA_PEHLIVANKUCUK/Serra Pehlivanküçük 20240702111.tpp":{"tokenCount":44}},"EMIRHAN_EREN_ELIBOL":{"EMIRHAN_EREN_ELIBOL/StackQuestionsNonMember.tpp":{"tokenCount":65},"EMIRHAN_EREN_ELIBOL/StackQuestionsNonMember.cpp":{"tokenCount":35},"EMIRHAN_EREN_ELIBOL/StackQuestionsMember.tpp":{"tokenCount":66}},"OSMAN_ALPEREN_KARADAG":{"OSMAN_ALPEREN_KARADAG/StackQuestionsNonMember.tpp":{"tokenCount":42},"OSMAN_ALPEREN_KARADAG/StackQuestionsNonMember.cpp":{"tokenCount":28},"OSMAN_ALPEREN_KARADAG/StackQuestionsMember.tpp":{"tokenCount":53}},"GPT":{"GPT/StackQuestionsNonMember.cpp":{"tokenCount":28},"GPT/StackQuestionsNonMember.tpp":{"tokenCount":44},"GPT/StackQuestionsMember.tpp":{"tokenCount":53}},"MERT_ACAR":{"MERT_ACAR/StackQuestionsNonMember.tpp":{"tokenCount":6},"MERT_ACAR/main.cpp":{"tokenCount":150},"MERT_ACAR/StackQuestionsMember.tpp":{"tokenCount":41}},"KEREM_AKDENIZ":{"KEREM_AKDENIZ/StackQuestionsMember.tpp":{"tokenCount":71},"KEREM_AKDENIZ/StackQuestionsNonMember.cpp":{"tokenCount":4},"KEREM_AKDENIZ/StackQuestionsNonMember.tpp":{"tokenCount":38}},"EMIRHAN_DEMIR":{"EMIRHAN_DEMIR/StackQuestionsMember.tpp":{"tokenCount":58},"EMIRHAN_DEMIR/StackQuestionsNonMember.tpp":{"tokenCount":57}},"YAREN_TEKIN":{"YAREN_TEKIN/StackQuestionsNonMember.cpp":{"tokenCount":28},"YAREN_TEKIN/StackQuestionsNonMember.tpp":{"tokenCount":11},"YAREN_TEKIN/StackQuestionsMember.tpp":{"tokenCount":49}},"KUTALMIS_ATA_ALTAYLAR":{"KUTALMIS_ATA_ALTAYLAR/lab2.cpp":{"tokenCount":26}},"CLAUDE":{"CLAUDE/StackQuestionsNonMember.cpp":{"tokenCount":29},"CLAUDE/StackQuestionsNonMember.tpp":{"tokenCount":42},"CLAUDE/StackQuestionsMember.tpp":{"tokenCount":116}}}}