{"submissionIds":{"EFE_DEMIRCI":"EFE_DEMIRCI","BURHAN_EFE_DEMIR":"BURHAN_EFE_DEMIR","OYKU_AKSUNGUR":"OYKU_AKSUNGUR","ECENUR_GUNER":"ECENUR_GUNER","SERRA_PEHLIVANKUCUK":"SERRA_PEHLIVANKUCUK","EMIRHAN_EREN_ELIBOL":"EMIRHAN_EREN_ELIBOL","OSMAN_ALPEREN_KARADAG":"OSMAN_ALPEREN_KARADAG","GPT":"GPT","MERT_ACAR":"MERT_ACAR","KEREM_AKDENIZ":"KEREM_AKDENIZ","EMIRHAN_DEMIR":"EMIRHAN_DEMIR","YAREN_TEKIN":"YAREN_TEKIN","KUTALMIS_ATA_ALTAYLAR":"KUTALMIS_ATA_ALTAYLAR","CLAUDE":"CLAUDE"},"submissionIdsToComparisonFileName":{"BURHAN_EFE_DEMIR":{"EFE_DEMIRCI":"BURHAN_EFE_DEMIR-EFE_DEMIRCI.json","OYKU_AKSUNGUR":"OYKU_AKSUNGUR-BURHAN_EFE_DEMIR.json","ECENUR_GUNER":"BURHAN_EFE_DEMIR-ECENUR_GUNER.json","SERRA_PEHLIVANKUCUK":"SERRA_PEHLIVANKUCUK-BURHAN_EFE_DEMIR.json","EMIRHAN_EREN_ELIBOL":"BURHAN_EFE_DEMIR-EMIRHAN_EREN_ELIBOL.json","OSMAN_ALPEREN_KARADAG":"BURHAN_EFE_DEMIR-OSMAN_ALPEREN_KARADAG.json","GPT":"BURHAN_EFE_DEMIR-GPT.json","MERT_ACAR":"BURHAN_EFE_DEMIR-MERT_ACAR.json","KEREM_AKDENIZ":"KEREM_AKDENIZ-BURHAN_EFE_DEMIR.json","EMIRHAN_DEMIR":"BURHAN_EFE_DEMIR-EMIRHAN_DEMIR.json","YAREN_TEKIN":"YAREN_TEKIN-BURHAN_EFE_DEMIR.json","KUTALMIS_ATA_ALTAYLAR":"KUTALMIS_ATA_ALTAYLAR-BURHAN_EFE_DEMIR.json","CLAUDE":"BURHAN_EFE_DEMIR-CLAUDE.json"},"EFE_DEMIRCI":{"BURHAN_EFE_DEMIR":"BURHAN_EFE_DEMIR-EFE_DEMIRCI.json","OYKU_AKSUNGUR":"OYKU_AKSUNGUR-EFE_DEMIRCI.json","ECENUR_GUNER":"EFE_DEMIRCI-ECENUR_GUNER.json","SERRA_PEHLIVANKUCUK":"SERRA_PEHLIVANKUCUK-EFE_DEMIRCI.json","EMIRHAN_EREN_ELIBOL":"EFE_DEMIRCI-EMIRHAN_EREN_ELIBOL.json","OSMAN_ALPEREN_KARADAG":"OSMAN_ALPEREN_KARADAG-EFE_DEMIRCI.json","GPT":"GPT-EFE_DEMIRCI.json","MERT_ACAR":"EFE_DEMIRCI-MERT_ACAR.json","KEREM_AKDENIZ":"KEREM_AKDENIZ-EFE_DEMIRCI.json","EMIRHAN_DEMIR":"EMIRHAN_DEMIR-EFE_DEMIRCI.json","YAREN_TEKIN":"YAREN_TEKIN-EFE_DEMIRCI.json","KUTALMIS_ATA_ALTAYLAR":"KUTALMIS_ATA_ALTAYLAR-EFE_DEMIRCI.json","CLAUDE":"EFE_DEMIRCI-CLAUDE.json"},"OYKU_AKSUNGUR":{"BURHAN_EFE_DEMIR":"OYKU_AKSUNGUR-BURHAN_EFE_DEMIR.json","EFE_DEMIRCI":"OYKU_AKSUNGUR-EFE_DEMIRCI.json","ECENUR_GUNER":"OYKU_AKSUNGUR-ECENUR_GUNER.json","SERRA_PEHLIVANKUCUK":"SERRA_PEHLIVANKUCUK-OYKU_AKSUNGUR.json","EMIRHAN_EREN_ELIBOL":"OYKU_AKSUNGUR-EMIRHAN_EREN_ELIBOL.json","OSMAN_ALPEREN_KARADAG":"OYKU_AKSUNGUR-OSMAN_ALPEREN_KARADAG.json","GPT":"OYKU_AKSUNGUR-GPT.json","MERT_ACAR":"OYKU_AKSUNGUR-MERT_ACAR.json","KEREM_AKDENIZ":"OYKU_AKSUNGUR-KEREM_AKDENIZ.json","EMIRHAN_DEMIR":"OYKU_AKSUNGUR-EMIRHAN_DEMIR.json","YAREN_TEKIN":"OYKU_AKSUNGUR-YAREN_TEKIN.json","KUTALMIS_ATA_ALTAYLAR":"KUTALMIS_ATA_ALTAYLAR-OYKU_AKSUNGUR.json","CLAUDE":"OYKU_AKSUNGUR-CLAUDE.json"},"ECENUR_GUNER":{"EFE_DEMIRCI":"EFE_DEMIRCI-ECENUR_GUNER.json","BURHAN_EFE_DEMIR":"BURHAN_EFE_DEMIR-ECENUR_GUNER.json","OYKU_AKSUNGUR":"OYKU_AKSUNGUR-ECENUR_GUNER.json","SERRA_PEHLIVANKUCUK":"SERRA_PEHLIVANKUCUK-ECENUR_GUNER.json","EMIRHAN_EREN_ELIBOL":"ECENUR_GUNER-EMIRHAN_EREN_ELIBOL.json","OSMAN_ALPEREN_KARADAG":"OSMAN_ALPEREN_KARADAG-ECENUR_GUNER.json","GPT":"GPT-ECENUR_GUNER.json","MERT_ACAR":"ECENUR_GUNER-MERT_ACAR.json","KEREM_AKDENIZ":"KEREM_AKDENIZ-ECENUR_GUNER.json","EMIRHAN_DEMIR":"EMIRHAN_DEMIR-ECENUR_GUNER.json","YAREN_TEKIN":"YAREN_TEKIN-ECENUR_GUNER.json","KUTALMIS_ATA_ALTAYLAR":"KUTALMIS_ATA_ALTAYLAR-ECENUR_GUNER.json","CLAUDE":"ECENUR_GUNER-CLAUDE.json"},"SERRA_PEHLIVANKUCUK":{"BURHAN_EFE_DEMIR":"SERRA_PEHLIVANKUCUK-BURHAN_EFE_DEMIR.json","EFE_DEMIRCI":"SERRA_PEHLIVANKUCUK-EFE_DEMIRCI.json","OYKU_AKSUNGUR":"SERRA_PEHLIVANKUCUK-OYKU_AKSUNGUR.json","ECENUR_GUNER":"SERRA_PEHLIVANKUCUK-ECENUR_GUNER.json","EMIRHAN_EREN_ELIBOL":"SERRA_PEHLIVANKUCUK-EMIRHAN_EREN_ELIBOL.json","OSMAN_ALPEREN_KARADAG":"SERRA_PEHLIVANKUCUK-OSMAN_ALPEREN_KARADAG.json","GPT":"SERRA_PEHLIVANKUCUK-GPT.json","MERT_ACAR":"SERRA_PEHLIVANKUCUK-MERT_ACAR.json","KEREM_AKDENIZ":"SERRA_PEHLIVANKUCUK-KEREM_AKDENIZ.json","EMIRHAN_DEMIR":"SERRA_PEHLIVANKUCUK-EMIRHAN_DEMIR.json","YAREN_TEKIN":"SERRA_PEHLIVANKUCUK-YAREN_TEKIN.json","KUTALMIS_ATA_ALTAYLAR":"KUTALMIS_ATA_ALTAYLAR-SERRA_PEHLIVANKUCUK.json","CLAUDE":"SERRA_PEHLIVANKUCUK-CLAUDE.json"},"EMIRHAN_EREN_ELIBOL":{"EFE_DEMIRCI":"EFE_DEMIRCI-EMIRHAN_EREN_ELIBOL.json","BURHAN_EFE_DEMIR":"BURHAN_EFE_DEMIR-EMIRHAN_EREN_ELIBOL.json","OYKU_AKSUNGUR":"OYKU_AKSUNGUR-EMIRHAN_EREN_ELIBOL.json","ECENUR_GUNER":"ECENUR_GUNER-EMIRHAN_EREN_ELIBOL.json","SERRA_PEHLIVANKUCUK":"SERRA_PEHLIVANKUCUK-EMIRHAN_EREN_ELIBOL.json","OSMAN_ALPEREN_KARADAG":"OSMAN_ALPEREN_KARADAG-EMIRHAN_EREN_ELIBOL.json","GPT":"GPT-EMIRHAN_EREN_ELIBOL.json","MERT_ACAR":"EMIRHAN_EREN_ELIBOL-MERT_ACAR.json","KEREM_AKDENIZ":"KEREM_AKDENIZ-EMIRHAN_EREN_ELIBOL.json","EMIRHAN_DEMIR":"EMIRHAN_DEMIR-EMIRHAN_EREN_ELIBOL.json","YAREN_TEKIN":"YAREN_TEKIN-EMIRHAN_EREN_ELIBOL.json","KUTALMIS_ATA_ALTAYLAR":"KUTALMIS_ATA_ALTAYLAR-EMIRHAN_EREN_ELIBOL.json","CLAUDE":"EMIRHAN_EREN_ELIBOL-CLAUDE.json"},"OSMAN_ALPEREN_KARADAG":{"EFE_DEMIRCI":"OSMAN_ALPEREN_KARADAG-EFE_DEMIRCI.json","BURHAN_EFE_DEMIR":"BURHAN_EFE_DEMIR-OSMAN_ALPEREN_KARADAG.json","OYKU_AKSUNGUR":"OYKU_AKSUNGUR-OSMAN_ALPEREN_KARADAG.json","ECENUR_GUNER":"OSMAN_ALPEREN_KARADAG-ECENUR_GUNER.json","SERRA_PEHLIVANKUCUK":"SERRA_PEHLIVANKUCUK-OSMAN_ALPEREN_KARADAG.json","EMIRHAN_EREN_ELIBOL":"OSMAN_ALPEREN_KARADAG-EMIRHAN_EREN_ELIBOL.json","GPT":"OSMAN_ALPEREN_KARADAG-GPT.json","MERT_ACAR":"OSMAN_ALPEREN_KARADAG-MERT_ACAR.json","KEREM_AKDENIZ":"KEREM_AKDENIZ-OSMAN_ALPEREN_KARADAG.json","EMIRHAN_DEMIR":"EMIRHAN_DEMIR-OSMAN_ALPEREN_KARADAG.json","YAREN_TEKIN":"YAREN_TEKIN-OSMAN_ALPEREN_KARADAG.json","KUTALMIS_ATA_ALTAYLAR":"KUTALMIS_ATA_ALTAYLAR-OSMAN_ALPEREN_KARADAG.json","CLAUDE":"OSMAN_ALPEREN_KARADAG-CLAUDE.json"},"GPT":{"EFE_DEMIRCI":"GPT-EFE_DEMIRCI.json","BURHAN_EFE_DEMIR":"BURHAN_EFE_DEMIR-GPT.json","OYKU_AKSUNGUR":"OYKU_AKSUNGUR-GPT.json","ECENUR_GUNER":"GPT-ECENUR_GUNER.json","SERRA_PEHLIVANKUCUK":"SERRA_PEHLIVANKUCUK-GPT.json","EMIRHAN_EREN_ELIBOL":"GPT-EMIRHAN_EREN_ELIBOL.json","OSMAN_ALPEREN_KARADAG":"OSMAN_ALPEREN_KARADAG-GPT.json","MERT_ACAR":"GPT-MERT_ACAR.json","KEREM_AKDENIZ":"KEREM_AKDENIZ-GPT.json","EMIRHAN_DEMIR":"EMIRHAN_DEMIR-GPT.json","YAREN_TEKIN":"YAREN_TEKIN-GPT.json","KUTALMIS_ATA_ALTAYLAR":"KUTALMIS_ATA_ALTAYLAR-GPT.json","CLAUDE":"GPT-CLAUDE.json"},"MERT_ACAR":{"EFE_DEMIRCI":"EFE_DEMIRCI-MERT_ACAR.json","BURHAN_EFE_DEMIR":"BURHAN_EFE_DEMIR-MERT_ACAR.json","OYKU_AKSUNGUR":"OYKU_AKSUNGUR-MERT_ACAR.json","ECENUR_GUNER":"ECENUR_GUNER-MERT_ACAR.json","SERRA_PEHLIVANKUCUK":"SERRA_PEHLIVANKUCUK-MERT_ACAR.json","EMIRHAN_EREN_ELIBOL":"EMIRHAN_EREN_ELIBOL-MERT_ACAR.json","OSMAN_ALPEREN_KARADAG":"OSMAN_ALPEREN_KARADAG-MERT_ACAR.json","GPT":"GPT-MERT_ACAR.json","KEREM_AKDENIZ":"KEREM_AKDENIZ-MERT_ACAR.json","EMIRHAN_DEMIR":"EMIRHAN_DEMIR-MERT_ACAR.json","YAREN_TEKIN":"YAREN_TEKIN-MERT_ACAR.json","KUTALMIS_ATA_ALTAYLAR":"KUTALMIS_ATA_ALTAYLAR-MERT_ACAR.json","CLAUDE":"CLAUDE-MERT_ACAR.json"},"KEREM_AKDENIZ":{"BURHAN_EFE_DEMIR":"KEREM_AKDENIZ-BURHAN_EFE_DEMIR.json","EFE_DEMIRCI":"KEREM_AKDENIZ-EFE_DEMIRCI.json","OYKU_AKSUNGUR":"OYKU_AKSUNGUR-KEREM_AKDENIZ.json","ECENUR_GUNER":"KEREM_AKDENIZ-ECENUR_GUNER.json","SERRA_PEHLIVANKUCUK":"SERRA_PEHLIVANKUCUK-KEREM_AKDENIZ.json","EMIRHAN_EREN_ELIBOL":"KEREM_AKDENIZ-EMIRHAN_EREN_ELIBOL.json","OSMAN_ALPEREN_KARADAG":"KEREM_AKDENIZ-OSMAN_ALPEREN_KARADAG.json","GPT":"KEREM_AKDENIZ-GPT.json","MERT_ACAR":"KEREM_AKDENIZ-MERT_ACAR.json","EMIRHAN_DEMIR":"KEREM_AKDENIZ-EMIRHAN_DEMIR.json","YAREN_TEKIN":"YAREN_TEKIN-KEREM_AKDENIZ.json","KUTALMIS_ATA_ALTAYLAR":"KUTALMIS_ATA_ALTAYLAR-KEREM_AKDENIZ.json","CLAUDE":"KEREM_AKDENIZ-CLAUDE.json"},"EMIRHAN_DEMIR":{"BURHAN_EFE_DEMIR":"BURHAN_EFE_DEMIR-EMIRHAN_DEMIR.json","EFE_DEMIRCI":"EMIRHAN_DEMIR-EFE_DEMIRCI.json","OYKU_AKSUNGUR":"OYKU_AKSUNGUR-EMIRHAN_DEMIR.json","ECENUR_GUNER":"EMIRHAN_DEMIR-ECENUR_GUNER.json","SERRA_PEHLIVANKUCUK":"SERRA_PEHLIVANKUCUK-EMIRHAN_DEMIR.json","EMIRHAN_EREN_ELIBOL":"EMIRHAN_DEMIR-EMIRHAN_EREN_ELIBOL.json","OSMAN_ALPEREN_KARADAG":"EMIRHAN_DEMIR-OSMAN_ALPEREN_KARADAG.json","GPT":"EMIRHAN_DEMIR-GPT.json","MERT_ACAR":"EMIRHAN_DEMIR-MERT_ACAR.json","KEREM_AKDENIZ":"KEREM_AKDENIZ-EMIRHAN_DEMIR.json","YAREN_TEKIN":"YAREN_TEKIN-EMIRHAN_DEMIR.json","KUTALMIS_ATA_ALTAYLAR":"KUTALMIS_ATA_ALTAYLAR-EMIRHAN_DEMIR.json","CLAUDE":"EMIRHAN_DEMIR-CLAUDE.json"},"YAREN_TEKIN":{"EFE_DEMIRCI":"YAREN_TEKIN-EFE_DEMIRCI.json","BURHAN_EFE_DEMIR":"YAREN_TEKIN-BURHAN_EFE_DEMIR.json","OYKU_AKSUNGUR":"OYKU_AKSUNGUR-YAREN_TEKIN.json","ECENUR_GUNER":"YAREN_TEKIN-ECENUR_GUNER.json","SERRA_PEHLIVANKUCUK":"SERRA_PEHLIVANKUCUK-YAREN_TEKIN.json","EMIRHAN_EREN_ELIBOL":"YAREN_TEKIN-EMIRHAN_EREN_ELIBOL.json","OSMAN_ALPEREN_KARADAG":"YAREN_TEKIN-OSMAN_ALPEREN_KARADAG.json","GPT":"YAREN_TEKIN-GPT.json","MERT_ACAR":"YAREN_TEKIN-MERT_ACAR.json","KEREM_AKDENIZ":"YAREN_TEKIN-KEREM_AKDENIZ.json","EMIRHAN_DEMIR":"YAREN_TEKIN-EMIRHAN_DEMIR.json","KUTALMIS_ATA_ALTAYLAR":"KUTALMIS_ATA_ALTAYLAR-YAREN_TEKIN.json","CLAUDE":"YAREN_TEKIN-CLAUDE.json"},"KUTALMIS_ATA_ALTAYLAR":{"EFE_DEMIRCI":"KUTALMIS_ATA_ALTAYLAR-EFE_DEMIRCI.json","OYKU_AKSUNGUR":"KUTALMIS_ATA_ALTAYLAR-OYKU_AKSUNGUR.json","BURHAN_EFE_DEMIR":"KUTALMIS_ATA_ALTAYLAR-BURHAN_EFE_DEMIR.json","ECENUR_GUNER":"KUTALMIS_ATA_ALTAYLAR-ECENUR_GUNER.json","SERRA_PEHLIVANKUCUK":"KUTALMIS_ATA_ALTAYLAR-SERRA_PEHLIVANKUCUK.json","EMIRHAN_EREN_ELIBOL":"KUTALMIS_ATA_ALTAYLAR-EMIRHAN_EREN_ELIBOL.json","OSMAN_ALPEREN_KARADAG":"KUTALMIS_ATA_ALTAYLAR-OSMAN_ALPEREN_KARADAG.json","GPT":"KUTALMIS_ATA_ALTAYLAR-GPT.json","MERT_ACAR":"KUTALMIS_ATA_ALTAYLAR-MERT_ACAR.json","KEREM_AKDENIZ":"KUTALMIS_ATA_ALTAYLAR-KEREM_AKDENIZ.json","EMIRHAN_DEMIR":"KUTALMIS_ATA_ALTAYLAR-EMIRHAN_DEMIR.json","YAREN_TEKIN":"KUTALMIS_ATA_ALTAYLAR-YAREN_TEKIN.json","CLAUDE":"KUTALMIS_ATA_ALTAYLAR-CLAUDE.json"},"CLAUDE":{"EFE_DEMIRCI":"EFE_DEMIRCI-CLAUDE.json","BURHAN_EFE_DEMIR":"BURHAN_EFE_DEMIR-CLAUDE.json","OYKU_AKSUNGUR":"OYKU_AKSUNGUR-CLAUDE.json","ECENUR_GUNER":"ECENUR_GUNER-CLAUDE.json","SERRA_PEHLIVANKUCUK":"SERRA_PEHLIVANKUCUK-CLAUDE.json","EMIRHAN_EREN_ELIBOL":"EMIRHAN_EREN_ELIBOL-CLAUDE.json","OSMAN_ALPEREN_KARADAG":"OSMAN_ALPEREN_KARADAG-CLAUDE.json","GPT":"GPT-CLAUDE.json","MERT_ACAR":"CLAUDE-MERT_ACAR.json","KEREM_AKDENIZ":"KEREM_AKDENIZ-CLAUDE.json","EMIRHAN_DEMIR":"EMIRHAN_DEMIR-CLAUDE.json","YAREN_TEKIN":"YAREN_TEKIN-CLAUDE.json","KUTALMIS_ATA_ALTAYLAR":"KUTALMIS_ATA_ALTAYLAR-CLAUDE.json"}}}