[{"firstSubmission":"YAREN_TEKIN","secondSubmission":"GPT","similarities":{"AVG":0.6763285024154589,"MAX":0.8235294117647058,"MAXIMUM_LENGTH":125.0,"LONGEST_MATCH":36.0}},{"firstSubmission":"EMIRHAN_DEMIR","secondSubmission":"EMIRHAN_EREN_ELIBOL","similarities":{"AVG":0.6666666666666666,"MAX":0.7876106194690266,"MAXIMUM_LENGTH":166.0,"LONGEST_MATCH":47.0}},{"firstSubmission":"KEREM_AKDENIZ","secondSubmission":"BURHAN_EFE_DEMIR","similarities":{"AVG":0.6547085201793722,"MAX":0.6636363636363637,"MAXIMUM_LENGTH":115.0,"LONGEST_MATCH":17.0}},{"firstSubmission":"SERRA_PEHLIVANKUCUK","secondSubmission":"YAREN_TEKIN","similarities":{"AVG":0.625,"MAX":0.9302325581395349,"MAXIMUM_LENGTH":88.0,"LONGEST_MATCH":14.0}},{"firstSubmission":"BURHAN_EFE_DEMIR","secondSubmission":"EFE_DEMIRCI","similarities":{"AVG":0.6188524590163934,"MAX":0.6637168141592921,"MAXIMUM_LENGTH":134.0,"LONGEST_MATCH":44.0}},{"firstSubmission":"ECENUR_GUNER","secondSubmission":"CLAUDE","similarities":{"AVG":0.60790273556231,"MAX":0.6758620689655173,"MAXIMUM_LENGTH":187.0,"LONGEST_MATCH":41.0}},{"firstSubmission":"KEREM_AKDENIZ","secondSubmission":"EFE_DEMIRCI","similarities":{"AVG":0.5892116182572614,"MAX":0.6454545454545455,"MAXIMUM_LENGTH":134.0,"LONGEST_MATCH":18.0}},{"firstSubmission":"EFE_DEMIRCI","secondSubmission":"CLAUDE","similarities":{"AVG":0.5650793650793651,"MAX":0.6793893129770993,"MAXIMUM_LENGTH":187.0,"LONGEST_MATCH":37.0}},{"firstSubmission":"KEREM_AKDENIZ","secondSubmission":"CLAUDE","similarities":{"AVG":0.5510204081632653,"MAX":0.7363636363636363,"MAXIMUM_LENGTH":187.0,"LONGEST_MATCH":17.0}},{"firstSubmission":"EFE_DEMIRCI","secondSubmission":"ECENUR_GUNER","similarities":{"AVG":0.5434782608695652,"MAX":0.5725190839694656,"MAXIMUM_LENGTH":148.0,"LONGEST_MATCH":29.0}},{"firstSubmission":"GPT","secondSubmission":"CLAUDE","similarities":{"AVG":0.5359477124183006,"MAX":0.6721311475409836,"MAXIMUM_LENGTH":187.0,"LONGEST_MATCH":18.0}},{"firstSubmission":"OSMAN_ALPEREN_KARADAG","secondSubmission":"EFE_DEMIRCI","similarities":{"AVG":0.5338645418326693,"MAX":0.5583333333333333,"MAXIMUM_LENGTH":134.0,"LONGEST_MATCH":27.0}},{"firstSubmission":"KEREM_AKDENIZ","secondSubmission":"GPT","similarities":{"AVG":0.5258620689655172,"MAX":0.5545454545454546,"MAXIMUM_LENGTH":125.0,"LONGEST_MATCH":17.0}},{"firstSubmission":"GPT","secondSubmission":"EFE_DEMIRCI","similarities":{"AVG":0.5217391304347826,"MAX":0.5409836065573771,"MAXIMUM_LENGTH":134.0,"LONGEST_MATCH":21.0}},{"firstSubmission":"EMIRHAN_DEMIR","secondSubmission":"GPT","similarities":{"AVG":0.5191489361702127,"MAX":0.5398230088495575,"MAXIMUM_LENGTH":125.0,"LONGEST_MATCH":14.0}},{"firstSubmission":"BURHAN_EFE_DEMIR","secondSubmission":"EMIRHAN_DEMIR","similarities":{"AVG":0.504424778761062,"MAX":0.504424778761062,"MAXIMUM_LENGTH":115.0,"LONGEST_MATCH":20.0}},{"firstSubmission":"KEREM_AKDENIZ","secondSubmission":"EMIRHAN_DEMIR","similarities":{"AVG":0.5022421524663677,"MAX":0.509090909090909,"MAXIMUM_LENGTH":115.0,"LONGEST_MATCH":14.0}},{"firstSubmission":"SERRA_PEHLIVANKUCUK","secondSubmission":"EMIRHAN_DEMIR","similarities":{"AVG":0.5,"MAX":0.9069767441860465,"MAXIMUM_LENGTH":115.0,"LONGEST_MATCH":25.0}},{"firstSubmission":"OSMAN_ALPEREN_KARADAG","secondSubmission":"GPT","similarities":{"AVG":0.48760330578512395,"MAX":0.49166666666666664,"MAXIMUM_LENGTH":125.0,"LONGEST_MATCH":21.0}},{"firstSubmission":"SERRA_PEHLIVANKUCUK","secondSubmission":"GPT","similarities":{"AVG":0.48484848484848486,"MAX":0.9302325581395349,"MAXIMUM_LENGTH":125.0,"LONGEST_MATCH":14.0}},{"firstSubmission":"EMIRHAN_DEMIR","secondSubmission":"EFE_DEMIRCI","similarities":{"AVG":0.48360655737704916,"MAX":0.5221238938053098,"MAXIMUM_LENGTH":134.0,"LONGEST_MATCH":12.0}},{"firstSubmission":"BURHAN_EFE_DEMIR","secondSubmission":"GPT","similarities":{"AVG":0.4765957446808511,"MAX":0.49557522123893805,"MAXIMUM_LENGTH":125.0,"LONGEST_MATCH":17.0}},{"firstSubmission":"BURHAN_EFE_DEMIR","secondSubmission":"CLAUDE","similarities":{"AVG":0.46464646464646464,"MAX":0.6106194690265486,"MAXIMUM_LENGTH":187.0,"LONGEST_MATCH":28.0}},{"firstSubmission":"GPT","secondSubmission":"ECENUR_GUNER","similarities":{"AVG":0.45692883895131087,"MAX":0.5,"MAXIMUM_LENGTH":148.0,"LONGEST_MATCH":19.0}},{"firstSubmission":"YAREN_TEKIN","secondSubmission":"EMIRHAN_DEMIR","similarities":{"AVG":0.45454545454545453,"MAX":0.5294117647058824,"MAXIMUM_LENGTH":115.0,"LONGEST_MATCH":13.0}},{"firstSubmission":"KEREM_AKDENIZ","secondSubmission":"ECENUR_GUNER","similarities":{"AVG":0.43137254901960786,"MAX":0.5,"MAXIMUM_LENGTH":148.0,"LONGEST_MATCH":13.0}},{"firstSubmission":"YAREN_TEKIN","secondSubmission":"EFE_DEMIRCI","similarities":{"AVG":0.4166666666666667,"MAX":0.5294117647058824,"MAXIMUM_LENGTH":134.0,"LONGEST_MATCH":21.0}},{"firstSubmission":"YAREN_TEKIN","secondSubmission":"OSMAN_ALPEREN_KARADAG","similarities":{"AVG":0.4097560975609756,"MAX":0.49411764705882355,"MAXIMUM_LENGTH":123.0,"LONGEST_MATCH":21.0}},{"firstSubmission":"EMIRHAN_DEMIR","secondSubmission":"CLAUDE","similarities":{"AVG":0.39057239057239057,"MAX":0.5132743362831859,"MAXIMUM_LENGTH":187.0,"LONGEST_MATCH":17.0}},{"firstSubmission":"YAREN_TEKIN","secondSubmission":"CLAUDE","similarities":{"AVG":0.38661710037174724,"MAX":0.611764705882353,"MAXIMUM_LENGTH":187.0,"LONGEST_MATCH":18.0}},{"firstSubmission":"YAREN_TEKIN","secondSubmission":"KEREM_AKDENIZ","similarities":{"AVG":0.3487179487179487,"MAX":0.4,"MAXIMUM_LENGTH":113.0,"LONGEST_MATCH":13.0}},{"firstSubmission":"SERRA_PEHLIVANKUCUK","secondSubmission":"BURHAN_EFE_DEMIR","similarities":{"AVG":0.34615384615384615,"MAX":0.627906976744186,"MAXIMUM_LENGTH":115.0,"LONGEST_MATCH":17.0}},{"firstSubmission":"BURHAN_EFE_DEMIR","secondSubmission":"ECENUR_GUNER","similarities":{"AVG":0.34108527131782945,"MAX":0.3893805309734513,"MAXIMUM_LENGTH":148.0,"LONGEST_MATCH":37.0}},{"firstSubmission":"OYKU_AKSUNGUR","secondSubmission":"GPT","similarities":{"AVG":0.34,"MAX":0.4358974358974359,"MAXIMUM_LENGTH":125.0,"LONGEST_MATCH":8.0}},{"firstSubmission":"YAREN_TEKIN","secondSubmission":"BURHAN_EFE_DEMIR","similarities":{"AVG":0.3333333333333333,"MAX":0.38823529411764707,"MAXIMUM_LENGTH":115.0,"LONGEST_MATCH":11.0}},{"firstSubmission":"SERRA_PEHLIVANKUCUK","secondSubmission":"KEREM_AKDENIZ","similarities":{"AVG":0.32679738562091504,"MAX":0.5813953488372093,"MAXIMUM_LENGTH":113.0,"LONGEST_MATCH":11.0}},{"firstSubmission":"OSMAN_ALPEREN_KARADAG","secondSubmission":"ECENUR_GUNER","similarities":{"AVG":0.32452830188679244,"MAX":0.35833333333333334,"MAXIMUM_LENGTH":148.0,"LONGEST_MATCH":13.0}},{"firstSubmission":"OSMAN_ALPEREN_KARADAG","secondSubmission":"CLAUDE","similarities":{"AVG":0.3223684210526316,"MAX":0.4083333333333333,"MAXIMUM_LENGTH":187.0,"LONGEST_MATCH":20.0}},{"firstSubmission":"YAREN_TEKIN","secondSubmission":"ECENUR_GUNER","similarities":{"AVG":0.3217391304347826,"MAX":0.43529411764705883,"MAXIMUM_LENGTH":148.0,"LONGEST_MATCH":19.0}},{"firstSubmission":"KEREM_AKDENIZ","secondSubmission":"OSMAN_ALPEREN_KARADAG","similarities":{"AVG":0.3130434782608696,"MAX":0.32727272727272727,"MAXIMUM_LENGTH":123.0,"LONGEST_MATCH":11.0}},{"firstSubmission":"OYKU_AKSUNGUR","secondSubmission":"KEREM_AKDENIZ","similarities":{"AVG":0.2978723404255319,"MAX":0.358974358974359,"MAXIMUM_LENGTH":113.0,"LONGEST_MATCH":8.0}},{"firstSubmission":"KUTALMIS_ATA_ALTAYLAR","secondSubmission":"KEREM_AKDENIZ","similarities":{"AVG":0.2962962962962963,"MAX":0.8,"MAXIMUM_LENGTH":113.0,"LONGEST_MATCH":11.0}},{"firstSubmission":"BURHAN_EFE_DEMIR","secondSubmission":"OSMAN_ALPEREN_KARADAG","similarities":{"AVG":0.2832618025751073,"MAX":0.2920353982300885,"MAXIMUM_LENGTH":123.0,"LONGEST_MATCH":13.0}},{"firstSubmission":"EMIRHAN_DEMIR","secondSubmission":"OSMAN_ALPEREN_KARADAG","similarities":{"AVG":0.2832618025751073,"MAX":0.2920353982300885,"MAXIMUM_LENGTH":123.0,"LONGEST_MATCH":12.0}},{"firstSubmission":"EMIRHAN_DEMIR","secondSubmission":"ECENUR_GUNER","similarities":{"AVG":0.2713178294573643,"MAX":0.30973451327433627,"MAXIMUM_LENGTH":148.0,"LONGEST_MATCH":13.0}},{"firstSubmission":"OYKU_AKSUNGUR","secondSubmission":"YAREN_TEKIN","similarities":{"AVG":0.26993865030674846,"MAX":0.28205128205128205,"MAXIMUM_LENGTH":88.0,"LONGEST_MATCH":9.0}},{"firstSubmission":"KUTALMIS_ATA_ALTAYLAR","secondSubmission":"SERRA_PEHLIVANKUCUK","similarities":{"AVG":0.2647058823529412,"MAX":0.36,"MAXIMUM_LENGTH":44.0,"LONGEST_MATCH":9.0}},{"firstSubmission":"ECENUR_GUNER","secondSubmission":"EMIRHAN_EREN_ELIBOL","similarities":{"AVG":0.2597402597402597,"MAX":0.27586206896551724,"MAXIMUM_LENGTH":166.0,"LONGEST_MATCH":15.0}},{"firstSubmission":"SERRA_PEHLIVANKUCUK","secondSubmission":"EMIRHAN_EREN_ELIBOL","similarities":{"AVG":0.2524271844660194,"MAX":0.6046511627906976,"MAXIMUM_LENGTH":166.0,"LONGEST_MATCH":20.0}},{"firstSubmission":"OYKU_AKSUNGUR","secondSubmission":"BURHAN_EFE_DEMIR","similarities":{"AVG":0.24083769633507854,"MAX":0.2948717948717949,"MAXIMUM_LENGTH":115.0,"LONGEST_MATCH":9.0}},{"firstSubmission":"BURHAN_EFE_DEMIR","secondSubmission":"EMIRHAN_EREN_ELIBOL","similarities":{"AVG":0.2391304347826087,"MAX":0.2920353982300885,"MAXIMUM_LENGTH":166.0,"LONGEST_MATCH":14.0}},{"firstSubmission":"EFE_DEMIRCI","secondSubmission":"EMIRHAN_EREN_ELIBOL","similarities":{"AVG":0.23129251700680273,"MAX":0.2595419847328244,"MAXIMUM_LENGTH":166.0,"LONGEST_MATCH":12.0}},{"firstSubmission":"KUTALMIS_ATA_ALTAYLAR","secondSubmission":"EFE_DEMIRCI","similarities":{"AVG":0.23076923076923078,"MAX":0.72,"MAXIMUM_LENGTH":134.0,"LONGEST_MATCH":12.0}},{"firstSubmission":"SERRA_PEHLIVANKUCUK","secondSubmission":"EFE_DEMIRCI","similarities":{"AVG":0.22988505747126436,"MAX":0.46511627906976744,"MAXIMUM_LENGTH":134.0,"LONGEST_MATCH":8.0}},{"firstSubmission":"KUTALMIS_ATA_ALTAYLAR","secondSubmission":"ECENUR_GUNER","similarities":{"AVG":0.2235294117647059,"MAX":0.76,"MAXIMUM_LENGTH":148.0,"LONGEST_MATCH":12.0}},{"firstSubmission":"OYKU_AKSUNGUR","secondSubmission":"OSMAN_ALPEREN_KARADAG","similarities":{"AVG":0.2222222222222222,"MAX":0.28205128205128205,"MAXIMUM_LENGTH":123.0,"LONGEST_MATCH":9.0}},{"firstSubmission":"GPT","secondSubmission":"EMIRHAN_EREN_ELIBOL","similarities":{"AVG":0.21754385964912282,"MAX":0.2540983606557377,"MAXIMUM_LENGTH":166.0,"LONGEST_MATCH":11.0}},{"firstSubmission":"YAREN_TEKIN","secondSubmission":"EMIRHAN_EREN_ELIBOL","similarities":{"AVG":0.20967741935483872,"MAX":0.3058823529411765,"MAXIMUM_LENGTH":166.0,"LONGEST_MATCH":11.0}},{"firstSubmission":"SERRA_PEHLIVANKUCUK","secondSubmission":"OYKU_AKSUNGUR","similarities":{"AVG":0.19834710743801653,"MAX":0.27906976744186046,"MAXIMUM_LENGTH":80.0,"LONGEST_MATCH":6.0}},{"firstSubmission":"OSMAN_ALPEREN_KARADAG","secondSubmission":"EMIRHAN_EREN_ELIBOL","similarities":{"AVG":0.1978798586572438,"MAX":0.23333333333333334,"MAXIMUM_LENGTH":166.0,"LONGEST_MATCH":12.0}},{"firstSubmission":"EMIRHAN_EREN_ELIBOL","secondSubmission":"CLAUDE","similarities":{"AVG":0.19020172910662825,"MAX":0.20245398773006135,"MAXIMUM_LENGTH":187.0,"LONGEST_MATCH":12.0}},{"firstSubmission":"GPT","secondSubmission":"MERT_ACAR","similarities":{"AVG":0.189873417721519,"MAX":0.2459016393442623,"MAXIMUM_LENGTH":197.0,"LONGEST_MATCH":14.0}},{"firstSubmission":"KUTALMIS_ATA_ALTAYLAR","secondSubmission":"EMIRHAN_DEMIR","similarities":{"AVG":0.18840579710144928,"MAX":0.52,"MAXIMUM_LENGTH":115.0,"LONGEST_MATCH":13.0}},{"firstSubmission":"SERRA_PEHLIVANKUCUK","secondSubmission":"CLAUDE","similarities":{"AVG":0.1762114537444934,"MAX":0.46511627906976744,"MAXIMUM_LENGTH":187.0,"LONGEST_MATCH":7.0}},{"firstSubmission":"SERRA_PEHLIVANKUCUK","secondSubmission":"ECENUR_GUNER","similarities":{"AVG":0.1702127659574468,"MAX":0.37209302325581395,"MAXIMUM_LENGTH":148.0,"LONGEST_MATCH":10.0}},{"firstSubmission":"KEREM_AKDENIZ","secondSubmission":"EMIRHAN_EREN_ELIBOL","similarities":{"AVG":0.1684981684981685,"MAX":0.20909090909090908,"MAXIMUM_LENGTH":166.0,"LONGEST_MATCH":9.0}},{"firstSubmission":"OYKU_AKSUNGUR","secondSubmission":"EMIRHAN_DEMIR","similarities":{"AVG":0.16753926701570682,"MAX":0.20512820512820512,"MAXIMUM_LENGTH":115.0,"LONGEST_MATCH":9.0}},{"firstSubmission":"KUTALMIS_ATA_ALTAYLAR","secondSubmission":"YAREN_TEKIN","similarities":{"AVG":0.16363636363636364,"MAX":0.36,"MAXIMUM_LENGTH":88.0,"LONGEST_MATCH":9.0}},{"firstSubmission":"KUTALMIS_ATA_ALTAYLAR","secondSubmission":"OYKU_AKSUNGUR","similarities":{"AVG":0.1553398058252427,"MAX":0.32,"MAXIMUM_LENGTH":80.0,"LONGEST_MATCH":8.0}},{"firstSubmission":"OYKU_AKSUNGUR","secondSubmission":"EFE_DEMIRCI","similarities":{"AVG":0.15311004784688995,"MAX":0.20512820512820512,"MAXIMUM_LENGTH":134.0,"LONGEST_MATCH":9.0}},{"firstSubmission":"KUTALMIS_ATA_ALTAYLAR","secondSubmission":"CLAUDE","similarities":{"AVG":0.15311004784688995,"MAX":0.64,"MAXIMUM_LENGTH":187.0,"LONGEST_MATCH":16.0}},{"firstSubmission":"YAREN_TEKIN","secondSubmission":"MERT_ACAR","similarities":{"AVG":0.15053763440860216,"MAX":0.24705882352941178,"MAXIMUM_LENGTH":197.0,"LONGEST_MATCH":14.0}},{"firstSubmission":"SERRA_PEHLIVANKUCUK","secondSubmission":"OSMAN_ALPEREN_KARADAG","similarities":{"AVG":0.147239263803681,"MAX":0.27906976744186046,"MAXIMUM_LENGTH":123.0,"LONGEST_MATCH":6.0}},{"firstSubmission":"OYKU_AKSUNGUR","secondSubmission":"ECENUR_GUNER","similarities":{"AVG":0.14349775784753363,"MAX":0.20512820512820512,"MAXIMUM_LENGTH":148.0,"LONGEST_MATCH":9.0}},{"firstSubmission":"SERRA_PEHLIVANKUCUK","secondSubmission":"MERT_ACAR","similarities":{"AVG":0.14345991561181434,"MAX":0.3953488372093023,"MAXIMUM_LENGTH":197.0,"LONGEST_MATCH":17.0}},{"firstSubmission":"EMIRHAN_DEMIR","secondSubmission":"MERT_ACAR","similarities":{"AVG":0.14332247557003258,"MAX":0.19469026548672566,"MAXIMUM_LENGTH":197.0,"LONGEST_MATCH":16.0}},{"firstSubmission":"KEREM_AKDENIZ","secondSubmission":"MERT_ACAR","similarities":{"AVG":0.13815789473684212,"MAX":0.19090909090909092,"MAXIMUM_LENGTH":197.0,"LONGEST_MATCH":9.0}},{"firstSubmission":"KUTALMIS_ATA_ALTAYLAR","secondSubmission":"BURHAN_EFE_DEMIR","similarities":{"AVG":0.13043478260869565,"MAX":0.36,"MAXIMUM_LENGTH":115.0,"LONGEST_MATCH":9.0}},{"firstSubmission":"OYKU_AKSUNGUR","secondSubmission":"EMIRHAN_EREN_ELIBOL","similarities":{"AVG":0.12448132780082988,"MAX":0.19230769230769232,"MAXIMUM_LENGTH":166.0,"LONGEST_MATCH":9.0}},{"firstSubmission":"KUTALMIS_ATA_ALTAYLAR","secondSubmission":"GPT","similarities":{"AVG":0.12244897959183673,"MAX":0.36,"MAXIMUM_LENGTH":125.0,"LONGEST_MATCH":9.0}},{"firstSubmission":"OYKU_AKSUNGUR","secondSubmission":"CLAUDE","similarities":{"AVG":0.12213740458015267,"MAX":0.20512820512820512,"MAXIMUM_LENGTH":187.0,"LONGEST_MATCH":9.0}},{"firstSubmission":"CLAUDE","secondSubmission":"MERT_ACAR","similarities":{"AVG":0.1164021164021164,"MAX":0.11956521739130435,"MAXIMUM_LENGTH":197.0,"LONGEST_MATCH":9.0}},{"firstSubmission":"KUTALMIS_ATA_ALTAYLAR","secondSubmission":"OSMAN_ALPEREN_KARADAG","similarities":{"AVG":0.1103448275862069,"MAX":0.32,"MAXIMUM_LENGTH":123.0,"LONGEST_MATCH":8.0}},{"firstSubmission":"EFE_DEMIRCI","secondSubmission":"MERT_ACAR","similarities":{"AVG":0.08615384615384615,"MAX":0.10687022900763359,"MAXIMUM_LENGTH":197.0,"LONGEST_MATCH":7.0}},{"firstSubmission":"KUTALMIS_ATA_ALTAYLAR","secondSubmission":"EMIRHAN_EREN_ELIBOL","similarities":{"AVG":0.0851063829787234,"MAX":0.32,"MAXIMUM_LENGTH":166.0,"LONGEST_MATCH":8.0}},{"firstSubmission":"OSMAN_ALPEREN_KARADAG","secondSubmission":"MERT_ACAR","similarities":{"AVG":0.08280254777070063,"MAX":0.10833333333333334,"MAXIMUM_LENGTH":197.0,"LONGEST_MATCH":7.0}},{"firstSubmission":"ECENUR_GUNER","secondSubmission":"MERT_ACAR","similarities":{"AVG":0.08259587020648967,"MAX":0.09655172413793103,"MAXIMUM_LENGTH":197.0,"LONGEST_MATCH":7.0}},{"firstSubmission":"EMIRHAN_EREN_ELIBOL","secondSubmission":"MERT_ACAR","similarities":{"AVG":0.0784313725490196,"MAX":0.08588957055214724,"MAXIMUM_LENGTH":197.0,"LONGEST_MATCH":14.0}},{"firstSubmission":"BURHAN_EFE_DEMIR","secondSubmission":"MERT_ACAR","similarities":{"AVG":0.05863192182410423,"MAX":0.07964601769911504,"MAXIMUM_LENGTH":197.0,"LONGEST_MATCH":9.0}},{"firstSubmission":"KUTALMIS_ATA_ALTAYLAR","secondSubmission":"MERT_ACAR","similarities":{"AVG":0.0547945205479452,"MAX":0.24,"MAXIMUM_LENGTH":197.0,"LONGEST_MATCH":6.0}},{"firstSubmission":"OYKU_AKSUNGUR","secondSubmission":"MERT_ACAR","similarities":{"AVG":0.0,"MAX":0.0,"MAXIMUM_LENGTH":197.0,"LONGEST_MATCH":0.0}}]