[{"averageSimilarity":0.7101449275362319,"strength":0.004638852064269252,"members":["CEM_KAYARDI","OYKU_AKSUNGUR"]},{"averageSimilarity":0.855348780636137,"strength":0.019837027350800104,"members":["BURHAN_EFE_DEMIR","RABIA_NILAY_YILMAZ","EYLUL_SUICMEZ"]},{"averageSimilarity":0.4680136843469782,"strength":0.0036627547501638276,"members":["KUTALMIS_ATA_ALTAYLAR","MERT_ACAR","SERRA_PEHLIVANKUCUK","MERVE_NAZ_DIKME"]},{"averageSimilarity":0.4937049479298711,"strength":0.013791687317229545,"members":["EFE_DEMIRCI","YAREN_TEKIN","ECENUR_GUNER","OSMAN_ALPEREN_KARADAG","CLAUDE","ATAKAN_ORGUN"]},{"averageSimilarity":0.3928686049143761,"strength":0.006198647187201825,"members":["GPT","EMIRHAN_EREN_ELIBOL","BETUL_CAGRIL","EFE_NEVZAT_CENGER","KEREM_AKDENIZ","MUSAB_TUNC","ILBER_EREN_TUT"]},{"averageSimilarity":0.35476545933726933,"strength":0.0033638537625016816,"members":["SELIN_SUNA_KAYA","EREN_COMOGLU","MEHMET_BARAN_KIRAT"]},{"averageSimilarity":0.1839080459770115,"strength":9.143838264593599E-4,"members":["EMIRHAN_DEMIR","NILSU_KOC"]}]