{"submissionIds":{"EFE_DEMIRCI":"EFE_DEMIRCI","MUSAB_TUNC":"MUSAB_TUNC","SERRA_PEHLIVANKUCUK":"SERRA_PEHLIVANKUCUK","OMER_KAGAN_ZAFER":"OMER_KAGAN_ZAFER","OSMAN_ALPEREN_KARADAG":"OSMAN_ALPEREN_KARADAG","GPT":"GPT","ELIF_YAMAC":"ELIF_YAMAC","CEM_KAYARDI":"CEM_KAYARDI","MEHMET_BARAN_KIRAT":"MEHMET_BARAN_KIRAT","KEREM_AKDENIZ":"KEREM_AKDENIZ","EREN_COMOGLU":"EREN_COMOGLU","EMIRHAN_DEMIR":"EMIRHAN_DEMIR","YAREN_TEKIN":"YAREN_TEKIN","BETUL_CAGRIL":"BETUL_CAGRIL","NILSU_KOC":"NILSU_KOC","KUTALMIS_ATA_ALTAYLAR":"KUTALMIS_ATA_ALTAYLAR","ILBER_EREN_TUT":"ILBER_EREN_TUT","OYKU_AKSUNGUR":"OYKU_AKSUNGUR","BURHAN_EFE_DEMIR":"BURHAN_EFE_DEMIR","SELIN_SUNA_KAYA":"SELIN_SUNA_KAYA","ECENUR_GUNER":"ECENUR_GUNER","EYLUL_SUICMEZ":"EYLUL_SUICMEZ","EMIRHAN_EREN_ELIBOL":"EMIRHAN_EREN_ELIBOL","RABIA_NILAY_YILMAZ":"RABIA_NILAY_YILMAZ","MERT_ACAR":"MERT_ACAR","ATAKAN_ORGUN":"ATAKAN_ORGUN","MERVE_NAZ_DIKME":"MERVE_NAZ_DIKME","EFE_NEVZAT_CENGER":"EFE_NEVZAT_CENGER","CLAUDE":"CLAUDE"},"submissionIdsToComparisonFileName":{"EFE_DEMIRCI":{"MUSAB_TUNC":"MUSAB_TUNC-EFE_DEMIRCI.json","SERRA_PEHLIVANKUCUK":"SERRA_PEHLIVANKUCUK-EFE_DEMIRCI.json","OMER_KAGAN_ZAFER":"OMER_KAGAN_ZAFER-EFE_DEMIRCI.json","OSMAN_ALPEREN_KARADAG":"EFE_DEMIRCI-OSMAN_ALPEREN_KARADAG.json","GPT":"EFE_DEMIRCI-GPT.json","CEM_KAYARDI":"CEM_KAYARDI-EFE_DEMIRCI.json","ELIF_YAMAC":"ELIF_YAMAC-EFE_DEMIRCI.json","MEHMET_BARAN_KIRAT":"MEHMET_BARAN_KIRAT-EFE_DEMIRCI.json","KEREM_AKDENIZ":"KEREM_AKDENIZ-EFE_DEMIRCI.json","EREN_COMOGLU":"EFE_DEMIRCI-EREN_COMOGLU.json","EMIRHAN_DEMIR":"EMIRHAN_DEMIR-EFE_DEMIRCI.json","YAREN_TEKIN":"EFE_DEMIRCI-YAREN_TEKIN.json","BETUL_CAGRIL":"BETUL_CAGRIL-EFE_DEMIRCI.json","NILSU_KOC":"NILSU_KOC-EFE_DEMIRCI.json","KUTALMIS_ATA_ALTAYLAR":"KUTALMIS_ATA_ALTAYLAR-EFE_DEMIRCI.json","ILBER_EREN_TUT":"ILBER_EREN_TUT-EFE_DEMIRCI.json","BURHAN_EFE_DEMIR":"BURHAN_EFE_DEMIR-EFE_DEMIRCI.json","OYKU_AKSUNGUR":"OYKU_AKSUNGUR-EFE_DEMIRCI.json","ECENUR_GUNER":"EFE_DEMIRCI-ECENUR_GUNER.json","SELIN_SUNA_KAYA":"EFE_DEMIRCI-SELIN_SUNA_KAYA.json","EYLUL_SUICMEZ":"EYLUL_SUICMEZ-EFE_DEMIRCI.json","EMIRHAN_EREN_ELIBOL":"EFE_DEMIRCI-EMIRHAN_EREN_ELIBOL.json","RABIA_NILAY_YILMAZ":"RABIA_NILAY_YILMAZ-EFE_DEMIRCI.json","MERT_ACAR":"MERT_ACAR-EFE_DEMIRCI.json","ATAKAN_ORGUN":"EFE_DEMIRCI-ATAKAN_ORGUN.json","MERVE_NAZ_DIKME":"MERVE_NAZ_DIKME-EFE_DEMIRCI.json","EFE_NEVZAT_CENGER":"EFE_DEMIRCI-EFE_NEVZAT_CENGER.json","CLAUDE":"EFE_DEMIRCI-CLAUDE.json"},"MUSAB_TUNC":{"EFE_DEMIRCI":"MUSAB_TUNC-EFE_DEMIRCI.json","SERRA_PEHLIVANKUCUK":"SERRA_PEHLIVANKUCUK-MUSAB_TUNC.json","OMER_KAGAN_ZAFER":"OMER_KAGAN_ZAFER-MUSAB_TUNC.json","OSMAN_ALPEREN_KARADAG":"MUSAB_TUNC-OSMAN_ALPEREN_KARADAG.json","GPT":"MUSAB_TUNC-GPT.json","ELIF_YAMAC":"ELIF_YAMAC-MUSAB_TUNC.json","CEM_KAYARDI":"MUSAB_TUNC-CEM_KAYARDI.json","MEHMET_BARAN_KIRAT":"MUSAB_TUNC-MEHMET_BARAN_KIRAT.json","KEREM_AKDENIZ":"MUSAB_TUNC-KEREM_AKDENIZ.json","EREN_COMOGLU":"MUSAB_TUNC-EREN_COMOGLU.json","EMIRHAN_DEMIR":"MUSAB_TUNC-EMIRHAN_DEMIR.json","YAREN_TEKIN":"MUSAB_TUNC-YAREN_TEKIN.json","BETUL_CAGRIL":"MUSAB_TUNC-BETUL_CAGRIL.json","NILSU_KOC":"NILSU_KOC-MUSAB_TUNC.json","KUTALMIS_ATA_ALTAYLAR":"KUTALMIS_ATA_ALTAYLAR-MUSAB_TUNC.json","ILBER_EREN_TUT":"ILBER_EREN_TUT-MUSAB_TUNC.json","BURHAN_EFE_DEMIR":"BURHAN_EFE_DEMIR-MUSAB_TUNC.json","OYKU_AKSUNGUR":"MUSAB_TUNC-OYKU_AKSUNGUR.json","ECENUR_GUNER":"MUSAB_TUNC-ECENUR_GUNER.json","SELIN_SUNA_KAYA":"MUSAB_TUNC-SELIN_SUNA_KAYA.json","EYLUL_SUICMEZ":"EYLUL_SUICMEZ-MUSAB_TUNC.json","EMIRHAN_EREN_ELIBOL":"MUSAB_TUNC-EMIRHAN_EREN_ELIBOL.json","RABIA_NILAY_YILMAZ":"RABIA_NILAY_YILMAZ-MUSAB_TUNC.json","MERT_ACAR":"MERT_ACAR-MUSAB_TUNC.json","ATAKAN_ORGUN":"MUSAB_TUNC-ATAKAN_ORGUN.json","MERVE_NAZ_DIKME":"MERVE_NAZ_DIKME-MUSAB_TUNC.json","EFE_NEVZAT_CENGER":"MUSAB_TUNC-EFE_NEVZAT_CENGER.json","CLAUDE":"MUSAB_TUNC-CLAUDE.json"},"SERRA_PEHLIVANKUCUK":{"EFE_DEMIRCI":"SERRA_PEHLIVANKUCUK-EFE_DEMIRCI.json","MUSAB_TUNC":"SERRA_PEHLIVANKUCUK-MUSAB_TUNC.json","OMER_KAGAN_ZAFER":"OMER_KAGAN_ZAFER-SERRA_PEHLIVANKUCUK.json","OSMAN_ALPEREN_KARADAG":"SERRA_PEHLIVANKUCUK-OSMAN_ALPEREN_KARADAG.json","GPT":"SERRA_PEHLIVANKUCUK-GPT.json","CEM_KAYARDI":"SERRA_PEHLIVANKUCUK-CEM_KAYARDI.json","ELIF_YAMAC":"ELIF_YAMAC-SERRA_PEHLIVANKUCUK.json","MEHMET_BARAN_KIRAT":"SERRA_PEHLIVANKUCUK-MEHMET_BARAN_KIRAT.json","KEREM_AKDENIZ":"SERRA_PEHLIVANKUCUK-KEREM_AKDENIZ.json","EREN_COMOGLU":"SERRA_PEHLIVANKUCUK-EREN_COMOGLU.json","EMIRHAN_DEMIR":"SERRA_PEHLIVANKUCUK-EMIRHAN_DEMIR.json","YAREN_TEKIN":"SERRA_PEHLIVANKUCUK-YAREN_TEKIN.json","BETUL_CAGRIL":"SERRA_PEHLIVANKUCUK-BETUL_CAGRIL.json","NILSU_KOC":"NILSU_KOC-SERRA_PEHLIVANKUCUK.json","KUTALMIS_ATA_ALTAYLAR":"SERRA_PEHLIVANKUCUK-KUTALMIS_ATA_ALTAYLAR.json","ILBER_EREN_TUT":"ILBER_EREN_TUT-SERRA_PEHLIVANKUCUK.json","BURHAN_EFE_DEMIR":"BURHAN_EFE_DEMIR-SERRA_PEHLIVANKUCUK.json","OYKU_AKSUNGUR":"SERRA_PEHLIVANKUCUK-OYKU_AKSUNGUR.json","ECENUR_GUNER":"SERRA_PEHLIVANKUCUK-ECENUR_GUNER.json","SELIN_SUNA_KAYA":"SERRA_PEHLIVANKUCUK-SELIN_SUNA_KAYA.json","EYLUL_SUICMEZ":"EYLUL_SUICMEZ-SERRA_PEHLIVANKUCUK.json","EMIRHAN_EREN_ELIBOL":"SERRA_PEHLIVANKUCUK-EMIRHAN_EREN_ELIBOL.json","RABIA_NILAY_YILMAZ":"RABIA_NILAY_YILMAZ-SERRA_PEHLIVANKUCUK.json","MERT_ACAR":"MERT_ACAR-SERRA_PEHLIVANKUCUK.json","ATAKAN_ORGUN":"SERRA_PEHLIVANKUCUK-ATAKAN_ORGUN.json","MERVE_NAZ_DIKME":"MERVE_NAZ_DIKME-SERRA_PEHLIVANKUCUK.json","EFE_NEVZAT_CENGER":"SERRA_PEHLIVANKUCUK-EFE_NEVZAT_CENGER.json","CLAUDE":"SERRA_PEHLIVANKUCUK-CLAUDE.json"},"OMER_KAGAN_ZAFER":{"EFE_DEMIRCI":"OMER_KAGAN_ZAFER-EFE_DEMIRCI.json","MUSAB_TUNC":"OMER_KAGAN_ZAFER-MUSAB_TUNC.json","SERRA_PEHLIVANKUCUK":"OMER_KAGAN_ZAFER-SERRA_PEHLIVANKUCUK.json","OSMAN_ALPEREN_KARADAG":"OMER_KAGAN_ZAFER-OSMAN_ALPEREN_KARADAG.json","GPT":"OMER_KAGAN_ZAFER-GPT.json","ELIF_YAMAC":"ELIF_YAMAC-OMER_KAGAN_ZAFER.json","CEM_KAYARDI":"OMER_KAGAN_ZAFER-CEM_KAYARDI.json","MEHMET_BARAN_KIRAT":"OMER_KAGAN_ZAFER-MEHMET_BARAN_KIRAT.json","KEREM_AKDENIZ":"OMER_KAGAN_ZAFER-KEREM_AKDENIZ.json","EREN_COMOGLU":"OMER_KAGAN_ZAFER-EREN_COMOGLU.json","EMIRHAN_DEMIR":"OMER_KAGAN_ZAFER-EMIRHAN_DEMIR.json","YAREN_TEKIN":"OMER_KAGAN_ZAFER-YAREN_TEKIN.json","BETUL_CAGRIL":"OMER_KAGAN_ZAFER-BETUL_CAGRIL.json","NILSU_KOC":"OMER_KAGAN_ZAFER-NILSU_KOC.json","KUTALMIS_ATA_ALTAYLAR":"OMER_KAGAN_ZAFER-KUTALMIS_ATA_ALTAYLAR.json","ILBER_EREN_TUT":"OMER_KAGAN_ZAFER-ILBER_EREN_TUT.json","OYKU_AKSUNGUR":"OMER_KAGAN_ZAFER-OYKU_AKSUNGUR.json","BURHAN_EFE_DEMIR":"BURHAN_EFE_DEMIR-OMER_KAGAN_ZAFER.json","SELIN_SUNA_KAYA":"OMER_KAGAN_ZAFER-SELIN_SUNA_KAYA.json","ECENUR_GUNER":"OMER_KAGAN_ZAFER-ECENUR_GUNER.json","EYLUL_SUICMEZ":"OMER_KAGAN_ZAFER-EYLUL_SUICMEZ.json","EMIRHAN_EREN_ELIBOL":"OMER_KAGAN_ZAFER-EMIRHAN_EREN_ELIBOL.json","RABIA_NILAY_YILMAZ":"RABIA_NILAY_YILMAZ-OMER_KAGAN_ZAFER.json","MERT_ACAR":"OMER_KAGAN_ZAFER-MERT_ACAR.json","ATAKAN_ORGUN":"OMER_KAGAN_ZAFER-ATAKAN_ORGUN.json","MERVE_NAZ_DIKME":"OMER_KAGAN_ZAFER-MERVE_NAZ_DIKME.json","EFE_NEVZAT_CENGER":"OMER_KAGAN_ZAFER-EFE_NEVZAT_CENGER.json","CLAUDE":"OMER_KAGAN_ZAFER-CLAUDE.json"},"OSMAN_ALPEREN_KARADAG":{"EFE_DEMIRCI":"EFE_DEMIRCI-OSMAN_ALPEREN_KARADAG.json","MUSAB_TUNC":"MUSAB_TUNC-OSMAN_ALPEREN_KARADAG.json","SERRA_PEHLIVANKUCUK":"SERRA_PEHLIVANKUCUK-OSMAN_ALPEREN_KARADAG.json","OMER_KAGAN_ZAFER":"OMER_KAGAN_ZAFER-OSMAN_ALPEREN_KARADAG.json","GPT":"OSMAN_ALPEREN_KARADAG-GPT.json","CEM_KAYARDI":"CEM_KAYARDI-OSMAN_ALPEREN_KARADAG.json","ELIF_YAMAC":"ELIF_YAMAC-OSMAN_ALPEREN_KARADAG.json","MEHMET_BARAN_KIRAT":"MEHMET_BARAN_KIRAT-OSMAN_ALPEREN_KARADAG.json","KEREM_AKDENIZ":"KEREM_AKDENIZ-OSMAN_ALPEREN_KARADAG.json","EREN_COMOGLU":"EREN_COMOGLU-OSMAN_ALPEREN_KARADAG.json","EMIRHAN_DEMIR":"EMIRHAN_DEMIR-OSMAN_ALPEREN_KARADAG.json","YAREN_TEKIN":"OSMAN_ALPEREN_KARADAG-YAREN_TEKIN.json","BETUL_CAGRIL":"BETUL_CAGRIL-OSMAN_ALPEREN_KARADAG.json","NILSU_KOC":"NILSU_KOC-OSMAN_ALPEREN_KARADAG.json","KUTALMIS_ATA_ALTAYLAR":"KUTALMIS_ATA_ALTAYLAR-OSMAN_ALPEREN_KARADAG.json","ILBER_EREN_TUT":"ILBER_EREN_TUT-OSMAN_ALPEREN_KARADAG.json","OYKU_AKSUNGUR":"OYKU_AKSUNGUR-OSMAN_ALPEREN_KARADAG.json","BURHAN_EFE_DEMIR":"BURHAN_EFE_DEMIR-OSMAN_ALPEREN_KARADAG.json","ECENUR_GUNER":"OSMAN_ALPEREN_KARADAG-ECENUR_GUNER.json","SELIN_SUNA_KAYA":"OSMAN_ALPEREN_KARADAG-SELIN_SUNA_KAYA.json","EYLUL_SUICMEZ":"EYLUL_SUICMEZ-OSMAN_ALPEREN_KARADAG.json","EMIRHAN_EREN_ELIBOL":"OSMAN_ALPEREN_KARADAG-EMIRHAN_EREN_ELIBOL.json","RABIA_NILAY_YILMAZ":"RABIA_NILAY_YILMAZ-OSMAN_ALPEREN_KARADAG.json","MERT_ACAR":"MERT_ACAR-OSMAN_ALPEREN_KARADAG.json","ATAKAN_ORGUN":"OSMAN_ALPEREN_KARADAG-ATAKAN_ORGUN.json","MERVE_NAZ_DIKME":"MERVE_NAZ_DIKME-OSMAN_ALPEREN_KARADAG.json","EFE_NEVZAT_CENGER":"OSMAN_ALPEREN_KARADAG-EFE_NEVZAT_CENGER.json","CLAUDE":"OSMAN_ALPEREN_KARADAG-CLAUDE.json"},"GPT":{"EFE_DEMIRCI":"EFE_DEMIRCI-GPT.json","MUSAB_TUNC":"MUSAB_TUNC-GPT.json","SERRA_PEHLIVANKUCUK":"SERRA_PEHLIVANKUCUK-GPT.json","OMER_KAGAN_ZAFER":"OMER_KAGAN_ZAFER-GPT.json","OSMAN_ALPEREN_KARADAG":"OSMAN_ALPEREN_KARADAG-GPT.json","CEM_KAYARDI":"CEM_KAYARDI-GPT.json","ELIF_YAMAC":"ELIF_YAMAC-GPT.json","MEHMET_BARAN_KIRAT":"MEHMET_BARAN_KIRAT-GPT.json","KEREM_AKDENIZ":"KEREM_AKDENIZ-GPT.json","EMIRHAN_DEMIR":"EMIRHAN_DEMIR-GPT.json","EREN_COMOGLU":"EREN_COMOGLU-GPT.json","YAREN_TEKIN":"YAREN_TEKIN-GPT.json","BETUL_CAGRIL":"BETUL_CAGRIL-GPT.json","NILSU_KOC":"NILSU_KOC-GPT.json","KUTALMIS_ATA_ALTAYLAR":"KUTALMIS_ATA_ALTAYLAR-GPT.json","ILBER_EREN_TUT":"ILBER_EREN_TUT-GPT.json","OYKU_AKSUNGUR":"OYKU_AKSUNGUR-GPT.json","BURHAN_EFE_DEMIR":"BURHAN_EFE_DEMIR-GPT.json","ECENUR_GUNER":"ECENUR_GUNER-GPT.json","SELIN_SUNA_KAYA":"SELIN_SUNA_KAYA-GPT.json","EYLUL_SUICMEZ":"EYLUL_SUICMEZ-GPT.json","EMIRHAN_EREN_ELIBOL":"GPT-EMIRHAN_EREN_ELIBOL.json","RABIA_NILAY_YILMAZ":"RABIA_NILAY_YILMAZ-GPT.json","MERT_ACAR":"MERT_ACAR-GPT.json","ATAKAN_ORGUN":"GPT-ATAKAN_ORGUN.json","MERVE_NAZ_DIKME":"MERVE_NAZ_DIKME-GPT.json","EFE_NEVZAT_CENGER":"EFE_NEVZAT_CENGER-GPT.json","CLAUDE":"CLAUDE-GPT.json"},"CEM_KAYARDI":{"EFE_DEMIRCI":"CEM_KAYARDI-EFE_DEMIRCI.json","MUSAB_TUNC":"MUSAB_TUNC-CEM_KAYARDI.json","SERRA_PEHLIVANKUCUK":"SERRA_PEHLIVANKUCUK-CEM_KAYARDI.json","OMER_KAGAN_ZAFER":"OMER_KAGAN_ZAFER-CEM_KAYARDI.json","OSMAN_ALPEREN_KARADAG":"CEM_KAYARDI-OSMAN_ALPEREN_KARADAG.json","GPT":"CEM_KAYARDI-GPT.json","ELIF_YAMAC":"ELIF_YAMAC-CEM_KAYARDI.json","MEHMET_BARAN_KIRAT":"CEM_KAYARDI-MEHMET_BARAN_KIRAT.json","KEREM_AKDENIZ":"KEREM_AKDENIZ-CEM_KAYARDI.json","EREN_COMOGLU":"CEM_KAYARDI-EREN_COMOGLU.json","EMIRHAN_DEMIR":"CEM_KAYARDI-EMIRHAN_DEMIR.json","YAREN_TEKIN":"CEM_KAYARDI-YAREN_TEKIN.json","BETUL_CAGRIL":"CEM_KAYARDI-BETUL_CAGRIL.json","NILSU_KOC":"NILSU_KOC-CEM_KAYARDI.json","KUTALMIS_ATA_ALTAYLAR":"KUTALMIS_ATA_ALTAYLAR-CEM_KAYARDI.json","ILBER_EREN_TUT":"ILBER_EREN_TUT-CEM_KAYARDI.json","OYKU_AKSUNGUR":"CEM_KAYARDI-OYKU_AKSUNGUR.json","BURHAN_EFE_DEMIR":"BURHAN_EFE_DEMIR-CEM_KAYARDI.json","ECENUR_GUNER":"CEM_KAYARDI-ECENUR_GUNER.json","SELIN_SUNA_KAYA":"CEM_KAYARDI-SELIN_SUNA_KAYA.json","EYLUL_SUICMEZ":"EYLUL_SUICMEZ-CEM_KAYARDI.json","EMIRHAN_EREN_ELIBOL":"CEM_KAYARDI-EMIRHAN_EREN_ELIBOL.json","RABIA_NILAY_YILMAZ":"RABIA_NILAY_YILMAZ-CEM_KAYARDI.json","MERT_ACAR":"MERT_ACAR-CEM_KAYARDI.json","ATAKAN_ORGUN":"CEM_KAYARDI-ATAKAN_ORGUN.json","MERVE_NAZ_DIKME":"MERVE_NAZ_DIKME-CEM_KAYARDI.json","EFE_NEVZAT_CENGER":"CEM_KAYARDI-EFE_NEVZAT_CENGER.json","CLAUDE":"CEM_KAYARDI-CLAUDE.json"},"ELIF_YAMAC":{"EFE_DEMIRCI":"ELIF_YAMAC-EFE_DEMIRCI.json","MUSAB_TUNC":"ELIF_YAMAC-MUSAB_TUNC.json","SERRA_PEHLIVANKUCUK":"ELIF_YAMAC-SERRA_PEHLIVANKUCUK.json","OMER_KAGAN_ZAFER":"ELIF_YAMAC-OMER_KAGAN_ZAFER.json","OSMAN_ALPEREN_KARADAG":"ELIF_YAMAC-OSMAN_ALPEREN_KARADAG.json","GPT":"ELIF_YAMAC-GPT.json","CEM_KAYARDI":"ELIF_YAMAC-CEM_KAYARDI.json","MEHMET_BARAN_KIRAT":"ELIF_YAMAC-MEHMET_BARAN_KIRAT.json","KEREM_AKDENIZ":"ELIF_YAMAC-KEREM_AKDENIZ.json","EREN_COMOGLU":"ELIF_YAMAC-EREN_COMOGLU.json","EMIRHAN_DEMIR":"ELIF_YAMAC-EMIRHAN_DEMIR.json","YAREN_TEKIN":"ELIF_YAMAC-YAREN_TEKIN.json","BETUL_CAGRIL":"ELIF_YAMAC-BETUL_CAGRIL.json","NILSU_KOC":"ELIF_YAMAC-NILSU_KOC.json","KUTALMIS_ATA_ALTAYLAR":"ELIF_YAMAC-KUTALMIS_ATA_ALTAYLAR.json","ILBER_EREN_TUT":"ELIF_YAMAC-ILBER_EREN_TUT.json","OYKU_AKSUNGUR":"ELIF_YAMAC-OYKU_AKSUNGUR.json","BURHAN_EFE_DEMIR":"BURHAN_EFE_DEMIR-ELIF_YAMAC.json","SELIN_SUNA_KAYA":"ELIF_YAMAC-SELIN_SUNA_KAYA.json","ECENUR_GUNER":"ELIF_YAMAC-ECENUR_GUNER.json","EYLUL_SUICMEZ":"ELIF_YAMAC-EYLUL_SUICMEZ.json","EMIRHAN_EREN_ELIBOL":"ELIF_YAMAC-EMIRHAN_EREN_ELIBOL.json","RABIA_NILAY_YILMAZ":"RABIA_NILAY_YILMAZ-ELIF_YAMAC.json","MERT_ACAR":"ELIF_YAMAC-MERT_ACAR.json","ATAKAN_ORGUN":"ELIF_YAMAC-ATAKAN_ORGUN.json","MERVE_NAZ_DIKME":"ELIF_YAMAC-MERVE_NAZ_DIKME.json","EFE_NEVZAT_CENGER":"ELIF_YAMAC-EFE_NEVZAT_CENGER.json","CLAUDE":"ELIF_YAMAC-CLAUDE.json"},"MEHMET_BARAN_KIRAT":{"EFE_DEMIRCI":"MEHMET_BARAN_KIRAT-EFE_DEMIRCI.json","MUSAB_TUNC":"MUSAB_TUNC-MEHMET_BARAN_KIRAT.json","SERRA_PEHLIVANKUCUK":"SERRA_PEHLIVANKUCUK-MEHMET_BARAN_KIRAT.json","OMER_KAGAN_ZAFER":"OMER_KAGAN_ZAFER-MEHMET_BARAN_KIRAT.json","OSMAN_ALPEREN_KARADAG":"MEHMET_BARAN_KIRAT-OSMAN_ALPEREN_KARADAG.json","GPT":"MEHMET_BARAN_KIRAT-GPT.json","CEM_KAYARDI":"CEM_KAYARDI-MEHMET_BARAN_KIRAT.json","ELIF_YAMAC":"ELIF_YAMAC-MEHMET_BARAN_KIRAT.json","KEREM_AKDENIZ":"KEREM_AKDENIZ-MEHMET_BARAN_KIRAT.json","EREN_COMOGLU":"MEHMET_BARAN_KIRAT-EREN_COMOGLU.json","EMIRHAN_DEMIR":"EMIRHAN_DEMIR-MEHMET_BARAN_KIRAT.json","YAREN_TEKIN":"MEHMET_BARAN_KIRAT-YAREN_TEKIN.json","BETUL_CAGRIL":"MEHMET_BARAN_KIRAT-BETUL_CAGRIL.json","NILSU_KOC":"NILSU_KOC-MEHMET_BARAN_KIRAT.json","KUTALMIS_ATA_ALTAYLAR":"KUTALMIS_ATA_ALTAYLAR-MEHMET_BARAN_KIRAT.json","ILBER_EREN_TUT":"ILBER_EREN_TUT-MEHMET_BARAN_KIRAT.json","OYKU_AKSUNGUR":"OYKU_AKSUNGUR-MEHMET_BARAN_KIRAT.json","BURHAN_EFE_DEMIR":"BURHAN_EFE_DEMIR-MEHMET_BARAN_KIRAT.json","SELIN_SUNA_KAYA":"MEHMET_BARAN_KIRAT-SELIN_SUNA_KAYA.json","ECENUR_GUNER":"MEHMET_BARAN_KIRAT-ECENUR_GUNER.json","EYLUL_SUICMEZ":"EYLUL_SUICMEZ-MEHMET_BARAN_KIRAT.json","EMIRHAN_EREN_ELIBOL":"MEHMET_BARAN_KIRAT-EMIRHAN_EREN_ELIBOL.json","RABIA_NILAY_YILMAZ":"RABIA_NILAY_YILMAZ-MEHMET_BARAN_KIRAT.json","MERT_ACAR":"MERT_ACAR-MEHMET_BARAN_KIRAT.json","ATAKAN_ORGUN":"MEHMET_BARAN_KIRAT-ATAKAN_ORGUN.json","MERVE_NAZ_DIKME":"MERVE_NAZ_DIKME-MEHMET_BARAN_KIRAT.json","EFE_NEVZAT_CENGER":"MEHMET_BARAN_KIRAT-EFE_NEVZAT_CENGER.json","CLAUDE":"MEHMET_BARAN_KIRAT-CLAUDE.json"},"KEREM_AKDENIZ":{"EFE_DEMIRCI":"KEREM_AKDENIZ-EFE_DEMIRCI.json","MUSAB_TUNC":"MUSAB_TUNC-KEREM_AKDENIZ.json","SERRA_PEHLIVANKUCUK":"SERRA_PEHLIVANKUCUK-KEREM_AKDENIZ.json","OMER_KAGAN_ZAFER":"OMER_KAGAN_ZAFER-KEREM_AKDENIZ.json","OSMAN_ALPEREN_KARADAG":"KEREM_AKDENIZ-OSMAN_ALPEREN_KARADAG.json","GPT":"KEREM_AKDENIZ-GPT.json","CEM_KAYARDI":"KEREM_AKDENIZ-CEM_KAYARDI.json","ELIF_YAMAC":"ELIF_YAMAC-KEREM_AKDENIZ.json","MEHMET_BARAN_KIRAT":"KEREM_AKDENIZ-MEHMET_BARAN_KIRAT.json","EREN_COMOGLU":"KEREM_AKDENIZ-EREN_COMOGLU.json","EMIRHAN_DEMIR":"KEREM_AKDENIZ-EMIRHAN_DEMIR.json","YAREN_TEKIN":"KEREM_AKDENIZ-YAREN_TEKIN.json","BETUL_CAGRIL":"KEREM_AKDENIZ-BETUL_CAGRIL.json","NILSU_KOC":"NILSU_KOC-KEREM_AKDENIZ.json","KUTALMIS_ATA_ALTAYLAR":"KUTALMIS_ATA_ALTAYLAR-KEREM_AKDENIZ.json","ILBER_EREN_TUT":"ILBER_EREN_TUT-KEREM_AKDENIZ.json","OYKU_AKSUNGUR":"KEREM_AKDENIZ-OYKU_AKSUNGUR.json","BURHAN_EFE_DEMIR":"BURHAN_EFE_DEMIR-KEREM_AKDENIZ.json","ECENUR_GUNER":"KEREM_AKDENIZ-ECENUR_GUNER.json","SELIN_SUNA_KAYA":"KEREM_AKDENIZ-SELIN_SUNA_KAYA.json","EYLUL_SUICMEZ":"EYLUL_SUICMEZ-KEREM_AKDENIZ.json","EMIRHAN_EREN_ELIBOL":"KEREM_AKDENIZ-EMIRHAN_EREN_ELIBOL.json","RABIA_NILAY_YILMAZ":"RABIA_NILAY_YILMAZ-KEREM_AKDENIZ.json","MERT_ACAR":"MERT_ACAR-KEREM_AKDENIZ.json","ATAKAN_ORGUN":"KEREM_AKDENIZ-ATAKAN_ORGUN.json","MERVE_NAZ_DIKME":"MERVE_NAZ_DIKME-KEREM_AKDENIZ.json","EFE_NEVZAT_CENGER":"KEREM_AKDENIZ-EFE_NEVZAT_CENGER.json","CLAUDE":"KEREM_AKDENIZ-CLAUDE.json"},"EREN_COMOGLU":{"EFE_DEMIRCI":"EFE_DEMIRCI-EREN_COMOGLU.json","MUSAB_TUNC":"MUSAB_TUNC-EREN_COMOGLU.json","SERRA_PEHLIVANKUCUK":"SERRA_PEHLIVANKUCUK-EREN_COMOGLU.json","OMER_KAGAN_ZAFER":"OMER_KAGAN_ZAFER-EREN_COMOGLU.json","OSMAN_ALPEREN_KARADAG":"EREN_COMOGLU-OSMAN_ALPEREN_KARADAG.json","GPT":"EREN_COMOGLU-GPT.json","CEM_KAYARDI":"CEM_KAYARDI-EREN_COMOGLU.json","ELIF_YAMAC":"ELIF_YAMAC-EREN_COMOGLU.json","MEHMET_BARAN_KIRAT":"MEHMET_BARAN_KIRAT-EREN_COMOGLU.json","KEREM_AKDENIZ":"KEREM_AKDENIZ-EREN_COMOGLU.json","EMIRHAN_DEMIR":"EMIRHAN_DEMIR-EREN_COMOGLU.json","YAREN_TEKIN":"EREN_COMOGLU-YAREN_TEKIN.json","BETUL_CAGRIL":"BETUL_CAGRIL-EREN_COMOGLU.json","NILSU_KOC":"NILSU_KOC-EREN_COMOGLU.json","KUTALMIS_ATA_ALTAYLAR":"KUTALMIS_ATA_ALTAYLAR-EREN_COMOGLU.json","ILBER_EREN_TUT":"ILBER_EREN_TUT-EREN_COMOGLU.json","OYKU_AKSUNGUR":"OYKU_AKSUNGUR-EREN_COMOGLU.json","BURHAN_EFE_DEMIR":"BURHAN_EFE_DEMIR-EREN_COMOGLU.json","SELIN_SUNA_KAYA":"EREN_COMOGLU-SELIN_SUNA_KAYA.json","ECENUR_GUNER":"EREN_COMOGLU-ECENUR_GUNER.json","EYLUL_SUICMEZ":"EYLUL_SUICMEZ-EREN_COMOGLU.json","EMIRHAN_EREN_ELIBOL":"EREN_COMOGLU-EMIRHAN_EREN_ELIBOL.json","RABIA_NILAY_YILMAZ":"RABIA_NILAY_YILMAZ-EREN_COMOGLU.json","MERT_ACAR":"MERT_ACAR-EREN_COMOGLU.json","ATAKAN_ORGUN":"EREN_COMOGLU-ATAKAN_ORGUN.json","MERVE_NAZ_DIKME":"MERVE_NAZ_DIKME-EREN_COMOGLU.json","EFE_NEVZAT_CENGER":"EREN_COMOGLU-EFE_NEVZAT_CENGER.json","CLAUDE":"EREN_COMOGLU-CLAUDE.json"},"EMIRHAN_DEMIR":{"EFE_DEMIRCI":"EMIRHAN_DEMIR-EFE_DEMIRCI.json","MUSAB_TUNC":"MUSAB_TUNC-EMIRHAN_DEMIR.json","SERRA_PEHLIVANKUCUK":"SERRA_PEHLIVANKUCUK-EMIRHAN_DEMIR.json","OMER_KAGAN_ZAFER":"OMER_KAGAN_ZAFER-EMIRHAN_DEMIR.json","OSMAN_ALPEREN_KARADAG":"EMIRHAN_DEMIR-OSMAN_ALPEREN_KARADAG.json","GPT":"EMIRHAN_DEMIR-GPT.json","ELIF_YAMAC":"ELIF_YAMAC-EMIRHAN_DEMIR.json","CEM_KAYARDI":"CEM_KAYARDI-EMIRHAN_DEMIR.json","MEHMET_BARAN_KIRAT":"EMIRHAN_DEMIR-MEHMET_BARAN_KIRAT.json","KEREM_AKDENIZ":"KEREM_AKDENIZ-EMIRHAN_DEMIR.json","EREN_COMOGLU":"EMIRHAN_DEMIR-EREN_COMOGLU.json","YAREN_TEKIN":"EMIRHAN_DEMIR-YAREN_TEKIN.json","BETUL_CAGRIL":"EMIRHAN_DEMIR-BETUL_CAGRIL.json","NILSU_KOC":"NILSU_KOC-EMIRHAN_DEMIR.json","KUTALMIS_ATA_ALTAYLAR":"KUTALMIS_ATA_ALTAYLAR-EMIRHAN_DEMIR.json","ILBER_EREN_TUT":"ILBER_EREN_TUT-EMIRHAN_DEMIR.json","OYKU_AKSUNGUR":"OYKU_AKSUNGUR-EMIRHAN_DEMIR.json","BURHAN_EFE_DEMIR":"BURHAN_EFE_DEMIR-EMIRHAN_DEMIR.json","ECENUR_GUNER":"EMIRHAN_DEMIR-ECENUR_GUNER.json","SELIN_SUNA_KAYA":"EMIRHAN_DEMIR-SELIN_SUNA_KAYA.json","EYLUL_SUICMEZ":"EYLUL_SUICMEZ-EMIRHAN_DEMIR.json","EMIRHAN_EREN_ELIBOL":"EMIRHAN_DEMIR-EMIRHAN_EREN_ELIBOL.json","RABIA_NILAY_YILMAZ":"RABIA_NILAY_YILMAZ-EMIRHAN_DEMIR.json","MERT_ACAR":"MERT_ACAR-EMIRHAN_DEMIR.json","ATAKAN_ORGUN":"EMIRHAN_DEMIR-ATAKAN_ORGUN.json","MERVE_NAZ_DIKME":"MERVE_NAZ_DIKME-EMIRHAN_DEMIR.json","EFE_NEVZAT_CENGER":"EMIRHAN_DEMIR-EFE_NEVZAT_CENGER.json","CLAUDE":"EMIRHAN_DEMIR-CLAUDE.json"},"YAREN_TEKIN":{"EFE_DEMIRCI":"EFE_DEMIRCI-YAREN_TEKIN.json","MUSAB_TUNC":"MUSAB_TUNC-YAREN_TEKIN.json","SERRA_PEHLIVANKUCUK":"SERRA_PEHLIVANKUCUK-YAREN_TEKIN.json","OMER_KAGAN_ZAFER":"OMER_KAGAN_ZAFER-YAREN_TEKIN.json","OSMAN_ALPEREN_KARADAG":"OSMAN_ALPEREN_KARADAG-YAREN_TEKIN.json","GPT":"YAREN_TEKIN-GPT.json","CEM_KAYARDI":"CEM_KAYARDI-YAREN_TEKIN.json","ELIF_YAMAC":"ELIF_YAMAC-YAREN_TEKIN.json","MEHMET_BARAN_KIRAT":"MEHMET_BARAN_KIRAT-YAREN_TEKIN.json","KEREM_AKDENIZ":"KEREM_AKDENIZ-YAREN_TEKIN.json","EMIRHAN_DEMIR":"EMIRHAN_DEMIR-YAREN_TEKIN.json","EREN_COMOGLU":"EREN_COMOGLU-YAREN_TEKIN.json","BETUL_CAGRIL":"BETUL_CAGRIL-YAREN_TEKIN.json","NILSU_KOC":"NILSU_KOC-YAREN_TEKIN.json","KUTALMIS_ATA_ALTAYLAR":"KUTALMIS_ATA_ALTAYLAR-YAREN_TEKIN.json","ILBER_EREN_TUT":"ILBER_EREN_TUT-YAREN_TEKIN.json","OYKU_AKSUNGUR":"OYKU_AKSUNGUR-YAREN_TEKIN.json","BURHAN_EFE_DEMIR":"BURHAN_EFE_DEMIR-YAREN_TEKIN.json","ECENUR_GUNER":"YAREN_TEKIN-ECENUR_GUNER.json","SELIN_SUNA_KAYA":"YAREN_TEKIN-SELIN_SUNA_KAYA.json","EYLUL_SUICMEZ":"EYLUL_SUICMEZ-YAREN_TEKIN.json","EMIRHAN_EREN_ELIBOL":"YAREN_TEKIN-EMIRHAN_EREN_ELIBOL.json","RABIA_NILAY_YILMAZ":"RABIA_NILAY_YILMAZ-YAREN_TEKIN.json","MERT_ACAR":"MERT_ACAR-YAREN_TEKIN.json","ATAKAN_ORGUN":"YAREN_TEKIN-ATAKAN_ORGUN.json","MERVE_NAZ_DIKME":"MERVE_NAZ_DIKME-YAREN_TEKIN.json","EFE_NEVZAT_CENGER":"YAREN_TEKIN-EFE_NEVZAT_CENGER.json","CLAUDE":"YAREN_TEKIN-CLAUDE.json"},"BETUL_CAGRIL":{"EFE_DEMIRCI":"BETUL_CAGRIL-EFE_DEMIRCI.json","MUSAB_TUNC":"MUSAB_TUNC-BETUL_CAGRIL.json","SERRA_PEHLIVANKUCUK":"SERRA_PEHLIVANKUCUK-BETUL_CAGRIL.json","OMER_KAGAN_ZAFER":"OMER_KAGAN_ZAFER-BETUL_CAGRIL.json","OSMAN_ALPEREN_KARADAG":"BETUL_CAGRIL-OSMAN_ALPEREN_KARADAG.json","GPT":"BETUL_CAGRIL-GPT.json","CEM_KAYARDI":"CEM_KAYARDI-BETUL_CAGRIL.json","ELIF_YAMAC":"ELIF_YAMAC-BETUL_CAGRIL.json","MEHMET_BARAN_KIRAT":"MEHMET_BARAN_KIRAT-BETUL_CAGRIL.json","KEREM_AKDENIZ":"KEREM_AKDENIZ-BETUL_CAGRIL.json","EREN_COMOGLU":"BETUL_CAGRIL-EREN_COMOGLU.json","EMIRHAN_DEMIR":"EMIRHAN_DEMIR-BETUL_CAGRIL.json","YAREN_TEKIN":"BETUL_CAGRIL-YAREN_TEKIN.json","NILSU_KOC":"NILSU_KOC-BETUL_CAGRIL.json","KUTALMIS_ATA_ALTAYLAR":"KUTALMIS_ATA_ALTAYLAR-BETUL_CAGRIL.json","ILBER_EREN_TUT":"ILBER_EREN_TUT-BETUL_CAGRIL.json","OYKU_AKSUNGUR":"OYKU_AKSUNGUR-BETUL_CAGRIL.json","BURHAN_EFE_DEMIR":"BURHAN_EFE_DEMIR-BETUL_CAGRIL.json","SELIN_SUNA_KAYA":"BETUL_CAGRIL-SELIN_SUNA_KAYA.json","ECENUR_GUNER":"BETUL_CAGRIL-ECENUR_GUNER.json","EYLUL_SUICMEZ":"EYLUL_SUICMEZ-BETUL_CAGRIL.json","EMIRHAN_EREN_ELIBOL":"BETUL_CAGRIL-EMIRHAN_EREN_ELIBOL.json","RABIA_NILAY_YILMAZ":"RABIA_NILAY_YILMAZ-BETUL_CAGRIL.json","MERT_ACAR":"MERT_ACAR-BETUL_CAGRIL.json","ATAKAN_ORGUN":"BETUL_CAGRIL-ATAKAN_ORGUN.json","MERVE_NAZ_DIKME":"MERVE_NAZ_DIKME-BETUL_CAGRIL.json","EFE_NEVZAT_CENGER":"BETUL_CAGRIL-EFE_NEVZAT_CENGER.json","CLAUDE":"BETUL_CAGRIL-CLAUDE.json"},"NILSU_KOC":{"EFE_DEMIRCI":"NILSU_KOC-EFE_DEMIRCI.json","MUSAB_TUNC":"NILSU_KOC-MUSAB_TUNC.json","SERRA_PEHLIVANKUCUK":"NILSU_KOC-SERRA_PEHLIVANKUCUK.json","OMER_KAGAN_ZAFER":"OMER_KAGAN_ZAFER-NILSU_KOC.json","OSMAN_ALPEREN_KARADAG":"NILSU_KOC-OSMAN_ALPEREN_KARADAG.json","GPT":"NILSU_KOC-GPT.json","ELIF_YAMAC":"ELIF_YAMAC-NILSU_KOC.json","CEM_KAYARDI":"NILSU_KOC-CEM_KAYARDI.json","MEHMET_BARAN_KIRAT":"NILSU_KOC-MEHMET_BARAN_KIRAT.json","KEREM_AKDENIZ":"NILSU_KOC-KEREM_AKDENIZ.json","EMIRHAN_DEMIR":"NILSU_KOC-EMIRHAN_DEMIR.json","EREN_COMOGLU":"NILSU_KOC-EREN_COMOGLU.json","YAREN_TEKIN":"NILSU_KOC-YAREN_TEKIN.json","BETUL_CAGRIL":"NILSU_KOC-BETUL_CAGRIL.json","KUTALMIS_ATA_ALTAYLAR":"NILSU_KOC-KUTALMIS_ATA_ALTAYLAR.json","ILBER_EREN_TUT":"NILSU_KOC-ILBER_EREN_TUT.json","OYKU_AKSUNGUR":"NILSU_KOC-OYKU_AKSUNGUR.json","BURHAN_EFE_DEMIR":"BURHAN_EFE_DEMIR-NILSU_KOC.json","ECENUR_GUNER":"NILSU_KOC-ECENUR_GUNER.json","SELIN_SUNA_KAYA":"NILSU_KOC-SELIN_SUNA_KAYA.json","EYLUL_SUICMEZ":"EYLUL_SUICMEZ-NILSU_KOC.json","EMIRHAN_EREN_ELIBOL":"NILSU_KOC-EMIRHAN_EREN_ELIBOL.json","RABIA_NILAY_YILMAZ":"RABIA_NILAY_YILMAZ-NILSU_KOC.json","MERT_ACAR":"NILSU_KOC-MERT_ACAR.json","ATAKAN_ORGUN":"NILSU_KOC-ATAKAN_ORGUN.json","MERVE_NAZ_DIKME":"NILSU_KOC-MERVE_NAZ_DIKME.json","EFE_NEVZAT_CENGER":"NILSU_KOC-EFE_NEVZAT_CENGER.json","CLAUDE":"NILSU_KOC-CLAUDE.json"},"KUTALMIS_ATA_ALTAYLAR":{"EFE_DEMIRCI":"KUTALMIS_ATA_ALTAYLAR-EFE_DEMIRCI.json","MUSAB_TUNC":"KUTALMIS_ATA_ALTAYLAR-MUSAB_TUNC.json","SERRA_PEHLIVANKUCUK":"SERRA_PEHLIVANKUCUK-KUTALMIS_ATA_ALTAYLAR.json","OMER_KAGAN_ZAFER":"OMER_KAGAN_ZAFER-KUTALMIS_ATA_ALTAYLAR.json","OSMAN_ALPEREN_KARADAG":"KUTALMIS_ATA_ALTAYLAR-OSMAN_ALPEREN_KARADAG.json","GPT":"KUTALMIS_ATA_ALTAYLAR-GPT.json","CEM_KAYARDI":"KUTALMIS_ATA_ALTAYLAR-CEM_KAYARDI.json","ELIF_YAMAC":"ELIF_YAMAC-KUTALMIS_ATA_ALTAYLAR.json","MEHMET_BARAN_KIRAT":"KUTALMIS_ATA_ALTAYLAR-MEHMET_BARAN_KIRAT.json","KEREM_AKDENIZ":"KUTALMIS_ATA_ALTAYLAR-KEREM_AKDENIZ.json","EREN_COMOGLU":"KUTALMIS_ATA_ALTAYLAR-EREN_COMOGLU.json","EMIRHAN_DEMIR":"KUTALMIS_ATA_ALTAYLAR-EMIRHAN_DEMIR.json","YAREN_TEKIN":"KUTALMIS_ATA_ALTAYLAR-YAREN_TEKIN.json","BETUL_CAGRIL":"KUTALMIS_ATA_ALTAYLAR-BETUL_CAGRIL.json","NILSU_KOC":"NILSU_KOC-KUTALMIS_ATA_ALTAYLAR.json","ILBER_EREN_TUT":"ILBER_EREN_TUT-KUTALMIS_ATA_ALTAYLAR.json","BURHAN_EFE_DEMIR":"BURHAN_EFE_DEMIR-KUTALMIS_ATA_ALTAYLAR.json","OYKU_AKSUNGUR":"KUTALMIS_ATA_ALTAYLAR-OYKU_AKSUNGUR.json","SELIN_SUNA_KAYA":"KUTALMIS_ATA_ALTAYLAR-SELIN_SUNA_KAYA.json","ECENUR_GUNER":"KUTALMIS_ATA_ALTAYLAR-ECENUR_GUNER.json","EYLUL_SUICMEZ":"EYLUL_SUICMEZ-KUTALMIS_ATA_ALTAYLAR.json","EMIRHAN_EREN_ELIBOL":"KUTALMIS_ATA_ALTAYLAR-EMIRHAN_EREN_ELIBOL.json","RABIA_NILAY_YILMAZ":"RABIA_NILAY_YILMAZ-KUTALMIS_ATA_ALTAYLAR.json","MERT_ACAR":"MERT_ACAR-KUTALMIS_ATA_ALTAYLAR.json","ATAKAN_ORGUN":"KUTALMIS_ATA_ALTAYLAR-ATAKAN_ORGUN.json","MERVE_NAZ_DIKME":"MERVE_NAZ_DIKME-KUTALMIS_ATA_ALTAYLAR.json","EFE_NEVZAT_CENGER":"KUTALMIS_ATA_ALTAYLAR-EFE_NEVZAT_CENGER.json","CLAUDE":"KUTALMIS_ATA_ALTAYLAR-CLAUDE.json"},"ILBER_EREN_TUT":{"EFE_DEMIRCI":"ILBER_EREN_TUT-EFE_DEMIRCI.json","MUSAB_TUNC":"ILBER_EREN_TUT-MUSAB_TUNC.json","SERRA_PEHLIVANKUCUK":"ILBER_EREN_TUT-SERRA_PEHLIVANKUCUK.json","OMER_KAGAN_ZAFER":"OMER_KAGAN_ZAFER-ILBER_EREN_TUT.json","OSMAN_ALPEREN_KARADAG":"ILBER_EREN_TUT-OSMAN_ALPEREN_KARADAG.json","GPT":"ILBER_EREN_TUT-GPT.json","CEM_KAYARDI":"ILBER_EREN_TUT-CEM_KAYARDI.json","ELIF_YAMAC":"ELIF_YAMAC-ILBER_EREN_TUT.json","MEHMET_BARAN_KIRAT":"ILBER_EREN_TUT-MEHMET_BARAN_KIRAT.json","KEREM_AKDENIZ":"ILBER_EREN_TUT-KEREM_AKDENIZ.json","EREN_COMOGLU":"ILBER_EREN_TUT-EREN_COMOGLU.json","EMIRHAN_DEMIR":"ILBER_EREN_TUT-EMIRHAN_DEMIR.json","YAREN_TEKIN":"ILBER_EREN_TUT-YAREN_TEKIN.json","BETUL_CAGRIL":"ILBER_EREN_TUT-BETUL_CAGRIL.json","NILSU_KOC":"NILSU_KOC-ILBER_EREN_TUT.json","KUTALMIS_ATA_ALTAYLAR":"ILBER_EREN_TUT-KUTALMIS_ATA_ALTAYLAR.json","BURHAN_EFE_DEMIR":"BURHAN_EFE_DEMIR-ILBER_EREN_TUT.json","OYKU_AKSUNGUR":"ILBER_EREN_TUT-OYKU_AKSUNGUR.json","ECENUR_GUNER":"ILBER_EREN_TUT-ECENUR_GUNER.json","SELIN_SUNA_KAYA":"ILBER_EREN_TUT-SELIN_SUNA_KAYA.json","EYLUL_SUICMEZ":"EYLUL_SUICMEZ-ILBER_EREN_TUT.json","EMIRHAN_EREN_ELIBOL":"ILBER_EREN_TUT-EMIRHAN_EREN_ELIBOL.json","RABIA_NILAY_YILMAZ":"RABIA_NILAY_YILMAZ-ILBER_EREN_TUT.json","MERT_ACAR":"MERT_ACAR-ILBER_EREN_TUT.json","ATAKAN_ORGUN":"ILBER_EREN_TUT-ATAKAN_ORGUN.json","MERVE_NAZ_DIKME":"ILBER_EREN_TUT-MERVE_NAZ_DIKME.json","EFE_NEVZAT_CENGER":"ILBER_EREN_TUT-EFE_NEVZAT_CENGER.json","CLAUDE":"ILBER_EREN_TUT-CLAUDE.json"},"BURHAN_EFE_DEMIR":{"EFE_DEMIRCI":"BURHAN_EFE_DEMIR-EFE_DEMIRCI.json","MUSAB_TUNC":"BURHAN_EFE_DEMIR-MUSAB_TUNC.json","SERRA_PEHLIVANKUCUK":"BURHAN_EFE_DEMIR-SERRA_PEHLIVANKUCUK.json","OMER_KAGAN_ZAFER":"BURHAN_EFE_DEMIR-OMER_KAGAN_ZAFER.json","OSMAN_ALPEREN_KARADAG":"BURHAN_EFE_DEMIR-OSMAN_ALPEREN_KARADAG.json","GPT":"BURHAN_EFE_DEMIR-GPT.json","ELIF_YAMAC":"BURHAN_EFE_DEMIR-ELIF_YAMAC.json","CEM_KAYARDI":"BURHAN_EFE_DEMIR-CEM_KAYARDI.json","MEHMET_BARAN_KIRAT":"BURHAN_EFE_DEMIR-MEHMET_BARAN_KIRAT.json","KEREM_AKDENIZ":"BURHAN_EFE_DEMIR-KEREM_AKDENIZ.json","EREN_COMOGLU":"BURHAN_EFE_DEMIR-EREN_COMOGLU.json","EMIRHAN_DEMIR":"BURHAN_EFE_DEMIR-EMIRHAN_DEMIR.json","YAREN_TEKIN":"BURHAN_EFE_DEMIR-YAREN_TEKIN.json","BETUL_CAGRIL":"BURHAN_EFE_DEMIR-BETUL_CAGRIL.json","NILSU_KOC":"BURHAN_EFE_DEMIR-NILSU_KOC.json","KUTALMIS_ATA_ALTAYLAR":"BURHAN_EFE_DEMIR-KUTALMIS_ATA_ALTAYLAR.json","ILBER_EREN_TUT":"BURHAN_EFE_DEMIR-ILBER_EREN_TUT.json","OYKU_AKSUNGUR":"BURHAN_EFE_DEMIR-OYKU_AKSUNGUR.json","ECENUR_GUNER":"BURHAN_EFE_DEMIR-ECENUR_GUNER.json","SELIN_SUNA_KAYA":"BURHAN_EFE_DEMIR-SELIN_SUNA_KAYA.json","EYLUL_SUICMEZ":"BURHAN_EFE_DEMIR-EYLUL_SUICMEZ.json","EMIRHAN_EREN_ELIBOL":"BURHAN_EFE_DEMIR-EMIRHAN_EREN_ELIBOL.json","RABIA_NILAY_YILMAZ":"BURHAN_EFE_DEMIR-RABIA_NILAY_YILMAZ.json","MERT_ACAR":"BURHAN_EFE_DEMIR-MERT_ACAR.json","ATAKAN_ORGUN":"BURHAN_EFE_DEMIR-ATAKAN_ORGUN.json","MERVE_NAZ_DIKME":"BURHAN_EFE_DEMIR-MERVE_NAZ_DIKME.json","EFE_NEVZAT_CENGER":"BURHAN_EFE_DEMIR-EFE_NEVZAT_CENGER.json","CLAUDE":"BURHAN_EFE_DEMIR-CLAUDE.json"},"OYKU_AKSUNGUR":{"EFE_DEMIRCI":"OYKU_AKSUNGUR-EFE_DEMIRCI.json","MUSAB_TUNC":"MUSAB_TUNC-OYKU_AKSUNGUR.json","SERRA_PEHLIVANKUCUK":"SERRA_PEHLIVANKUCUK-OYKU_AKSUNGUR.json","OMER_KAGAN_ZAFER":"OMER_KAGAN_ZAFER-OYKU_AKSUNGUR.json","OSMAN_ALPEREN_KARADAG":"OYKU_AKSUNGUR-OSMAN_ALPEREN_KARADAG.json","GPT":"OYKU_AKSUNGUR-GPT.json","CEM_KAYARDI":"CEM_KAYARDI-OYKU_AKSUNGUR.json","ELIF_YAMAC":"ELIF_YAMAC-OYKU_AKSUNGUR.json","MEHMET_BARAN_KIRAT":"OYKU_AKSUNGUR-MEHMET_BARAN_KIRAT.json","KEREM_AKDENIZ":"KEREM_AKDENIZ-OYKU_AKSUNGUR.json","EMIRHAN_DEMIR":"OYKU_AKSUNGUR-EMIRHAN_DEMIR.json","EREN_COMOGLU":"OYKU_AKSUNGUR-EREN_COMOGLU.json","YAREN_TEKIN":"OYKU_AKSUNGUR-YAREN_TEKIN.json","BETUL_CAGRIL":"OYKU_AKSUNGUR-BETUL_CAGRIL.json","NILSU_KOC":"NILSU_KOC-OYKU_AKSUNGUR.json","KUTALMIS_ATA_ALTAYLAR":"KUTALMIS_ATA_ALTAYLAR-OYKU_AKSUNGUR.json","ILBER_EREN_TUT":"ILBER_EREN_TUT-OYKU_AKSUNGUR.json","BURHAN_EFE_DEMIR":"BURHAN_EFE_DEMIR-OYKU_AKSUNGUR.json","SELIN_SUNA_KAYA":"OYKU_AKSUNGUR-SELIN_SUNA_KAYA.json","ECENUR_GUNER":"OYKU_AKSUNGUR-ECENUR_GUNER.json","EYLUL_SUICMEZ":"EYLUL_SUICMEZ-OYKU_AKSUNGUR.json","EMIRHAN_EREN_ELIBOL":"OYKU_AKSUNGUR-EMIRHAN_EREN_ELIBOL.json","RABIA_NILAY_YILMAZ":"RABIA_NILAY_YILMAZ-OYKU_AKSUNGUR.json","MERT_ACAR":"MERT_ACAR-OYKU_AKSUNGUR.json","ATAKAN_ORGUN":"OYKU_AKSUNGUR-ATAKAN_ORGUN.json","MERVE_NAZ_DIKME":"MERVE_NAZ_DIKME-OYKU_AKSUNGUR.json","EFE_NEVZAT_CENGER":"OYKU_AKSUNGUR-EFE_NEVZAT_CENGER.json","CLAUDE":"OYKU_AKSUNGUR-CLAUDE.json"},"ECENUR_GUNER":{"EFE_DEMIRCI":"EFE_DEMIRCI-ECENUR_GUNER.json","MUSAB_TUNC":"MUSAB_TUNC-ECENUR_GUNER.json","SERRA_PEHLIVANKUCUK":"SERRA_PEHLIVANKUCUK-ECENUR_GUNER.json","OMER_KAGAN_ZAFER":"OMER_KAGAN_ZAFER-ECENUR_GUNER.json","OSMAN_ALPEREN_KARADAG":"OSMAN_ALPEREN_KARADAG-ECENUR_GUNER.json","GPT":"ECENUR_GUNER-GPT.json","CEM_KAYARDI":"CEM_KAYARDI-ECENUR_GUNER.json","ELIF_YAMAC":"ELIF_YAMAC-ECENUR_GUNER.json","MEHMET_BARAN_KIRAT":"MEHMET_BARAN_KIRAT-ECENUR_GUNER.json","KEREM_AKDENIZ":"KEREM_AKDENIZ-ECENUR_GUNER.json","EMIRHAN_DEMIR":"EMIRHAN_DEMIR-ECENUR_GUNER.json","EREN_COMOGLU":"EREN_COMOGLU-ECENUR_GUNER.json","YAREN_TEKIN":"YAREN_TEKIN-ECENUR_GUNER.json","BETUL_CAGRIL":"BETUL_CAGRIL-ECENUR_GUNER.json","NILSU_KOC":"NILSU_KOC-ECENUR_GUNER.json","KUTALMIS_ATA_ALTAYLAR":"KUTALMIS_ATA_ALTAYLAR-ECENUR_GUNER.json","ILBER_EREN_TUT":"ILBER_EREN_TUT-ECENUR_GUNER.json","BURHAN_EFE_DEMIR":"BURHAN_EFE_DEMIR-ECENUR_GUNER.json","OYKU_AKSUNGUR":"OYKU_AKSUNGUR-ECENUR_GUNER.json","SELIN_SUNA_KAYA":"SELIN_SUNA_KAYA-ECENUR_GUNER.json","EYLUL_SUICMEZ":"EYLUL_SUICMEZ-ECENUR_GUNER.json","EMIRHAN_EREN_ELIBOL":"ECENUR_GUNER-EMIRHAN_EREN_ELIBOL.json","RABIA_NILAY_YILMAZ":"RABIA_NILAY_YILMAZ-ECENUR_GUNER.json","MERT_ACAR":"MERT_ACAR-ECENUR_GUNER.json","ATAKAN_ORGUN":"ECENUR_GUNER-ATAKAN_ORGUN.json","MERVE_NAZ_DIKME":"MERVE_NAZ_DIKME-ECENUR_GUNER.json","EFE_NEVZAT_CENGER":"EFE_NEVZAT_CENGER-ECENUR_GUNER.json","CLAUDE":"CLAUDE-ECENUR_GUNER.json"},"SELIN_SUNA_KAYA":{"EFE_DEMIRCI":"EFE_DEMIRCI-SELIN_SUNA_KAYA.json","MUSAB_TUNC":"MUSAB_TUNC-SELIN_SUNA_KAYA.json","SERRA_PEHLIVANKUCUK":"SERRA_PEHLIVANKUCUK-SELIN_SUNA_KAYA.json","OMER_KAGAN_ZAFER":"OMER_KAGAN_ZAFER-SELIN_SUNA_KAYA.json","OSMAN_ALPEREN_KARADAG":"OSMAN_ALPEREN_KARADAG-SELIN_SUNA_KAYA.json","GPT":"SELIN_SUNA_KAYA-GPT.json","CEM_KAYARDI":"CEM_KAYARDI-SELIN_SUNA_KAYA.json","ELIF_YAMAC":"ELIF_YAMAC-SELIN_SUNA_KAYA.json","MEHMET_BARAN_KIRAT":"MEHMET_BARAN_KIRAT-SELIN_SUNA_KAYA.json","KEREM_AKDENIZ":"KEREM_AKDENIZ-SELIN_SUNA_KAYA.json","EREN_COMOGLU":"EREN_COMOGLU-SELIN_SUNA_KAYA.json","EMIRHAN_DEMIR":"EMIRHAN_DEMIR-SELIN_SUNA_KAYA.json","YAREN_TEKIN":"YAREN_TEKIN-SELIN_SUNA_KAYA.json","BETUL_CAGRIL":"BETUL_CAGRIL-SELIN_SUNA_KAYA.json","NILSU_KOC":"NILSU_KOC-SELIN_SUNA_KAYA.json","KUTALMIS_ATA_ALTAYLAR":"KUTALMIS_ATA_ALTAYLAR-SELIN_SUNA_KAYA.json","ILBER_EREN_TUT":"ILBER_EREN_TUT-SELIN_SUNA_KAYA.json","OYKU_AKSUNGUR":"OYKU_AKSUNGUR-SELIN_SUNA_KAYA.json","BURHAN_EFE_DEMIR":"BURHAN_EFE_DEMIR-SELIN_SUNA_KAYA.json","ECENUR_GUNER":"SELIN_SUNA_KAYA-ECENUR_GUNER.json","EYLUL_SUICMEZ":"EYLUL_SUICMEZ-SELIN_SUNA_KAYA.json","EMIRHAN_EREN_ELIBOL":"SELIN_SUNA_KAYA-EMIRHAN_EREN_ELIBOL.json","RABIA_NILAY_YILMAZ":"RABIA_NILAY_YILMAZ-SELIN_SUNA_KAYA.json","MERT_ACAR":"MERT_ACAR-SELIN_SUNA_KAYA.json","ATAKAN_ORGUN":"SELIN_SUNA_KAYA-ATAKAN_ORGUN.json","MERVE_NAZ_DIKME":"MERVE_NAZ_DIKME-SELIN_SUNA_KAYA.json","EFE_NEVZAT_CENGER":"SELIN_SUNA_KAYA-EFE_NEVZAT_CENGER.json","CLAUDE":"SELIN_SUNA_KAYA-CLAUDE.json"},"EYLUL_SUICMEZ":{"EFE_DEMIRCI":"EYLUL_SUICMEZ-EFE_DEMIRCI.json","MUSAB_TUNC":"EYLUL_SUICMEZ-MUSAB_TUNC.json","SERRA_PEHLIVANKUCUK":"EYLUL_SUICMEZ-SERRA_PEHLIVANKUCUK.json","OMER_KAGAN_ZAFER":"OMER_KAGAN_ZAFER-EYLUL_SUICMEZ.json","OSMAN_ALPEREN_KARADAG":"EYLUL_SUICMEZ-OSMAN_ALPEREN_KARADAG.json","GPT":"EYLUL_SUICMEZ-GPT.json","ELIF_YAMAC":"ELIF_YAMAC-EYLUL_SUICMEZ.json","CEM_KAYARDI":"EYLUL_SUICMEZ-CEM_KAYARDI.json","MEHMET_BARAN_KIRAT":"EYLUL_SUICMEZ-MEHMET_BARAN_KIRAT.json","KEREM_AKDENIZ":"EYLUL_SUICMEZ-KEREM_AKDENIZ.json","EREN_COMOGLU":"EYLUL_SUICMEZ-EREN_COMOGLU.json","EMIRHAN_DEMIR":"EYLUL_SUICMEZ-EMIRHAN_DEMIR.json","YAREN_TEKIN":"EYLUL_SUICMEZ-YAREN_TEKIN.json","BETUL_CAGRIL":"EYLUL_SUICMEZ-BETUL_CAGRIL.json","NILSU_KOC":"EYLUL_SUICMEZ-NILSU_KOC.json","KUTALMIS_ATA_ALTAYLAR":"EYLUL_SUICMEZ-KUTALMIS_ATA_ALTAYLAR.json","ILBER_EREN_TUT":"EYLUL_SUICMEZ-ILBER_EREN_TUT.json","BURHAN_EFE_DEMIR":"BURHAN_EFE_DEMIR-EYLUL_SUICMEZ.json","OYKU_AKSUNGUR":"EYLUL_SUICMEZ-OYKU_AKSUNGUR.json","ECENUR_GUNER":"EYLUL_SUICMEZ-ECENUR_GUNER.json","SELIN_SUNA_KAYA":"EYLUL_SUICMEZ-SELIN_SUNA_KAYA.json","EMIRHAN_EREN_ELIBOL":"EYLUL_SUICMEZ-EMIRHAN_EREN_ELIBOL.json","RABIA_NILAY_YILMAZ":"RABIA_NILAY_YILMAZ-EYLUL_SUICMEZ.json","MERT_ACAR":"EYLUL_SUICMEZ-MERT_ACAR.json","ATAKAN_ORGUN":"EYLUL_SUICMEZ-ATAKAN_ORGUN.json","MERVE_NAZ_DIKME":"EYLUL_SUICMEZ-MERVE_NAZ_DIKME.json","EFE_NEVZAT_CENGER":"EYLUL_SUICMEZ-EFE_NEVZAT_CENGER.json","CLAUDE":"EYLUL_SUICMEZ-CLAUDE.json"},"EMIRHAN_EREN_ELIBOL":{"EFE_DEMIRCI":"EFE_DEMIRCI-EMIRHAN_EREN_ELIBOL.json","MUSAB_TUNC":"MUSAB_TUNC-EMIRHAN_EREN_ELIBOL.json","SERRA_PEHLIVANKUCUK":"SERRA_PEHLIVANKUCUK-EMIRHAN_EREN_ELIBOL.json","OMER_KAGAN_ZAFER":"OMER_KAGAN_ZAFER-EMIRHAN_EREN_ELIBOL.json","OSMAN_ALPEREN_KARADAG":"OSMAN_ALPEREN_KARADAG-EMIRHAN_EREN_ELIBOL.json","GPT":"GPT-EMIRHAN_EREN_ELIBOL.json","CEM_KAYARDI":"CEM_KAYARDI-EMIRHAN_EREN_ELIBOL.json","ELIF_YAMAC":"ELIF_YAMAC-EMIRHAN_EREN_ELIBOL.json","MEHMET_BARAN_KIRAT":"MEHMET_BARAN_KIRAT-EMIRHAN_EREN_ELIBOL.json","KEREM_AKDENIZ":"KEREM_AKDENIZ-EMIRHAN_EREN_ELIBOL.json","EREN_COMOGLU":"EREN_COMOGLU-EMIRHAN_EREN_ELIBOL.json","EMIRHAN_DEMIR":"EMIRHAN_DEMIR-EMIRHAN_EREN_ELIBOL.json","YAREN_TEKIN":"YAREN_TEKIN-EMIRHAN_EREN_ELIBOL.json","BETUL_CAGRIL":"BETUL_CAGRIL-EMIRHAN_EREN_ELIBOL.json","NILSU_KOC":"NILSU_KOC-EMIRHAN_EREN_ELIBOL.json","KUTALMIS_ATA_ALTAYLAR":"KUTALMIS_ATA_ALTAYLAR-EMIRHAN_EREN_ELIBOL.json","ILBER_EREN_TUT":"ILBER_EREN_TUT-EMIRHAN_EREN_ELIBOL.json","OYKU_AKSUNGUR":"OYKU_AKSUNGUR-EMIRHAN_EREN_ELIBOL.json","BURHAN_EFE_DEMIR":"BURHAN_EFE_DEMIR-EMIRHAN_EREN_ELIBOL.json","ECENUR_GUNER":"ECENUR_GUNER-EMIRHAN_EREN_ELIBOL.json","SELIN_SUNA_KAYA":"SELIN_SUNA_KAYA-EMIRHAN_EREN_ELIBOL.json","EYLUL_SUICMEZ":"EYLUL_SUICMEZ-EMIRHAN_EREN_ELIBOL.json","RABIA_NILAY_YILMAZ":"RABIA_NILAY_YILMAZ-EMIRHAN_EREN_ELIBOL.json","MERT_ACAR":"MERT_ACAR-EMIRHAN_EREN_ELIBOL.json","ATAKAN_ORGUN":"EMIRHAN_EREN_ELIBOL-ATAKAN_ORGUN.json","MERVE_NAZ_DIKME":"MERVE_NAZ_DIKME-EMIRHAN_EREN_ELIBOL.json","EFE_NEVZAT_CENGER":"EFE_NEVZAT_CENGER-EMIRHAN_EREN_ELIBOL.json","CLAUDE":"CLAUDE-EMIRHAN_EREN_ELIBOL.json"},"RABIA_NILAY_YILMAZ":{"EFE_DEMIRCI":"RABIA_NILAY_YILMAZ-EFE_DEMIRCI.json","MUSAB_TUNC":"RABIA_NILAY_YILMAZ-MUSAB_TUNC.json","SERRA_PEHLIVANKUCUK":"RABIA_NILAY_YILMAZ-SERRA_PEHLIVANKUCUK.json","OMER_KAGAN_ZAFER":"RABIA_NILAY_YILMAZ-OMER_KAGAN_ZAFER.json","OSMAN_ALPEREN_KARADAG":"RABIA_NILAY_YILMAZ-OSMAN_ALPEREN_KARADAG.json","GPT":"RABIA_NILAY_YILMAZ-GPT.json","ELIF_YAMAC":"RABIA_NILAY_YILMAZ-ELIF_YAMAC.json","CEM_KAYARDI":"RABIA_NILAY_YILMAZ-CEM_KAYARDI.json","MEHMET_BARAN_KIRAT":"RABIA_NILAY_YILMAZ-MEHMET_BARAN_KIRAT.json","KEREM_AKDENIZ":"RABIA_NILAY_YILMAZ-KEREM_AKDENIZ.json","EMIRHAN_DEMIR":"RABIA_NILAY_YILMAZ-EMIRHAN_DEMIR.json","EREN_COMOGLU":"RABIA_NILAY_YILMAZ-EREN_COMOGLU.json","YAREN_TEKIN":"RABIA_NILAY_YILMAZ-YAREN_TEKIN.json","BETUL_CAGRIL":"RABIA_NILAY_YILMAZ-BETUL_CAGRIL.json","NILSU_KOC":"RABIA_NILAY_YILMAZ-NILSU_KOC.json","KUTALMIS_ATA_ALTAYLAR":"RABIA_NILAY_YILMAZ-KUTALMIS_ATA_ALTAYLAR.json","ILBER_EREN_TUT":"RABIA_NILAY_YILMAZ-ILBER_EREN_TUT.json","BURHAN_EFE_DEMIR":"BURHAN_EFE_DEMIR-RABIA_NILAY_YILMAZ.json","OYKU_AKSUNGUR":"RABIA_NILAY_YILMAZ-OYKU_AKSUNGUR.json","ECENUR_GUNER":"RABIA_NILAY_YILMAZ-ECENUR_GUNER.json","SELIN_SUNA_KAYA":"RABIA_NILAY_YILMAZ-SELIN_SUNA_KAYA.json","EYLUL_SUICMEZ":"RABIA_NILAY_YILMAZ-EYLUL_SUICMEZ.json","EMIRHAN_EREN_ELIBOL":"RABIA_NILAY_YILMAZ-EMIRHAN_EREN_ELIBOL.json","MERT_ACAR":"RABIA_NILAY_YILMAZ-MERT_ACAR.json","ATAKAN_ORGUN":"RABIA_NILAY_YILMAZ-ATAKAN_ORGUN.json","MERVE_NAZ_DIKME":"RABIA_NILAY_YILMAZ-MERVE_NAZ_DIKME.json","EFE_NEVZAT_CENGER":"RABIA_NILAY_YILMAZ-EFE_NEVZAT_CENGER.json","CLAUDE":"RABIA_NILAY_YILMAZ-CLAUDE.json"},"MERT_ACAR":{"EFE_DEMIRCI":"MERT_ACAR-EFE_DEMIRCI.json","MUSAB_TUNC":"MERT_ACAR-MUSAB_TUNC.json","SERRA_PEHLIVANKUCUK":"MERT_ACAR-SERRA_PEHLIVANKUCUK.json","OMER_KAGAN_ZAFER":"OMER_KAGAN_ZAFER-MERT_ACAR.json","OSMAN_ALPEREN_KARADAG":"MERT_ACAR-OSMAN_ALPEREN_KARADAG.json","GPT":"MERT_ACAR-GPT.json","ELIF_YAMAC":"ELIF_YAMAC-MERT_ACAR.json","CEM_KAYARDI":"MERT_ACAR-CEM_KAYARDI.json","MEHMET_BARAN_KIRAT":"MERT_ACAR-MEHMET_BARAN_KIRAT.json","KEREM_AKDENIZ":"MERT_ACAR-KEREM_AKDENIZ.json","EMIRHAN_DEMIR":"MERT_ACAR-EMIRHAN_DEMIR.json","EREN_COMOGLU":"MERT_ACAR-EREN_COMOGLU.json","YAREN_TEKIN":"MERT_ACAR-YAREN_TEKIN.json","BETUL_CAGRIL":"MERT_ACAR-BETUL_CAGRIL.json","NILSU_KOC":"NILSU_KOC-MERT_ACAR.json","KUTALMIS_ATA_ALTAYLAR":"MERT_ACAR-KUTALMIS_ATA_ALTAYLAR.json","ILBER_EREN_TUT":"MERT_ACAR-ILBER_EREN_TUT.json","BURHAN_EFE_DEMIR":"BURHAN_EFE_DEMIR-MERT_ACAR.json","OYKU_AKSUNGUR":"MERT_ACAR-OYKU_AKSUNGUR.json","ECENUR_GUNER":"MERT_ACAR-ECENUR_GUNER.json","SELIN_SUNA_KAYA":"MERT_ACAR-SELIN_SUNA_KAYA.json","EYLUL_SUICMEZ":"EYLUL_SUICMEZ-MERT_ACAR.json","EMIRHAN_EREN_ELIBOL":"MERT_ACAR-EMIRHAN_EREN_ELIBOL.json","RABIA_NILAY_YILMAZ":"RABIA_NILAY_YILMAZ-MERT_ACAR.json","ATAKAN_ORGUN":"MERT_ACAR-ATAKAN_ORGUN.json","MERVE_NAZ_DIKME":"MERT_ACAR-MERVE_NAZ_DIKME.json","EFE_NEVZAT_CENGER":"MERT_ACAR-EFE_NEVZAT_CENGER.json","CLAUDE":"MERT_ACAR-CLAUDE.json"},"ATAKAN_ORGUN":{"EFE_DEMIRCI":"EFE_DEMIRCI-ATAKAN_ORGUN.json","MUSAB_TUNC":"MUSAB_TUNC-ATAKAN_ORGUN.json","SERRA_PEHLIVANKUCUK":"SERRA_PEHLIVANKUCUK-ATAKAN_ORGUN.json","OMER_KAGAN_ZAFER":"OMER_KAGAN_ZAFER-ATAKAN_ORGUN.json","OSMAN_ALPEREN_KARADAG":"OSMAN_ALPEREN_KARADAG-ATAKAN_ORGUN.json","GPT":"GPT-ATAKAN_ORGUN.json","CEM_KAYARDI":"CEM_KAYARDI-ATAKAN_ORGUN.json","ELIF_YAMAC":"ELIF_YAMAC-ATAKAN_ORGUN.json","MEHMET_BARAN_KIRAT":"MEHMET_BARAN_KIRAT-ATAKAN_ORGUN.json","KEREM_AKDENIZ":"KEREM_AKDENIZ-ATAKAN_ORGUN.json","EMIRHAN_DEMIR":"EMIRHAN_DEMIR-ATAKAN_ORGUN.json","EREN_COMOGLU":"EREN_COMOGLU-ATAKAN_ORGUN.json","YAREN_TEKIN":"YAREN_TEKIN-ATAKAN_ORGUN.json","BETUL_CAGRIL":"BETUL_CAGRIL-ATAKAN_ORGUN.json","NILSU_KOC":"NILSU_KOC-ATAKAN_ORGUN.json","KUTALMIS_ATA_ALTAYLAR":"KUTALMIS_ATA_ALTAYLAR-ATAKAN_ORGUN.json","ILBER_EREN_TUT":"ILBER_EREN_TUT-ATAKAN_ORGUN.json","BURHAN_EFE_DEMIR":"BURHAN_EFE_DEMIR-ATAKAN_ORGUN.json","OYKU_AKSUNGUR":"OYKU_AKSUNGUR-ATAKAN_ORGUN.json","ECENUR_GUNER":"ECENUR_GUNER-ATAKAN_ORGUN.json","SELIN_SUNA_KAYA":"SELIN_SUNA_KAYA-ATAKAN_ORGUN.json","EYLUL_SUICMEZ":"EYLUL_SUICMEZ-ATAKAN_ORGUN.json","EMIRHAN_EREN_ELIBOL":"EMIRHAN_EREN_ELIBOL-ATAKAN_ORGUN.json","RABIA_NILAY_YILMAZ":"RABIA_NILAY_YILMAZ-ATAKAN_ORGUN.json","MERT_ACAR":"MERT_ACAR-ATAKAN_ORGUN.json","MERVE_NAZ_DIKME":"MERVE_NAZ_DIKME-ATAKAN_ORGUN.json","EFE_NEVZAT_CENGER":"EFE_NEVZAT_CENGER-ATAKAN_ORGUN.json","CLAUDE":"CLAUDE-ATAKAN_ORGUN.json"},"MERVE_NAZ_DIKME":{"EFE_DEMIRCI":"MERVE_NAZ_DIKME-EFE_DEMIRCI.json","MUSAB_TUNC":"MERVE_NAZ_DIKME-MUSAB_TUNC.json","SERRA_PEHLIVANKUCUK":"MERVE_NAZ_DIKME-SERRA_PEHLIVANKUCUK.json","OMER_KAGAN_ZAFER":"OMER_KAGAN_ZAFER-MERVE_NAZ_DIKME.json","OSMAN_ALPEREN_KARADAG":"MERVE_NAZ_DIKME-OSMAN_ALPEREN_KARADAG.json","GPT":"MERVE_NAZ_DIKME-GPT.json","ELIF_YAMAC":"ELIF_YAMAC-MERVE_NAZ_DIKME.json","CEM_KAYARDI":"MERVE_NAZ_DIKME-CEM_KAYARDI.json","MEHMET_BARAN_KIRAT":"MERVE_NAZ_DIKME-MEHMET_BARAN_KIRAT.json","KEREM_AKDENIZ":"MERVE_NAZ_DIKME-KEREM_AKDENIZ.json","EMIRHAN_DEMIR":"MERVE_NAZ_DIKME-EMIRHAN_DEMIR.json","EREN_COMOGLU":"MERVE_NAZ_DIKME-EREN_COMOGLU.json","YAREN_TEKIN":"MERVE_NAZ_DIKME-YAREN_TEKIN.json","BETUL_CAGRIL":"MERVE_NAZ_DIKME-BETUL_CAGRIL.json","NILSU_KOC":"NILSU_KOC-MERVE_NAZ_DIKME.json","KUTALMIS_ATA_ALTAYLAR":"MERVE_NAZ_DIKME-KUTALMIS_ATA_ALTAYLAR.json","ILBER_EREN_TUT":"ILBER_EREN_TUT-MERVE_NAZ_DIKME.json","OYKU_AKSUNGUR":"MERVE_NAZ_DIKME-OYKU_AKSUNGUR.json","BURHAN_EFE_DEMIR":"BURHAN_EFE_DEMIR-MERVE_NAZ_DIKME.json","ECENUR_GUNER":"MERVE_NAZ_DIKME-ECENUR_GUNER.json","SELIN_SUNA_KAYA":"MERVE_NAZ_DIKME-SELIN_SUNA_KAYA.json","EYLUL_SUICMEZ":"EYLUL_SUICMEZ-MERVE_NAZ_DIKME.json","EMIRHAN_EREN_ELIBOL":"MERVE_NAZ_DIKME-EMIRHAN_EREN_ELIBOL.json","RABIA_NILAY_YILMAZ":"RABIA_NILAY_YILMAZ-MERVE_NAZ_DIKME.json","MERT_ACAR":"MERT_ACAR-MERVE_NAZ_DIKME.json","ATAKAN_ORGUN":"MERVE_NAZ_DIKME-ATAKAN_ORGUN.json","EFE_NEVZAT_CENGER":"MERVE_NAZ_DIKME-EFE_NEVZAT_CENGER.json","CLAUDE":"MERVE_NAZ_DIKME-CLAUDE.json"},"EFE_NEVZAT_CENGER":{"EFE_DEMIRCI":"EFE_DEMIRCI-EFE_NEVZAT_CENGER.json","MUSAB_TUNC":"MUSAB_TUNC-EFE_NEVZAT_CENGER.json","SERRA_PEHLIVANKUCUK":"SERRA_PEHLIVANKUCUK-EFE_NEVZAT_CENGER.json","OMER_KAGAN_ZAFER":"OMER_KAGAN_ZAFER-EFE_NEVZAT_CENGER.json","OSMAN_ALPEREN_KARADAG":"OSMAN_ALPEREN_KARADAG-EFE_NEVZAT_CENGER.json","GPT":"EFE_NEVZAT_CENGER-GPT.json","CEM_KAYARDI":"CEM_KAYARDI-EFE_NEVZAT_CENGER.json","ELIF_YAMAC":"ELIF_YAMAC-EFE_NEVZAT_CENGER.json","MEHMET_BARAN_KIRAT":"MEHMET_BARAN_KIRAT-EFE_NEVZAT_CENGER.json","KEREM_AKDENIZ":"KEREM_AKDENIZ-EFE_NEVZAT_CENGER.json","EREN_COMOGLU":"EREN_COMOGLU-EFE_NEVZAT_CENGER.json","EMIRHAN_DEMIR":"EMIRHAN_DEMIR-EFE_NEVZAT_CENGER.json","YAREN_TEKIN":"YAREN_TEKIN-EFE_NEVZAT_CENGER.json","BETUL_CAGRIL":"BETUL_CAGRIL-EFE_NEVZAT_CENGER.json","NILSU_KOC":"NILSU_KOC-EFE_NEVZAT_CENGER.json","KUTALMIS_ATA_ALTAYLAR":"KUTALMIS_ATA_ALTAYLAR-EFE_NEVZAT_CENGER.json","ILBER_EREN_TUT":"ILBER_EREN_TUT-EFE_NEVZAT_CENGER.json","OYKU_AKSUNGUR":"OYKU_AKSUNGUR-EFE_NEVZAT_CENGER.json","BURHAN_EFE_DEMIR":"BURHAN_EFE_DEMIR-EFE_NEVZAT_CENGER.json","ECENUR_GUNER":"EFE_NEVZAT_CENGER-ECENUR_GUNER.json","SELIN_SUNA_KAYA":"SELIN_SUNA_KAYA-EFE_NEVZAT_CENGER.json","EYLUL_SUICMEZ":"EYLUL_SUICMEZ-EFE_NEVZAT_CENGER.json","EMIRHAN_EREN_ELIBOL":"EFE_NEVZAT_CENGER-EMIRHAN_EREN_ELIBOL.json","RABIA_NILAY_YILMAZ":"RABIA_NILAY_YILMAZ-EFE_NEVZAT_CENGER.json","MERT_ACAR":"MERT_ACAR-EFE_NEVZAT_CENGER.json","ATAKAN_ORGUN":"EFE_NEVZAT_CENGER-ATAKAN_ORGUN.json","MERVE_NAZ_DIKME":"MERVE_NAZ_DIKME-EFE_NEVZAT_CENGER.json","CLAUDE":"EFE_NEVZAT_CENGER-CLAUDE.json"},"CLAUDE":{"EFE_DEMIRCI":"EFE_DEMIRCI-CLAUDE.json","MUSAB_TUNC":"MUSAB_TUNC-CLAUDE.json","SERRA_PEHLIVANKUCUK":"SERRA_PEHLIVANKUCUK-CLAUDE.json","OMER_KAGAN_ZAFER":"OMER_KAGAN_ZAFER-CLAUDE.json","OSMAN_ALPEREN_KARADAG":"OSMAN_ALPEREN_KARADAG-CLAUDE.json","GPT":"CLAUDE-GPT.json","CEM_KAYARDI":"CEM_KAYARDI-CLAUDE.json","ELIF_YAMAC":"ELIF_YAMAC-CLAUDE.json","MEHMET_BARAN_KIRAT":"MEHMET_BARAN_KIRAT-CLAUDE.json","KEREM_AKDENIZ":"KEREM_AKDENIZ-CLAUDE.json","EREN_COMOGLU":"EREN_COMOGLU-CLAUDE.json","EMIRHAN_DEMIR":"EMIRHAN_DEMIR-CLAUDE.json","YAREN_TEKIN":"YAREN_TEKIN-CLAUDE.json","BETUL_CAGRIL":"BETUL_CAGRIL-CLAUDE.json","NILSU_KOC":"NILSU_KOC-CLAUDE.json","KUTALMIS_ATA_ALTAYLAR":"KUTALMIS_ATA_ALTAYLAR-CLAUDE.json","ILBER_EREN_TUT":"ILBER_EREN_TUT-CLAUDE.json","OYKU_AKSUNGUR":"OYKU_AKSUNGUR-CLAUDE.json","BURHAN_EFE_DEMIR":"BURHAN_EFE_DEMIR-CLAUDE.json","ECENUR_GUNER":"CLAUDE-ECENUR_GUNER.json","SELIN_SUNA_KAYA":"SELIN_SUNA_KAYA-CLAUDE.json","EYLUL_SUICMEZ":"EYLUL_SUICMEZ-CLAUDE.json","EMIRHAN_EREN_ELIBOL":"CLAUDE-EMIRHAN_EREN_ELIBOL.json","RABIA_NILAY_YILMAZ":"RABIA_NILAY_YILMAZ-CLAUDE.json","MERT_ACAR":"MERT_ACAR-CLAUDE.json","ATAKAN_ORGUN":"CLAUDE-ATAKAN_ORGUN.json","MERVE_NAZ_DIKME":"MERVE_NAZ_DIKME-CLAUDE.json","EFE_NEVZAT_CENGER":"EFE_NEVZAT_CENGER-CLAUDE.json"}}}