{"fileIndexes":{"EFE_DEMIRCI":{"EFE_DEMIRCI/LinkedListQuestions.cpp":{"tokenCount":88}},"MUSAB_TUNC":{"MUSAB_TUNC/musab_tunc.cpp":{"tokenCount":67}},"SERRA_PEHLIVANKUCUK":{"SERRA_PEHLIVANKUCUK/LinkedListQuestions.cpp":{"tokenCount":60}},"OMER_KAGAN_ZAFER":{"OMER_KAGAN_ZAFER/omerkagan.zafer.cpp":{"tokenCount":21}},"OSMAN_ALPEREN_KARADAG":{"OSMAN_ALPEREN_KARADAG/LinkedListQuestions.cpp":{"tokenCount":92}},"GPT":{"GPT/LinkedListQuestions.cpp":{"tokenCount":102}},"CEM_KAYARDI":{"CEM_KAYARDI/LinkedListQuestions.cpp":{"tokenCount":73}},"ELIF_YAMAC":{"ELIF_YAMAC/LinkedListQuestions.cpp":{"tokenCount":18}},"MEHMET_BARAN_KIRAT":{"MEHMET_BARAN_KIRAT/LinkedListQuestions.cpp":{"tokenCount":81}},"KEREM_AKDENIZ":{"KEREM_AKDENIZ/LinkedListQuestions.cpp":{"tokenCount":68}},"EMIRHAN_DEMIR":{"EMIRHAN_DEMIR/LinkedListQuestions.cpp":{"tokenCount":80}},"EREN_COMOGLU":{"EREN_COMOGLU/LinkedListQuestions.cpp":{"tokenCount":88}},"YAREN_TEKIN":{"YAREN_TEKIN/LinkedListQuestions.cpp":{"tokenCount":92}},"BETUL_CAGRIL":{"BETUL_CAGRIL/LinkedListQuestions.cpp":{"tokenCount":85}},"NILSU_KOC":{"NILSU_KOC/LinkedListQuestions.cpp":{"tokenCount":29}},"KUTALMIS_ATA_ALTAYLAR":{"KUTALMIS_ATA_ALTAYLAR/LinkedListQuestions.lab111.cpp":{"tokenCount":64}},"ILBER_EREN_TUT":{"ILBER_EREN_TUT/LinkedListQuestions.cpp":{"tokenCount":38}},"BURHAN_EFE_DEMIR":{"BURHAN_EFE_DEMIR/burhan_efe_demir.cpp":{"tokenCount":15}},"OYKU_AKSUNGUR":{"OYKU_AKSUNGUR/LinkedListQuestions.cpp":{"tokenCount":77}},"ECENUR_GUNER":{"ECENUR_GUNER/LinkedListQuestions.cpp":{"tokenCount":97}},"SELIN_SUNA_KAYA":{"SELIN_SUNA_KAYA/LinkedListQuestions.cpp":{"tokenCount":93}},"EYLUL_SUICMEZ":{"EYLUL_SUICMEZ/LinkedListQuestions.cpp":{"tokenCount":29}},"EMIRHAN_EREN_ELIBOL":{"EMIRHAN_EREN_ELIBOL/LinkedListQuestions.cpp":{"tokenCount":145}},"RABIA_NILAY_YILMAZ":{"RABIA_NILAY_YILMAZ/LinkedListQuestions_.cpp":{"tokenCount":16}},"MERT_ACAR":{"MERT_ACAR/lab1_1.cpp":{"tokenCount":34}},"ATAKAN_ORGUN":{"ATAKAN_ORGUN/LinkedList.cpp":{"tokenCount":133},"ATAKAN_ORGUN/main.cpp":{"tokenCount":121},"ATAKAN_ORGUN/LinkedListQuestions.cpp":{"tokenCount":49}},"MERVE_NAZ_DIKME":{"MERVE_NAZ_DIKME/LinkedListQuestions.cpp":{"tokenCount":56}},"EFE_NEVZAT_CENGER":{"EFE_NEVZAT_CENGER/LinkedListQuestions.cpp":{"tokenCount":95}},"CLAUDE":{"CLAUDE/LinkedListQuestions.cpp":{"tokenCount":96}}}}