[{"firstSubmission":"EFE_DEMIRCI","secondSubmission":"YAREN_TEKIN","similarities":{"AVG":1.0,"MAX":1.0,"MAXIMUM_LENGTH":92.0,"LONGEST_MATCH":87.0}},{"firstSubmission":"BURHAN_EFE_DEMIR","secondSubmission":"RABIA_NILAY_YILMAZ","similarities":{"AVG":0.9655172413793104,"MAX":1.0,"MAXIMUM_LENGTH":16.0,"LONGEST_MATCH":14.0}},{"firstSubmission":"YAREN_TEKIN","secondSubmission":"ECENUR_GUNER","similarities":{"AVG":0.8235294117647058,"MAX":0.8461538461538461,"MAXIMUM_LENGTH":97.0,"LONGEST_MATCH":29.0}},{"firstSubmission":"BURHAN_EFE_DEMIR","secondSubmission":"EYLUL_SUICMEZ","similarities":{"AVG":0.8148148148148148,"MAX":0.8461538461538461,"MAXIMUM_LENGTH":29.0,"LONGEST_MATCH":11.0}},{"firstSubmission":"OSMAN_ALPEREN_KARADAG","secondSubmission":"CLAUDE","similarities":{"AVG":0.8010752688172043,"MAX":0.8241758241758241,"MAXIMUM_LENGTH":96.0,"LONGEST_MATCH":33.0}},{"firstSubmission":"YAREN_TEKIN","secondSubmission":"CLAUDE","similarities":{"AVG":0.7903225806451613,"MAX":0.8241758241758241,"MAXIMUM_LENGTH":96.0,"LONGEST_MATCH":29.0}},{"firstSubmission":"RABIA_NILAY_YILMAZ","secondSubmission":"EYLUL_SUICMEZ","similarities":{"AVG":0.7857142857142857,"MAX":0.8461538461538461,"MAXIMUM_LENGTH":29.0,"LONGEST_MATCH":11.0}},{"firstSubmission":"GPT","secondSubmission":"EMIRHAN_EREN_ELIBOL","similarities":{"AVG":0.7755102040816326,"MAX":0.9108910891089109,"MAXIMUM_LENGTH":145.0,"LONGEST_MATCH":32.0}},{"firstSubmission":"CEM_KAYARDI","secondSubmission":"OYKU_AKSUNGUR","similarities":{"AVG":0.7101449275362319,"MAX":0.8870967741935484,"MAXIMUM_LENGTH":77.0,"LONGEST_MATCH":25.0}},{"firstSubmission":"CLAUDE","secondSubmission":"ECENUR_GUNER","similarities":{"AVG":0.7068062827225131,"MAX":0.7157894736842105,"MAXIMUM_LENGTH":97.0,"LONGEST_MATCH":25.0}},{"firstSubmission":"YAREN_TEKIN","secondSubmission":"GPT","similarities":{"AVG":0.6770833333333334,"MAX":0.7142857142857143,"MAXIMUM_LENGTH":102.0,"LONGEST_MATCH":21.0}},{"firstSubmission":"EFE_DEMIRCI","secondSubmission":"ECENUR_GUNER","similarities":{"AVG":0.644808743169399,"MAX":0.6781609195402298,"MAXIMUM_LENGTH":97.0,"LONGEST_MATCH":16.0}},{"firstSubmission":"BETUL_CAGRIL","secondSubmission":"EFE_NEVZAT_CENGER","similarities":{"AVG":0.6325301204819277,"MAX":0.6666666666666666,"MAXIMUM_LENGTH":95.0,"LONGEST_MATCH":27.0}},{"firstSubmission":"ECENUR_GUNER","secondSubmission":"EMIRHAN_EREN_ELIBOL","similarities":{"AVG":0.625,"MAX":0.78125,"MAXIMUM_LENGTH":145.0,"LONGEST_MATCH":26.0}},{"firstSubmission":"KEREM_AKDENIZ","secondSubmission":"YAREN_TEKIN","similarities":{"AVG":0.618421052631579,"MAX":0.7704918032786885,"MAXIMUM_LENGTH":92.0,"LONGEST_MATCH":22.0}},{"firstSubmission":"KEREM_AKDENIZ","secondSubmission":"GPT","similarities":{"AVG":0.6049382716049383,"MAX":0.8032786885245902,"MAXIMUM_LENGTH":102.0,"LONGEST_MATCH":14.0}},{"firstSubmission":"ECENUR_GUNER","secondSubmission":"GPT","similarities":{"AVG":0.5989847715736041,"MAX":0.6145833333333334,"MAXIMUM_LENGTH":102.0,"LONGEST_MATCH":12.0}},{"firstSubmission":"YAREN_TEKIN","secondSubmission":"EMIRHAN_EREN_ELIBOL","similarities":{"AVG":0.5617021276595745,"MAX":0.7252747252747253,"MAXIMUM_LENGTH":145.0,"LONGEST_MATCH":21.0}},{"firstSubmission":"SELIN_SUNA_KAYA","secondSubmission":"CLAUDE","similarities":{"AVG":0.5454545454545454,"MAX":0.5543478260869565,"MAXIMUM_LENGTH":96.0,"LONGEST_MATCH":12.0}},{"firstSubmission":"KUTALMIS_ATA_ALTAYLAR","secondSubmission":"SELIN_SUNA_KAYA","similarities":{"AVG":0.5419354838709678,"MAX":0.6666666666666666,"MAXIMUM_LENGTH":93.0,"LONGEST_MATCH":12.0}},{"firstSubmission":"MERT_ACAR","secondSubmission":"SERRA_PEHLIVANKUCUK","similarities":{"AVG":0.5352112676056338,"MAX":0.8636363636363636,"MAXIMUM_LENGTH":60.0,"LONGEST_MATCH":10.0}},{"firstSubmission":"KUTALMIS_ATA_ALTAYLAR","secondSubmission":"KEREM_AKDENIZ","similarities":{"AVG":0.5161290322580645,"MAX":0.5245901639344263,"MAXIMUM_LENGTH":68.0,"LONGEST_MATCH":10.0}},{"firstSubmission":"OSMAN_ALPEREN_KARADAG","secondSubmission":"EFE_NEVZAT_CENGER","similarities":{"AVG":0.5139664804469274,"MAX":0.5227272727272727,"MAXIMUM_LENGTH":95.0,"LONGEST_MATCH":23.0}},{"firstSubmission":"MERVE_NAZ_DIKME","secondSubmission":"KUTALMIS_ATA_ALTAYLAR","similarities":{"AVG":0.5,"MAX":0.5714285714285714,"MAXIMUM_LENGTH":64.0,"LONGEST_MATCH":15.0}},{"firstSubmission":"SERRA_PEHLIVANKUCUK","secondSubmission":"KUTALMIS_ATA_ALTAYLAR","similarities":{"AVG":0.5,"MAX":0.5714285714285714,"MAXIMUM_LENGTH":64.0,"LONGEST_MATCH":21.0}},{"firstSubmission":"RABIA_NILAY_YILMAZ","secondSubmission":"MERT_ACAR","similarities":{"AVG":0.4864864864864865,"MAX":0.6,"MAXIMUM_LENGTH":34.0,"LONGEST_MATCH":9.0}},{"firstSubmission":"KEREM_AKDENIZ","secondSubmission":"ECENUR_GUNER","similarities":{"AVG":0.4840764331210191,"MAX":0.6229508196721312,"MAXIMUM_LENGTH":97.0,"LONGEST_MATCH":13.0}},{"firstSubmission":"KUTALMIS_ATA_ALTAYLAR","secondSubmission":"YAREN_TEKIN","similarities":{"AVG":0.4805194805194805,"MAX":0.5873015873015873,"MAXIMUM_LENGTH":92.0,"LONGEST_MATCH":21.0}},{"firstSubmission":"MERT_ACAR","secondSubmission":"MERVE_NAZ_DIKME","similarities":{"AVG":0.4788732394366197,"MAX":0.7727272727272727,"MAXIMUM_LENGTH":56.0,"LONGEST_MATCH":10.0}},{"firstSubmission":"KEREM_AKDENIZ","secondSubmission":"EMIRHAN_EREN_ELIBOL","similarities":{"AVG":0.47804878048780486,"MAX":0.8032786885245902,"MAXIMUM_LENGTH":145.0,"LONGEST_MATCH":17.0}},{"firstSubmission":"KEREM_AKDENIZ","secondSubmission":"OSMAN_ALPEREN_KARADAG","similarities":{"AVG":0.47368421052631576,"MAX":0.5901639344262295,"MAXIMUM_LENGTH":92.0,"LONGEST_MATCH":9.0}},{"firstSubmission":"EFE_DEMIRCI","secondSubmission":"OSMAN_ALPEREN_KARADAG","similarities":{"AVG":0.47191011235955055,"MAX":0.4827586206896552,"MAXIMUM_LENGTH":92.0,"LONGEST_MATCH":21.0}},{"firstSubmission":"OSMAN_ALPEREN_KARADAG","secondSubmission":"GPT","similarities":{"AVG":0.46875,"MAX":0.4945054945054945,"MAXIMUM_LENGTH":102.0,"LONGEST_MATCH":22.0}},{"firstSubmission":"MUSAB_TUNC","secondSubmission":"OSMAN_ALPEREN_KARADAG","similarities":{"AVG":0.4657534246575342,"MAX":0.6181818181818182,"MAXIMUM_LENGTH":92.0,"LONGEST_MATCH":14.0}},{"firstSubmission":"KEREM_AKDENIZ","secondSubmission":"BETUL_CAGRIL","similarities":{"AVG":0.460431654676259,"MAX":0.5245901639344263,"MAXIMUM_LENGTH":85.0,"LONGEST_MATCH":21.0}},{"firstSubmission":"KEREM_AKDENIZ","secondSubmission":"EFE_DEMIRCI","similarities":{"AVG":0.4594594594594595,"MAX":0.5573770491803278,"MAXIMUM_LENGTH":88.0,"LONGEST_MATCH":8.0}},{"firstSubmission":"EYLUL_SUICMEZ","secondSubmission":"MERT_ACAR","similarities":{"AVG":0.45714285714285713,"MAX":0.6153846153846154,"MAXIMUM_LENGTH":34.0,"LONGEST_MATCH":8.0}},{"firstSubmission":"ILBER_EREN_TUT","secondSubmission":"MUSAB_TUNC","similarities":{"AVG":0.45652173913043476,"MAX":0.5675675675675675,"MAXIMUM_LENGTH":67.0,"LONGEST_MATCH":12.0}},{"firstSubmission":"SERRA_PEHLIVANKUCUK","secondSubmission":"ECENUR_GUNER","similarities":{"AVG":0.45517241379310347,"MAX":0.673469387755102,"MAXIMUM_LENGTH":97.0,"LONGEST_MATCH":23.0}},{"firstSubmission":"OSMAN_ALPEREN_KARADAG","secondSubmission":"YAREN_TEKIN","similarities":{"AVG":0.45054945054945056,"MAX":0.45054945054945056,"MAXIMUM_LENGTH":92.0,"LONGEST_MATCH":16.0}},{"firstSubmission":"OSMAN_ALPEREN_KARADAG","secondSubmission":"ECENUR_GUNER","similarities":{"AVG":0.44919786096256686,"MAX":0.46153846153846156,"MAXIMUM_LENGTH":97.0,"LONGEST_MATCH":16.0}},{"firstSubmission":"MERT_ACAR","secondSubmission":"KUTALMIS_ATA_ALTAYLAR","similarities":{"AVG":0.4470588235294118,"MAX":0.8636363636363636,"MAXIMUM_LENGTH":64.0,"LONGEST_MATCH":10.0}},{"firstSubmission":"BURHAN_EFE_DEMIR","secondSubmission":"MERT_ACAR","similarities":{"AVG":0.4444444444444444,"MAX":0.5714285714285714,"MAXIMUM_LENGTH":34.0,"LONGEST_MATCH":8.0}},{"firstSubmission":"MERVE_NAZ_DIKME","secondSubmission":"YAREN_TEKIN","similarities":{"AVG":0.44285714285714284,"MAX":0.6326530612244898,"MAXIMUM_LENGTH":92.0,"LONGEST_MATCH":21.0}},{"firstSubmission":"SERRA_PEHLIVANKUCUK","secondSubmission":"YAREN_TEKIN","similarities":{"AVG":0.44285714285714284,"MAX":0.6326530612244898,"MAXIMUM_LENGTH":92.0,"LONGEST_MATCH":23.0}},{"firstSubmission":"RABIA_NILAY_YILMAZ","secondSubmission":"SERRA_PEHLIVANKUCUK","similarities":{"AVG":0.4375,"MAX":0.9333333333333333,"MAXIMUM_LENGTH":60.0,"LONGEST_MATCH":14.0}},{"firstSubmission":"SERRA_PEHLIVANKUCUK","secondSubmission":"KEREM_AKDENIZ","similarities":{"AVG":0.43636363636363634,"MAX":0.4897959183673469,"MAXIMUM_LENGTH":68.0,"LONGEST_MATCH":11.0}},{"firstSubmission":"EFE_DEMIRCI","secondSubmission":"EFE_NEVZAT_CENGER","similarities":{"AVG":0.4342857142857143,"MAX":0.4367816091954023,"MAXIMUM_LENGTH":95.0,"LONGEST_MATCH":13.0}},{"firstSubmission":"OSMAN_ALPEREN_KARADAG","secondSubmission":"EMIRHAN_EREN_ELIBOL","similarities":{"AVG":0.4340425531914894,"MAX":0.5604395604395604,"MAXIMUM_LENGTH":145.0,"LONGEST_MATCH":12.0}},{"firstSubmission":"KEREM_AKDENIZ","secondSubmission":"SELIN_SUNA_KAYA","similarities":{"AVG":0.43137254901960786,"MAX":0.5409836065573771,"MAXIMUM_LENGTH":93.0,"LONGEST_MATCH":9.0}},{"firstSubmission":"EFE_DEMIRCI","secondSubmission":"CLAUDE","similarities":{"AVG":0.42857142857142855,"MAX":0.4482758620689655,"MAXIMUM_LENGTH":96.0,"LONGEST_MATCH":15.0}},{"firstSubmission":"ILBER_EREN_TUT","secondSubmission":"OSMAN_ALPEREN_KARADAG","similarities":{"AVG":0.421875,"MAX":0.7297297297297297,"MAXIMUM_LENGTH":92.0,"LONGEST_MATCH":10.0}},{"firstSubmission":"CLAUDE","secondSubmission":"GPT","similarities":{"AVG":0.41836734693877553,"MAX":0.43157894736842106,"MAXIMUM_LENGTH":102.0,"LONGEST_MATCH":17.0}},{"firstSubmission":"BURHAN_EFE_DEMIR","secondSubmission":"SERRA_PEHLIVANKUCUK","similarities":{"AVG":0.4126984126984127,"MAX":0.9285714285714286,"MAXIMUM_LENGTH":60.0,"LONGEST_MATCH":13.0}},{"firstSubmission":"MERVE_NAZ_DIKME","secondSubmission":"BETUL_CAGRIL","similarities":{"AVG":0.4094488188976378,"MAX":0.5306122448979592,"MAXIMUM_LENGTH":85.0,"LONGEST_MATCH":19.0}},{"firstSubmission":"BETUL_CAGRIL","secondSubmission":"EMIRHAN_EREN_ELIBOL","similarities":{"AVG":0.40540540540540543,"MAX":0.5769230769230769,"MAXIMUM_LENGTH":145.0,"LONGEST_MATCH":17.0}},{"firstSubmission":"EFE_DEMIRCI","secondSubmission":"GPT","similarities":{"AVG":0.40425531914893614,"MAX":0.4367816091954023,"MAXIMUM_LENGTH":102.0,"LONGEST_MATCH":16.0}},{"firstSubmission":"KEREM_AKDENIZ","secondSubmission":"EFE_NEVZAT_CENGER","similarities":{"AVG":0.40268456375838924,"MAX":0.4918032786885246,"MAXIMUM_LENGTH":95.0,"LONGEST_MATCH":9.0}},{"firstSubmission":"BETUL_CAGRIL","secondSubmission":"GPT","similarities":{"AVG":0.4022346368715084,"MAX":0.46153846153846156,"MAXIMUM_LENGTH":102.0,"LONGEST_MATCH":8.0}},{"firstSubmission":"EFE_NEVZAT_CENGER","secondSubmission":"GPT","similarities":{"AVG":0.4021164021164021,"MAX":0.4318181818181818,"MAXIMUM_LENGTH":102.0,"LONGEST_MATCH":19.0}},{"firstSubmission":"MERVE_NAZ_DIKME","secondSubmission":"ECENUR_GUNER","similarities":{"AVG":0.4,"MAX":0.5918367346938775,"MAXIMUM_LENGTH":97.0,"LONGEST_MATCH":19.0}},{"firstSubmission":"EREN_COMOGLU","secondSubmission":"SELIN_SUNA_KAYA","similarities":{"AVG":0.39106145251396646,"MAX":0.40229885057471265,"MAXIMUM_LENGTH":93.0,"LONGEST_MATCH":11.0}},{"firstSubmission":"EFE_NEVZAT_CENGER","secondSubmission":"EMIRHAN_EREN_ELIBOL","similarities":{"AVG":0.3879310344827586,"MAX":0.5113636363636364,"MAXIMUM_LENGTH":145.0,"LONGEST_MATCH":13.0}},{"firstSubmission":"KUTALMIS_ATA_ALTAYLAR","secondSubmission":"EFE_DEMIRCI","similarities":{"AVG":0.38666666666666666,"MAX":0.4603174603174603,"MAXIMUM_LENGTH":88.0,"LONGEST_MATCH":16.0}},{"firstSubmission":"SERRA_PEHLIVANKUCUK","secondSubmission":"EFE_DEMIRCI","similarities":{"AVG":0.38235294117647056,"MAX":0.5306122448979592,"MAXIMUM_LENGTH":88.0,"LONGEST_MATCH":16.0}},{"firstSubmission":"MERVE_NAZ_DIKME","secondSubmission":"KEREM_AKDENIZ","similarities":{"AVG":0.38181818181818183,"MAX":0.42857142857142855,"MAXIMUM_LENGTH":68.0,"LONGEST_MATCH":15.0}},{"firstSubmission":"EFE_DEMIRCI","secondSubmission":"EMIRHAN_EREN_ELIBOL","similarities":{"AVG":0.38095238095238093,"MAX":0.5057471264367817,"MAXIMUM_LENGTH":145.0,"LONGEST_MATCH":12.0}},{"firstSubmission":"MUSAB_TUNC","secondSubmission":"KEREM_AKDENIZ","similarities":{"AVG":0.3793103448275862,"MAX":0.4,"MAXIMUM_LENGTH":68.0,"LONGEST_MATCH":8.0}},{"firstSubmission":"MUSAB_TUNC","secondSubmission":"EFE_NEVZAT_CENGER","similarities":{"AVG":0.3776223776223776,"MAX":0.4909090909090909,"MAXIMUM_LENGTH":95.0,"LONGEST_MATCH":10.0}},{"firstSubmission":"EREN_COMOGLU","secondSubmission":"EFE_NEVZAT_CENGER","similarities":{"AVG":0.37714285714285717,"MAX":0.3793103448275862,"MAXIMUM_LENGTH":95.0,"LONGEST_MATCH":17.0}},{"firstSubmission":"YAREN_TEKIN","secondSubmission":"EFE_NEVZAT_CENGER","similarities":{"AVG":0.3687150837988827,"MAX":0.375,"MAXIMUM_LENGTH":95.0,"LONGEST_MATCH":11.0}},{"firstSubmission":"BETUL_CAGRIL","secondSubmission":"OSMAN_ALPEREN_KARADAG","similarities":{"AVG":0.3668639053254438,"MAX":0.3974358974358974,"MAXIMUM_LENGTH":92.0,"LONGEST_MATCH":9.0}},{"firstSubmission":"MEHMET_BARAN_KIRAT","secondSubmission":"EREN_COMOGLU","similarities":{"AVG":0.3592814371257485,"MAX":0.375,"MAXIMUM_LENGTH":88.0,"LONGEST_MATCH":10.0}},{"firstSubmission":"RABIA_NILAY_YILMAZ","secondSubmission":"KUTALMIS_ATA_ALTAYLAR","similarities":{"AVG":0.358974358974359,"MAX":0.9333333333333333,"MAXIMUM_LENGTH":64.0,"LONGEST_MATCH":14.0}},{"firstSubmission":"OYKU_AKSUNGUR","secondSubmission":"EREN_COMOGLU","similarities":{"AVG":0.3558282208588957,"MAX":0.3815789473684211,"MAXIMUM_LENGTH":88.0,"LONGEST_MATCH":14.0}},{"firstSubmission":"EYLUL_SUICMEZ","secondSubmission":"SERRA_PEHLIVANKUCUK","similarities":{"AVG":0.3548387096774194,"MAX":0.8461538461538461,"MAXIMUM_LENGTH":60.0,"LONGEST_MATCH":11.0}},{"firstSubmission":"KUTALMIS_ATA_ALTAYLAR","secondSubmission":"GPT","similarities":{"AVG":0.35365853658536583,"MAX":0.4603174603174603,"MAXIMUM_LENGTH":102.0,"LONGEST_MATCH":12.0}},{"firstSubmission":"BETUL_CAGRIL","secondSubmission":"SELIN_SUNA_KAYA","similarities":{"AVG":0.35294117647058826,"MAX":0.38461538461538464,"MAXIMUM_LENGTH":93.0,"LONGEST_MATCH":8.0}},{"firstSubmission":"KUTALMIS_ATA_ALTAYLAR","secondSubmission":"ECENUR_GUNER","similarities":{"AVG":0.3522012578616352,"MAX":0.4444444444444444,"MAXIMUM_LENGTH":97.0,"LONGEST_MATCH":21.0}},{"firstSubmission":"SELIN_SUNA_KAYA","secondSubmission":"EMIRHAN_EREN_ELIBOL","similarities":{"AVG":0.3474576271186441,"MAX":0.44565217391304346,"MAXIMUM_LENGTH":145.0,"LONGEST_MATCH":17.0}},{"firstSubmission":"MERVE_NAZ_DIKME","secondSubmission":"SERRA_PEHLIVANKUCUK","similarities":{"AVG":0.3469387755102041,"MAX":0.3469387755102041,"MAXIMUM_LENGTH":60.0,"LONGEST_MATCH":17.0}},{"firstSubmission":"MUSAB_TUNC","secondSubmission":"CLAUDE","similarities":{"AVG":0.3466666666666667,"MAX":0.4727272727272727,"MAXIMUM_LENGTH":96.0,"LONGEST_MATCH":12.0}},{"firstSubmission":"KUTALMIS_ATA_ALTAYLAR","secondSubmission":"EMIRHAN_EREN_ELIBOL","similarities":{"AVG":0.33816425120772947,"MAX":0.5555555555555556,"MAXIMUM_LENGTH":145.0,"LONGEST_MATCH":13.0}},{"firstSubmission":"OYKU_AKSUNGUR","secondSubmission":"BETUL_CAGRIL","similarities":{"AVG":0.33766233766233766,"MAX":0.34210526315789475,"MAXIMUM_LENGTH":85.0,"LONGEST_MATCH":8.0}},{"firstSubmission":"BURHAN_EFE_DEMIR","secondSubmission":"KUTALMIS_ATA_ALTAYLAR","similarities":{"AVG":0.33766233766233766,"MAX":0.9285714285714286,"MAXIMUM_LENGTH":64.0,"LONGEST_MATCH":13.0}},{"firstSubmission":"MERT_ACAR","secondSubmission":"YAREN_TEKIN","similarities":{"AVG":0.336283185840708,"MAX":0.8636363636363636,"MAXIMUM_LENGTH":92.0,"LONGEST_MATCH":10.0}},{"firstSubmission":"ILBER_EREN_TUT","secondSubmission":"CLAUDE","similarities":{"AVG":0.3333333333333333,"MAX":0.5945945945945946,"MAXIMUM_LENGTH":96.0,"LONGEST_MATCH":14.0}},{"firstSubmission":"CEM_KAYARDI","secondSubmission":"EMIRHAN_EREN_ELIBOL","similarities":{"AVG":0.3300970873786408,"MAX":0.5483870967741935,"MAXIMUM_LENGTH":145.0,"LONGEST_MATCH":10.0}},{"firstSubmission":"EMIRHAN_DEMIR","secondSubmission":"YAREN_TEKIN","similarities":{"AVG":0.32926829268292684,"MAX":0.3698630136986301,"MAXIMUM_LENGTH":92.0,"LONGEST_MATCH":8.0}},{"firstSubmission":"MERVE_NAZ_DIKME","secondSubmission":"MUSAB_TUNC","similarities":{"AVG":0.3269230769230769,"MAX":0.3469387755102041,"MAXIMUM_LENGTH":67.0,"LONGEST_MATCH":17.0}},{"firstSubmission":"KUTALMIS_ATA_ALTAYLAR","secondSubmission":"BETUL_CAGRIL","similarities":{"AVG":0.3262411347517731,"MAX":0.36507936507936506,"MAXIMUM_LENGTH":85.0,"LONGEST_MATCH":9.0}},{"firstSubmission":"EREN_COMOGLU","secondSubmission":"OSMAN_ALPEREN_KARADAG","similarities":{"AVG":0.3258426966292135,"MAX":0.3333333333333333,"MAXIMUM_LENGTH":92.0,"LONGEST_MATCH":8.0}},{"firstSubmission":"CEM_KAYARDI","secondSubmission":"EFE_DEMIRCI","similarities":{"AVG":0.3221476510067114,"MAX":0.3870967741935484,"MAXIMUM_LENGTH":88.0,"LONGEST_MATCH":18.0}},{"firstSubmission":"MERT_ACAR","secondSubmission":"ECENUR_GUNER","similarities":{"AVG":0.3220338983050847,"MAX":0.8636363636363636,"MAXIMUM_LENGTH":97.0,"LONGEST_MATCH":10.0}},{"firstSubmission":"SERRA_PEHLIVANKUCUK","secondSubmission":"EMIRHAN_EREN_ELIBOL","similarities":{"AVG":0.32124352331606215,"MAX":0.6326530612244898,"MAXIMUM_LENGTH":145.0,"LONGEST_MATCH":15.0}},{"firstSubmission":"SELIN_SUNA_KAYA","secondSubmission":"GPT","similarities":{"AVG":0.32124352331606215,"MAX":0.33695652173913043,"MAXIMUM_LENGTH":102.0,"LONGEST_MATCH":15.0}},{"firstSubmission":"SERRA_PEHLIVANKUCUK","secondSubmission":"EFE_NEVZAT_CENGER","similarities":{"AVG":0.32116788321167883,"MAX":0.4489795918367347,"MAXIMUM_LENGTH":95.0,"LONGEST_MATCH":9.0}},{"firstSubmission":"KUTALMIS_ATA_ALTAYLAR","secondSubmission":"EREN_COMOGLU","similarities":{"AVG":0.32,"MAX":0.38095238095238093,"MAXIMUM_LENGTH":88.0,"LONGEST_MATCH":17.0}},{"firstSubmission":"EMIRHAN_DEMIR","secondSubmission":"ECENUR_GUNER","similarities":{"AVG":0.31952662721893493,"MAX":0.3698630136986301,"MAXIMUM_LENGTH":97.0,"LONGEST_MATCH":8.0}},{"firstSubmission":"ILBER_EREN_TUT","secondSubmission":"GPT","similarities":{"AVG":0.3188405797101449,"MAX":0.5945945945945946,"MAXIMUM_LENGTH":102.0,"LONGEST_MATCH":14.0}},{"firstSubmission":"EFE_NEVZAT_CENGER","secondSubmission":"ECENUR_GUNER","similarities":{"AVG":0.31521739130434784,"MAX":0.32954545454545453,"MAXIMUM_LENGTH":97.0,"LONGEST_MATCH":13.0}},{"firstSubmission":"SERRA_PEHLIVANKUCUK","secondSubmission":"OSMAN_ALPEREN_KARADAG","similarities":{"AVG":0.3142857142857143,"MAX":0.4489795918367347,"MAXIMUM_LENGTH":92.0,"LONGEST_MATCH":16.0}},{"firstSubmission":"MEHMET_BARAN_KIRAT","secondSubmission":"SELIN_SUNA_KAYA","similarities":{"AVG":0.313953488372093,"MAX":0.3375,"MAXIMUM_LENGTH":93.0,"LONGEST_MATCH":11.0}},{"firstSubmission":"BURHAN_EFE_DEMIR","secondSubmission":"ILBER_EREN_TUT","similarities":{"AVG":0.3137254901960784,"MAX":0.5714285714285714,"MAXIMUM_LENGTH":38.0,"LONGEST_MATCH":8.0}},{"firstSubmission":"MERT_ACAR","secondSubmission":"KEREM_AKDENIZ","similarities":{"AVG":0.3132530120481928,"MAX":0.5909090909090909,"MAXIMUM_LENGTH":68.0,"LONGEST_MATCH":7.0}},{"firstSubmission":"MUSAB_TUNC","secondSubmission":"EFE_DEMIRCI","similarities":{"AVG":0.30985915492957744,"MAX":0.4,"MAXIMUM_LENGTH":88.0,"LONGEST_MATCH":14.0}},{"firstSubmission":"OYKU_AKSUNGUR","secondSubmission":"EMIRHAN_DEMIR","similarities":{"AVG":0.3087248322147651,"MAX":0.3150684931506849,"MAXIMUM_LENGTH":80.0,"LONGEST_MATCH":9.0}},{"firstSubmission":"RABIA_NILAY_YILMAZ","secondSubmission":"ILBER_EREN_TUT","similarities":{"AVG":0.3076923076923077,"MAX":0.5333333333333333,"MAXIMUM_LENGTH":38.0,"LONGEST_MATCH":8.0}},{"firstSubmission":"KEREM_AKDENIZ","secondSubmission":"OYKU_AKSUNGUR","similarities":{"AVG":0.30656934306569344,"MAX":0.3442622950819672,"MAXIMUM_LENGTH":77.0,"LONGEST_MATCH":8.0}},{"firstSubmission":"ILBER_EREN_TUT","secondSubmission":"KEREM_AKDENIZ","similarities":{"AVG":0.30612244897959184,"MAX":0.40540540540540543,"MAXIMUM_LENGTH":68.0,"LONGEST_MATCH":8.0}},{"firstSubmission":"EFE_NEVZAT_CENGER","secondSubmission":"CLAUDE","similarities":{"AVG":0.30601092896174864,"MAX":0.3181818181818182,"MAXIMUM_LENGTH":96.0,"LONGEST_MATCH":13.0}},{"firstSubmission":"YAREN_TEKIN","secondSubmission":"SELIN_SUNA_KAYA","similarities":{"AVG":0.30601092896174864,"MAX":0.3076923076923077,"MAXIMUM_LENGTH":93.0,"LONGEST_MATCH":12.0}},{"firstSubmission":"OYKU_AKSUNGUR","secondSubmission":"GPT","similarities":{"AVG":0.3050847457627119,"MAX":0.35526315789473684,"MAXIMUM_LENGTH":102.0,"LONGEST_MATCH":8.0}},{"firstSubmission":"CEM_KAYARDI","secondSubmission":"ECENUR_GUNER","similarities":{"AVG":0.3037974683544304,"MAX":0.3870967741935484,"MAXIMUM_LENGTH":97.0,"LONGEST_MATCH":9.0}},{"firstSubmission":"EREN_COMOGLU","secondSubmission":"EMIRHAN_EREN_ELIBOL","similarities":{"AVG":0.30303030303030304,"MAX":0.40229885057471265,"MAXIMUM_LENGTH":145.0,"LONGEST_MATCH":13.0}},{"firstSubmission":"MERVE_NAZ_DIKME","secondSubmission":"EMIRHAN_EREN_ELIBOL","similarities":{"AVG":0.3005181347150259,"MAX":0.5918367346938775,"MAXIMUM_LENGTH":145.0,"LONGEST_MATCH":19.0}},{"firstSubmission":"MERVE_NAZ_DIKME","secondSubmission":"OSMAN_ALPEREN_KARADAG","similarities":{"AVG":0.3,"MAX":0.42857142857142855,"MAXIMUM_LENGTH":92.0,"LONGEST_MATCH":14.0}},{"firstSubmission":"BETUL_CAGRIL","secondSubmission":"ECENUR_GUNER","similarities":{"AVG":0.2988505747126437,"MAX":0.3333333333333333,"MAXIMUM_LENGTH":97.0,"LONGEST_MATCH":13.0}},{"firstSubmission":"KUTALMIS_ATA_ALTAYLAR","secondSubmission":"OSMAN_ALPEREN_KARADAG","similarities":{"AVG":0.2987012987012987,"MAX":0.36507936507936506,"MAXIMUM_LENGTH":92.0,"LONGEST_MATCH":16.0}},{"firstSubmission":"KEREM_AKDENIZ","secondSubmission":"EREN_COMOGLU","similarities":{"AVG":0.2972972972972973,"MAX":0.36065573770491804,"MAXIMUM_LENGTH":88.0,"LONGEST_MATCH":9.0}},{"firstSubmission":"MERVE_NAZ_DIKME","secondSubmission":"EFE_DEMIRCI","similarities":{"AVG":0.29411764705882354,"MAX":0.40816326530612246,"MAXIMUM_LENGTH":88.0,"LONGEST_MATCH":14.0}},{"firstSubmission":"KUTALMIS_ATA_ALTAYLAR","secondSubmission":"MEHMET_BARAN_KIRAT","similarities":{"AVG":0.2937062937062937,"MAX":0.3333333333333333,"MAXIMUM_LENGTH":81.0,"LONGEST_MATCH":8.0}},{"firstSubmission":"OYKU_AKSUNGUR","secondSubmission":"CLAUDE","similarities":{"AVG":0.29239766081871343,"MAX":0.32894736842105265,"MAXIMUM_LENGTH":96.0,"LONGEST_MATCH":7.0}},{"firstSubmission":"MERVE_NAZ_DIKME","secondSubmission":"EFE_NEVZAT_CENGER","similarities":{"AVG":0.291970802919708,"MAX":0.40816326530612246,"MAXIMUM_LENGTH":95.0,"LONGEST_MATCH":13.0}},{"firstSubmission":"MUSAB_TUNC","secondSubmission":"EMIRHAN_EREN_ELIBOL","similarities":{"AVG":0.2914572864321608,"MAX":0.5272727272727272,"MAXIMUM_LENGTH":145.0,"LONGEST_MATCH":12.0}},{"firstSubmission":"ILBER_EREN_TUT","secondSubmission":"EFE_DEMIRCI","similarities":{"AVG":0.2903225806451613,"MAX":0.4864864864864865,"MAXIMUM_LENGTH":88.0,"LONGEST_MATCH":10.0}},{"firstSubmission":"EYLUL_SUICMEZ","secondSubmission":"KUTALMIS_ATA_ALTAYLAR","similarities":{"AVG":0.2894736842105263,"MAX":0.8461538461538461,"MAXIMUM_LENGTH":64.0,"LONGEST_MATCH":11.0}},{"firstSubmission":"MERVE_NAZ_DIKME","secondSubmission":"OYKU_AKSUNGUR","similarities":{"AVG":0.288,"MAX":0.3673469387755102,"MAXIMUM_LENGTH":77.0,"LONGEST_MATCH":11.0}},{"firstSubmission":"CEM_KAYARDI","secondSubmission":"YAREN_TEKIN","similarities":{"AVG":0.2875816993464052,"MAX":0.3548387096774194,"MAXIMUM_LENGTH":92.0,"LONGEST_MATCH":8.0}},{"firstSubmission":"ILBER_EREN_TUT","secondSubmission":"EMIRHAN_EREN_ELIBOL","similarities":{"AVG":0.287292817679558,"MAX":0.7027027027027027,"MAXIMUM_LENGTH":145.0,"LONGEST_MATCH":12.0}},{"firstSubmission":"OYKU_AKSUNGUR","secondSubmission":"SELIN_SUNA_KAYA","similarities":{"AVG":0.2857142857142857,"MAX":0.3157894736842105,"MAXIMUM_LENGTH":93.0,"LONGEST_MATCH":10.0}},{"firstSubmission":"MERVE_NAZ_DIKME","secondSubmission":"SELIN_SUNA_KAYA","similarities":{"AVG":0.28368794326241137,"MAX":0.40816326530612246,"MAXIMUM_LENGTH":93.0,"LONGEST_MATCH":12.0}},{"firstSubmission":"SERRA_PEHLIVANKUCUK","secondSubmission":"GPT","similarities":{"AVG":0.28,"MAX":0.42857142857142855,"MAXIMUM_LENGTH":102.0,"LONGEST_MATCH":12.0}},{"firstSubmission":"EFE_DEMIRCI","secondSubmission":"SELIN_SUNA_KAYA","similarities":{"AVG":0.27932960893854747,"MAX":0.28735632183908044,"MAXIMUM_LENGTH":93.0,"LONGEST_MATCH":12.0}},{"firstSubmission":"ILBER_EREN_TUT","secondSubmission":"MERVE_NAZ_DIKME","similarities":{"AVG":0.27906976744186046,"MAX":0.32432432432432434,"MAXIMUM_LENGTH":56.0,"LONGEST_MATCH":12.0}},{"firstSubmission":"MUSAB_TUNC","secondSubmission":"YAREN_TEKIN","similarities":{"AVG":0.273972602739726,"MAX":0.36363636363636365,"MAXIMUM_LENGTH":92.0,"LONGEST_MATCH":14.0}},{"firstSubmission":"KUTALMIS_ATA_ALTAYLAR","secondSubmission":"OYKU_AKSUNGUR","similarities":{"AVG":0.2733812949640288,"MAX":0.30158730158730157,"MAXIMUM_LENGTH":77.0,"LONGEST_MATCH":7.0}},{"firstSubmission":"SERRA_PEHLIVANKUCUK","secondSubmission":"SELIN_SUNA_KAYA","similarities":{"AVG":0.2695035460992908,"MAX":0.3877551020408163,"MAXIMUM_LENGTH":93.0,"LONGEST_MATCH":12.0}},{"firstSubmission":"SERRA_PEHLIVANKUCUK","secondSubmission":"MUSAB_TUNC","similarities":{"AVG":0.2692307692307692,"MAX":0.2857142857142857,"MAXIMUM_LENGTH":67.0,"LONGEST_MATCH":14.0}},{"firstSubmission":"OYKU_AKSUNGUR","secondSubmission":"MEHMET_BARAN_KIRAT","similarities":{"AVG":0.2692307692307692,"MAX":0.27631578947368424,"MAXIMUM_LENGTH":81.0,"LONGEST_MATCH":14.0}},{"firstSubmission":"OYKU_AKSUNGUR","secondSubmission":"EFE_NEVZAT_CENGER","similarities":{"AVG":0.2682926829268293,"MAX":0.2894736842105263,"MAXIMUM_LENGTH":95.0,"LONGEST_MATCH":10.0}},{"firstSubmission":"CLAUDE","secondSubmission":"EMIRHAN_EREN_ELIBOL","similarities":{"AVG":0.26778242677824265,"MAX":0.3368421052631579,"MAXIMUM_LENGTH":145.0,"LONGEST_MATCH":13.0}},{"firstSubmission":"SERRA_PEHLIVANKUCUK","secondSubmission":"BETUL_CAGRIL","similarities":{"AVG":0.2677165354330709,"MAX":0.3469387755102041,"MAXIMUM_LENGTH":85.0,"LONGEST_MATCH":11.0}},{"firstSubmission":"MUSAB_TUNC","secondSubmission":"ECENUR_GUNER","similarities":{"AVG":0.26490066225165565,"MAX":0.36363636363636365,"MAXIMUM_LENGTH":97.0,"LONGEST_MATCH":14.0}},{"firstSubmission":"SERRA_PEHLIVANKUCUK","secondSubmission":"EREN_COMOGLU","similarities":{"AVG":0.2647058823529412,"MAX":0.3673469387755102,"MAXIMUM_LENGTH":88.0,"LONGEST_MATCH":6.0}},{"firstSubmission":"EFE_DEMIRCI","secondSubmission":"EREN_COMOGLU","similarities":{"AVG":0.26436781609195403,"MAX":0.26436781609195403,"MAXIMUM_LENGTH":88.0,"LONGEST_MATCH":8.0}},{"firstSubmission":"RABIA_NILAY_YILMAZ","secondSubmission":"YAREN_TEKIN","similarities":{"AVG":0.2641509433962264,"MAX":0.9333333333333333,"MAXIMUM_LENGTH":92.0,"LONGEST_MATCH":14.0}},{"firstSubmission":"MERVE_NAZ_DIKME","secondSubmission":"CLAUDE","similarities":{"AVG":0.2638888888888889,"MAX":0.3877551020408163,"MAXIMUM_LENGTH":96.0,"LONGEST_MATCH":13.0}},{"firstSubmission":"ILBER_EREN_TUT","secondSubmission":"BETUL_CAGRIL","similarities":{"AVG":0.2608695652173913,"MAX":0.40540540540540543,"MAXIMUM_LENGTH":85.0,"LONGEST_MATCH":9.0}},{"firstSubmission":"MERT_ACAR","secondSubmission":"BETUL_CAGRIL","similarities":{"AVG":0.26,"MAX":0.5909090909090909,"MAXIMUM_LENGTH":85.0,"LONGEST_MATCH":7.0}},{"firstSubmission":"MERT_ACAR","secondSubmission":"MUSAB_TUNC","similarities":{"AVG":0.2597402597402597,"MAX":0.45454545454545453,"MAXIMUM_LENGTH":67.0,"LONGEST_MATCH":10.0}},{"firstSubmission":"EREN_COMOGLU","secondSubmission":"YAREN_TEKIN","similarities":{"AVG":0.25842696629213485,"MAX":0.26436781609195403,"MAXIMUM_LENGTH":92.0,"LONGEST_MATCH":11.0}},{"firstSubmission":"ILBER_EREN_TUT","secondSubmission":"EFE_NEVZAT_CENGER","similarities":{"AVG":0.256,"MAX":0.43243243243243246,"MAXIMUM_LENGTH":95.0,"LONGEST_MATCH":9.0}},{"firstSubmission":"SELIN_SUNA_KAYA","secondSubmission":"EFE_NEVZAT_CENGER","similarities":{"AVG":0.25555555555555554,"MAX":0.26136363636363635,"MAXIMUM_LENGTH":95.0,"LONGEST_MATCH":9.0}},{"firstSubmission":"OYKU_AKSUNGUR","secondSubmission":"EMIRHAN_EREN_ELIBOL","similarities":{"AVG":0.2545454545454545,"MAX":0.3684210526315789,"MAXIMUM_LENGTH":145.0,"LONGEST_MATCH":11.0}},{"firstSubmission":"BETUL_CAGRIL","secondSubmission":"EFE_DEMIRCI","similarities":{"AVG":0.2545454545454545,"MAX":0.2692307692307692,"MAXIMUM_LENGTH":88.0,"LONGEST_MATCH":8.0}},{"firstSubmission":"MERT_ACAR","secondSubmission":"EFE_NEVZAT_CENGER","similarities":{"AVG":0.2545454545454545,"MAX":0.6363636363636364,"MAXIMUM_LENGTH":95.0,"LONGEST_MATCH":8.0}},{"firstSubmission":"BURHAN_EFE_DEMIR","secondSubmission":"MERVE_NAZ_DIKME","similarities":{"AVG":0.25396825396825395,"MAX":0.5714285714285714,"MAXIMUM_LENGTH":56.0,"LONGEST_MATCH":8.0}},{"firstSubmission":"MERVE_NAZ_DIKME","secondSubmission":"GPT","similarities":{"AVG":0.25333333333333335,"MAX":0.3877551020408163,"MAXIMUM_LENGTH":102.0,"LONGEST_MATCH":12.0}},{"firstSubmission":"RABIA_NILAY_YILMAZ","secondSubmission":"ECENUR_GUNER","similarities":{"AVG":0.25225225225225223,"MAX":0.9333333333333333,"MAXIMUM_LENGTH":97.0,"LONGEST_MATCH":14.0}},{"firstSubmission":"OYKU_AKSUNGUR","secondSubmission":"OSMAN_ALPEREN_KARADAG","similarities":{"AVG":0.25149700598802394,"MAX":0.27631578947368424,"MAXIMUM_LENGTH":92.0,"LONGEST_MATCH":8.0}},{"firstSubmission":"OYKU_AKSUNGUR","secondSubmission":"YAREN_TEKIN","similarities":{"AVG":0.25149700598802394,"MAX":0.27631578947368424,"MAXIMUM_LENGTH":92.0,"LONGEST_MATCH":14.0}},{"firstSubmission":"EREN_COMOGLU","secondSubmission":"ECENUR_GUNER","similarities":{"AVG":0.25136612021857924,"MAX":0.26436781609195403,"MAXIMUM_LENGTH":97.0,"LONGEST_MATCH":11.0}},{"firstSubmission":"ILBER_EREN_TUT","secondSubmission":"YAREN_TEKIN","similarities":{"AVG":0.25,"MAX":0.43243243243243246,"MAXIMUM_LENGTH":92.0,"LONGEST_MATCH":10.0}},{"firstSubmission":"RABIA_NILAY_YILMAZ","secondSubmission":"MERVE_NAZ_DIKME","similarities":{"AVG":0.25,"MAX":0.5333333333333333,"MAXIMUM_LENGTH":56.0,"LONGEST_MATCH":8.0}},{"firstSubmission":"EMIRHAN_DEMIR","secondSubmission":"EMIRHAN_EREN_ELIBOL","similarities":{"AVG":0.2488479262672811,"MAX":0.3698630136986301,"MAXIMUM_LENGTH":145.0,"LONGEST_MATCH":8.0}},{"firstSubmission":"BETUL_CAGRIL","secondSubmission":"YAREN_TEKIN","similarities":{"AVG":0.2485207100591716,"MAX":0.2692307692307692,"MAXIMUM_LENGTH":92.0,"LONGEST_MATCH":15.0}},{"firstSubmission":"BURHAN_EFE_DEMIR","secondSubmission":"YAREN_TEKIN","similarities":{"AVG":0.24761904761904763,"MAX":0.9285714285714286,"MAXIMUM_LENGTH":92.0,"LONGEST_MATCH":13.0}},{"firstSubmission":"CEM_KAYARDI","secondSubmission":"GPT","similarities":{"AVG":0.24539877300613497,"MAX":0.3225806451612903,"MAXIMUM_LENGTH":102.0,"LONGEST_MATCH":7.0}},{"firstSubmission":"CEM_KAYARDI","secondSubmission":"EREN_COMOGLU","similarities":{"AVG":0.24161073825503357,"MAX":0.2903225806451613,"MAXIMUM_LENGTH":88.0,"LONGEST_MATCH":6.0}},{"firstSubmission":"ILBER_EREN_TUT","secondSubmission":"ECENUR_GUNER","similarities":{"AVG":0.24060150375939848,"MAX":0.43243243243243246,"MAXIMUM_LENGTH":97.0,"LONGEST_MATCH":10.0}},{"firstSubmission":"NILSU_KOC","secondSubmission":"KEREM_AKDENIZ","similarities":{"AVG":0.24,"MAX":0.6428571428571429,"MAXIMUM_LENGTH":68.0,"LONGEST_MATCH":9.0}},{"firstSubmission":"EYLUL_SUICMEZ","secondSubmission":"ILBER_EREN_TUT","similarities":{"AVG":0.24,"MAX":0.46153846153846156,"MAXIMUM_LENGTH":38.0,"LONGEST_MATCH":6.0}},{"firstSubmission":"MEHMET_BARAN_KIRAT","secondSubmission":"EFE_NEVZAT_CENGER","similarities":{"AVG":0.23809523809523808,"MAX":0.25,"MAXIMUM_LENGTH":95.0,"LONGEST_MATCH":8.0}},{"firstSubmission":"EMIRHAN_DEMIR","secondSubmission":"EFE_DEMIRCI","similarities":{"AVG":0.2375,"MAX":0.2602739726027397,"MAXIMUM_LENGTH":88.0,"LONGEST_MATCH":7.0}},{"firstSubmission":"KUTALMIS_ATA_ALTAYLAR","secondSubmission":"MUSAB_TUNC","similarities":{"AVG":0.23728813559322035,"MAX":0.2545454545454545,"MAXIMUM_LENGTH":67.0,"LONGEST_MATCH":14.0}},{"firstSubmission":"MERT_ACAR","secondSubmission":"ILBER_EREN_TUT","similarities":{"AVG":0.23728813559322035,"MAX":0.3181818181818182,"MAXIMUM_LENGTH":38.0,"LONGEST_MATCH":7.0}},{"firstSubmission":"BURHAN_EFE_DEMIR","secondSubmission":"ECENUR_GUNER","similarities":{"AVG":0.23636363636363636,"MAX":0.9285714285714286,"MAXIMUM_LENGTH":97.0,"LONGEST_MATCH":13.0}},{"firstSubmission":"NILSU_KOC","secondSubmission":"ILBER_EREN_TUT","similarities":{"AVG":0.23529411764705882,"MAX":0.42857142857142855,"MAXIMUM_LENGTH":38.0,"LONGEST_MATCH":6.0}},{"firstSubmission":"ILBER_EREN_TUT","secondSubmission":"SELIN_SUNA_KAYA","similarities":{"AVG":0.23255813953488372,"MAX":0.40540540540540543,"MAXIMUM_LENGTH":93.0,"LONGEST_MATCH":8.0}},{"firstSubmission":"ILBER_EREN_TUT","secondSubmission":"SERRA_PEHLIVANKUCUK","similarities":{"AVG":0.23255813953488372,"MAX":0.2702702702702703,"MAXIMUM_LENGTH":60.0,"LONGEST_MATCH":10.0}},{"firstSubmission":"BURHAN_EFE_DEMIR","secondSubmission":"MUSAB_TUNC","similarities":{"AVG":0.2318840579710145,"MAX":0.5714285714285714,"MAXIMUM_LENGTH":67.0,"LONGEST_MATCH":8.0}},{"firstSubmission":"BETUL_CAGRIL","secondSubmission":"EREN_COMOGLU","similarities":{"AVG":0.23030303030303031,"MAX":0.24358974358974358,"MAXIMUM_LENGTH":88.0,"LONGEST_MATCH":13.0}},{"firstSubmission":"EMIRHAN_DEMIR","secondSubmission":"GPT","similarities":{"AVG":0.22988505747126436,"MAX":0.273972602739726,"MAXIMUM_LENGTH":102.0,"LONGEST_MATCH":7.0}},{"firstSubmission":"MERVE_NAZ_DIKME","secondSubmission":"EMIRHAN_DEMIR","similarities":{"AVG":0.22950819672131148,"MAX":0.2857142857142857,"MAXIMUM_LENGTH":80.0,"LONGEST_MATCH":8.0}},{"firstSubmission":"MUSAB_TUNC","secondSubmission":"OYKU_AKSUNGUR","similarities":{"AVG":0.22900763358778625,"MAX":0.2727272727272727,"MAXIMUM_LENGTH":77.0,"LONGEST_MATCH":8.0}},{"firstSubmission":"RABIA_NILAY_YILMAZ","secondSubmission":"MUSAB_TUNC","similarities":{"AVG":0.22857142857142856,"MAX":0.5333333333333333,"MAXIMUM_LENGTH":67.0,"LONGEST_MATCH":8.0}},{"firstSubmission":"EYLUL_SUICMEZ","secondSubmission":"MERVE_NAZ_DIKME","similarities":{"AVG":0.22580645161290322,"MAX":0.5384615384615384,"MAXIMUM_LENGTH":56.0,"LONGEST_MATCH":7.0}},{"firstSubmission":"EREN_COMOGLU","secondSubmission":"GPT","similarities":{"AVG":0.22340425531914893,"MAX":0.2413793103448276,"MAXIMUM_LENGTH":102.0,"LONGEST_MATCH":8.0}},{"firstSubmission":"MEHMET_BARAN_KIRAT","secondSubmission":"YAREN_TEKIN","similarities":{"AVG":0.2222222222222222,"MAX":0.2375,"MAXIMUM_LENGTH":92.0,"LONGEST_MATCH":7.0}},{"firstSubmission":"MERVE_NAZ_DIKME","secondSubmission":"MEHMET_BARAN_KIRAT","similarities":{"AVG":0.21705426356589147,"MAX":0.2857142857142857,"MAXIMUM_LENGTH":81.0,"LONGEST_MATCH":8.0}},{"firstSubmission":"CLAUDE","secondSubmission":"ATAKAN_ORGUN","similarities":{"AVG":0.21354166666666666,"MAX":0.43157894736842106,"MAXIMUM_LENGTH":303.0,"LONGEST_MATCH":12.0}},{"firstSubmission":"KUTALMIS_ATA_ALTAYLAR","secondSubmission":"EFE_NEVZAT_CENGER","similarities":{"AVG":0.2119205298013245,"MAX":0.25396825396825395,"MAXIMUM_LENGTH":95.0,"LONGEST_MATCH":9.0}},{"firstSubmission":"EYLUL_SUICMEZ","secondSubmission":"YAREN_TEKIN","similarities":{"AVG":0.21153846153846154,"MAX":0.8461538461538461,"MAXIMUM_LENGTH":92.0,"LONGEST_MATCH":11.0}},{"firstSubmission":"KEREM_AKDENIZ","secondSubmission":"CEM_KAYARDI","similarities":{"AVG":0.21138211382113822,"MAX":0.21311475409836064,"MAXIMUM_LENGTH":73.0,"LONGEST_MATCH":7.0}},{"firstSubmission":"MUSAB_TUNC","secondSubmission":"EREN_COMOGLU","similarities":{"AVG":0.2112676056338028,"MAX":0.2727272727272727,"MAXIMUM_LENGTH":88.0,"LONGEST_MATCH":8.0}},{"firstSubmission":"MUSAB_TUNC","secondSubmission":"BETUL_CAGRIL","similarities":{"AVG":0.21052631578947367,"MAX":0.2545454545454545,"MAXIMUM_LENGTH":85.0,"LONGEST_MATCH":8.0}},{"firstSubmission":"MEHMET_BARAN_KIRAT","secondSubmission":"GPT","similarities":{"AVG":0.20994475138121546,"MAX":0.2375,"MAXIMUM_LENGTH":102.0,"LONGEST_MATCH":7.0}},{"firstSubmission":"EREN_COMOGLU","secondSubmission":"CLAUDE","similarities":{"AVG":0.2087912087912088,"MAX":0.21839080459770116,"MAXIMUM_LENGTH":96.0,"LONGEST_MATCH":7.0}},{"firstSubmission":"KUTALMIS_ATA_ALTAYLAR","secondSubmission":"CEM_KAYARDI","similarities":{"AVG":0.208,"MAX":0.20967741935483872,"MAXIMUM_LENGTH":73.0,"LONGEST_MATCH":7.0}},{"firstSubmission":"ECENUR_GUNER","secondSubmission":"ATAKAN_ORGUN","similarities":{"AVG":0.2077922077922078,"MAX":0.4166666666666667,"MAXIMUM_LENGTH":303.0,"LONGEST_MATCH":16.0}},{"firstSubmission":"OSMAN_ALPEREN_KARADAG","secondSubmission":"SELIN_SUNA_KAYA","similarities":{"AVG":0.20765027322404372,"MAX":0.2087912087912088,"MAXIMUM_LENGTH":93.0,"LONGEST_MATCH":12.0}},{"firstSubmission":"SELIN_SUNA_KAYA","secondSubmission":"ECENUR_GUNER","similarities":{"AVG":0.20212765957446807,"MAX":0.20652173913043478,"MAXIMUM_LENGTH":97.0,"LONGEST_MATCH":12.0}},{"firstSubmission":"EYLUL_SUICMEZ","secondSubmission":"ECENUR_GUNER","similarities":{"AVG":0.2018348623853211,"MAX":0.8461538461538461,"MAXIMUM_LENGTH":97.0,"LONGEST_MATCH":11.0}},{"firstSubmission":"EMIRHAN_DEMIR","secondSubmission":"EREN_COMOGLU","similarities":{"AVG":0.2,"MAX":0.2191780821917808,"MAXIMUM_LENGTH":88.0,"LONGEST_MATCH":8.0}},{"firstSubmission":"ILBER_EREN_TUT","secondSubmission":"KUTALMIS_ATA_ALTAYLAR","similarities":{"AVG":0.2,"MAX":0.2702702702702703,"MAXIMUM_LENGTH":64.0,"LONGEST_MATCH":10.0}},{"firstSubmission":"KEREM_AKDENIZ","secondSubmission":"MEHMET_BARAN_KIRAT","similarities":{"AVG":0.19858156028368795,"MAX":0.22950819672131148,"MAXIMUM_LENGTH":81.0,"LONGEST_MATCH":8.0}},{"firstSubmission":"BURHAN_EFE_DEMIR","secondSubmission":"EFE_DEMIRCI","similarities":{"AVG":0.19801980198019803,"MAX":0.7142857142857143,"MAXIMUM_LENGTH":88.0,"LONGEST_MATCH":10.0}},{"firstSubmission":"SERRA_PEHLIVANKUCUK","secondSubmission":"EMIRHAN_DEMIR","similarities":{"AVG":0.19672131147540983,"MAX":0.24489795918367346,"MAXIMUM_LENGTH":80.0,"LONGEST_MATCH":6.0}},{"firstSubmission":"OYKU_AKSUNGUR","secondSubmission":"EFE_DEMIRCI","similarities":{"AVG":0.19631901840490798,"MAX":0.21052631578947367,"MAXIMUM_LENGTH":88.0,"LONGEST_MATCH":10.0}},{"firstSubmission":"RABIA_NILAY_YILMAZ","secondSubmission":"EFE_DEMIRCI","similarities":{"AVG":0.19607843137254902,"MAX":0.6666666666666666,"MAXIMUM_LENGTH":88.0,"LONGEST_MATCH":10.0}},{"firstSubmission":"KEREM_AKDENIZ","secondSubmission":"EMIRHAN_DEMIR","similarities":{"AVG":0.19402985074626866,"MAX":0.21311475409836064,"MAXIMUM_LENGTH":80.0,"LONGEST_MATCH":7.0}},{"firstSubmission":"MERT_ACAR","secondSubmission":"EMIRHAN_EREN_ELIBOL","similarities":{"AVG":0.1927710843373494,"MAX":0.7272727272727273,"MAXIMUM_LENGTH":145.0,"LONGEST_MATCH":10.0}},{"firstSubmission":"KEREM_AKDENIZ","secondSubmission":"CLAUDE","similarities":{"AVG":0.19230769230769232,"MAX":0.2459016393442623,"MAXIMUM_LENGTH":96.0,"LONGEST_MATCH":9.0}},{"firstSubmission":"MERVE_NAZ_DIKME","secondSubmission":"EREN_COMOGLU","similarities":{"AVG":0.19117647058823528,"MAX":0.2653061224489796,"MAXIMUM_LENGTH":88.0,"LONGEST_MATCH":13.0}},{"firstSubmission":"MUSAB_TUNC","secondSubmission":"SELIN_SUNA_KAYA","similarities":{"AVG":0.19047619047619047,"MAX":0.2545454545454545,"MAXIMUM_LENGTH":93.0,"LONGEST_MATCH":14.0}},{"firstSubmission":"BURHAN_EFE_DEMIR","secondSubmission":"OSMAN_ALPEREN_KARADAG","similarities":{"AVG":0.19047619047619047,"MAX":0.7142857142857143,"MAXIMUM_LENGTH":92.0,"LONGEST_MATCH":10.0}},{"firstSubmission":"RABIA_NILAY_YILMAZ","secondSubmission":"OSMAN_ALPEREN_KARADAG","similarities":{"AVG":0.18867924528301888,"MAX":0.6666666666666666,"MAXIMUM_LENGTH":92.0,"LONGEST_MATCH":10.0}},{"firstSubmission":"BURHAN_EFE_DEMIR","secondSubmission":"KEREM_AKDENIZ","similarities":{"AVG":0.18666666666666668,"MAX":0.5,"MAXIMUM_LENGTH":68.0,"LONGEST_MATCH":7.0}},{"firstSubmission":"CEM_KAYARDI","secondSubmission":"EFE_NEVZAT_CENGER","similarities":{"AVG":0.18666666666666668,"MAX":0.22580645161290322,"MAXIMUM_LENGTH":95.0,"LONGEST_MATCH":7.0}},{"firstSubmission":"EMIRHAN_DEMIR","secondSubmission":"BETUL_CAGRIL","similarities":{"AVG":0.18543046357615894,"MAX":0.1917808219178082,"MAXIMUM_LENGTH":85.0,"LONGEST_MATCH":8.0}},{"firstSubmission":"RABIA_NILAY_YILMAZ","secondSubmission":"KEREM_AKDENIZ","similarities":{"AVG":0.18421052631578946,"MAX":0.4666666666666667,"MAXIMUM_LENGTH":68.0,"LONGEST_MATCH":7.0}},{"firstSubmission":"NILSU_KOC","secondSubmission":"EMIRHAN_DEMIR","similarities":{"AVG":0.1839080459770115,"MAX":0.5714285714285714,"MAXIMUM_LENGTH":80.0,"LONGEST_MATCH":8.0}},{"firstSubmission":"MERT_ACAR","secondSubmission":"EFE_DEMIRCI","similarities":{"AVG":0.1834862385321101,"MAX":0.45454545454545453,"MAXIMUM_LENGTH":88.0,"LONGEST_MATCH":10.0}},{"firstSubmission":"CEM_KAYARDI","secondSubmission":"SELIN_SUNA_KAYA","similarities":{"AVG":0.18181818181818182,"MAX":0.22580645161290322,"MAXIMUM_LENGTH":93.0,"LONGEST_MATCH":7.0}},{"firstSubmission":"SERRA_PEHLIVANKUCUK","secondSubmission":"CLAUDE","similarities":{"AVG":0.18055555555555555,"MAX":0.2653061224489796,"MAXIMUM_LENGTH":96.0,"LONGEST_MATCH":13.0}},{"firstSubmission":"SERRA_PEHLIVANKUCUK","secondSubmission":"CEM_KAYARDI","similarities":{"AVG":0.18018018018018017,"MAX":0.20408163265306123,"MAXIMUM_LENGTH":73.0,"LONGEST_MATCH":10.0}},{"firstSubmission":"MEHMET_BARAN_KIRAT","secondSubmission":"BETUL_CAGRIL","similarities":{"AVG":0.17721518987341772,"MAX":0.1794871794871795,"MAXIMUM_LENGTH":85.0,"LONGEST_MATCH":8.0}},{"firstSubmission":"MERT_ACAR","secondSubmission":"OSMAN_ALPEREN_KARADAG","similarities":{"AVG":0.17699115044247787,"MAX":0.45454545454545453,"MAXIMUM_LENGTH":92.0,"LONGEST_MATCH":10.0}},{"firstSubmission":"EYLUL_SUICMEZ","secondSubmission":"MUSAB_TUNC","similarities":{"AVG":0.17647058823529413,"MAX":0.46153846153846156,"MAXIMUM_LENGTH":67.0,"LONGEST_MATCH":6.0}},{"firstSubmission":"KUTALMIS_ATA_ALTAYLAR","secondSubmission":"EMIRHAN_DEMIR","similarities":{"AVG":0.17647058823529413,"MAX":0.19047619047619047,"MAXIMUM_LENGTH":80.0,"LONGEST_MATCH":6.0}},{"firstSubmission":"MERT_ACAR","secondSubmission":"SELIN_SUNA_KAYA","similarities":{"AVG":0.17543859649122806,"MAX":0.45454545454545453,"MAXIMUM_LENGTH":93.0,"LONGEST_MATCH":10.0}},{"firstSubmission":"NILSU_KOC","secondSubmission":"MUSAB_TUNC","similarities":{"AVG":0.17391304347826086,"MAX":0.42857142857142855,"MAXIMUM_LENGTH":67.0,"LONGEST_MATCH":6.0}},{"firstSubmission":"BETUL_CAGRIL","secondSubmission":"CLAUDE","similarities":{"AVG":0.17341040462427745,"MAX":0.19230769230769232,"MAXIMUM_LENGTH":96.0,"LONGEST_MATCH":9.0}},{"firstSubmission":"MERVE_NAZ_DIKME","secondSubmission":"ATAKAN_ORGUN","similarities":{"AVG":0.17159763313609466,"MAX":0.5918367346938775,"MAXIMUM_LENGTH":303.0,"LONGEST_MATCH":14.0}},{"firstSubmission":"NILSU_KOC","secondSubmission":"YAREN_TEKIN","similarities":{"AVG":0.17142857142857143,"MAX":0.6428571428571429,"MAXIMUM_LENGTH":92.0,"LONGEST_MATCH":9.0}},{"firstSubmission":"CEM_KAYARDI","secondSubmission":"BETUL_CAGRIL","similarities":{"AVG":0.17142857142857143,"MAX":0.1935483870967742,"MAXIMUM_LENGTH":85.0,"LONGEST_MATCH":6.0}},{"firstSubmission":"MERT_ACAR","secondSubmission":"CLAUDE","similarities":{"AVG":0.17094017094017094,"MAX":0.45454545454545453,"MAXIMUM_LENGTH":96.0,"LONGEST_MATCH":10.0}},{"firstSubmission":"KUTALMIS_ATA_ALTAYLAR","secondSubmission":"CLAUDE","similarities":{"AVG":0.16455696202531644,"MAX":0.20634920634920634,"MAXIMUM_LENGTH":96.0,"LONGEST_MATCH":13.0}},{"firstSubmission":"NILSU_KOC","secondSubmission":"ECENUR_GUNER","similarities":{"AVG":0.16363636363636364,"MAX":0.6428571428571429,"MAXIMUM_LENGTH":97.0,"LONGEST_MATCH":9.0}},{"firstSubmission":"OYKU_AKSUNGUR","secondSubmission":"ECENUR_GUNER","similarities":{"AVG":0.16279069767441862,"MAX":0.18421052631578946,"MAXIMUM_LENGTH":97.0,"LONGEST_MATCH":14.0}},{"firstSubmission":"MERT_ACAR","secondSubmission":"GPT","similarities":{"AVG":0.16260162601626016,"MAX":0.45454545454545453,"MAXIMUM_LENGTH":102.0,"LONGEST_MATCH":10.0}},{"firstSubmission":"EYLUL_SUICMEZ","secondSubmission":"KEREM_AKDENIZ","similarities":{"AVG":0.16216216216216217,"MAX":0.46153846153846156,"MAXIMUM_LENGTH":68.0,"LONGEST_MATCH":6.0}},{"firstSubmission":"EYLUL_SUICMEZ","secondSubmission":"EFE_DEMIRCI","similarities":{"AVG":0.16,"MAX":0.6153846153846154,"MAXIMUM_LENGTH":88.0,"LONGEST_MATCH":8.0}},{"firstSubmission":"EFE_DEMIRCI","secondSubmission":"ATAKAN_ORGUN","similarities":{"AVG":0.1595744680851064,"MAX":0.3448275862068966,"MAXIMUM_LENGTH":303.0,"LONGEST_MATCH":17.0}},{"firstSubmission":"EMIRHAN_DEMIR","secondSubmission":"OSMAN_ALPEREN_KARADAG","similarities":{"AVG":0.15853658536585366,"MAX":0.1780821917808219,"MAXIMUM_LENGTH":92.0,"LONGEST_MATCH":7.0}},{"firstSubmission":"MEHMET_BARAN_KIRAT","secondSubmission":"EFE_DEMIRCI","similarities":{"AVG":0.15568862275449102,"MAX":0.1625,"MAXIMUM_LENGTH":88.0,"LONGEST_MATCH":7.0}},{"firstSubmission":"EMIRHAN_DEMIR","secondSubmission":"CLAUDE","similarities":{"AVG":0.15476190476190477,"MAX":0.1780821917808219,"MAXIMUM_LENGTH":96.0,"LONGEST_MATCH":7.0}},{"firstSubmission":"MUSAB_TUNC","secondSubmission":"GPT","similarities":{"AVG":0.15384615384615385,"MAX":0.21818181818181817,"MAXIMUM_LENGTH":102.0,"LONGEST_MATCH":12.0}},{"firstSubmission":"EYLUL_SUICMEZ","secondSubmission":"OSMAN_ALPEREN_KARADAG","similarities":{"AVG":0.15384615384615385,"MAX":0.6153846153846154,"MAXIMUM_LENGTH":92.0,"LONGEST_MATCH":8.0}},{"firstSubmission":"MEHMET_BARAN_KIRAT","secondSubmission":"OSMAN_ALPEREN_KARADAG","similarities":{"AVG":0.15204678362573099,"MAX":0.1625,"MAXIMUM_LENGTH":92.0,"LONGEST_MATCH":7.0}},{"firstSubmission":"BURHAN_EFE_DEMIR","secondSubmission":"EMIRHAN_EREN_ELIBOL","similarities":{"AVG":0.1518987341772152,"MAX":0.8571428571428571,"MAXIMUM_LENGTH":145.0,"LONGEST_MATCH":6.0}},{"firstSubmission":"RABIA_NILAY_YILMAZ","secondSubmission":"EMIRHAN_EREN_ELIBOL","similarities":{"AVG":0.1509433962264151,"MAX":0.8,"MAXIMUM_LENGTH":145.0,"LONGEST_MATCH":6.0}},{"firstSubmission":"MEHMET_BARAN_KIRAT","secondSubmission":"CLAUDE","similarities":{"AVG":0.14857142857142858,"MAX":0.1625,"MAXIMUM_LENGTH":96.0,"LONGEST_MATCH":7.0}},{"firstSubmission":"MEHMET_BARAN_KIRAT","secondSubmission":"ECENUR_GUNER","similarities":{"AVG":0.14772727272727273,"MAX":0.1625,"MAXIMUM_LENGTH":97.0,"LONGEST_MATCH":7.0}},{"firstSubmission":"EMIRHAN_DEMIR","secondSubmission":"SELIN_SUNA_KAYA","similarities":{"AVG":0.14545454545454545,"MAX":0.1643835616438356,"MAXIMUM_LENGTH":93.0,"LONGEST_MATCH":6.0}},{"firstSubmission":"OSMAN_ALPEREN_KARADAG","secondSubmission":"ATAKAN_ORGUN","similarities":{"AVG":0.14210526315789473,"MAX":0.2967032967032967,"MAXIMUM_LENGTH":303.0,"LONGEST_MATCH":21.0}},{"firstSubmission":"NILSU_KOC","secondSubmission":"EFE_NEVZAT_CENGER","similarities":{"AVG":0.13725490196078433,"MAX":0.5,"MAXIMUM_LENGTH":95.0,"LONGEST_MATCH":7.0}},{"firstSubmission":"RABIA_NILAY_YILMAZ","secondSubmission":"EMIRHAN_DEMIR","similarities":{"AVG":0.13636363636363635,"MAX":0.4,"MAXIMUM_LENGTH":80.0,"LONGEST_MATCH":6.0}},{"firstSubmission":"EYLUL_SUICMEZ","secondSubmission":"OYKU_AKSUNGUR","similarities":{"AVG":0.1348314606741573,"MAX":0.46153846153846156,"MAXIMUM_LENGTH":77.0,"LONGEST_MATCH":6.0}},{"firstSubmission":"MUSAB_TUNC","secondSubmission":"MEHMET_BARAN_KIRAT","similarities":{"AVG":0.13333333333333333,"MAX":0.16363636363636364,"MAXIMUM_LENGTH":81.0,"LONGEST_MATCH":9.0}},{"firstSubmission":"NILSU_KOC","secondSubmission":"OYKU_AKSUNGUR","similarities":{"AVG":0.13333333333333333,"MAX":0.42857142857142855,"MAXIMUM_LENGTH":77.0,"LONGEST_MATCH":6.0}},{"firstSubmission":"BURHAN_EFE_DEMIR","secondSubmission":"OYKU_AKSUNGUR","similarities":{"AVG":0.13333333333333333,"MAX":0.42857142857142855,"MAXIMUM_LENGTH":77.0,"LONGEST_MATCH":6.0}},{"firstSubmission":"RABIA_NILAY_YILMAZ","secondSubmission":"OYKU_AKSUNGUR","similarities":{"AVG":0.13186813186813187,"MAX":0.4,"MAXIMUM_LENGTH":77.0,"LONGEST_MATCH":6.0}},{"firstSubmission":"EYLUL_SUICMEZ","secondSubmission":"BETUL_CAGRIL","similarities":{"AVG":0.13186813186813187,"MAX":0.46153846153846156,"MAXIMUM_LENGTH":85.0,"LONGEST_MATCH":6.0}},{"firstSubmission":"BURHAN_EFE_DEMIR","secondSubmission":"BETUL_CAGRIL","similarities":{"AVG":0.13043478260869565,"MAX":0.42857142857142855,"MAXIMUM_LENGTH":85.0,"LONGEST_MATCH":6.0}},{"firstSubmission":"SERRA_PEHLIVANKUCUK","secondSubmission":"ATAKAN_ORGUN","similarities":{"AVG":0.1301775147928994,"MAX":0.4489795918367347,"MAXIMUM_LENGTH":303.0,"LONGEST_MATCH":16.0}},{"firstSubmission":"EMIRHAN_EREN_ELIBOL","secondSubmission":"ATAKAN_ORGUN","similarities":{"AVG":0.12933025404157045,"MAX":0.19444444444444445,"MAXIMUM_LENGTH":303.0,"LONGEST_MATCH":12.0}},{"firstSubmission":"RABIA_NILAY_YILMAZ","secondSubmission":"BETUL_CAGRIL","similarities":{"AVG":0.12903225806451613,"MAX":0.4,"MAXIMUM_LENGTH":85.0,"LONGEST_MATCH":6.0}},{"firstSubmission":"GPT","secondSubmission":"ATAKAN_ORGUN","similarities":{"AVG":0.1282051282051282,"MAX":0.24752475247524752,"MAXIMUM_LENGTH":303.0,"LONGEST_MATCH":12.0}},{"firstSubmission":"MERT_ACAR","secondSubmission":"EMIRHAN_DEMIR","similarities":{"AVG":0.12631578947368421,"MAX":0.2727272727272727,"MAXIMUM_LENGTH":80.0,"LONGEST_MATCH":6.0}},{"firstSubmission":"MEHMET_BARAN_KIRAT","secondSubmission":"EMIRHAN_EREN_ELIBOL","similarities":{"AVG":0.125,"MAX":0.175,"MAXIMUM_LENGTH":145.0,"LONGEST_MATCH":7.0}},{"firstSubmission":"ILBER_EREN_TUT","secondSubmission":"OYKU_AKSUNGUR","similarities":{"AVG":0.12389380530973451,"MAX":0.1891891891891892,"MAXIMUM_LENGTH":77.0,"LONGEST_MATCH":7.0}},{"firstSubmission":"MERT_ACAR","secondSubmission":"OYKU_AKSUNGUR","similarities":{"AVG":0.12244897959183673,"MAX":0.2727272727272727,"MAXIMUM_LENGTH":77.0,"LONGEST_MATCH":6.0}},{"firstSubmission":"NILSU_KOC","secondSubmission":"GPT","similarities":{"AVG":0.12173913043478261,"MAX":0.5,"MAXIMUM_LENGTH":102.0,"LONGEST_MATCH":7.0}},{"firstSubmission":"ILBER_EREN_TUT","secondSubmission":"CEM_KAYARDI","similarities":{"AVG":0.12121212121212122,"MAX":0.16216216216216217,"MAXIMUM_LENGTH":73.0,"LONGEST_MATCH":6.0}},{"firstSubmission":"KEREM_AKDENIZ","secondSubmission":"ATAKAN_ORGUN","similarities":{"AVG":0.12,"MAX":0.3442622950819672,"MAXIMUM_LENGTH":303.0,"LONGEST_MATCH":15.0}},{"firstSubmission":"EYLUL_SUICMEZ","secondSubmission":"EREN_COMOGLU","similarities":{"AVG":0.12,"MAX":0.46153846153846156,"MAXIMUM_LENGTH":88.0,"LONGEST_MATCH":6.0}},{"firstSubmission":"BETUL_CAGRIL","secondSubmission":"ATAKAN_ORGUN","similarities":{"AVG":0.11989100817438691,"MAX":0.28205128205128205,"MAXIMUM_LENGTH":303.0,"LONGEST_MATCH":10.0}},{"firstSubmission":"NILSU_KOC","secondSubmission":"EREN_COMOGLU","similarities":{"AVG":0.1188118811881188,"MAX":0.42857142857142855,"MAXIMUM_LENGTH":88.0,"LONGEST_MATCH":6.0}},{"firstSubmission":"NILSU_KOC","secondSubmission":"EFE_DEMIRCI","similarities":{"AVG":0.1188118811881188,"MAX":0.42857142857142855,"MAXIMUM_LENGTH":88.0,"LONGEST_MATCH":6.0}},{"firstSubmission":"BURHAN_EFE_DEMIR","secondSubmission":"EREN_COMOGLU","similarities":{"AVG":0.1188118811881188,"MAX":0.42857142857142855,"MAXIMUM_LENGTH":88.0,"LONGEST_MATCH":6.0}},{"firstSubmission":"EYLUL_SUICMEZ","secondSubmission":"EFE_NEVZAT_CENGER","similarities":{"AVG":0.1188118811881188,"MAX":0.46153846153846156,"MAXIMUM_LENGTH":95.0,"LONGEST_MATCH":6.0}},{"firstSubmission":"RABIA_NILAY_YILMAZ","secondSubmission":"EREN_COMOGLU","similarities":{"AVG":0.11764705882352941,"MAX":0.4,"MAXIMUM_LENGTH":88.0,"LONGEST_MATCH":6.0}},{"firstSubmission":"MERT_ACAR","secondSubmission":"MEHMET_BARAN_KIRAT","similarities":{"AVG":0.11764705882352941,"MAX":0.2727272727272727,"MAXIMUM_LENGTH":81.0,"LONGEST_MATCH":6.0}},{"firstSubmission":"BURHAN_EFE_DEMIR","secondSubmission":"EFE_NEVZAT_CENGER","similarities":{"AVG":0.11764705882352941,"MAX":0.42857142857142855,"MAXIMUM_LENGTH":95.0,"LONGEST_MATCH":6.0}},{"firstSubmission":"RABIA_NILAY_YILMAZ","secondSubmission":"EFE_NEVZAT_CENGER","similarities":{"AVG":0.11650485436893204,"MAX":0.4,"MAXIMUM_LENGTH":95.0,"LONGEST_MATCH":6.0}},{"firstSubmission":"YAREN_TEKIN","secondSubmission":"ATAKAN_ORGUN","similarities":{"AVG":0.11578947368421053,"MAX":0.24175824175824176,"MAXIMUM_LENGTH":303.0,"LONGEST_MATCH":16.0}},{"firstSubmission":"NILSU_KOC","secondSubmission":"OSMAN_ALPEREN_KARADAG","similarities":{"AVG":0.11428571428571428,"MAX":0.42857142857142855,"MAXIMUM_LENGTH":92.0,"LONGEST_MATCH":6.0}},{"firstSubmission":"NILSU_KOC","secondSubmission":"EMIRHAN_EREN_ELIBOL","similarities":{"AVG":0.11392405063291139,"MAX":0.6428571428571429,"MAXIMUM_LENGTH":145.0,"LONGEST_MATCH":9.0}},{"firstSubmission":"BURHAN_EFE_DEMIR","secondSubmission":"SELIN_SUNA_KAYA","similarities":{"AVG":0.11320754716981132,"MAX":0.42857142857142855,"MAXIMUM_LENGTH":93.0,"LONGEST_MATCH":6.0}},{"firstSubmission":"ILBER_EREN_TUT","secondSubmission":"EREN_COMOGLU","similarities":{"AVG":0.11290322580645161,"MAX":0.1891891891891892,"MAXIMUM_LENGTH":88.0,"LONGEST_MATCH":7.0}},{"firstSubmission":"CEM_KAYARDI","secondSubmission":"MEHMET_BARAN_KIRAT","similarities":{"AVG":0.11267605633802817,"MAX":0.12903225806451613,"MAXIMUM_LENGTH":81.0,"LONGEST_MATCH":8.0}},{"firstSubmission":"RABIA_NILAY_YILMAZ","secondSubmission":"SELIN_SUNA_KAYA","similarities":{"AVG":0.11214953271028037,"MAX":0.4,"MAXIMUM_LENGTH":93.0,"LONGEST_MATCH":6.0}},{"firstSubmission":"EFE_NEVZAT_CENGER","secondSubmission":"ATAKAN_ORGUN","similarities":{"AVG":0.11140583554376658,"MAX":0.23863636363636365,"MAXIMUM_LENGTH":303.0,"LONGEST_MATCH":9.0}},{"firstSubmission":"BURHAN_EFE_DEMIR","secondSubmission":"CLAUDE","similarities":{"AVG":0.11009174311926606,"MAX":0.42857142857142855,"MAXIMUM_LENGTH":96.0,"LONGEST_MATCH":6.0}},{"firstSubmission":"MERT_ACAR","secondSubmission":"EREN_COMOGLU","similarities":{"AVG":0.11009174311926606,"MAX":0.2727272727272727,"MAXIMUM_LENGTH":88.0,"LONGEST_MATCH":6.0}},{"firstSubmission":"RABIA_NILAY_YILMAZ","secondSubmission":"CLAUDE","similarities":{"AVG":0.10909090909090909,"MAX":0.4,"MAXIMUM_LENGTH":96.0,"LONGEST_MATCH":6.0}},{"firstSubmission":"SERRA_PEHLIVANKUCUK","secondSubmission":"MEHMET_BARAN_KIRAT","similarities":{"AVG":0.10852713178294573,"MAX":0.14285714285714285,"MAXIMUM_LENGTH":81.0,"LONGEST_MATCH":7.0}},{"firstSubmission":"MEHMET_BARAN_KIRAT","secondSubmission":"ATAKAN_ORGUN","similarities":{"AVG":0.10840108401084012,"MAX":0.25,"MAXIMUM_LENGTH":303.0,"LONGEST_MATCH":8.0}},{"firstSubmission":"SELIN_SUNA_KAYA","secondSubmission":"ATAKAN_ORGUN","similarities":{"AVG":0.10498687664041995,"MAX":0.21739130434782608,"MAXIMUM_LENGTH":303.0,"LONGEST_MATCH":13.0}},{"firstSubmission":"BURHAN_EFE_DEMIR","secondSubmission":"GPT","similarities":{"AVG":0.10434782608695652,"MAX":0.42857142857142855,"MAXIMUM_LENGTH":102.0,"LONGEST_MATCH":6.0}},{"firstSubmission":"ILBER_EREN_TUT","secondSubmission":"ATAKAN_ORGUN","similarities":{"AVG":0.10429447852760736,"MAX":0.4594594594594595,"MAXIMUM_LENGTH":303.0,"LONGEST_MATCH":10.0}},{"firstSubmission":"RABIA_NILAY_YILMAZ","secondSubmission":"GPT","similarities":{"AVG":0.10344827586206896,"MAX":0.4,"MAXIMUM_LENGTH":102.0,"LONGEST_MATCH":6.0}},{"firstSubmission":"MERT_ACAR","secondSubmission":"ATAKAN_ORGUN","similarities":{"AVG":0.10289389067524116,"MAX":0.7272727272727273,"MAXIMUM_LENGTH":303.0,"LONGEST_MATCH":10.0}},{"firstSubmission":"EMIRHAN_DEMIR","secondSubmission":"EFE_NEVZAT_CENGER","similarities":{"AVG":0.09937888198757763,"MAX":0.1095890410958904,"MAXIMUM_LENGTH":95.0,"LONGEST_MATCH":8.0}},{"firstSubmission":"SERRA_PEHLIVANKUCUK","secondSubmission":"OYKU_AKSUNGUR","similarities":{"AVG":0.096,"MAX":0.12244897959183673,"MAXIMUM_LENGTH":77.0,"LONGEST_MATCH":6.0}},{"firstSubmission":"EMIRHAN_DEMIR","secondSubmission":"MEHMET_BARAN_KIRAT","similarities":{"AVG":0.0915032679738562,"MAX":0.0958904109589041,"MAXIMUM_LENGTH":81.0,"LONGEST_MATCH":7.0}},{"firstSubmission":"KUTALMIS_ATA_ALTAYLAR","secondSubmission":"ATAKAN_ORGUN","similarities":{"AVG":0.09090909090909091,"MAX":0.25396825396825395,"MAXIMUM_LENGTH":303.0,"LONGEST_MATCH":16.0}},{"firstSubmission":"CEM_KAYARDI","secondSubmission":"CLAUDE","similarities":{"AVG":0.08917197452229299,"MAX":0.11290322580645161,"MAXIMUM_LENGTH":96.0,"LONGEST_MATCH":7.0}},{"firstSubmission":"MUSAB_TUNC","secondSubmission":"ATAKAN_ORGUN","similarities":{"AVG":0.0872093023255814,"MAX":0.2727272727272727,"MAXIMUM_LENGTH":303.0,"LONGEST_MATCH":15.0}},{"firstSubmission":"CEM_KAYARDI","secondSubmission":"OSMAN_ALPEREN_KARADAG","similarities":{"AVG":0.0784313725490196,"MAX":0.0967741935483871,"MAXIMUM_LENGTH":92.0,"LONGEST_MATCH":6.0}},{"firstSubmission":"EYLUL_SUICMEZ","secondSubmission":"EMIRHAN_EREN_ELIBOL","similarities":{"AVG":0.07643312101910828,"MAX":0.46153846153846156,"MAXIMUM_LENGTH":145.0,"LONGEST_MATCH":6.0}},{"firstSubmission":"EMIRHAN_DEMIR","secondSubmission":"ATAKAN_ORGUN","similarities":{"AVG":0.06629834254143646,"MAX":0.1643835616438356,"MAXIMUM_LENGTH":303.0,"LONGEST_MATCH":6.0}},{"firstSubmission":"BURHAN_EFE_DEMIR","secondSubmission":"ATAKAN_ORGUN","similarities":{"AVG":0.066006600660066,"MAX":0.7142857142857143,"MAXIMUM_LENGTH":303.0,"LONGEST_MATCH":10.0}},{"firstSubmission":"RABIA_NILAY_YILMAZ","secondSubmission":"ATAKAN_ORGUN","similarities":{"AVG":0.06578947368421052,"MAX":0.6666666666666666,"MAXIMUM_LENGTH":303.0,"LONGEST_MATCH":10.0}},{"firstSubmission":"EREN_COMOGLU","secondSubmission":"ATAKAN_ORGUN","similarities":{"AVG":0.06382978723404255,"MAX":0.13793103448275862,"MAXIMUM_LENGTH":303.0,"LONGEST_MATCH":6.0}},{"firstSubmission":"EYLUL_SUICMEZ","secondSubmission":"ATAKAN_ORGUN","similarities":{"AVG":0.052980132450331126,"MAX":0.6153846153846154,"MAXIMUM_LENGTH":303.0,"LONGEST_MATCH":8.0}},{"firstSubmission":"OYKU_AKSUNGUR","secondSubmission":"ATAKAN_ORGUN","similarities":{"AVG":0.038356164383561646,"MAX":0.09210526315789473,"MAXIMUM_LENGTH":303.0,"LONGEST_MATCH":7.0}},{"firstSubmission":"CEM_KAYARDI","secondSubmission":"ATAKAN_ORGUN","similarities":{"AVG":0.03418803418803419,"MAX":0.0967741935483871,"MAXIMUM_LENGTH":303.0,"LONGEST_MATCH":6.0}},{"firstSubmission":"ELIF_YAMAC","secondSubmission":"MUSAB_TUNC","similarities":{"AVG":0.0,"MAX":0.0,"MAXIMUM_LENGTH":67.0,"LONGEST_MATCH":0.0}},{"firstSubmission":"ELIF_YAMAC","secondSubmission":"CLAUDE","similarities":{"AVG":0.0,"MAX":0.0,"MAXIMUM_LENGTH":96.0,"LONGEST_MATCH":0.0}},{"firstSubmission":"ELIF_YAMAC","secondSubmission":"NILSU_KOC","similarities":{"AVG":0.0,"MAX":0.0,"MAXIMUM_LENGTH":29.0,"LONGEST_MATCH":0.0}},{"firstSubmission":"ELIF_YAMAC","secondSubmission":"KEREM_AKDENIZ","similarities":{"AVG":0.0,"MAX":0.0,"MAXIMUM_LENGTH":68.0,"LONGEST_MATCH":0.0}},{"firstSubmission":"ELIF_YAMAC","secondSubmission":"ATAKAN_ORGUN","similarities":{"AVG":0.0,"MAX":0.0,"MAXIMUM_LENGTH":303.0,"LONGEST_MATCH":0.0}},{"firstSubmission":"ELIF_YAMAC","secondSubmission":"OSMAN_ALPEREN_KARADAG","similarities":{"AVG":0.0,"MAX":0.0,"MAXIMUM_LENGTH":92.0,"LONGEST_MATCH":0.0}},{"firstSubmission":"ELIF_YAMAC","secondSubmission":"EREN_COMOGLU","similarities":{"AVG":0.0,"MAX":0.0,"MAXIMUM_LENGTH":88.0,"LONGEST_MATCH":0.0}},{"firstSubmission":"ELIF_YAMAC","secondSubmission":"EMIRHAN_EREN_ELIBOL","similarities":{"AVG":0.0,"MAX":0.0,"MAXIMUM_LENGTH":145.0,"LONGEST_MATCH":0.0}},{"firstSubmission":"ELIF_YAMAC","secondSubmission":"OMER_KAGAN_ZAFER","similarities":{"AVG":0.0,"MAX":0.0,"MAXIMUM_LENGTH":21.0,"LONGEST_MATCH":0.0}},{"firstSubmission":"ELIF_YAMAC","secondSubmission":"OYKU_AKSUNGUR","similarities":{"AVG":0.0,"MAX":0.0,"MAXIMUM_LENGTH":77.0,"LONGEST_MATCH":0.0}},{"firstSubmission":"ELIF_YAMAC","secondSubmission":"ILBER_EREN_TUT","similarities":{"AVG":0.0,"MAX":0.0,"MAXIMUM_LENGTH":38.0,"LONGEST_MATCH":0.0}},{"firstSubmission":"ELIF_YAMAC","secondSubmission":"MEHMET_BARAN_KIRAT","similarities":{"AVG":0.0,"MAX":0.0,"MAXIMUM_LENGTH":81.0,"LONGEST_MATCH":0.0}},{"firstSubmission":"ELIF_YAMAC","secondSubmission":"EYLUL_SUICMEZ","similarities":{"AVG":0.0,"MAX":0.0,"MAXIMUM_LENGTH":29.0,"LONGEST_MATCH":0.0}},{"firstSubmission":"ELIF_YAMAC","secondSubmission":"BETUL_CAGRIL","similarities":{"AVG":0.0,"MAX":0.0,"MAXIMUM_LENGTH":85.0,"LONGEST_MATCH":0.0}},{"firstSubmission":"ELIF_YAMAC","secondSubmission":"CEM_KAYARDI","similarities":{"AVG":0.0,"MAX":0.0,"MAXIMUM_LENGTH":73.0,"LONGEST_MATCH":0.0}},{"firstSubmission":"ELIF_YAMAC","secondSubmission":"MERVE_NAZ_DIKME","similarities":{"AVG":0.0,"MAX":0.0,"MAXIMUM_LENGTH":56.0,"LONGEST_MATCH":0.0}},{"firstSubmission":"ELIF_YAMAC","secondSubmission":"GPT","similarities":{"AVG":0.0,"MAX":0.0,"MAXIMUM_LENGTH":102.0,"LONGEST_MATCH":0.0}},{"firstSubmission":"ELIF_YAMAC","secondSubmission":"EFE_DEMIRCI","similarities":{"AVG":0.0,"MAX":0.0,"MAXIMUM_LENGTH":88.0,"LONGEST_MATCH":0.0}},{"firstSubmission":"ELIF_YAMAC","secondSubmission":"SELIN_SUNA_KAYA","similarities":{"AVG":0.0,"MAX":0.0,"MAXIMUM_LENGTH":93.0,"LONGEST_MATCH":0.0}},{"firstSubmission":"ELIF_YAMAC","secondSubmission":"MERT_ACAR","similarities":{"AVG":0.0,"MAX":0.0,"MAXIMUM_LENGTH":34.0,"LONGEST_MATCH":0.0}},{"firstSubmission":"RABIA_NILAY_YILMAZ","secondSubmission":"ELIF_YAMAC","similarities":{"AVG":0.0,"MAX":0.0,"MAXIMUM_LENGTH":18.0,"LONGEST_MATCH":0.0}},{"firstSubmission":"ELIF_YAMAC","secondSubmission":"ECENUR_GUNER","similarities":{"AVG":0.0,"MAX":0.0,"MAXIMUM_LENGTH":97.0,"LONGEST_MATCH":0.0}},{"firstSubmission":"ELIF_YAMAC","secondSubmission":"SERRA_PEHLIVANKUCUK","similarities":{"AVG":0.0,"MAX":0.0,"MAXIMUM_LENGTH":60.0,"LONGEST_MATCH":0.0}},{"firstSubmission":"BURHAN_EFE_DEMIR","secondSubmission":"ELIF_YAMAC","similarities":{"AVG":0.0,"MAX":0.0,"MAXIMUM_LENGTH":18.0,"LONGEST_MATCH":0.0}},{"firstSubmission":"ELIF_YAMAC","secondSubmission":"YAREN_TEKIN","similarities":{"AVG":0.0,"MAX":0.0,"MAXIMUM_LENGTH":92.0,"LONGEST_MATCH":0.0}},{"firstSubmission":"ELIF_YAMAC","secondSubmission":"KUTALMIS_ATA_ALTAYLAR","similarities":{"AVG":0.0,"MAX":0.0,"MAXIMUM_LENGTH":64.0,"LONGEST_MATCH":0.0}},{"firstSubmission":"ELIF_YAMAC","secondSubmission":"EFE_NEVZAT_CENGER","similarities":{"AVG":0.0,"MAX":0.0,"MAXIMUM_LENGTH":95.0,"LONGEST_MATCH":0.0}},{"firstSubmission":"ELIF_YAMAC","secondSubmission":"EMIRHAN_DEMIR","similarities":{"AVG":0.0,"MAX":0.0,"MAXIMUM_LENGTH":80.0,"LONGEST_MATCH":0.0}},{"firstSubmission":"OMER_KAGAN_ZAFER","secondSubmission":"MUSAB_TUNC","similarities":{"AVG":0.0,"MAX":0.0,"MAXIMUM_LENGTH":67.0,"LONGEST_MATCH":0.0}},{"firstSubmission":"MUSAB_TUNC","secondSubmission":"CEM_KAYARDI","similarities":{"AVG":0.0,"MAX":0.0,"MAXIMUM_LENGTH":73.0,"LONGEST_MATCH":0.0}},{"firstSubmission":"MUSAB_TUNC","secondSubmission":"EMIRHAN_DEMIR","similarities":{"AVG":0.0,"MAX":0.0,"MAXIMUM_LENGTH":80.0,"LONGEST_MATCH":0.0}},{"firstSubmission":"NILSU_KOC","secondSubmission":"CLAUDE","similarities":{"AVG":0.0,"MAX":0.0,"MAXIMUM_LENGTH":96.0,"LONGEST_MATCH":0.0}},{"firstSubmission":"OMER_KAGAN_ZAFER","secondSubmission":"CLAUDE","similarities":{"AVG":0.0,"MAX":0.0,"MAXIMUM_LENGTH":96.0,"LONGEST_MATCH":0.0}},{"firstSubmission":"EYLUL_SUICMEZ","secondSubmission":"CLAUDE","similarities":{"AVG":0.0,"MAX":0.0,"MAXIMUM_LENGTH":96.0,"LONGEST_MATCH":0.0}},{"firstSubmission":"NILSU_KOC","secondSubmission":"ATAKAN_ORGUN","similarities":{"AVG":0.0,"MAX":0.0,"MAXIMUM_LENGTH":303.0,"LONGEST_MATCH":0.0}},{"firstSubmission":"OMER_KAGAN_ZAFER","secondSubmission":"NILSU_KOC","similarities":{"AVG":0.0,"MAX":0.0,"MAXIMUM_LENGTH":29.0,"LONGEST_MATCH":0.0}},{"firstSubmission":"NILSU_KOC","secondSubmission":"MEHMET_BARAN_KIRAT","similarities":{"AVG":0.0,"MAX":0.0,"MAXIMUM_LENGTH":81.0,"LONGEST_MATCH":0.0}},{"firstSubmission":"EYLUL_SUICMEZ","secondSubmission":"NILSU_KOC","similarities":{"AVG":0.0,"MAX":0.0,"MAXIMUM_LENGTH":29.0,"LONGEST_MATCH":0.0}},{"firstSubmission":"NILSU_KOC","secondSubmission":"BETUL_CAGRIL","similarities":{"AVG":0.0,"MAX":0.0,"MAXIMUM_LENGTH":85.0,"LONGEST_MATCH":0.0}},{"firstSubmission":"NILSU_KOC","secondSubmission":"CEM_KAYARDI","similarities":{"AVG":0.0,"MAX":0.0,"MAXIMUM_LENGTH":73.0,"LONGEST_MATCH":0.0}},{"firstSubmission":"NILSU_KOC","secondSubmission":"MERVE_NAZ_DIKME","similarities":{"AVG":0.0,"MAX":0.0,"MAXIMUM_LENGTH":56.0,"LONGEST_MATCH":0.0}},{"firstSubmission":"NILSU_KOC","secondSubmission":"SELIN_SUNA_KAYA","similarities":{"AVG":0.0,"MAX":0.0,"MAXIMUM_LENGTH":93.0,"LONGEST_MATCH":0.0}},{"firstSubmission":"NILSU_KOC","secondSubmission":"MERT_ACAR","similarities":{"AVG":0.0,"MAX":0.0,"MAXIMUM_LENGTH":34.0,"LONGEST_MATCH":0.0}},{"firstSubmission":"RABIA_NILAY_YILMAZ","secondSubmission":"NILSU_KOC","similarities":{"AVG":0.0,"MAX":0.0,"MAXIMUM_LENGTH":29.0,"LONGEST_MATCH":0.0}},{"firstSubmission":"NILSU_KOC","secondSubmission":"SERRA_PEHLIVANKUCUK","similarities":{"AVG":0.0,"MAX":0.0,"MAXIMUM_LENGTH":60.0,"LONGEST_MATCH":0.0}},{"firstSubmission":"BURHAN_EFE_DEMIR","secondSubmission":"NILSU_KOC","similarities":{"AVG":0.0,"MAX":0.0,"MAXIMUM_LENGTH":29.0,"LONGEST_MATCH":0.0}},{"firstSubmission":"NILSU_KOC","secondSubmission":"KUTALMIS_ATA_ALTAYLAR","similarities":{"AVG":0.0,"MAX":0.0,"MAXIMUM_LENGTH":64.0,"LONGEST_MATCH":0.0}},{"firstSubmission":"OMER_KAGAN_ZAFER","secondSubmission":"KEREM_AKDENIZ","similarities":{"AVG":0.0,"MAX":0.0,"MAXIMUM_LENGTH":68.0,"LONGEST_MATCH":0.0}},{"firstSubmission":"OMER_KAGAN_ZAFER","secondSubmission":"ATAKAN_ORGUN","similarities":{"AVG":0.0,"MAX":0.0,"MAXIMUM_LENGTH":303.0,"LONGEST_MATCH":0.0}},{"firstSubmission":"OMER_KAGAN_ZAFER","secondSubmission":"OSMAN_ALPEREN_KARADAG","similarities":{"AVG":0.0,"MAX":0.0,"MAXIMUM_LENGTH":92.0,"LONGEST_MATCH":0.0}},{"firstSubmission":"OMER_KAGAN_ZAFER","secondSubmission":"EREN_COMOGLU","similarities":{"AVG":0.0,"MAX":0.0,"MAXIMUM_LENGTH":88.0,"LONGEST_MATCH":0.0}},{"firstSubmission":"OMER_KAGAN_ZAFER","secondSubmission":"EMIRHAN_EREN_ELIBOL","similarities":{"AVG":0.0,"MAX":0.0,"MAXIMUM_LENGTH":145.0,"LONGEST_MATCH":0.0}},{"firstSubmission":"OMER_KAGAN_ZAFER","secondSubmission":"OYKU_AKSUNGUR","similarities":{"AVG":0.0,"MAX":0.0,"MAXIMUM_LENGTH":77.0,"LONGEST_MATCH":0.0}},{"firstSubmission":"OMER_KAGAN_ZAFER","secondSubmission":"ILBER_EREN_TUT","similarities":{"AVG":0.0,"MAX":0.0,"MAXIMUM_LENGTH":38.0,"LONGEST_MATCH":0.0}},{"firstSubmission":"OMER_KAGAN_ZAFER","secondSubmission":"MEHMET_BARAN_KIRAT","similarities":{"AVG":0.0,"MAX":0.0,"MAXIMUM_LENGTH":81.0,"LONGEST_MATCH":0.0}},{"firstSubmission":"OMER_KAGAN_ZAFER","secondSubmission":"EYLUL_SUICMEZ","similarities":{"AVG":0.0,"MAX":0.0,"MAXIMUM_LENGTH":29.0,"LONGEST_MATCH":0.0}},{"firstSubmission":"OMER_KAGAN_ZAFER","secondSubmission":"BETUL_CAGRIL","similarities":{"AVG":0.0,"MAX":0.0,"MAXIMUM_LENGTH":85.0,"LONGEST_MATCH":0.0}},{"firstSubmission":"OMER_KAGAN_ZAFER","secondSubmission":"CEM_KAYARDI","similarities":{"AVG":0.0,"MAX":0.0,"MAXIMUM_LENGTH":73.0,"LONGEST_MATCH":0.0}},{"firstSubmission":"OMER_KAGAN_ZAFER","secondSubmission":"MERVE_NAZ_DIKME","similarities":{"AVG":0.0,"MAX":0.0,"MAXIMUM_LENGTH":56.0,"LONGEST_MATCH":0.0}},{"firstSubmission":"OMER_KAGAN_ZAFER","secondSubmission":"GPT","similarities":{"AVG":0.0,"MAX":0.0,"MAXIMUM_LENGTH":102.0,"LONGEST_MATCH":0.0}},{"firstSubmission":"OMER_KAGAN_ZAFER","secondSubmission":"EFE_DEMIRCI","similarities":{"AVG":0.0,"MAX":0.0,"MAXIMUM_LENGTH":88.0,"LONGEST_MATCH":0.0}},{"firstSubmission":"OMER_KAGAN_ZAFER","secondSubmission":"SELIN_SUNA_KAYA","similarities":{"AVG":0.0,"MAX":0.0,"MAXIMUM_LENGTH":93.0,"LONGEST_MATCH":0.0}},{"firstSubmission":"OMER_KAGAN_ZAFER","secondSubmission":"MERT_ACAR","similarities":{"AVG":0.0,"MAX":0.0,"MAXIMUM_LENGTH":34.0,"LONGEST_MATCH":0.0}},{"firstSubmission":"RABIA_NILAY_YILMAZ","secondSubmission":"OMER_KAGAN_ZAFER","similarities":{"AVG":0.0,"MAX":0.0,"MAXIMUM_LENGTH":21.0,"LONGEST_MATCH":0.0}},{"firstSubmission":"OMER_KAGAN_ZAFER","secondSubmission":"ECENUR_GUNER","similarities":{"AVG":0.0,"MAX":0.0,"MAXIMUM_LENGTH":97.0,"LONGEST_MATCH":0.0}},{"firstSubmission":"OMER_KAGAN_ZAFER","secondSubmission":"SERRA_PEHLIVANKUCUK","similarities":{"AVG":0.0,"MAX":0.0,"MAXIMUM_LENGTH":60.0,"LONGEST_MATCH":0.0}},{"firstSubmission":"BURHAN_EFE_DEMIR","secondSubmission":"OMER_KAGAN_ZAFER","similarities":{"AVG":0.0,"MAX":0.0,"MAXIMUM_LENGTH":21.0,"LONGEST_MATCH":0.0}},{"firstSubmission":"OMER_KAGAN_ZAFER","secondSubmission":"YAREN_TEKIN","similarities":{"AVG":0.0,"MAX":0.0,"MAXIMUM_LENGTH":92.0,"LONGEST_MATCH":0.0}},{"firstSubmission":"OMER_KAGAN_ZAFER","secondSubmission":"KUTALMIS_ATA_ALTAYLAR","similarities":{"AVG":0.0,"MAX":0.0,"MAXIMUM_LENGTH":64.0,"LONGEST_MATCH":0.0}},{"firstSubmission":"OMER_KAGAN_ZAFER","secondSubmission":"EFE_NEVZAT_CENGER","similarities":{"AVG":0.0,"MAX":0.0,"MAXIMUM_LENGTH":95.0,"LONGEST_MATCH":0.0}},{"firstSubmission":"OMER_KAGAN_ZAFER","secondSubmission":"EMIRHAN_DEMIR","similarities":{"AVG":0.0,"MAX":0.0,"MAXIMUM_LENGTH":80.0,"LONGEST_MATCH":0.0}},{"firstSubmission":"ILBER_EREN_TUT","secondSubmission":"MEHMET_BARAN_KIRAT","similarities":{"AVG":0.0,"MAX":0.0,"MAXIMUM_LENGTH":81.0,"LONGEST_MATCH":0.0}},{"firstSubmission":"ILBER_EREN_TUT","secondSubmission":"EMIRHAN_DEMIR","similarities":{"AVG":0.0,"MAX":0.0,"MAXIMUM_LENGTH":80.0,"LONGEST_MATCH":0.0}},{"firstSubmission":"EYLUL_SUICMEZ","secondSubmission":"MEHMET_BARAN_KIRAT","similarities":{"AVG":0.0,"MAX":0.0,"MAXIMUM_LENGTH":81.0,"LONGEST_MATCH":0.0}},{"firstSubmission":"RABIA_NILAY_YILMAZ","secondSubmission":"MEHMET_BARAN_KIRAT","similarities":{"AVG":0.0,"MAX":0.0,"MAXIMUM_LENGTH":81.0,"LONGEST_MATCH":0.0}},{"firstSubmission":"BURHAN_EFE_DEMIR","secondSubmission":"MEHMET_BARAN_KIRAT","similarities":{"AVG":0.0,"MAX":0.0,"MAXIMUM_LENGTH":81.0,"LONGEST_MATCH":0.0}},{"firstSubmission":"EYLUL_SUICMEZ","secondSubmission":"CEM_KAYARDI","similarities":{"AVG":0.0,"MAX":0.0,"MAXIMUM_LENGTH":73.0,"LONGEST_MATCH":0.0}},{"firstSubmission":"EYLUL_SUICMEZ","secondSubmission":"GPT","similarities":{"AVG":0.0,"MAX":0.0,"MAXIMUM_LENGTH":102.0,"LONGEST_MATCH":0.0}},{"firstSubmission":"EYLUL_SUICMEZ","secondSubmission":"SELIN_SUNA_KAYA","similarities":{"AVG":0.0,"MAX":0.0,"MAXIMUM_LENGTH":93.0,"LONGEST_MATCH":0.0}},{"firstSubmission":"EYLUL_SUICMEZ","secondSubmission":"EMIRHAN_DEMIR","similarities":{"AVG":0.0,"MAX":0.0,"MAXIMUM_LENGTH":80.0,"LONGEST_MATCH":0.0}},{"firstSubmission":"MERVE_NAZ_DIKME","secondSubmission":"CEM_KAYARDI","similarities":{"AVG":0.0,"MAX":0.0,"MAXIMUM_LENGTH":73.0,"LONGEST_MATCH":0.0}},{"firstSubmission":"MERT_ACAR","secondSubmission":"CEM_KAYARDI","similarities":{"AVG":0.0,"MAX":0.0,"MAXIMUM_LENGTH":73.0,"LONGEST_MATCH":0.0}},{"firstSubmission":"RABIA_NILAY_YILMAZ","secondSubmission":"CEM_KAYARDI","similarities":{"AVG":0.0,"MAX":0.0,"MAXIMUM_LENGTH":73.0,"LONGEST_MATCH":0.0}},{"firstSubmission":"BURHAN_EFE_DEMIR","secondSubmission":"CEM_KAYARDI","similarities":{"AVG":0.0,"MAX":0.0,"MAXIMUM_LENGTH":73.0,"LONGEST_MATCH":0.0}},{"firstSubmission":"CEM_KAYARDI","secondSubmission":"EMIRHAN_DEMIR","similarities":{"AVG":0.0,"MAX":0.0,"MAXIMUM_LENGTH":80.0,"LONGEST_MATCH":0.0}},{"firstSubmission":"BURHAN_EFE_DEMIR","secondSubmission":"EMIRHAN_DEMIR","similarities":{"AVG":0.0,"MAX":0.0,"MAXIMUM_LENGTH":80.0,"LONGEST_MATCH":0.0}}]