[{"averageSimilarity":0.2952345736008455,"strength":0.015872199130888193,"members":["SEVKET_YESILPEKMEZ_MACOS","MIRAY_DUYGULU","EGE_KARTAL","HASAN_ZAFER_BILIR","MUHAMMED_EMIN_SEKER"]},{"averageSimilarity":0.6008908981458484,"strength":0.04223278743838857,"members":["ABDULLAH_MERT_OZDEM","FATIH_KAGAN_CEBI","GPT","MEHMET_EREN_GUNER","CLAUDE","EMIR_KEREM_ISILDAR"]},{"averageSimilarity":0.2891566265060241,"strength":0.006416057053950123,"members":["BAHA_ARDA_INALKUT","HATICE_SENA_SES"]},{"averageSimilarity":0.20364240995773994,"strength":0.03811200398903569,"members":["ISMAIL_ERIM_ATAKTURK","SERKAN_YILMAZ","BEGUM_HAMARAT","EDA_GUL_CETINEL","EYLUL_PIRINCAL","BERKE_TURKBAY","BORA_YALCIN","NEVZAT_OGUZHAN_TOPUZ","DORUK_OCAL"]}]