{"language":"cpp","minimumTokenMatch":6,"submissionDirectories":["section1/labwork2-Odd"],"oldSubmissionDirectories":[],"baseCodeSubmissionDirectory":"section1/labwork2-Odd/base","subdirectoryName":null,"fileSuffixes":[".tpp",".cpp"],"exclusionFileName":null,"similarityMetric":"AVG","similarityThreshold":0.0,"maximumNumberOfComparisons":2500,"clusteringOptions":{"similarityMetric":"AVG","spectralKernelBandwidth":20.0,"spectralGaussianProcessVariance":0.0025000000000000005,"spectralMinRuns":5,"spectralMaxRuns":50,"spectralMaxKMeansIterationPerRun":200,"agglomerativeThreshold":0.2,"preprocessor":"CUMULATIVE_DISTRIBUTION_FUNCTION","enabled":true,"algorithm":"SPECTRAL","agglomerativeInterClusterSimilarity":"AVERAGE","preprocessorThreshold":0.2,"preprocessorPercentile":0.5},"debugParser":false,"mergingOptions":{"enabled":true,"minimumNeighborLength":2,"maximumGapSize":6,"minimumRequiredMerges":6},"normalize":true,"analyzeComments":false}