{"fileIndexes":{"EGE_KARTAL":{"EGE_KARTAL/StackQuestionsNonMember.tpp":{"tokenCount":40},"EGE_KARTAL/StackQuestionsMember.tpp":{"tokenCount":67},"EGE_KARTAL/StackQuestionsNonMember.cpp":{"tokenCount":76}},"AYBERK_SENSOZ":{"AYBERK_SENSOZ/StackQuestionsMember.tpp":{"tokenCount":4},"AYBERK_SENSOZ/StackQuestionsNonMember.tpp":{"tokenCount":5},"AYBERK_SENSOZ/StackQuestionsNonMember.cpp":{"tokenCount":18}},"MIRAY_DUYGULU":{"MIRAY_DUYGULU/StackQuestionsNonMember_m.cpp":{"tokenCount":35},"MIRAY_DUYGULU/StackQuestionsNonMember_m.tpp":{"tokenCount":22},"MIRAY_DUYGULU/StackQuestionsMember_m.tpp":{"tokenCount":48}},"EMIR_KEREM_ISILDAR":{"EMIR_KEREM_ISILDAR/StackQuestionsMember.tpp":{"tokenCount":72},"EMIR_KEREM_ISILDAR/StackQuestionsNonMember.cpp":{"tokenCount":18},"EMIR_KEREM_ISILDAR/StackQuestionsNonMember.tpp":{"tokenCount":46}},"SEVKET_YESILPEKMEZ_MACOS":{"SEVKET_YESILPEKMEZ_MACOS/StackQuestionsNonMember.tpp":{"tokenCount":25},"SEVKET_YESILPEKMEZ_MACOS/StackQuestionsMember.tpp":{"tokenCount":47}},"GPT":{"GPT/StackQuestionsNonMember.cpp":{"tokenCount":74},"GPT/StackQuestionsNonMember.tpp":{"tokenCount":42},"GPT/StackQuestionsMember.tpp":{"tokenCount":52}},"HASAN_ZAFER_BILIR":{"HASAN_ZAFER_BILIR/StackQuestionsNonMember.tpp":{"tokenCount":9},"HASAN_ZAFER_BILIR/StackQuestionsMember.tpp":{"tokenCount":60},"HASAN_ZAFER_BILIR/StackQuestionsNonMember.cpp":{"tokenCount":18}},"DORUK_OCAL":{"DORUK_OCAL/StackQuestionsMember.tpp":{"tokenCount":7},"DORUK_OCAL/StackQuestionsNonMember.tpp":{"tokenCount":28},"DORUK_OCAL/StackQuestionsNonMember.cpp":{"tokenCount":18}},"CIHAT_OZLUK":{"CIHAT_OZLUK/StackQuestionsNonMember.cpp":{"tokenCount":18},"CIHAT_OZLUK/StackQuestionsNonMember.tpp":{"tokenCount":5},"CIHAT_OZLUK/StackQuestionsMember.tpp":{"tokenCount":16}},"EDA_GUL_CETINEL":{"EDA_GUL_CETINEL/StackQuestionsMember.tpp":{"tokenCount":59},"EDA_GUL_CETINEL/StackQuestionsNonMember.tpp":{"tokenCount":29},"EDA_GUL_CETINEL/StackQuestionsNonMember.cpp":{"tokenCount":18}},"ELIF_NAZ_TURAN":{"ELIF_NAZ_TURAN/StackQuestionsNonMember.cpp":{"tokenCount":18},"ELIF_NAZ_TURAN/StackQuestionsNonMember.tpp":{"tokenCount":5}},"NEVZAT_OGUZHAN_TOPUZ":{"NEVZAT_OGUZHAN_TOPUZ/StackQuestionsNonMember.cpp":{"tokenCount":18},"NEVZAT_OGUZHAN_TOPUZ/StackQuestionsNonMember.tpp":{"tokenCount":5},"NEVZAT_OGUZHAN_TOPUZ/StackQuestionsMember.tpp":{"tokenCount":39}},"KEREM_KOSE":{"KEREM_KOSE/y.tpp":{"tokenCount":5},"KEREM_KOSE/x.tpp":{"tokenCount":11},"KEREM_KOSE/z.cpp":{"tokenCount":33}},"MEHMET_ALI_CIFCI":{"MEHMET_ALI_CIFCI/StackQuestionsNonMember.tpp":{"tokenCount":5},"MEHMET_ALI_CIFCI/StackQuestionsNonMember.cpp":{"tokenCount":18},"MEHMET_ALI_CIFCI/StackQuestionsMember.tpp":{"tokenCount":8}},"FATIH_KAGAN_CEBI":{"FATIH_KAGAN_CEBI/StackQuestionsNonMember.tpp":{"tokenCount":40},"FATIH_KAGAN_CEBI/StackQuestionsNonMember.cpp":{"tokenCount":63},"FATIH_KAGAN_CEBI/StackQuestionsMember.tpp":{"tokenCount":43}},"ISMAIL_ERIM_ATAKTURK":{"ISMAIL_ERIM_ATAKTURK/StackQuestionsMember.tpp":{"tokenCount":44}},"SERKAN_YILMAZ":{"SERKAN_YILMAZ/StackQuestionsNonMember.tpp":{"tokenCount":23},"SERKAN_YILMAZ/StackQuestionsMember.tpp":{"tokenCount":40}},"BERKE_TURKBAY":{"BERKE_TURKBAY/StackQuestionsMember.tpp":{"tokenCount":47},"BERKE_TURKBAY/StackQuestionsNonMember.cpp":{"tokenCount":18},"BERKE_TURKBAY/StackQuestionsNonMember.tpp":{"tokenCount":29}},"MUHAMMED_EMIN_SEKER":{"MUHAMMED_EMIN_SEKER/StackQuestionsMember.tpp":{"tokenCount":45},"MUHAMMED_EMIN_SEKER/StackQuestionsNonMember.cpp":{"tokenCount":136},"MUHAMMED_EMIN_SEKER/StackQuestionsNonMember.tpp":{"tokenCount":38}},"EYLUL_PIRINCAL":{"EYLUL_PIRINCAL/StackQuestionsMember.tpp":{"tokenCount":25}},"BAHA_ARDA_INALKUT":{"BAHA_ARDA_INALKUT/StackQuestionsNonMember.cpp":{"tokenCount":33},"BAHA_ARDA_INALKUT/StackQuestionsMember.tpp":{"tokenCount":8},"BAHA_ARDA_INALKUT/StackQuestionsNonMember.tpp":{"tokenCount":5}},"BEGUM_HAMARAT":{"BEGUM_HAMARAT/StackQuestionsNonMemberQ4.cpp":{"tokenCount":71},"BEGUM_HAMARAT/StackQuestionsNonMemberQ3.tpp":{"tokenCount":31},"BEGUM_HAMARAT/StackQuestionsMemberQ1Q2.tpp":{"tokenCount":40}},"ABDULLAH_MERT_OZDEM":{"ABDULLAH_MERT_OZDEM/StackQuestionsNonMember.tpp":{"tokenCount":40},"ABDULLAH_MERT_OZDEM/StackQuestionsNonMember.cpp":{"tokenCount":63},"ABDULLAH_MERT_OZDEM/StackQuestionsMember.tpp":{"tokenCount":43}},"HATICE_SENA_SES":{"HATICE_SENA_SES/StackQuestionsMember.tpp":{"tokenCount":12},"HATICE_SENA_SES/StackQuestionsNonMember.cpp":{"tokenCount":47},"HATICE_SENA_SES/StackQuestionsNonMember.tpp":{"tokenCount":23}},"BORA_YALCIN":{"BORA_YALCIN/StackQuestionsNonMember.cpp":{"tokenCount":39},"BORA_YALCIN/StackQuestionsNonMember.tpp":{"tokenCount":26},"BORA_YALCIN/StackQuestionsMember.tpp":{"tokenCount":52}},"CLAUDE":{"CLAUDE/StackQuestionsNonMember.cpp":{"tokenCount":100},"CLAUDE/StackQuestionsNonMember.tpp":{"tokenCount":41},"CLAUDE/StackQuestionsMember.tpp":{"tokenCount":45}},"MEHMET_EREN_GUNER":{"MEHMET_EREN_GUNER/StackQuestionsMember.tpp":{"tokenCount":56},"MEHMET_EREN_GUNER/StackQuestionsNonMember.cpp":{"tokenCount":71},"MEHMET_EREN_GUNER/StackQuestionsNonMember.tpp":{"tokenCount":6}}}}