[{"firstSubmission":"ABDULLAH_MERT_OZDEM","secondSubmission":"FATIH_KAGAN_CEBI","similarities":{"AVG":1.0,"MAX":1.0,"MAXIMUM_LENGTH":146.0,"LONGEST_MATCH":50.0}},{"firstSubmission":"ABDULLAH_MERT_OZDEM","secondSubmission":"GPT","similarities":{"AVG":0.9428571428571428,"MAX":0.9770992366412213,"MAXIMUM_LENGTH":168.0,"LONGEST_MATCH":50.0}},{"firstSubmission":"FATIH_KAGAN_CEBI","secondSubmission":"GPT","similarities":{"AVG":0.9428571428571428,"MAX":0.9770992366412213,"MAXIMUM_LENGTH":168.0,"LONGEST_MATCH":50.0}},{"firstSubmission":"MEHMET_EREN_GUNER","secondSubmission":"GPT","similarities":{"AVG":0.7186311787072244,"MAX":0.8245614035087719,"MAXIMUM_LENGTH":168.0,"LONGEST_MATCH":40.0}},{"firstSubmission":"MEHMET_EREN_GUNER","secondSubmission":"ABDULLAH_MERT_OZDEM","similarities":{"AVG":0.710204081632653,"MAX":0.7631578947368421,"MAXIMUM_LENGTH":146.0,"LONGEST_MATCH":20.0}},{"firstSubmission":"MEHMET_EREN_GUNER","secondSubmission":"FATIH_KAGAN_CEBI","similarities":{"AVG":0.710204081632653,"MAX":0.7631578947368421,"MAXIMUM_LENGTH":146.0,"LONGEST_MATCH":20.0}},{"firstSubmission":"ABDULLAH_MERT_OZDEM","secondSubmission":"CLAUDE","similarities":{"AVG":0.6375838926174496,"MAX":0.7251908396946565,"MAXIMUM_LENGTH":186.0,"LONGEST_MATCH":27.0}},{"firstSubmission":"FATIH_KAGAN_CEBI","secondSubmission":"CLAUDE","similarities":{"AVG":0.6375838926174496,"MAX":0.7251908396946565,"MAXIMUM_LENGTH":186.0,"LONGEST_MATCH":27.0}},{"firstSubmission":"ISMAIL_ERIM_ATAKTURK","secondSubmission":"SERKAN_YILMAZ","similarities":{"AVG":0.6346153846153846,"MAX":0.7674418604651163,"MAXIMUM_LENGTH":63.0,"LONGEST_MATCH":23.0}},{"firstSubmission":"BEGUM_HAMARAT","secondSubmission":"ABDULLAH_MERT_OZDEM","similarities":{"AVG":0.5511811023622047,"MAX":0.5691056910569106,"MAXIMUM_LENGTH":146.0,"LONGEST_MATCH":18.0}},{"firstSubmission":"BEGUM_HAMARAT","secondSubmission":"FATIH_KAGAN_CEBI","similarities":{"AVG":0.5511811023622047,"MAX":0.5691056910569106,"MAXIMUM_LENGTH":146.0,"LONGEST_MATCH":18.0}},{"firstSubmission":"SERKAN_YILMAZ","secondSubmission":"SEVKET_YESILPEKMEZ_MACOS","similarities":{"AVG":0.549618320610687,"MAX":0.5901639344262295,"MAXIMUM_LENGTH":72.0,"LONGEST_MATCH":14.0}},{"firstSubmission":"SERKAN_YILMAZ","secondSubmission":"EDA_GUL_CETINEL","similarities":{"AVG":0.54421768707483,"MAX":0.6557377049180327,"MAXIMUM_LENGTH":106.0,"LONGEST_MATCH":17.0}},{"firstSubmission":"EYLUL_PIRINCAL","secondSubmission":"SERKAN_YILMAZ","similarities":{"AVG":0.5176470588235295,"MAX":0.9166666666666666,"MAXIMUM_LENGTH":63.0,"LONGEST_MATCH":16.0}},{"firstSubmission":"EYLUL_PIRINCAL","secondSubmission":"ISMAIL_ERIM_ATAKTURK","similarities":{"AVG":0.5074626865671642,"MAX":0.7083333333333334,"MAXIMUM_LENGTH":44.0,"LONGEST_MATCH":11.0}},{"firstSubmission":"MEHMET_EREN_GUNER","secondSubmission":"CLAUDE","similarities":{"AVG":0.505338078291815,"MAX":0.6228070175438597,"MAXIMUM_LENGTH":186.0,"LONGEST_MATCH":15.0}},{"firstSubmission":"GPT","secondSubmission":"CLAUDE","similarities":{"AVG":0.5,"MAX":0.5302013422818792,"MAXIMUM_LENGTH":186.0,"LONGEST_MATCH":24.0}},{"firstSubmission":"ISMAIL_ERIM_ATAKTURK","secondSubmission":"ABDULLAH_MERT_OZDEM","similarities":{"AVG":0.45977011494252873,"MAX":0.9302325581395349,"MAXIMUM_LENGTH":146.0,"LONGEST_MATCH":14.0}},{"firstSubmission":"ISMAIL_ERIM_ATAKTURK","secondSubmission":"FATIH_KAGAN_CEBI","similarities":{"AVG":0.45977011494252873,"MAX":0.9302325581395349,"MAXIMUM_LENGTH":146.0,"LONGEST_MATCH":14.0}},{"firstSubmission":"EDA_GUL_CETINEL","secondSubmission":"BEGUM_HAMARAT","similarities":{"AVG":0.45933014354066987,"MAX":0.5581395348837209,"MAXIMUM_LENGTH":142.0,"LONGEST_MATCH":14.0}},{"firstSubmission":"ISMAIL_ERIM_ATAKTURK","secondSubmission":"BEGUM_HAMARAT","similarities":{"AVG":0.4578313253012048,"MAX":0.8837209302325582,"MAXIMUM_LENGTH":142.0,"LONGEST_MATCH":23.0}},{"firstSubmission":"SERKAN_YILMAZ","secondSubmission":"BEGUM_HAMARAT","similarities":{"AVG":0.45652173913043476,"MAX":0.6885245901639344,"MAXIMUM_LENGTH":142.0,"LONGEST_MATCH":29.0}},{"firstSubmission":"ISMAIL_ERIM_ATAKTURK","secondSubmission":"EDA_GUL_CETINEL","similarities":{"AVG":0.43410852713178294,"MAX":0.6511627906976745,"MAXIMUM_LENGTH":106.0,"LONGEST_MATCH":12.0}},{"firstSubmission":"ISMAIL_ERIM_ATAKTURK","secondSubmission":"MEHMET_EREN_GUNER","similarities":{"AVG":0.43312101910828027,"MAX":0.7906976744186046,"MAXIMUM_LENGTH":133.0,"LONGEST_MATCH":25.0}},{"firstSubmission":"BEGUM_HAMARAT","secondSubmission":"CLAUDE","similarities":{"AVG":0.42758620689655175,"MAX":0.5040650406504065,"MAXIMUM_LENGTH":186.0,"LONGEST_MATCH":37.0}},{"firstSubmission":"ISMAIL_ERIM_ATAKTURK","secondSubmission":"SEVKET_YESILPEKMEZ_MACOS","similarities":{"AVG":0.40707964601769914,"MAX":0.5348837209302325,"MAXIMUM_LENGTH":72.0,"LONGEST_MATCH":23.0}},{"firstSubmission":"ISMAIL_ERIM_ATAKTURK","secondSubmission":"CLAUDE","similarities":{"AVG":0.4,"MAX":0.9767441860465116,"MAXIMUM_LENGTH":186.0,"LONGEST_MATCH":23.0}},{"firstSubmission":"EYLUL_PIRINCAL","secondSubmission":"EDA_GUL_CETINEL","similarities":{"AVG":0.4,"MAX":0.9166666666666666,"MAXIMUM_LENGTH":106.0,"LONGEST_MATCH":16.0}},{"firstSubmission":"MEHMET_EREN_GUNER","secondSubmission":"BEGUM_HAMARAT","similarities":{"AVG":0.39662447257383965,"MAX":0.41228070175438597,"MAXIMUM_LENGTH":142.0,"LONGEST_MATCH":15.0}},{"firstSubmission":"SERKAN_YILMAZ","secondSubmission":"CLAUDE","similarities":{"AVG":0.38596491228070173,"MAX":0.7213114754098361,"MAXIMUM_LENGTH":186.0,"LONGEST_MATCH":36.0}},{"firstSubmission":"EMIR_KEREM_ISILDAR","secondSubmission":"ABDULLAH_MERT_OZDEM","similarities":{"AVG":0.3805668016194332,"MAX":0.4051724137931034,"MAXIMUM_LENGTH":146.0,"LONGEST_MATCH":14.0}},{"firstSubmission":"EMIR_KEREM_ISILDAR","secondSubmission":"FATIH_KAGAN_CEBI","similarities":{"AVG":0.3805668016194332,"MAX":0.4051724137931034,"MAXIMUM_LENGTH":146.0,"LONGEST_MATCH":14.0}},{"firstSubmission":"SEVKET_YESILPEKMEZ_MACOS","secondSubmission":"BEGUM_HAMARAT","similarities":{"AVG":0.37305699481865284,"MAX":0.5142857142857142,"MAXIMUM_LENGTH":142.0,"LONGEST_MATCH":13.0}},{"firstSubmission":"MIRAY_DUYGULU","secondSubmission":"EGE_KARTAL","similarities":{"AVG":0.368,"MAX":0.5348837209302325,"MAXIMUM_LENGTH":183.0,"LONGEST_MATCH":13.0}},{"firstSubmission":"HASAN_ZAFER_BILIR","secondSubmission":"MIRAY_DUYGULU","similarities":{"AVG":0.3660130718954248,"MAX":0.417910447761194,"MAXIMUM_LENGTH":105.0,"LONGEST_MATCH":9.0}},{"firstSubmission":"SERKAN_YILMAZ","secondSubmission":"ABDULLAH_MERT_OZDEM","similarities":{"AVG":0.3645833333333333,"MAX":0.5737704918032787,"MAXIMUM_LENGTH":146.0,"LONGEST_MATCH":24.0}},{"firstSubmission":"SERKAN_YILMAZ","secondSubmission":"FATIH_KAGAN_CEBI","similarities":{"AVG":0.3645833333333333,"MAX":0.5737704918032787,"MAXIMUM_LENGTH":146.0,"LONGEST_MATCH":24.0}},{"firstSubmission":"EMIR_KEREM_ISILDAR","secondSubmission":"CLAUDE","similarities":{"AVG":0.36042402826855124,"MAX":0.4396551724137931,"MAXIMUM_LENGTH":186.0,"LONGEST_MATCH":15.0}},{"firstSubmission":"GPT","secondSubmission":"MUHAMMED_EMIN_SEKER","similarities":{"AVG":0.3553008595988539,"MAX":0.4161073825503356,"MAXIMUM_LENGTH":219.0,"LONGEST_MATCH":16.0}},{"firstSubmission":"HASAN_ZAFER_BILIR","secondSubmission":"EGE_KARTAL","similarities":{"AVG":0.354978354978355,"MAX":0.6119402985074627,"MAXIMUM_LENGTH":183.0,"LONGEST_MATCH":10.0}},{"firstSubmission":"BEGUM_HAMARAT","secondSubmission":"GPT","similarities":{"AVG":0.34558823529411764,"MAX":0.3821138211382114,"MAXIMUM_LENGTH":168.0,"LONGEST_MATCH":17.0}},{"firstSubmission":"EDA_GUL_CETINEL","secondSubmission":"CLAUDE","similarities":{"AVG":0.33992094861660077,"MAX":0.5,"MAXIMUM_LENGTH":186.0,"LONGEST_MATCH":14.0}},{"firstSubmission":"SERKAN_YILMAZ","secondSubmission":"MIRAY_DUYGULU","similarities":{"AVG":0.32653061224489793,"MAX":0.39344262295081966,"MAXIMUM_LENGTH":105.0,"LONGEST_MATCH":12.0}},{"firstSubmission":"ABDULLAH_MERT_OZDEM","secondSubmission":"MUHAMMED_EMIN_SEKER","similarities":{"AVG":0.32628398791540786,"MAX":0.4122137404580153,"MAXIMUM_LENGTH":219.0,"LONGEST_MATCH":16.0}},{"firstSubmission":"FATIH_KAGAN_CEBI","secondSubmission":"MUHAMMED_EMIN_SEKER","similarities":{"AVG":0.32628398791540786,"MAX":0.4122137404580153,"MAXIMUM_LENGTH":219.0,"LONGEST_MATCH":16.0}},{"firstSubmission":"ISMAIL_ERIM_ATAKTURK","secondSubmission":"GPT","similarities":{"AVG":0.3229166666666667,"MAX":0.7209302325581395,"MAXIMUM_LENGTH":168.0,"LONGEST_MATCH":14.0}},{"firstSubmission":"EDA_GUL_CETINEL","secondSubmission":"ABDULLAH_MERT_OZDEM","similarities":{"AVG":0.3225806451612903,"MAX":0.4069767441860465,"MAXIMUM_LENGTH":146.0,"LONGEST_MATCH":11.0}},{"firstSubmission":"EDA_GUL_CETINEL","secondSubmission":"FATIH_KAGAN_CEBI","similarities":{"AVG":0.3225806451612903,"MAX":0.4069767441860465,"MAXIMUM_LENGTH":146.0,"LONGEST_MATCH":11.0}},{"firstSubmission":"EGE_KARTAL","secondSubmission":"CLAUDE","similarities":{"AVG":0.3202416918429003,"MAX":0.3231707317073171,"MAXIMUM_LENGTH":186.0,"LONGEST_MATCH":12.0}},{"firstSubmission":"EGE_KARTAL","secondSubmission":"MUHAMMED_EMIN_SEKER","similarities":{"AVG":0.31868131868131866,"MAX":0.35365853658536583,"MAXIMUM_LENGTH":219.0,"LONGEST_MATCH":12.0}},{"firstSubmission":"EMIR_KEREM_ISILDAR","secondSubmission":"GPT","similarities":{"AVG":0.3169811320754717,"MAX":0.3620689655172414,"MAXIMUM_LENGTH":168.0,"LONGEST_MATCH":12.0}},{"firstSubmission":"ISMAIL_ERIM_ATAKTURK","secondSubmission":"EMIR_KEREM_ISILDAR","similarities":{"AVG":0.31446540880503143,"MAX":0.5813953488372093,"MAXIMUM_LENGTH":136.0,"LONGEST_MATCH":10.0}},{"firstSubmission":"SEVKET_YESILPEKMEZ_MACOS","secondSubmission":"EGE_KARTAL","similarities":{"AVG":0.3076923076923077,"MAX":0.5142857142857142,"MAXIMUM_LENGTH":183.0,"LONGEST_MATCH":8.0}},{"firstSubmission":"ABDULLAH_MERT_OZDEM","secondSubmission":"EGE_KARTAL","similarities":{"AVG":0.3050847457627119,"MAX":0.3435114503816794,"MAXIMUM_LENGTH":183.0,"LONGEST_MATCH":12.0}},{"firstSubmission":"FATIH_KAGAN_CEBI","secondSubmission":"EGE_KARTAL","similarities":{"AVG":0.3050847457627119,"MAX":0.3435114503816794,"MAXIMUM_LENGTH":183.0,"LONGEST_MATCH":12.0}},{"firstSubmission":"MEHMET_EREN_GUNER","secondSubmission":"EGE_KARTAL","similarities":{"AVG":0.302158273381295,"MAX":0.3684210526315789,"MAXIMUM_LENGTH":183.0,"LONGEST_MATCH":13.0}},{"firstSubmission":"CLAUDE","secondSubmission":"MUHAMMED_EMIN_SEKER","similarities":{"AVG":0.2997275204359673,"MAX":0.32934131736526945,"MAXIMUM_LENGTH":219.0,"LONGEST_MATCH":23.0}},{"firstSubmission":"SERKAN_YILMAZ","secondSubmission":"HASAN_ZAFER_BILIR","similarities":{"AVG":0.296875,"MAX":0.3114754098360656,"MAXIMUM_LENGTH":87.0,"LONGEST_MATCH":7.0}},{"firstSubmission":"SEVKET_YESILPEKMEZ_MACOS","secondSubmission":"EDA_GUL_CETINEL","similarities":{"AVG":0.2948717948717949,"MAX":0.32857142857142857,"MAXIMUM_LENGTH":106.0,"LONGEST_MATCH":8.0}},{"firstSubmission":"SERKAN_YILMAZ","secondSubmission":"EGE_KARTAL","similarities":{"AVG":0.29333333333333333,"MAX":0.5409836065573771,"MAXIMUM_LENGTH":183.0,"LONGEST_MATCH":11.0}},{"firstSubmission":"SEVKET_YESILPEKMEZ_MACOS","secondSubmission":"HASAN_ZAFER_BILIR","similarities":{"AVG":0.291970802919708,"MAX":0.29850746268656714,"MAXIMUM_LENGTH":87.0,"LONGEST_MATCH":7.0}},{"firstSubmission":"BAHA_ARDA_INALKUT","secondSubmission":"HATICE_SENA_SES","similarities":{"AVG":0.2891566265060241,"MAX":0.6,"MAXIMUM_LENGTH":82.0,"LONGEST_MATCH":12.0}},{"firstSubmission":"SERKAN_YILMAZ","secondSubmission":"MEHMET_EREN_GUNER","similarities":{"AVG":0.2857142857142857,"MAX":0.4098360655737705,"MAXIMUM_LENGTH":133.0,"LONGEST_MATCH":15.0}},{"firstSubmission":"SERKAN_YILMAZ","secondSubmission":"MUHAMMED_EMIN_SEKER","similarities":{"AVG":0.2835249042145594,"MAX":0.6065573770491803,"MAXIMUM_LENGTH":219.0,"LONGEST_MATCH":23.0}},{"firstSubmission":"EDA_GUL_CETINEL","secondSubmission":"MEHMET_EREN_GUNER","similarities":{"AVG":0.28,"MAX":0.32558139534883723,"MAXIMUM_LENGTH":133.0,"LONGEST_MATCH":8.0}},{"firstSubmission":"SEVKET_YESILPEKMEZ_MACOS","secondSubmission":"MUHAMMED_EMIN_SEKER","similarities":{"AVG":0.2740740740740741,"MAX":0.5285714285714286,"MAXIMUM_LENGTH":219.0,"LONGEST_MATCH":13.0}},{"firstSubmission":"MEHMET_EREN_GUNER","secondSubmission":"EMIR_KEREM_ISILDAR","similarities":{"AVG":0.26956521739130435,"MAX":0.2719298245614035,"MAXIMUM_LENGTH":136.0,"LONGEST_MATCH":9.0}},{"firstSubmission":"HASAN_ZAFER_BILIR","secondSubmission":"GPT","similarities":{"AVG":0.26851851851851855,"MAX":0.43283582089552236,"MAXIMUM_LENGTH":168.0,"LONGEST_MATCH":8.0}},{"firstSubmission":"BEGUM_HAMARAT","secondSubmission":"MUHAMMED_EMIN_SEKER","similarities":{"AVG":0.26625386996904027,"MAX":0.34959349593495936,"MAXIMUM_LENGTH":219.0,"LONGEST_MATCH":23.0}},{"firstSubmission":"GPT","secondSubmission":"EGE_KARTAL","similarities":{"AVG":0.26198083067092653,"MAX":0.2751677852348993,"MAXIMUM_LENGTH":183.0,"LONGEST_MATCH":11.0}},{"firstSubmission":"EDA_GUL_CETINEL","secondSubmission":"MUHAMMED_EMIN_SEKER","similarities":{"AVG":0.25874125874125875,"MAX":0.43023255813953487,"MAXIMUM_LENGTH":219.0,"LONGEST_MATCH":9.0}},{"firstSubmission":"SEVKET_YESILPEKMEZ_MACOS","secondSubmission":"ABDULLAH_MERT_OZDEM","similarities":{"AVG":0.25870646766169153,"MAX":0.37142857142857144,"MAXIMUM_LENGTH":146.0,"LONGEST_MATCH":16.0}},{"firstSubmission":"SEVKET_YESILPEKMEZ_MACOS","secondSubmission":"FATIH_KAGAN_CEBI","similarities":{"AVG":0.25870646766169153,"MAX":0.37142857142857144,"MAXIMUM_LENGTH":146.0,"LONGEST_MATCH":16.0}},{"firstSubmission":"EYLUL_PIRINCAL","secondSubmission":"BEGUM_HAMARAT","similarities":{"AVG":0.2585034013605442,"MAX":0.7916666666666666,"MAXIMUM_LENGTH":142.0,"LONGEST_MATCH":13.0}},{"firstSubmission":"SEVKET_YESILPEKMEZ_MACOS","secondSubmission":"MIRAY_DUYGULU","similarities":{"AVG":0.2564102564102564,"MAX":0.2857142857142857,"MAXIMUM_LENGTH":105.0,"LONGEST_MATCH":8.0}},{"firstSubmission":"HASAN_ZAFER_BILIR","secondSubmission":"BEGUM_HAMARAT","similarities":{"AVG":0.25263157894736843,"MAX":0.3582089552238806,"MAXIMUM_LENGTH":142.0,"LONGEST_MATCH":6.0}},{"firstSubmission":"SEVKET_YESILPEKMEZ_MACOS","secondSubmission":"MEHMET_EREN_GUNER","similarities":{"AVG":0.25,"MAX":0.32857142857142857,"MAXIMUM_LENGTH":133.0,"LONGEST_MATCH":23.0}},{"firstSubmission":"SERKAN_YILMAZ","secondSubmission":"EMIR_KEREM_ISILDAR","similarities":{"AVG":0.24858757062146894,"MAX":0.36065573770491804,"MAXIMUM_LENGTH":136.0,"LONGEST_MATCH":8.0}},{"firstSubmission":"EDA_GUL_CETINEL","secondSubmission":"GPT","similarities":{"AVG":0.24680851063829787,"MAX":0.3372093023255814,"MAXIMUM_LENGTH":168.0,"LONGEST_MATCH":8.0}},{"firstSubmission":"BEGUM_HAMARAT","secondSubmission":"EGE_KARTAL","similarities":{"AVG":0.24390243902439024,"MAX":0.2845528455284553,"MAXIMUM_LENGTH":183.0,"LONGEST_MATCH":11.0}},{"firstSubmission":"HASAN_ZAFER_BILIR","secondSubmission":"ABDULLAH_MERT_OZDEM","similarities":{"AVG":0.24242424242424243,"MAX":0.3582089552238806,"MAXIMUM_LENGTH":146.0,"LONGEST_MATCH":10.0}},{"firstSubmission":"HASAN_ZAFER_BILIR","secondSubmission":"FATIH_KAGAN_CEBI","similarities":{"AVG":0.24242424242424243,"MAX":0.3582089552238806,"MAXIMUM_LENGTH":146.0,"LONGEST_MATCH":10.0}},{"firstSubmission":"HASAN_ZAFER_BILIR","secondSubmission":"EMIR_KEREM_ISILDAR","similarities":{"AVG":0.24043715846994534,"MAX":0.3283582089552239,"MAXIMUM_LENGTH":136.0,"LONGEST_MATCH":8.0}},{"firstSubmission":"EDA_GUL_CETINEL","secondSubmission":"EGE_KARTAL","similarities":{"AVG":0.24,"MAX":0.3488372093023256,"MAXIMUM_LENGTH":183.0,"LONGEST_MATCH":8.0}},{"firstSubmission":"HASAN_ZAFER_BILIR","secondSubmission":"MUHAMMED_EMIN_SEKER","similarities":{"AVG":0.2397003745318352,"MAX":0.47761194029850745,"MAXIMUM_LENGTH":219.0,"LONGEST_MATCH":7.0}},{"firstSubmission":"MIRAY_DUYGULU","secondSubmission":"BEGUM_HAMARAT","similarities":{"AVG":0.23923444976076555,"MAX":0.29069767441860467,"MAXIMUM_LENGTH":142.0,"LONGEST_MATCH":12.0}},{"firstSubmission":"ISMAIL_ERIM_ATAKTURK","secondSubmission":"MUHAMMED_EMIN_SEKER","similarities":{"AVG":0.23868312757201646,"MAX":0.6744186046511628,"MAXIMUM_LENGTH":219.0,"LONGEST_MATCH":20.0}},{"firstSubmission":"MIRAY_DUYGULU","secondSubmission":"GPT","similarities":{"AVG":0.23829787234042554,"MAX":0.32558139534883723,"MAXIMUM_LENGTH":168.0,"LONGEST_MATCH":12.0}},{"firstSubmission":"EDA_GUL_CETINEL","secondSubmission":"EMIR_KEREM_ISILDAR","similarities":{"AVG":0.2376237623762376,"MAX":0.27906976744186046,"MAXIMUM_LENGTH":136.0,"LONGEST_MATCH":10.0}},{"firstSubmission":"MIRAY_DUYGULU","secondSubmission":"CLAUDE","similarities":{"AVG":0.23715415019762845,"MAX":0.3488372093023256,"MAXIMUM_LENGTH":186.0,"LONGEST_MATCH":12.0}},{"firstSubmission":"ISMAIL_ERIM_ATAKTURK","secondSubmission":"HASAN_ZAFER_BILIR","similarities":{"AVG":0.23636363636363636,"MAX":0.3023255813953488,"MAXIMUM_LENGTH":87.0,"LONGEST_MATCH":7.0}},{"firstSubmission":"SERKAN_YILMAZ","secondSubmission":"GPT","similarities":{"AVG":0.22857142857142856,"MAX":0.39344262295081966,"MAXIMUM_LENGTH":168.0,"LONGEST_MATCH":24.0}},{"firstSubmission":"MIRAY_DUYGULU","secondSubmission":"ABDULLAH_MERT_OZDEM","similarities":{"AVG":0.22119815668202766,"MAX":0.27906976744186046,"MAXIMUM_LENGTH":146.0,"LONGEST_MATCH":12.0}},{"firstSubmission":"MIRAY_DUYGULU","secondSubmission":"FATIH_KAGAN_CEBI","similarities":{"AVG":0.22119815668202766,"MAX":0.27906976744186046,"MAXIMUM_LENGTH":146.0,"LONGEST_MATCH":12.0}},{"firstSubmission":"BERKE_TURKBAY","secondSubmission":"BORA_YALCIN","similarities":{"AVG":0.22093023255813954,"MAX":0.25675675675675674,"MAXIMUM_LENGTH":117.0,"LONGEST_MATCH":7.0}},{"firstSubmission":"EYLUL_PIRINCAL","secondSubmission":"ABDULLAH_MERT_OZDEM","similarities":{"AVG":0.21935483870967742,"MAX":0.7083333333333334,"MAXIMUM_LENGTH":146.0,"LONGEST_MATCH":11.0}},{"firstSubmission":"EYLUL_PIRINCAL","secondSubmission":"FATIH_KAGAN_CEBI","similarities":{"AVG":0.21935483870967742,"MAX":0.7083333333333334,"MAXIMUM_LENGTH":146.0,"LONGEST_MATCH":11.0}},{"firstSubmission":"SEVKET_YESILPEKMEZ_MACOS","secondSubmission":"GPT","similarities":{"AVG":0.2191780821917808,"MAX":0.34285714285714286,"MAXIMUM_LENGTH":168.0,"LONGEST_MATCH":14.0}},{"firstSubmission":"ISMAIL_ERIM_ATAKTURK","secondSubmission":"MIRAY_DUYGULU","similarities":{"AVG":0.21705426356589147,"MAX":0.32558139534883723,"MAXIMUM_LENGTH":105.0,"LONGEST_MATCH":8.0}},{"firstSubmission":"HASAN_ZAFER_BILIR","secondSubmission":"EDA_GUL_CETINEL","similarities":{"AVG":0.20915032679738563,"MAX":0.23880597014925373,"MAXIMUM_LENGTH":106.0,"LONGEST_MATCH":8.0}},{"firstSubmission":"HASAN_ZAFER_BILIR","secondSubmission":"CLAUDE","similarities":{"AVG":0.20512820512820512,"MAX":0.3582089552238806,"MAXIMUM_LENGTH":186.0,"LONGEST_MATCH":10.0}},{"firstSubmission":"MEHMET_EREN_GUNER","secondSubmission":"MUHAMMED_EMIN_SEKER","similarities":{"AVG":0.20382165605095542,"MAX":0.2807017543859649,"MAXIMUM_LENGTH":219.0,"LONGEST_MATCH":15.0}},{"firstSubmission":"EMIR_KEREM_ISILDAR","secondSubmission":"BEGUM_HAMARAT","similarities":{"AVG":0.200836820083682,"MAX":0.20689655172413793,"MAXIMUM_LENGTH":142.0,"LONGEST_MATCH":9.0}},{"firstSubmission":"EYLUL_PIRINCAL","secondSubmission":"CLAUDE","similarities":{"AVG":0.19895287958115182,"MAX":0.7916666666666666,"MAXIMUM_LENGTH":186.0,"LONGEST_MATCH":13.0}},{"firstSubmission":"BORA_YALCIN","secondSubmission":"EMIR_KEREM_ISILDAR","similarities":{"AVG":0.19626168224299065,"MAX":0.21428571428571427,"MAXIMUM_LENGTH":136.0,"LONGEST_MATCH":9.0}},{"firstSubmission":"EMIR_KEREM_ISILDAR","secondSubmission":"MUHAMMED_EMIN_SEKER","similarities":{"AVG":0.1962025316455696,"MAX":0.2672413793103448,"MAXIMUM_LENGTH":219.0,"LONGEST_MATCH":12.0}},{"firstSubmission":"SEVKET_YESILPEKMEZ_MACOS","secondSubmission":"CLAUDE","similarities":{"AVG":0.1940928270042194,"MAX":0.32857142857142857,"MAXIMUM_LENGTH":186.0,"LONGEST_MATCH":14.0}},{"firstSubmission":"SERKAN_YILMAZ","secondSubmission":"BERKE_TURKBAY","similarities":{"AVG":0.1925925925925926,"MAX":0.21311475409836064,"MAXIMUM_LENGTH":94.0,"LONGEST_MATCH":7.0}},{"firstSubmission":"MIRAY_DUYGULU","secondSubmission":"MEHMET_EREN_GUNER","similarities":{"AVG":0.19,"MAX":0.22093023255813954,"MAXIMUM_LENGTH":133.0,"LONGEST_MATCH":11.0}},{"firstSubmission":"BERKE_TURKBAY","secondSubmission":"EDA_GUL_CETINEL","similarities":{"AVG":0.1875,"MAX":0.20270270270270271,"MAXIMUM_LENGTH":106.0,"LONGEST_MATCH":9.0}},{"firstSubmission":"EYLUL_PIRINCAL","secondSubmission":"NEVZAT_OGUZHAN_TOPUZ","similarities":{"AVG":0.18181818181818182,"MAX":0.25,"MAXIMUM_LENGTH":62.0,"LONGEST_MATCH":6.0}},{"firstSubmission":"MIRAY_DUYGULU","secondSubmission":"MUHAMMED_EMIN_SEKER","similarities":{"AVG":0.17482517482517482,"MAX":0.29069767441860467,"MAXIMUM_LENGTH":219.0,"LONGEST_MATCH":11.0}},{"firstSubmission":"DORUK_OCAL","secondSubmission":"BERKE_TURKBAY","similarities":{"AVG":0.16822429906542055,"MAX":0.2727272727272727,"MAXIMUM_LENGTH":94.0,"LONGEST_MATCH":9.0}},{"firstSubmission":"DORUK_OCAL","secondSubmission":"EDA_GUL_CETINEL","similarities":{"AVG":0.16806722689075632,"MAX":0.30303030303030304,"MAXIMUM_LENGTH":106.0,"LONGEST_MATCH":10.0}},{"firstSubmission":"SEVKET_YESILPEKMEZ_MACOS","secondSubmission":"EMIR_KEREM_ISILDAR","similarities":{"AVG":0.16129032258064516,"MAX":0.21428571428571427,"MAXIMUM_LENGTH":136.0,"LONGEST_MATCH":8.0}},{"firstSubmission":"NEVZAT_OGUZHAN_TOPUZ","secondSubmission":"BEGUM_HAMARAT","similarities":{"AVG":0.15757575757575756,"MAX":0.30952380952380953,"MAXIMUM_LENGTH":142.0,"LONGEST_MATCH":7.0}},{"firstSubmission":"ISMAIL_ERIM_ATAKTURK","secondSubmission":"EGE_KARTAL","similarities":{"AVG":0.15458937198067632,"MAX":0.37209302325581395,"MAXIMUM_LENGTH":183.0,"LONGEST_MATCH":8.0}},{"firstSubmission":"SERKAN_YILMAZ","secondSubmission":"BORA_YALCIN","similarities":{"AVG":0.1509433962264151,"MAX":0.19672131147540983,"MAXIMUM_LENGTH":117.0,"LONGEST_MATCH":6.0}},{"firstSubmission":"DORUK_OCAL","secondSubmission":"SERKAN_YILMAZ","similarities":{"AVG":0.14893617021276595,"MAX":0.21212121212121213,"MAXIMUM_LENGTH":63.0,"LONGEST_MATCH":7.0}},{"firstSubmission":"HASAN_ZAFER_BILIR","secondSubmission":"MEHMET_EREN_GUNER","similarities":{"AVG":0.143646408839779,"MAX":0.19402985074626866,"MAXIMUM_LENGTH":133.0,"LONGEST_MATCH":7.0}},{"firstSubmission":"MIRAY_DUYGULU","secondSubmission":"BORA_YALCIN","similarities":{"AVG":0.14130434782608695,"MAX":0.1511627906976744,"MAXIMUM_LENGTH":117.0,"LONGEST_MATCH":7.0}},{"firstSubmission":"ISMAIL_ERIM_ATAKTURK","secondSubmission":"NEVZAT_OGUZHAN_TOPUZ","similarities":{"AVG":0.1411764705882353,"MAX":0.14285714285714285,"MAXIMUM_LENGTH":62.0,"LONGEST_MATCH":6.0}},{"firstSubmission":"BAHA_ARDA_INALKUT","secondSubmission":"HASAN_ZAFER_BILIR","similarities":{"AVG":0.13793103448275862,"MAX":0.3,"MAXIMUM_LENGTH":87.0,"LONGEST_MATCH":6.0}},{"firstSubmission":"DORUK_OCAL","secondSubmission":"SEVKET_YESILPEKMEZ_MACOS","similarities":{"AVG":0.13592233009708737,"MAX":0.21212121212121213,"MAXIMUM_LENGTH":72.0,"LONGEST_MATCH":7.0}},{"firstSubmission":"BERKE_TURKBAY","secondSubmission":"BEGUM_HAMARAT","similarities":{"AVG":0.1319796954314721,"MAX":0.17567567567567569,"MAXIMUM_LENGTH":142.0,"LONGEST_MATCH":7.0}},{"firstSubmission":"EMIR_KEREM_ISILDAR","secondSubmission":"EGE_KARTAL","similarities":{"AVG":0.12857142857142856,"MAX":0.15517241379310345,"MAXIMUM_LENGTH":183.0,"LONGEST_MATCH":12.0}},{"firstSubmission":"EYLUL_PIRINCAL","secondSubmission":"SEVKET_YESILPEKMEZ_MACOS","similarities":{"AVG":0.1276595744680851,"MAX":0.25,"MAXIMUM_LENGTH":72.0,"LONGEST_MATCH":6.0}},{"firstSubmission":"NEVZAT_OGUZHAN_TOPUZ","secondSubmission":"MIRAY_DUYGULU","similarities":{"AVG":0.125,"MAX":0.19047619047619047,"MAXIMUM_LENGTH":105.0,"LONGEST_MATCH":8.0}},{"firstSubmission":"EYLUL_PIRINCAL","secondSubmission":"MUHAMMED_EMIN_SEKER","similarities":{"AVG":0.125,"MAX":0.5833333333333334,"MAXIMUM_LENGTH":219.0,"LONGEST_MATCH":8.0}},{"firstSubmission":"EYLUL_PIRINCAL","secondSubmission":"BERKE_TURKBAY","similarities":{"AVG":0.12244897959183673,"MAX":0.25,"MAXIMUM_LENGTH":94.0,"LONGEST_MATCH":6.0}},{"firstSubmission":"NEVZAT_OGUZHAN_TOPUZ","secondSubmission":"SERKAN_YILMAZ","similarities":{"AVG":0.11650485436893204,"MAX":0.14285714285714285,"MAXIMUM_LENGTH":63.0,"LONGEST_MATCH":6.0}},{"firstSubmission":"NEVZAT_OGUZHAN_TOPUZ","secondSubmission":"SEVKET_YESILPEKMEZ_MACOS","similarities":{"AVG":0.10714285714285714,"MAX":0.14285714285714285,"MAXIMUM_LENGTH":72.0,"LONGEST_MATCH":6.0}},{"firstSubmission":"EYLUL_PIRINCAL","secondSubmission":"BORA_YALCIN","similarities":{"AVG":0.09836065573770492,"MAX":0.25,"MAXIMUM_LENGTH":117.0,"LONGEST_MATCH":6.0}},{"firstSubmission":"SEVKET_YESILPEKMEZ_MACOS","secondSubmission":"BERKE_TURKBAY","similarities":{"AVG":0.09722222222222222,"MAX":0.1,"MAXIMUM_LENGTH":94.0,"LONGEST_MATCH":7.0}},{"firstSubmission":"DORUK_OCAL","secondSubmission":"EMIR_KEREM_ISILDAR","similarities":{"AVG":0.09395973154362416,"MAX":0.21212121212121213,"MAXIMUM_LENGTH":136.0,"LONGEST_MATCH":7.0}},{"firstSubmission":"NEVZAT_OGUZHAN_TOPUZ","secondSubmission":"EDA_GUL_CETINEL","similarities":{"AVG":0.09375,"MAX":0.14285714285714285,"MAXIMUM_LENGTH":106.0,"LONGEST_MATCH":6.0}},{"firstSubmission":"HATICE_SENA_SES","secondSubmission":"HASAN_ZAFER_BILIR","similarities":{"AVG":0.09230769230769231,"MAX":0.09523809523809523,"MAXIMUM_LENGTH":87.0,"LONGEST_MATCH":6.0}},{"firstSubmission":"BORA_YALCIN","secondSubmission":"CLAUDE","similarities":{"AVG":0.09056603773584905,"MAX":0.12244897959183673,"MAXIMUM_LENGTH":186.0,"LONGEST_MATCH":6.0}},{"firstSubmission":"DORUK_OCAL","secondSubmission":"BEGUM_HAMARAT","similarities":{"AVG":0.08974358974358974,"MAX":0.21212121212121213,"MAXIMUM_LENGTH":142.0,"LONGEST_MATCH":7.0}},{"firstSubmission":"EYLUL_PIRINCAL","secondSubmission":"MEHMET_EREN_GUNER","similarities":{"AVG":0.08695652173913043,"MAX":0.25,"MAXIMUM_LENGTH":133.0,"LONGEST_MATCH":6.0}},{"firstSubmission":"NEVZAT_OGUZHAN_TOPUZ","secondSubmission":"BORA_YALCIN","similarities":{"AVG":0.08571428571428572,"MAX":0.14285714285714285,"MAXIMUM_LENGTH":117.0,"LONGEST_MATCH":6.0}},{"firstSubmission":"ISMAIL_ERIM_ATAKTURK","secondSubmission":"BORA_YALCIN","similarities":{"AVG":0.0851063829787234,"MAX":0.13953488372093023,"MAXIMUM_LENGTH":117.0,"LONGEST_MATCH":6.0}},{"firstSubmission":"BAHA_ARDA_INALKUT","secondSubmission":"BEGUM_HAMARAT","similarities":{"AVG":0.08391608391608392,"MAX":0.3,"MAXIMUM_LENGTH":142.0,"LONGEST_MATCH":6.0}},{"firstSubmission":"MIRAY_DUYGULU","secondSubmission":"EDA_GUL_CETINEL","similarities":{"AVG":0.08139534883720931,"MAX":0.08139534883720931,"MAXIMUM_LENGTH":106.0,"LONGEST_MATCH":7.0}},{"firstSubmission":"DORUK_OCAL","secondSubmission":"EGE_KARTAL","similarities":{"AVG":0.08121827411167512,"MAX":0.24242424242424243,"MAXIMUM_LENGTH":183.0,"LONGEST_MATCH":8.0}},{"firstSubmission":"NEVZAT_OGUZHAN_TOPUZ","secondSubmission":"EGE_KARTAL","similarities":{"AVG":0.07766990291262135,"MAX":0.19047619047619047,"MAXIMUM_LENGTH":183.0,"LONGEST_MATCH":8.0}},{"firstSubmission":"BAHA_ARDA_INALKUT","secondSubmission":"GPT","similarities":{"AVG":0.07100591715976332,"MAX":0.3,"MAXIMUM_LENGTH":168.0,"LONGEST_MATCH":6.0}},{"firstSubmission":"NEVZAT_OGUZHAN_TOPUZ","secondSubmission":"ABDULLAH_MERT_OZDEM","similarities":{"AVG":0.06936416184971098,"MAX":0.14285714285714285,"MAXIMUM_LENGTH":146.0,"LONGEST_MATCH":6.0}},{"firstSubmission":"NEVZAT_OGUZHAN_TOPUZ","secondSubmission":"FATIH_KAGAN_CEBI","similarities":{"AVG":0.06936416184971098,"MAX":0.14285714285714285,"MAXIMUM_LENGTH":146.0,"LONGEST_MATCH":6.0}},{"firstSubmission":"EYLUL_PIRINCAL","secondSubmission":"GPT","similarities":{"AVG":0.06936416184971098,"MAX":0.25,"MAXIMUM_LENGTH":168.0,"LONGEST_MATCH":6.0}},{"firstSubmission":"MIRAY_DUYGULU","secondSubmission":"EMIR_KEREM_ISILDAR","similarities":{"AVG":0.06930693069306931,"MAX":0.08139534883720931,"MAXIMUM_LENGTH":136.0,"LONGEST_MATCH":7.0}},{"firstSubmission":"BERKE_TURKBAY","secondSubmission":"EGE_KARTAL","similarities":{"AVG":0.06722689075630252,"MAX":0.10810810810810811,"MAXIMUM_LENGTH":183.0,"LONGEST_MATCH":8.0}},{"firstSubmission":"EDA_GUL_CETINEL","secondSubmission":"BORA_YALCIN","similarities":{"AVG":0.06521739130434782,"MAX":0.06976744186046512,"MAXIMUM_LENGTH":117.0,"LONGEST_MATCH":6.0}},{"firstSubmission":"HATICE_SENA_SES","secondSubmission":"BEGUM_HAMARAT","similarities":{"AVG":0.06451612903225806,"MAX":0.09523809523809523,"MAXIMUM_LENGTH":142.0,"LONGEST_MATCH":6.0}},{"firstSubmission":"NEVZAT_OGUZHAN_TOPUZ","secondSubmission":"GPT","similarities":{"AVG":0.06282722513089005,"MAX":0.14285714285714285,"MAXIMUM_LENGTH":168.0,"LONGEST_MATCH":6.0}},{"firstSubmission":"BERKE_TURKBAY","secondSubmission":"ABDULLAH_MERT_OZDEM","similarities":{"AVG":0.05853658536585366,"MAX":0.08108108108108109,"MAXIMUM_LENGTH":146.0,"LONGEST_MATCH":6.0}},{"firstSubmission":"BERKE_TURKBAY","secondSubmission":"FATIH_KAGAN_CEBI","similarities":{"AVG":0.05853658536585366,"MAX":0.08108108108108109,"MAXIMUM_LENGTH":146.0,"LONGEST_MATCH":6.0}},{"firstSubmission":"NEVZAT_OGUZHAN_TOPUZ","secondSubmission":"CLAUDE","similarities":{"AVG":0.05741626794258373,"MAX":0.14285714285714285,"MAXIMUM_LENGTH":186.0,"LONGEST_MATCH":6.0}},{"firstSubmission":"HATICE_SENA_SES","secondSubmission":"GPT","similarities":{"AVG":0.05660377358490566,"MAX":0.09523809523809523,"MAXIMUM_LENGTH":168.0,"LONGEST_MATCH":6.0}},{"firstSubmission":"BORA_YALCIN","secondSubmission":"MEHMET_EREN_GUNER","similarities":{"AVG":0.05660377358490566,"MAX":0.061224489795918366,"MAXIMUM_LENGTH":133.0,"LONGEST_MATCH":6.0}},{"firstSubmission":"BORA_YALCIN","secondSubmission":"BEGUM_HAMARAT","similarities":{"AVG":0.05429864253393665,"MAX":0.061224489795918366,"MAXIMUM_LENGTH":142.0,"LONGEST_MATCH":6.0}},{"firstSubmission":"BERKE_TURKBAY","secondSubmission":"CLAUDE","similarities":{"AVG":0.04979253112033195,"MAX":0.08108108108108109,"MAXIMUM_LENGTH":186.0,"LONGEST_MATCH":6.0}},{"firstSubmission":"BORA_YALCIN","secondSubmission":"EGE_KARTAL","similarities":{"AVG":0.04580152671755725,"MAX":0.061224489795918366,"MAXIMUM_LENGTH":183.0,"LONGEST_MATCH":6.0}},{"firstSubmission":"AYBERK_SENSOZ","secondSubmission":"NEVZAT_OGUZHAN_TOPUZ","similarities":{"AVG":0.0,"MAX":0.0,"MAXIMUM_LENGTH":62.0,"LONGEST_MATCH":0.0}},{"firstSubmission":"AYBERK_SENSOZ","secondSubmission":"MIRAY_DUYGULU","similarities":{"AVG":0.0,"MAX":0.0,"MAXIMUM_LENGTH":105.0,"LONGEST_MATCH":0.0}},{"firstSubmission":"AYBERK_SENSOZ","secondSubmission":"CIHAT_OZLUK","similarities":{"AVG":0.0,"MAX":0.0,"MAXIMUM_LENGTH":39.0,"LONGEST_MATCH":0.0}},{"firstSubmission":"AYBERK_SENSOZ","secondSubmission":"KEREM_KOSE","similarities":{"AVG":0.0,"MAX":0.0,"MAXIMUM_LENGTH":49.0,"LONGEST_MATCH":0.0}},{"firstSubmission":"AYBERK_SENSOZ","secondSubmission":"ABDULLAH_MERT_OZDEM","similarities":{"AVG":0.0,"MAX":0.0,"MAXIMUM_LENGTH":146.0,"LONGEST_MATCH":0.0}},{"firstSubmission":"AYBERK_SENSOZ","secondSubmission":"EGE_KARTAL","similarities":{"AVG":0.0,"MAX":0.0,"MAXIMUM_LENGTH":183.0,"LONGEST_MATCH":0.0}},{"firstSubmission":"AYBERK_SENSOZ","secondSubmission":"MEHMET_ALI_CIFCI","similarities":{"AVG":0.0,"MAX":0.0,"MAXIMUM_LENGTH":31.0,"LONGEST_MATCH":0.0}},{"firstSubmission":"AYBERK_SENSOZ","secondSubmission":"MUHAMMED_EMIN_SEKER","similarities":{"AVG":0.0,"MAX":0.0,"MAXIMUM_LENGTH":219.0,"LONGEST_MATCH":0.0}},{"firstSubmission":"AYBERK_SENSOZ","secondSubmission":"BEGUM_HAMARAT","similarities":{"AVG":0.0,"MAX":0.0,"MAXIMUM_LENGTH":142.0,"LONGEST_MATCH":0.0}},{"firstSubmission":"AYBERK_SENSOZ","secondSubmission":"GPT","similarities":{"AVG":0.0,"MAX":0.0,"MAXIMUM_LENGTH":168.0,"LONGEST_MATCH":0.0}},{"firstSubmission":"ELIF_NAZ_TURAN","secondSubmission":"AYBERK_SENSOZ","similarities":{"AVG":0.0,"MAX":0.0,"MAXIMUM_LENGTH":27.0,"LONGEST_MATCH":0.0}},{"firstSubmission":"AYBERK_SENSOZ","secondSubmission":"SERKAN_YILMAZ","similarities":{"AVG":0.0,"MAX":0.0,"MAXIMUM_LENGTH":63.0,"LONGEST_MATCH":0.0}},{"firstSubmission":"AYBERK_SENSOZ","secondSubmission":"CLAUDE","similarities":{"AVG":0.0,"MAX":0.0,"MAXIMUM_LENGTH":186.0,"LONGEST_MATCH":0.0}},{"firstSubmission":"AYBERK_SENSOZ","secondSubmission":"BORA_YALCIN","similarities":{"AVG":0.0,"MAX":0.0,"MAXIMUM_LENGTH":117.0,"LONGEST_MATCH":0.0}},{"firstSubmission":"EYLUL_PIRINCAL","secondSubmission":"AYBERK_SENSOZ","similarities":{"AVG":0.0,"MAX":0.0,"MAXIMUM_LENGTH":27.0,"LONGEST_MATCH":0.0}},{"firstSubmission":"AYBERK_SENSOZ","secondSubmission":"BAHA_ARDA_INALKUT","similarities":{"AVG":0.0,"MAX":0.0,"MAXIMUM_LENGTH":46.0,"LONGEST_MATCH":0.0}},{"firstSubmission":"AYBERK_SENSOZ","secondSubmission":"HATICE_SENA_SES","similarities":{"AVG":0.0,"MAX":0.0,"MAXIMUM_LENGTH":82.0,"LONGEST_MATCH":0.0}},{"firstSubmission":"AYBERK_SENSOZ","secondSubmission":"MEHMET_EREN_GUNER","similarities":{"AVG":0.0,"MAX":0.0,"MAXIMUM_LENGTH":133.0,"LONGEST_MATCH":0.0}},{"firstSubmission":"AYBERK_SENSOZ","secondSubmission":"HASAN_ZAFER_BILIR","similarities":{"AVG":0.0,"MAX":0.0,"MAXIMUM_LENGTH":87.0,"LONGEST_MATCH":0.0}},{"firstSubmission":"AYBERK_SENSOZ","secondSubmission":"BERKE_TURKBAY","similarities":{"AVG":0.0,"MAX":0.0,"MAXIMUM_LENGTH":94.0,"LONGEST_MATCH":0.0}},{"firstSubmission":"AYBERK_SENSOZ","secondSubmission":"SEVKET_YESILPEKMEZ_MACOS","similarities":{"AVG":0.0,"MAX":0.0,"MAXIMUM_LENGTH":72.0,"LONGEST_MATCH":0.0}},{"firstSubmission":"AYBERK_SENSOZ","secondSubmission":"EMIR_KEREM_ISILDAR","similarities":{"AVG":0.0,"MAX":0.0,"MAXIMUM_LENGTH":136.0,"LONGEST_MATCH":0.0}},{"firstSubmission":"AYBERK_SENSOZ","secondSubmission":"EDA_GUL_CETINEL","similarities":{"AVG":0.0,"MAX":0.0,"MAXIMUM_LENGTH":106.0,"LONGEST_MATCH":0.0}},{"firstSubmission":"AYBERK_SENSOZ","secondSubmission":"ISMAIL_ERIM_ATAKTURK","similarities":{"AVG":0.0,"MAX":0.0,"MAXIMUM_LENGTH":44.0,"LONGEST_MATCH":0.0}},{"firstSubmission":"AYBERK_SENSOZ","secondSubmission":"FATIH_KAGAN_CEBI","similarities":{"AVG":0.0,"MAX":0.0,"MAXIMUM_LENGTH":146.0,"LONGEST_MATCH":0.0}},{"firstSubmission":"AYBERK_SENSOZ","secondSubmission":"DORUK_OCAL","similarities":{"AVG":0.0,"MAX":0.0,"MAXIMUM_LENGTH":53.0,"LONGEST_MATCH":0.0}},{"firstSubmission":"CIHAT_OZLUK","secondSubmission":"NEVZAT_OGUZHAN_TOPUZ","similarities":{"AVG":0.0,"MAX":0.0,"MAXIMUM_LENGTH":62.0,"LONGEST_MATCH":0.0}},{"firstSubmission":"KEREM_KOSE","secondSubmission":"NEVZAT_OGUZHAN_TOPUZ","similarities":{"AVG":0.0,"MAX":0.0,"MAXIMUM_LENGTH":62.0,"LONGEST_MATCH":0.0}},{"firstSubmission":"MEHMET_ALI_CIFCI","secondSubmission":"NEVZAT_OGUZHAN_TOPUZ","similarities":{"AVG":0.0,"MAX":0.0,"MAXIMUM_LENGTH":62.0,"LONGEST_MATCH":0.0}},{"firstSubmission":"NEVZAT_OGUZHAN_TOPUZ","secondSubmission":"MUHAMMED_EMIN_SEKER","similarities":{"AVG":0.0,"MAX":0.0,"MAXIMUM_LENGTH":219.0,"LONGEST_MATCH":0.0}},{"firstSubmission":"ELIF_NAZ_TURAN","secondSubmission":"NEVZAT_OGUZHAN_TOPUZ","similarities":{"AVG":0.0,"MAX":0.0,"MAXIMUM_LENGTH":62.0,"LONGEST_MATCH":0.0}},{"firstSubmission":"BAHA_ARDA_INALKUT","secondSubmission":"NEVZAT_OGUZHAN_TOPUZ","similarities":{"AVG":0.0,"MAX":0.0,"MAXIMUM_LENGTH":62.0,"LONGEST_MATCH":0.0}},{"firstSubmission":"NEVZAT_OGUZHAN_TOPUZ","secondSubmission":"HATICE_SENA_SES","similarities":{"AVG":0.0,"MAX":0.0,"MAXIMUM_LENGTH":82.0,"LONGEST_MATCH":0.0}},{"firstSubmission":"NEVZAT_OGUZHAN_TOPUZ","secondSubmission":"MEHMET_EREN_GUNER","similarities":{"AVG":0.0,"MAX":0.0,"MAXIMUM_LENGTH":133.0,"LONGEST_MATCH":0.0}},{"firstSubmission":"NEVZAT_OGUZHAN_TOPUZ","secondSubmission":"HASAN_ZAFER_BILIR","similarities":{"AVG":0.0,"MAX":0.0,"MAXIMUM_LENGTH":87.0,"LONGEST_MATCH":0.0}},{"firstSubmission":"NEVZAT_OGUZHAN_TOPUZ","secondSubmission":"BERKE_TURKBAY","similarities":{"AVG":0.0,"MAX":0.0,"MAXIMUM_LENGTH":94.0,"LONGEST_MATCH":0.0}},{"firstSubmission":"NEVZAT_OGUZHAN_TOPUZ","secondSubmission":"EMIR_KEREM_ISILDAR","similarities":{"AVG":0.0,"MAX":0.0,"MAXIMUM_LENGTH":136.0,"LONGEST_MATCH":0.0}},{"firstSubmission":"DORUK_OCAL","secondSubmission":"NEVZAT_OGUZHAN_TOPUZ","similarities":{"AVG":0.0,"MAX":0.0,"MAXIMUM_LENGTH":62.0,"LONGEST_MATCH":0.0}},{"firstSubmission":"CIHAT_OZLUK","secondSubmission":"MIRAY_DUYGULU","similarities":{"AVG":0.0,"MAX":0.0,"MAXIMUM_LENGTH":105.0,"LONGEST_MATCH":0.0}},{"firstSubmission":"KEREM_KOSE","secondSubmission":"MIRAY_DUYGULU","similarities":{"AVG":0.0,"MAX":0.0,"MAXIMUM_LENGTH":105.0,"LONGEST_MATCH":0.0}},{"firstSubmission":"MEHMET_ALI_CIFCI","secondSubmission":"MIRAY_DUYGULU","similarities":{"AVG":0.0,"MAX":0.0,"MAXIMUM_LENGTH":105.0,"LONGEST_MATCH":0.0}},{"firstSubmission":"ELIF_NAZ_TURAN","secondSubmission":"MIRAY_DUYGULU","similarities":{"AVG":0.0,"MAX":0.0,"MAXIMUM_LENGTH":105.0,"LONGEST_MATCH":0.0}},{"firstSubmission":"EYLUL_PIRINCAL","secondSubmission":"MIRAY_DUYGULU","similarities":{"AVG":0.0,"MAX":0.0,"MAXIMUM_LENGTH":105.0,"LONGEST_MATCH":0.0}},{"firstSubmission":"BAHA_ARDA_INALKUT","secondSubmission":"MIRAY_DUYGULU","similarities":{"AVG":0.0,"MAX":0.0,"MAXIMUM_LENGTH":105.0,"LONGEST_MATCH":0.0}},{"firstSubmission":"HATICE_SENA_SES","secondSubmission":"MIRAY_DUYGULU","similarities":{"AVG":0.0,"MAX":0.0,"MAXIMUM_LENGTH":105.0,"LONGEST_MATCH":0.0}},{"firstSubmission":"BERKE_TURKBAY","secondSubmission":"MIRAY_DUYGULU","similarities":{"AVG":0.0,"MAX":0.0,"MAXIMUM_LENGTH":105.0,"LONGEST_MATCH":0.0}},{"firstSubmission":"DORUK_OCAL","secondSubmission":"MIRAY_DUYGULU","similarities":{"AVG":0.0,"MAX":0.0,"MAXIMUM_LENGTH":105.0,"LONGEST_MATCH":0.0}},{"firstSubmission":"CIHAT_OZLUK","secondSubmission":"KEREM_KOSE","similarities":{"AVG":0.0,"MAX":0.0,"MAXIMUM_LENGTH":49.0,"LONGEST_MATCH":0.0}},{"firstSubmission":"CIHAT_OZLUK","secondSubmission":"ABDULLAH_MERT_OZDEM","similarities":{"AVG":0.0,"MAX":0.0,"MAXIMUM_LENGTH":146.0,"LONGEST_MATCH":0.0}},{"firstSubmission":"CIHAT_OZLUK","secondSubmission":"EGE_KARTAL","similarities":{"AVG":0.0,"MAX":0.0,"MAXIMUM_LENGTH":183.0,"LONGEST_MATCH":0.0}},{"firstSubmission":"MEHMET_ALI_CIFCI","secondSubmission":"CIHAT_OZLUK","similarities":{"AVG":0.0,"MAX":0.0,"MAXIMUM_LENGTH":39.0,"LONGEST_MATCH":0.0}},{"firstSubmission":"CIHAT_OZLUK","secondSubmission":"MUHAMMED_EMIN_SEKER","similarities":{"AVG":0.0,"MAX":0.0,"MAXIMUM_LENGTH":219.0,"LONGEST_MATCH":0.0}},{"firstSubmission":"CIHAT_OZLUK","secondSubmission":"BEGUM_HAMARAT","similarities":{"AVG":0.0,"MAX":0.0,"MAXIMUM_LENGTH":142.0,"LONGEST_MATCH":0.0}},{"firstSubmission":"CIHAT_OZLUK","secondSubmission":"GPT","similarities":{"AVG":0.0,"MAX":0.0,"MAXIMUM_LENGTH":168.0,"LONGEST_MATCH":0.0}},{"firstSubmission":"ELIF_NAZ_TURAN","secondSubmission":"CIHAT_OZLUK","similarities":{"AVG":0.0,"MAX":0.0,"MAXIMUM_LENGTH":39.0,"LONGEST_MATCH":0.0}},{"firstSubmission":"CIHAT_OZLUK","secondSubmission":"SERKAN_YILMAZ","similarities":{"AVG":0.0,"MAX":0.0,"MAXIMUM_LENGTH":63.0,"LONGEST_MATCH":0.0}},{"firstSubmission":"CIHAT_OZLUK","secondSubmission":"CLAUDE","similarities":{"AVG":0.0,"MAX":0.0,"MAXIMUM_LENGTH":186.0,"LONGEST_MATCH":0.0}},{"firstSubmission":"CIHAT_OZLUK","secondSubmission":"BORA_YALCIN","similarities":{"AVG":0.0,"MAX":0.0,"MAXIMUM_LENGTH":117.0,"LONGEST_MATCH":0.0}},{"firstSubmission":"EYLUL_PIRINCAL","secondSubmission":"CIHAT_OZLUK","similarities":{"AVG":0.0,"MAX":0.0,"MAXIMUM_LENGTH":39.0,"LONGEST_MATCH":0.0}},{"firstSubmission":"CIHAT_OZLUK","secondSubmission":"BAHA_ARDA_INALKUT","similarities":{"AVG":0.0,"MAX":0.0,"MAXIMUM_LENGTH":46.0,"LONGEST_MATCH":0.0}},{"firstSubmission":"CIHAT_OZLUK","secondSubmission":"HATICE_SENA_SES","similarities":{"AVG":0.0,"MAX":0.0,"MAXIMUM_LENGTH":82.0,"LONGEST_MATCH":0.0}},{"firstSubmission":"CIHAT_OZLUK","secondSubmission":"MEHMET_EREN_GUNER","similarities":{"AVG":0.0,"MAX":0.0,"MAXIMUM_LENGTH":133.0,"LONGEST_MATCH":0.0}},{"firstSubmission":"CIHAT_OZLUK","secondSubmission":"HASAN_ZAFER_BILIR","similarities":{"AVG":0.0,"MAX":0.0,"MAXIMUM_LENGTH":87.0,"LONGEST_MATCH":0.0}},{"firstSubmission":"CIHAT_OZLUK","secondSubmission":"BERKE_TURKBAY","similarities":{"AVG":0.0,"MAX":0.0,"MAXIMUM_LENGTH":94.0,"LONGEST_MATCH":0.0}},{"firstSubmission":"CIHAT_OZLUK","secondSubmission":"SEVKET_YESILPEKMEZ_MACOS","similarities":{"AVG":0.0,"MAX":0.0,"MAXIMUM_LENGTH":72.0,"LONGEST_MATCH":0.0}},{"firstSubmission":"CIHAT_OZLUK","secondSubmission":"EMIR_KEREM_ISILDAR","similarities":{"AVG":0.0,"MAX":0.0,"MAXIMUM_LENGTH":136.0,"LONGEST_MATCH":0.0}},{"firstSubmission":"CIHAT_OZLUK","secondSubmission":"EDA_GUL_CETINEL","similarities":{"AVG":0.0,"MAX":0.0,"MAXIMUM_LENGTH":106.0,"LONGEST_MATCH":0.0}},{"firstSubmission":"CIHAT_OZLUK","secondSubmission":"ISMAIL_ERIM_ATAKTURK","similarities":{"AVG":0.0,"MAX":0.0,"MAXIMUM_LENGTH":44.0,"LONGEST_MATCH":0.0}},{"firstSubmission":"CIHAT_OZLUK","secondSubmission":"FATIH_KAGAN_CEBI","similarities":{"AVG":0.0,"MAX":0.0,"MAXIMUM_LENGTH":146.0,"LONGEST_MATCH":0.0}},{"firstSubmission":"CIHAT_OZLUK","secondSubmission":"DORUK_OCAL","similarities":{"AVG":0.0,"MAX":0.0,"MAXIMUM_LENGTH":53.0,"LONGEST_MATCH":0.0}},{"firstSubmission":"KEREM_KOSE","secondSubmission":"ABDULLAH_MERT_OZDEM","similarities":{"AVG":0.0,"MAX":0.0,"MAXIMUM_LENGTH":146.0,"LONGEST_MATCH":0.0}},{"firstSubmission":"KEREM_KOSE","secondSubmission":"EGE_KARTAL","similarities":{"AVG":0.0,"MAX":0.0,"MAXIMUM_LENGTH":183.0,"LONGEST_MATCH":0.0}},{"firstSubmission":"MEHMET_ALI_CIFCI","secondSubmission":"KEREM_KOSE","similarities":{"AVG":0.0,"MAX":0.0,"MAXIMUM_LENGTH":49.0,"LONGEST_MATCH":0.0}},{"firstSubmission":"KEREM_KOSE","secondSubmission":"MUHAMMED_EMIN_SEKER","similarities":{"AVG":0.0,"MAX":0.0,"MAXIMUM_LENGTH":219.0,"LONGEST_MATCH":0.0}},{"firstSubmission":"KEREM_KOSE","secondSubmission":"BEGUM_HAMARAT","similarities":{"AVG":0.0,"MAX":0.0,"MAXIMUM_LENGTH":142.0,"LONGEST_MATCH":0.0}},{"firstSubmission":"KEREM_KOSE","secondSubmission":"GPT","similarities":{"AVG":0.0,"MAX":0.0,"MAXIMUM_LENGTH":168.0,"LONGEST_MATCH":0.0}},{"firstSubmission":"ELIF_NAZ_TURAN","secondSubmission":"KEREM_KOSE","similarities":{"AVG":0.0,"MAX":0.0,"MAXIMUM_LENGTH":49.0,"LONGEST_MATCH":0.0}},{"firstSubmission":"KEREM_KOSE","secondSubmission":"SERKAN_YILMAZ","similarities":{"AVG":0.0,"MAX":0.0,"MAXIMUM_LENGTH":63.0,"LONGEST_MATCH":0.0}},{"firstSubmission":"KEREM_KOSE","secondSubmission":"CLAUDE","similarities":{"AVG":0.0,"MAX":0.0,"MAXIMUM_LENGTH":186.0,"LONGEST_MATCH":0.0}},{"firstSubmission":"KEREM_KOSE","secondSubmission":"BORA_YALCIN","similarities":{"AVG":0.0,"MAX":0.0,"MAXIMUM_LENGTH":117.0,"LONGEST_MATCH":0.0}},{"firstSubmission":"EYLUL_PIRINCAL","secondSubmission":"KEREM_KOSE","similarities":{"AVG":0.0,"MAX":0.0,"MAXIMUM_LENGTH":49.0,"LONGEST_MATCH":0.0}},{"firstSubmission":"BAHA_ARDA_INALKUT","secondSubmission":"KEREM_KOSE","similarities":{"AVG":0.0,"MAX":0.0,"MAXIMUM_LENGTH":49.0,"LONGEST_MATCH":0.0}},{"firstSubmission":"KEREM_KOSE","secondSubmission":"HATICE_SENA_SES","similarities":{"AVG":0.0,"MAX":0.0,"MAXIMUM_LENGTH":82.0,"LONGEST_MATCH":0.0}},{"firstSubmission":"KEREM_KOSE","secondSubmission":"MEHMET_EREN_GUNER","similarities":{"AVG":0.0,"MAX":0.0,"MAXIMUM_LENGTH":133.0,"LONGEST_MATCH":0.0}},{"firstSubmission":"KEREM_KOSE","secondSubmission":"HASAN_ZAFER_BILIR","similarities":{"AVG":0.0,"MAX":0.0,"MAXIMUM_LENGTH":87.0,"LONGEST_MATCH":0.0}},{"firstSubmission":"KEREM_KOSE","secondSubmission":"BERKE_TURKBAY","similarities":{"AVG":0.0,"MAX":0.0,"MAXIMUM_LENGTH":94.0,"LONGEST_MATCH":0.0}},{"firstSubmission":"KEREM_KOSE","secondSubmission":"SEVKET_YESILPEKMEZ_MACOS","similarities":{"AVG":0.0,"MAX":0.0,"MAXIMUM_LENGTH":72.0,"LONGEST_MATCH":0.0}},{"firstSubmission":"KEREM_KOSE","secondSubmission":"EMIR_KEREM_ISILDAR","similarities":{"AVG":0.0,"MAX":0.0,"MAXIMUM_LENGTH":136.0,"LONGEST_MATCH":0.0}},{"firstSubmission":"KEREM_KOSE","secondSubmission":"EDA_GUL_CETINEL","similarities":{"AVG":0.0,"MAX":0.0,"MAXIMUM_LENGTH":106.0,"LONGEST_MATCH":0.0}},{"firstSubmission":"ISMAIL_ERIM_ATAKTURK","secondSubmission":"KEREM_KOSE","similarities":{"AVG":0.0,"MAX":0.0,"MAXIMUM_LENGTH":49.0,"LONGEST_MATCH":0.0}},{"firstSubmission":"KEREM_KOSE","secondSubmission":"FATIH_KAGAN_CEBI","similarities":{"AVG":0.0,"MAX":0.0,"MAXIMUM_LENGTH":146.0,"LONGEST_MATCH":0.0}},{"firstSubmission":"KEREM_KOSE","secondSubmission":"DORUK_OCAL","similarities":{"AVG":0.0,"MAX":0.0,"MAXIMUM_LENGTH":53.0,"LONGEST_MATCH":0.0}},{"firstSubmission":"MEHMET_ALI_CIFCI","secondSubmission":"ABDULLAH_MERT_OZDEM","similarities":{"AVG":0.0,"MAX":0.0,"MAXIMUM_LENGTH":146.0,"LONGEST_MATCH":0.0}},{"firstSubmission":"ELIF_NAZ_TURAN","secondSubmission":"ABDULLAH_MERT_OZDEM","similarities":{"AVG":0.0,"MAX":0.0,"MAXIMUM_LENGTH":146.0,"LONGEST_MATCH":0.0}},{"firstSubmission":"BORA_YALCIN","secondSubmission":"ABDULLAH_MERT_OZDEM","similarities":{"AVG":0.0,"MAX":0.0,"MAXIMUM_LENGTH":146.0,"LONGEST_MATCH":0.0}},{"firstSubmission":"BAHA_ARDA_INALKUT","secondSubmission":"ABDULLAH_MERT_OZDEM","similarities":{"AVG":0.0,"MAX":0.0,"MAXIMUM_LENGTH":146.0,"LONGEST_MATCH":0.0}},{"firstSubmission":"HATICE_SENA_SES","secondSubmission":"ABDULLAH_MERT_OZDEM","similarities":{"AVG":0.0,"MAX":0.0,"MAXIMUM_LENGTH":146.0,"LONGEST_MATCH":0.0}},{"firstSubmission":"DORUK_OCAL","secondSubmission":"ABDULLAH_MERT_OZDEM","similarities":{"AVG":0.0,"MAX":0.0,"MAXIMUM_LENGTH":146.0,"LONGEST_MATCH":0.0}},{"firstSubmission":"MEHMET_ALI_CIFCI","secondSubmission":"EGE_KARTAL","similarities":{"AVG":0.0,"MAX":0.0,"MAXIMUM_LENGTH":183.0,"LONGEST_MATCH":0.0}},{"firstSubmission":"ELIF_NAZ_TURAN","secondSubmission":"EGE_KARTAL","similarities":{"AVG":0.0,"MAX":0.0,"MAXIMUM_LENGTH":183.0,"LONGEST_MATCH":0.0}},{"firstSubmission":"EYLUL_PIRINCAL","secondSubmission":"EGE_KARTAL","similarities":{"AVG":0.0,"MAX":0.0,"MAXIMUM_LENGTH":183.0,"LONGEST_MATCH":0.0}},{"firstSubmission":"BAHA_ARDA_INALKUT","secondSubmission":"EGE_KARTAL","similarities":{"AVG":0.0,"MAX":0.0,"MAXIMUM_LENGTH":183.0,"LONGEST_MATCH":0.0}},{"firstSubmission":"HATICE_SENA_SES","secondSubmission":"EGE_KARTAL","similarities":{"AVG":0.0,"MAX":0.0,"MAXIMUM_LENGTH":183.0,"LONGEST_MATCH":0.0}},{"firstSubmission":"MEHMET_ALI_CIFCI","secondSubmission":"MUHAMMED_EMIN_SEKER","similarities":{"AVG":0.0,"MAX":0.0,"MAXIMUM_LENGTH":219.0,"LONGEST_MATCH":0.0}},{"firstSubmission":"MEHMET_ALI_CIFCI","secondSubmission":"BEGUM_HAMARAT","similarities":{"AVG":0.0,"MAX":0.0,"MAXIMUM_LENGTH":142.0,"LONGEST_MATCH":0.0}},{"firstSubmission":"MEHMET_ALI_CIFCI","secondSubmission":"GPT","similarities":{"AVG":0.0,"MAX":0.0,"MAXIMUM_LENGTH":168.0,"LONGEST_MATCH":0.0}},{"firstSubmission":"ELIF_NAZ_TURAN","secondSubmission":"MEHMET_ALI_CIFCI","similarities":{"AVG":0.0,"MAX":0.0,"MAXIMUM_LENGTH":31.0,"LONGEST_MATCH":0.0}},{"firstSubmission":"MEHMET_ALI_CIFCI","secondSubmission":"SERKAN_YILMAZ","similarities":{"AVG":0.0,"MAX":0.0,"MAXIMUM_LENGTH":63.0,"LONGEST_MATCH":0.0}},{"firstSubmission":"MEHMET_ALI_CIFCI","secondSubmission":"CLAUDE","similarities":{"AVG":0.0,"MAX":0.0,"MAXIMUM_LENGTH":186.0,"LONGEST_MATCH":0.0}},{"firstSubmission":"MEHMET_ALI_CIFCI","secondSubmission":"BORA_YALCIN","similarities":{"AVG":0.0,"MAX":0.0,"MAXIMUM_LENGTH":117.0,"LONGEST_MATCH":0.0}},{"firstSubmission":"EYLUL_PIRINCAL","secondSubmission":"MEHMET_ALI_CIFCI","similarities":{"AVG":0.0,"MAX":0.0,"MAXIMUM_LENGTH":31.0,"LONGEST_MATCH":0.0}},{"firstSubmission":"MEHMET_ALI_CIFCI","secondSubmission":"BAHA_ARDA_INALKUT","similarities":{"AVG":0.0,"MAX":0.0,"MAXIMUM_LENGTH":46.0,"LONGEST_MATCH":0.0}},{"firstSubmission":"MEHMET_ALI_CIFCI","secondSubmission":"HATICE_SENA_SES","similarities":{"AVG":0.0,"MAX":0.0,"MAXIMUM_LENGTH":82.0,"LONGEST_MATCH":0.0}},{"firstSubmission":"MEHMET_ALI_CIFCI","secondSubmission":"MEHMET_EREN_GUNER","similarities":{"AVG":0.0,"MAX":0.0,"MAXIMUM_LENGTH":133.0,"LONGEST_MATCH":0.0}},{"firstSubmission":"MEHMET_ALI_CIFCI","secondSubmission":"HASAN_ZAFER_BILIR","similarities":{"AVG":0.0,"MAX":0.0,"MAXIMUM_LENGTH":87.0,"LONGEST_MATCH":0.0}},{"firstSubmission":"MEHMET_ALI_CIFCI","secondSubmission":"BERKE_TURKBAY","similarities":{"AVG":0.0,"MAX":0.0,"MAXIMUM_LENGTH":94.0,"LONGEST_MATCH":0.0}},{"firstSubmission":"MEHMET_ALI_CIFCI","secondSubmission":"SEVKET_YESILPEKMEZ_MACOS","similarities":{"AVG":0.0,"MAX":0.0,"MAXIMUM_LENGTH":72.0,"LONGEST_MATCH":0.0}},{"firstSubmission":"MEHMET_ALI_CIFCI","secondSubmission":"EMIR_KEREM_ISILDAR","similarities":{"AVG":0.0,"MAX":0.0,"MAXIMUM_LENGTH":136.0,"LONGEST_MATCH":0.0}},{"firstSubmission":"MEHMET_ALI_CIFCI","secondSubmission":"EDA_GUL_CETINEL","similarities":{"AVG":0.0,"MAX":0.0,"MAXIMUM_LENGTH":106.0,"LONGEST_MATCH":0.0}},{"firstSubmission":"MEHMET_ALI_CIFCI","secondSubmission":"ISMAIL_ERIM_ATAKTURK","similarities":{"AVG":0.0,"MAX":0.0,"MAXIMUM_LENGTH":44.0,"LONGEST_MATCH":0.0}},{"firstSubmission":"MEHMET_ALI_CIFCI","secondSubmission":"FATIH_KAGAN_CEBI","similarities":{"AVG":0.0,"MAX":0.0,"MAXIMUM_LENGTH":146.0,"LONGEST_MATCH":0.0}},{"firstSubmission":"MEHMET_ALI_CIFCI","secondSubmission":"DORUK_OCAL","similarities":{"AVG":0.0,"MAX":0.0,"MAXIMUM_LENGTH":53.0,"LONGEST_MATCH":0.0}},{"firstSubmission":"ELIF_NAZ_TURAN","secondSubmission":"MUHAMMED_EMIN_SEKER","similarities":{"AVG":0.0,"MAX":0.0,"MAXIMUM_LENGTH":219.0,"LONGEST_MATCH":0.0}},{"firstSubmission":"BORA_YALCIN","secondSubmission":"MUHAMMED_EMIN_SEKER","similarities":{"AVG":0.0,"MAX":0.0,"MAXIMUM_LENGTH":219.0,"LONGEST_MATCH":0.0}},{"firstSubmission":"BAHA_ARDA_INALKUT","secondSubmission":"MUHAMMED_EMIN_SEKER","similarities":{"AVG":0.0,"MAX":0.0,"MAXIMUM_LENGTH":219.0,"LONGEST_MATCH":0.0}},{"firstSubmission":"HATICE_SENA_SES","secondSubmission":"MUHAMMED_EMIN_SEKER","similarities":{"AVG":0.0,"MAX":0.0,"MAXIMUM_LENGTH":219.0,"LONGEST_MATCH":0.0}},{"firstSubmission":"BERKE_TURKBAY","secondSubmission":"MUHAMMED_EMIN_SEKER","similarities":{"AVG":0.0,"MAX":0.0,"MAXIMUM_LENGTH":219.0,"LONGEST_MATCH":0.0}},{"firstSubmission":"DORUK_OCAL","secondSubmission":"MUHAMMED_EMIN_SEKER","similarities":{"AVG":0.0,"MAX":0.0,"MAXIMUM_LENGTH":219.0,"LONGEST_MATCH":0.0}},{"firstSubmission":"ELIF_NAZ_TURAN","secondSubmission":"BEGUM_HAMARAT","similarities":{"AVG":0.0,"MAX":0.0,"MAXIMUM_LENGTH":142.0,"LONGEST_MATCH":0.0}},{"firstSubmission":"ELIF_NAZ_TURAN","secondSubmission":"GPT","similarities":{"AVG":0.0,"MAX":0.0,"MAXIMUM_LENGTH":168.0,"LONGEST_MATCH":0.0}},{"firstSubmission":"BORA_YALCIN","secondSubmission":"GPT","similarities":{"AVG":0.0,"MAX":0.0,"MAXIMUM_LENGTH":168.0,"LONGEST_MATCH":0.0}},{"firstSubmission":"BERKE_TURKBAY","secondSubmission":"GPT","similarities":{"AVG":0.0,"MAX":0.0,"MAXIMUM_LENGTH":168.0,"LONGEST_MATCH":0.0}},{"firstSubmission":"DORUK_OCAL","secondSubmission":"GPT","similarities":{"AVG":0.0,"MAX":0.0,"MAXIMUM_LENGTH":168.0,"LONGEST_MATCH":0.0}},{"firstSubmission":"ELIF_NAZ_TURAN","secondSubmission":"SERKAN_YILMAZ","similarities":{"AVG":0.0,"MAX":0.0,"MAXIMUM_LENGTH":63.0,"LONGEST_MATCH":0.0}},{"firstSubmission":"ELIF_NAZ_TURAN","secondSubmission":"CLAUDE","similarities":{"AVG":0.0,"MAX":0.0,"MAXIMUM_LENGTH":186.0,"LONGEST_MATCH":0.0}},{"firstSubmission":"ELIF_NAZ_TURAN","secondSubmission":"BORA_YALCIN","similarities":{"AVG":0.0,"MAX":0.0,"MAXIMUM_LENGTH":117.0,"LONGEST_MATCH":0.0}},{"firstSubmission":"ELIF_NAZ_TURAN","secondSubmission":"EYLUL_PIRINCAL","similarities":{"AVG":0.0,"MAX":0.0,"MAXIMUM_LENGTH":25.0,"LONGEST_MATCH":0.0}},{"firstSubmission":"ELIF_NAZ_TURAN","secondSubmission":"BAHA_ARDA_INALKUT","similarities":{"AVG":0.0,"MAX":0.0,"MAXIMUM_LENGTH":46.0,"LONGEST_MATCH":0.0}},{"firstSubmission":"ELIF_NAZ_TURAN","secondSubmission":"HATICE_SENA_SES","similarities":{"AVG":0.0,"MAX":0.0,"MAXIMUM_LENGTH":82.0,"LONGEST_MATCH":0.0}},{"firstSubmission":"ELIF_NAZ_TURAN","secondSubmission":"MEHMET_EREN_GUNER","similarities":{"AVG":0.0,"MAX":0.0,"MAXIMUM_LENGTH":133.0,"LONGEST_MATCH":0.0}},{"firstSubmission":"ELIF_NAZ_TURAN","secondSubmission":"HASAN_ZAFER_BILIR","similarities":{"AVG":0.0,"MAX":0.0,"MAXIMUM_LENGTH":87.0,"LONGEST_MATCH":0.0}},{"firstSubmission":"ELIF_NAZ_TURAN","secondSubmission":"BERKE_TURKBAY","similarities":{"AVG":0.0,"MAX":0.0,"MAXIMUM_LENGTH":94.0,"LONGEST_MATCH":0.0}},{"firstSubmission":"ELIF_NAZ_TURAN","secondSubmission":"SEVKET_YESILPEKMEZ_MACOS","similarities":{"AVG":0.0,"MAX":0.0,"MAXIMUM_LENGTH":72.0,"LONGEST_MATCH":0.0}},{"firstSubmission":"ELIF_NAZ_TURAN","secondSubmission":"EMIR_KEREM_ISILDAR","similarities":{"AVG":0.0,"MAX":0.0,"MAXIMUM_LENGTH":136.0,"LONGEST_MATCH":0.0}},{"firstSubmission":"ELIF_NAZ_TURAN","secondSubmission":"EDA_GUL_CETINEL","similarities":{"AVG":0.0,"MAX":0.0,"MAXIMUM_LENGTH":106.0,"LONGEST_MATCH":0.0}},{"firstSubmission":"ELIF_NAZ_TURAN","secondSubmission":"ISMAIL_ERIM_ATAKTURK","similarities":{"AVG":0.0,"MAX":0.0,"MAXIMUM_LENGTH":44.0,"LONGEST_MATCH":0.0}},{"firstSubmission":"ELIF_NAZ_TURAN","secondSubmission":"FATIH_KAGAN_CEBI","similarities":{"AVG":0.0,"MAX":0.0,"MAXIMUM_LENGTH":146.0,"LONGEST_MATCH":0.0}},{"firstSubmission":"ELIF_NAZ_TURAN","secondSubmission":"DORUK_OCAL","similarities":{"AVG":0.0,"MAX":0.0,"MAXIMUM_LENGTH":53.0,"LONGEST_MATCH":0.0}},{"firstSubmission":"BAHA_ARDA_INALKUT","secondSubmission":"SERKAN_YILMAZ","similarities":{"AVG":0.0,"MAX":0.0,"MAXIMUM_LENGTH":63.0,"LONGEST_MATCH":0.0}},{"firstSubmission":"SERKAN_YILMAZ","secondSubmission":"HATICE_SENA_SES","similarities":{"AVG":0.0,"MAX":0.0,"MAXIMUM_LENGTH":82.0,"LONGEST_MATCH":0.0}},{"firstSubmission":"BAHA_ARDA_INALKUT","secondSubmission":"CLAUDE","similarities":{"AVG":0.0,"MAX":0.0,"MAXIMUM_LENGTH":186.0,"LONGEST_MATCH":0.0}},{"firstSubmission":"HATICE_SENA_SES","secondSubmission":"CLAUDE","similarities":{"AVG":0.0,"MAX":0.0,"MAXIMUM_LENGTH":186.0,"LONGEST_MATCH":0.0}},{"firstSubmission":"DORUK_OCAL","secondSubmission":"CLAUDE","similarities":{"AVG":0.0,"MAX":0.0,"MAXIMUM_LENGTH":186.0,"LONGEST_MATCH":0.0}},{"firstSubmission":"BAHA_ARDA_INALKUT","secondSubmission":"BORA_YALCIN","similarities":{"AVG":0.0,"MAX":0.0,"MAXIMUM_LENGTH":117.0,"LONGEST_MATCH":0.0}},{"firstSubmission":"HATICE_SENA_SES","secondSubmission":"BORA_YALCIN","similarities":{"AVG":0.0,"MAX":0.0,"MAXIMUM_LENGTH":117.0,"LONGEST_MATCH":0.0}},{"firstSubmission":"HASAN_ZAFER_BILIR","secondSubmission":"BORA_YALCIN","similarities":{"AVG":0.0,"MAX":0.0,"MAXIMUM_LENGTH":117.0,"LONGEST_MATCH":0.0}},{"firstSubmission":"SEVKET_YESILPEKMEZ_MACOS","secondSubmission":"BORA_YALCIN","similarities":{"AVG":0.0,"MAX":0.0,"MAXIMUM_LENGTH":117.0,"LONGEST_MATCH":0.0}},{"firstSubmission":"BORA_YALCIN","secondSubmission":"FATIH_KAGAN_CEBI","similarities":{"AVG":0.0,"MAX":0.0,"MAXIMUM_LENGTH":146.0,"LONGEST_MATCH":0.0}},{"firstSubmission":"DORUK_OCAL","secondSubmission":"BORA_YALCIN","similarities":{"AVG":0.0,"MAX":0.0,"MAXIMUM_LENGTH":117.0,"LONGEST_MATCH":0.0}},{"firstSubmission":"EYLUL_PIRINCAL","secondSubmission":"BAHA_ARDA_INALKUT","similarities":{"AVG":0.0,"MAX":0.0,"MAXIMUM_LENGTH":46.0,"LONGEST_MATCH":0.0}},{"firstSubmission":"EYLUL_PIRINCAL","secondSubmission":"HATICE_SENA_SES","similarities":{"AVG":0.0,"MAX":0.0,"MAXIMUM_LENGTH":82.0,"LONGEST_MATCH":0.0}},{"firstSubmission":"EYLUL_PIRINCAL","secondSubmission":"HASAN_ZAFER_BILIR","similarities":{"AVG":0.0,"MAX":0.0,"MAXIMUM_LENGTH":87.0,"LONGEST_MATCH":0.0}},{"firstSubmission":"EYLUL_PIRINCAL","secondSubmission":"EMIR_KEREM_ISILDAR","similarities":{"AVG":0.0,"MAX":0.0,"MAXIMUM_LENGTH":136.0,"LONGEST_MATCH":0.0}},{"firstSubmission":"EYLUL_PIRINCAL","secondSubmission":"DORUK_OCAL","similarities":{"AVG":0.0,"MAX":0.0,"MAXIMUM_LENGTH":53.0,"LONGEST_MATCH":0.0}},{"firstSubmission":"BAHA_ARDA_INALKUT","secondSubmission":"MEHMET_EREN_GUNER","similarities":{"AVG":0.0,"MAX":0.0,"MAXIMUM_LENGTH":133.0,"LONGEST_MATCH":0.0}},{"firstSubmission":"BAHA_ARDA_INALKUT","secondSubmission":"BERKE_TURKBAY","similarities":{"AVG":0.0,"MAX":0.0,"MAXIMUM_LENGTH":94.0,"LONGEST_MATCH":0.0}},{"firstSubmission":"BAHA_ARDA_INALKUT","secondSubmission":"SEVKET_YESILPEKMEZ_MACOS","similarities":{"AVG":0.0,"MAX":0.0,"MAXIMUM_LENGTH":72.0,"LONGEST_MATCH":0.0}},{"firstSubmission":"BAHA_ARDA_INALKUT","secondSubmission":"EMIR_KEREM_ISILDAR","similarities":{"AVG":0.0,"MAX":0.0,"MAXIMUM_LENGTH":136.0,"LONGEST_MATCH":0.0}},{"firstSubmission":"BAHA_ARDA_INALKUT","secondSubmission":"EDA_GUL_CETINEL","similarities":{"AVG":0.0,"MAX":0.0,"MAXIMUM_LENGTH":106.0,"LONGEST_MATCH":0.0}},{"firstSubmission":"ISMAIL_ERIM_ATAKTURK","secondSubmission":"BAHA_ARDA_INALKUT","similarities":{"AVG":0.0,"MAX":0.0,"MAXIMUM_LENGTH":46.0,"LONGEST_MATCH":0.0}},{"firstSubmission":"BAHA_ARDA_INALKUT","secondSubmission":"FATIH_KAGAN_CEBI","similarities":{"AVG":0.0,"MAX":0.0,"MAXIMUM_LENGTH":146.0,"LONGEST_MATCH":0.0}},{"firstSubmission":"BAHA_ARDA_INALKUT","secondSubmission":"DORUK_OCAL","similarities":{"AVG":0.0,"MAX":0.0,"MAXIMUM_LENGTH":53.0,"LONGEST_MATCH":0.0}},{"firstSubmission":"HATICE_SENA_SES","secondSubmission":"MEHMET_EREN_GUNER","similarities":{"AVG":0.0,"MAX":0.0,"MAXIMUM_LENGTH":133.0,"LONGEST_MATCH":0.0}},{"firstSubmission":"HATICE_SENA_SES","secondSubmission":"BERKE_TURKBAY","similarities":{"AVG":0.0,"MAX":0.0,"MAXIMUM_LENGTH":94.0,"LONGEST_MATCH":0.0}},{"firstSubmission":"SEVKET_YESILPEKMEZ_MACOS","secondSubmission":"HATICE_SENA_SES","similarities":{"AVG":0.0,"MAX":0.0,"MAXIMUM_LENGTH":82.0,"LONGEST_MATCH":0.0}},{"firstSubmission":"HATICE_SENA_SES","secondSubmission":"EMIR_KEREM_ISILDAR","similarities":{"AVG":0.0,"MAX":0.0,"MAXIMUM_LENGTH":136.0,"LONGEST_MATCH":0.0}},{"firstSubmission":"HATICE_SENA_SES","secondSubmission":"EDA_GUL_CETINEL","similarities":{"AVG":0.0,"MAX":0.0,"MAXIMUM_LENGTH":106.0,"LONGEST_MATCH":0.0}},{"firstSubmission":"ISMAIL_ERIM_ATAKTURK","secondSubmission":"HATICE_SENA_SES","similarities":{"AVG":0.0,"MAX":0.0,"MAXIMUM_LENGTH":82.0,"LONGEST_MATCH":0.0}},{"firstSubmission":"HATICE_SENA_SES","secondSubmission":"FATIH_KAGAN_CEBI","similarities":{"AVG":0.0,"MAX":0.0,"MAXIMUM_LENGTH":146.0,"LONGEST_MATCH":0.0}},{"firstSubmission":"DORUK_OCAL","secondSubmission":"HATICE_SENA_SES","similarities":{"AVG":0.0,"MAX":0.0,"MAXIMUM_LENGTH":82.0,"LONGEST_MATCH":0.0}},{"firstSubmission":"BERKE_TURKBAY","secondSubmission":"MEHMET_EREN_GUNER","similarities":{"AVG":0.0,"MAX":0.0,"MAXIMUM_LENGTH":133.0,"LONGEST_MATCH":0.0}},{"firstSubmission":"DORUK_OCAL","secondSubmission":"MEHMET_EREN_GUNER","similarities":{"AVG":0.0,"MAX":0.0,"MAXIMUM_LENGTH":133.0,"LONGEST_MATCH":0.0}},{"firstSubmission":"HASAN_ZAFER_BILIR","secondSubmission":"BERKE_TURKBAY","similarities":{"AVG":0.0,"MAX":0.0,"MAXIMUM_LENGTH":94.0,"LONGEST_MATCH":0.0}},{"firstSubmission":"DORUK_OCAL","secondSubmission":"HASAN_ZAFER_BILIR","similarities":{"AVG":0.0,"MAX":0.0,"MAXIMUM_LENGTH":87.0,"LONGEST_MATCH":0.0}},{"firstSubmission":"BERKE_TURKBAY","secondSubmission":"EMIR_KEREM_ISILDAR","similarities":{"AVG":0.0,"MAX":0.0,"MAXIMUM_LENGTH":136.0,"LONGEST_MATCH":0.0}},{"firstSubmission":"ISMAIL_ERIM_ATAKTURK","secondSubmission":"BERKE_TURKBAY","similarities":{"AVG":0.0,"MAX":0.0,"MAXIMUM_LENGTH":94.0,"LONGEST_MATCH":0.0}},{"firstSubmission":"ISMAIL_ERIM_ATAKTURK","secondSubmission":"DORUK_OCAL","similarities":{"AVG":0.0,"MAX":0.0,"MAXIMUM_LENGTH":53.0,"LONGEST_MATCH":0.0}},{"firstSubmission":"DORUK_OCAL","secondSubmission":"FATIH_KAGAN_CEBI","similarities":{"AVG":0.0,"MAX":0.0,"MAXIMUM_LENGTH":146.0,"LONGEST_MATCH":0.0}}]