{"firstSubmissionId":"ABDULLAH_MERT_OZDEM","secondSubmissionId":"MUHAMMED_EMIN_SEKER","similarities":{"AVG":0.32628398791540786,"MAX":0.4122137404580153,"MAXIMUM_LENGTH":219.0,"LONGEST_MATCH":16.0},"matches":[{"firstFileName":"ABDULLAH_MERT_OZDEM/StackQuestionsMember.tpp","secondFileName":"MUHAMMED_EMIN_SEKER/StackQuestionsMember.tpp","startInFirst":{"line":17,"column":0,"tokenListIndex":81},"endInFirst":{"line":29,"column":8,"tokenListIndex":96},"startInSecond":{"line":25,"column":22,"tokenListIndex":19},"endInSecond":{"line":36,"column":10,"tokenListIndex":34},"lengthOfFirst":16,"lengthOfSecond":16},{"firstFileName":"ABDULLAH_MERT_OZDEM/StackQuestionsNonMember.tpp","secondFileName":"MUHAMMED_EMIN_SEKER/StackQuestionsNonMember.tpp","startInFirst":{"line":7,"column":0,"tokenListIndex":106},"endInFirst":{"line":14,"column":4,"tokenListIndex":117},"startInSecond":{"line":12,"column":0,"tokenListIndex":181},"endInSecond":{"line":18,"column":7,"tokenListIndex":192},"lengthOfFirst":12,"lengthOfSecond":12},{"firstFileName":"ABDULLAH_MERT_OZDEM/StackQuestionsNonMember.tpp","secondFileName":"MUHAMMED_EMIN_SEKER/StackQuestionsNonMember.cpp","startInFirst":{"line":17,"column":4,"tokenListIndex":119},"endInFirst":{"line":25,"column":4,"tokenListIndex":130},"startInSecond":{"line":103,"column":2,"tokenListIndex":161},"endInSecond":{"line":110,"column":2,"tokenListIndex":172},"lengthOfFirst":12,"lengthOfSecond":12},{"firstFileName":"ABDULLAH_MERT_OZDEM/StackQuestionsMember.tpp","secondFileName":"MUHAMMED_EMIN_SEKER/StackQuestionsMember.tpp","startInFirst":{"line":30,"column":4,"tokenListIndex":97},"endInFirst":{"line":36,"column":0,"tokenListIndex":104},"startInSecond":{"line":37,"column":2,"tokenListIndex":36},"endInSecond":{"line":42,"column":0,"tokenListIndex":43},"lengthOfFirst":8,"lengthOfSecond":8},{"firstFileName":"ABDULLAH_MERT_OZDEM/StackQuestionsMember.tpp","secondFileName":"MUHAMMED_EMIN_SEKER/StackQuestionsMember.tpp","startInFirst":{"line":10,"column":30,"tokenListIndex":75},"endInFirst":{"line":14,"column":0,"tokenListIndex":80},"startInSecond":{"line":15,"column":11,"tokenListIndex":12},"endInSecond":{"line":20,"column":0,"tokenListIndex":17},"lengthOfFirst":6,"lengthOfSecond":6}],"firstSimilarity":0.4122137404580153,"secondSimilarity":0.27}