{"firstSubmissionId":"ABDULLAH_MERT_OZDEM","secondSubmissionId":"EGE_KARTAL","similarities":{"AVG":0.3050847457627119,"MAX":0.3435114503816794,"MAXIMUM_LENGTH":183.0,"LONGEST_MATCH":12.0},"matches":[{"firstFileName":"ABDULLAH_MERT_OZDEM/StackQuestionsNonMember.tpp","secondFileName":"EGE_KARTAL/StackQuestionsNonMember.tpp","startInFirst":{"line":17,"column":4,"tokenListIndex":119},"endInFirst":{"line":25,"column":4,"tokenListIndex":130},"startInSecond":{"line":29,"column":2,"tokenListIndex":168},"endInSecond":{"line":38,"column":2,"tokenListIndex":179},"lengthOfFirst":12,"lengthOfSecond":12},{"firstFileName":"ABDULLAH_MERT_OZDEM/StackQuestionsMember.tpp","secondFileName":"EGE_KARTAL/StackQuestionsMember.tpp","startInFirst":{"line":21,"column":10,"tokenListIndex":86},"endInFirst":{"line":29,"column":8,"tokenListIndex":96},"startInSecond":{"line":43,"column":2,"tokenListIndex":42},"endInSecond":{"line":49,"column":2,"tokenListIndex":52},"lengthOfFirst":11,"lengthOfSecond":11},{"firstFileName":"ABDULLAH_MERT_OZDEM/StackQuestionsNonMember.cpp","secondFileName":"EGE_KARTAL/StackQuestionsNonMember.cpp","startInFirst":{"line":43,"column":15,"tokenListIndex":52},"endInFirst":{"line":47,"column":42,"tokenListIndex":59},"startInSecond":{"line":43,"column":8,"tokenListIndex":109},"endInSecond":{"line":47,"column":15,"tokenListIndex":116},"lengthOfFirst":8,"lengthOfSecond":8},{"firstFileName":"ABDULLAH_MERT_OZDEM/StackQuestionsMember.tpp","secondFileName":"EGE_KARTAL/StackQuestionsMember.tpp","startInFirst":{"line":30,"column":4,"tokenListIndex":97},"endInFirst":{"line":36,"column":0,"tokenListIndex":104},"startInSecond":{"line":57,"column":2,"tokenListIndex":58},"endInSecond":{"line":63,"column":0,"tokenListIndex":65},"lengthOfFirst":8,"lengthOfSecond":8},{"firstFileName":"ABDULLAH_MERT_OZDEM/StackQuestionsNonMember.tpp","secondFileName":"EGE_KARTAL/StackQuestionsMember.tpp","startInFirst":{"line":11,"column":4,"tokenListIndex":113},"endInFirst":{"line":15,"column":4,"tokenListIndex":118},"startInSecond":{"line":10,"column":2,"tokenListIndex":3},"endInSecond":{"line":13,"column":9,"tokenListIndex":8},"lengthOfFirst":6,"lengthOfSecond":6}],"firstSimilarity":0.3435114503816794,"secondSimilarity":0.27439024390243905}