{"firstSubmissionId":"ABDULLAH_MERT_OZDEM","secondSubmissionId":"FATIH_KAGAN_CEBI","similarities":{"AVG":1.0,"MAX":1.0,"MAXIMUM_LENGTH":146.0,"LONGEST_MATCH":50.0},"matches":[{"firstFileName":"ABDULLAH_MERT_OZDEM/StackQuestionsNonMember.cpp","secondFileName":"FATIH_KAGAN_CEBI/StackQuestionsNonMember.cpp","startInFirst":{"line":13,"column":4,"tokenListIndex":12},"endInFirst":{"line":50,"column":0,"tokenListIndex":61},"startInSecond":{"line":13,"column":4,"tokenListIndex":95},"endInSecond":{"line":50,"column":0,"tokenListIndex":144},"lengthOfFirst":50,"lengthOfSecond":50},{"firstFileName":"ABDULLAH_MERT_OZDEM/StackQuestionsMember.tpp","secondFileName":"FATIH_KAGAN_CEBI/StackQuestionsMember.tpp","startInFirst":{"line":5,"column":0,"tokenListIndex":63},"endInFirst":{"line":36,"column":0,"tokenListIndex":104},"startInSecond":{"line":5,"column":0,"tokenListIndex":0},"endInSecond":{"line":36,"column":0,"tokenListIndex":41},"lengthOfFirst":42,"lengthOfSecond":42},{"firstFileName":"ABDULLAH_MERT_OZDEM/StackQuestionsNonMember.tpp","secondFileName":"FATIH_KAGAN_CEBI/StackQuestionsNonMember.tpp","startInFirst":{"line":7,"column":0,"tokenListIndex":106},"endInFirst":{"line":36,"column":0,"tokenListIndex":144},"startInSecond":{"line":7,"column":0,"tokenListIndex":43},"endInSecond":{"line":36,"column":0,"tokenListIndex":81},"lengthOfFirst":39,"lengthOfSecond":39}],"firstSimilarity":1.0,"secondSimilarity":1.0}