{"firstSubmissionId":"BAHA_ARDA_INALKUT","secondSubmissionId":"BEGUM_HAMARAT","similarities":{"AVG":0.08391608391608392,"MAX":0.3,"MAXIMUM_LENGTH":142.0,"LONGEST_MATCH":6.0},"matches":[{"firstFileName":"BAHA_ARDA_INALKUT/StackQuestionsNonMember.cpp","secondFileName":"BEGUM_HAMARAT/StackQuestionsNonMemberQ4.cpp","startInFirst":{"line":36,"column":23,"tokenListIndex":38},"endInFirst":{"line":47,"column":2,"tokenListIndex":43},"startInSecond":{"line":57,"column":10,"tokenListIndex":50},"endInSecond":{"line":59,"column":4,"tokenListIndex":55},"lengthOfFirst":6,"lengthOfSecond":6}],"firstSimilarity":0.3,"secondSimilarity":0.04878048780487805}