{"firstSubmissionId":"BAHA_ARDA_INALKUT","secondSubmissionId":"HASAN_ZAFER_BILIR","similarities":{"AVG":0.13793103448275862,"MAX":0.3,"MAXIMUM_LENGTH":87.0,"LONGEST_MATCH":6.0},"matches":[{"firstFileName":"BAHA_ARDA_INALKUT/StackQuestionsNonMember.cpp","secondFileName":"HASAN_ZAFER_BILIR/StackQuestionsMember.tpp","startInFirst":{"line":36,"column":23,"tokenListIndex":38},"endInFirst":{"line":47,"column":2,"tokenListIndex":43},"startInSecond":{"line":55,"column":5,"tokenListIndex":42},"endInSecond":{"line":59,"column":3,"tokenListIndex":47},"lengthOfFirst":6,"lengthOfSecond":6}],"firstSimilarity":0.3,"secondSimilarity":0.08955223880597014}