{"firstSubmissionId":"BAHA_ARDA_INALKUT","secondSubmissionId":"HATICE_SENA_SES","similarities":{"AVG":0.2891566265060241,"MAX":0.6,"MAXIMUM_LENGTH":82.0,"LONGEST_MATCH":12.0},"matches":[{"firstFileName":"BAHA_ARDA_INALKUT/StackQuestionsNonMember.cpp","secondFileName":"HATICE_SENA_SES/StackQuestionsNonMember.cpp","startInFirst":{"line":34,"column":2,"tokenListIndex":33},"endInFirst":{"line":48,"column":0,"tokenListIndex":44},"startInSecond":{"line":63,"column":2,"tokenListIndex":34},"endInSecond":{"line":78,"column":0,"tokenListIndex":45},"lengthOfFirst":12,"lengthOfSecond":12}],"firstSimilarity":0.6,"secondSimilarity":0.19047619047619047}