{"firstSubmissionId":"BEGUM_HAMARAT","secondSubmissionId":"MUHAMMED_EMIN_SEKER","similarities":{"AVG":0.26625386996904027,"MAX":0.34959349593495936,"MAXIMUM_LENGTH":219.0,"LONGEST_MATCH":23.0},"matches":[{"firstFileName":"BEGUM_HAMARAT/StackQuestionsMemberQ1Q2.tpp","secondFileName":"MUHAMMED_EMIN_SEKER/StackQuestionsMember.tpp","startInFirst":{"line":17,"column":27,"tokenListIndex":115},"endInFirst":{"line":39,"column":4,"tokenListIndex":137},"startInSecond":{"line":15,"column":11,"tokenListIndex":12},"endInSecond":{"line":36,"column":10,"tokenListIndex":34},"lengthOfFirst":23,"lengthOfSecond":23},{"firstFileName":"BEGUM_HAMARAT/StackQuestionsNonMemberQ3.tpp","secondFileName":"MUHAMMED_EMIN_SEKER/StackQuestionsMember.tpp","startInFirst":{"line":14,"column":2,"tokenListIndex":76},"endInFirst":{"line":17,"column":4,"tokenListIndex":83},"startInSecond":{"line":11,"column":2,"tokenListIndex":3},"endInSecond":{"line":14,"column":6,"tokenListIndex":10},"lengthOfFirst":8,"lengthOfSecond":8},{"firstFileName":"BEGUM_HAMARAT/StackQuestionsNonMemberQ4.cpp","secondFileName":"MUHAMMED_EMIN_SEKER/StackQuestionsMember.tpp","startInFirst":{"line":48,"column":3,"tokenListIndex":38},"endInFirst":{"line":51,"column":3,"tokenListIndex":43},"startInSecond":{"line":38,"column":2,"tokenListIndex":37},"endInSecond":{"line":41,"column":2,"tokenListIndex":42},"lengthOfFirst":6,"lengthOfSecond":6},{"firstFileName":"BEGUM_HAMARAT/StackQuestionsNonMemberQ3.tpp","secondFileName":"MUHAMMED_EMIN_SEKER/StackQuestionsNonMember.tpp","startInFirst":{"line":24,"column":17,"tokenListIndex":94},"endInFirst":{"line":30,"column":2,"tokenListIndex":99},"startInSecond":{"line":35,"column":18,"tokenListIndex":210},"endInSecond":{"line":40,"column":2,"tokenListIndex":215},"lengthOfFirst":6,"lengthOfSecond":6}],"firstSimilarity":0.34959349593495936,"secondSimilarity":0.215}