{"firstSubmissionId":"BEGUM_HAMARAT","secondSubmissionId":"ABDULLAH_MERT_OZDEM","similarities":{"AVG":0.5511811023622047,"MAX":0.5691056910569106,"MAXIMUM_LENGTH":146.0,"LONGEST_MATCH":18.0},"matches":[{"firstFileName":"BEGUM_HAMARAT/StackQuestionsMemberQ1Q2.tpp","secondFileName":"ABDULLAH_MERT_OZDEM/StackQuestionsMember.tpp","startInFirst":{"line":10,"column":22,"tokenListIndex":103},"endInFirst":{"line":22,"column":0,"tokenListIndex":120},"startInSecond":{"line":5,"column":0,"tokenListIndex":63},"endInSecond":{"line":14,"column":0,"tokenListIndex":80},"lengthOfFirst":18,"lengthOfSecond":18},{"firstFileName":"BEGUM_HAMARAT/StackQuestionsMemberQ1Q2.tpp","secondFileName":"ABDULLAH_MERT_OZDEM/StackQuestionsMember.tpp","startInFirst":{"line":27,"column":22,"tokenListIndex":122},"endInFirst":{"line":40,"column":2,"tokenListIndex":138},"startInSecond":{"line":17,"column":0,"tokenListIndex":81},"endInSecond":{"line":30,"column":4,"tokenListIndex":97},"lengthOfFirst":17,"lengthOfSecond":17},{"firstFileName":"BEGUM_HAMARAT/StackQuestionsNonMemberQ4.cpp","secondFileName":"ABDULLAH_MERT_OZDEM/StackQuestionsNonMember.cpp","startInFirst":{"line":40,"column":3,"tokenListIndex":32},"endInFirst":{"line":48,"column":25,"tokenListIndex":40},"startInSecond":{"line":20,"column":19,"tokenListIndex":21},"endInSecond":{"line":26,"column":37,"tokenListIndex":29},"lengthOfFirst":9,"lengthOfSecond":9},{"firstFileName":"BEGUM_HAMARAT/StackQuestionsNonMemberQ4.cpp","secondFileName":"ABDULLAH_MERT_OZDEM/StackQuestionsNonMember.cpp","startInFirst":{"line":49,"column":14,"tokenListIndex":41},"endInFirst":{"line":53,"column":15,"tokenListIndex":47},"startInSecond":{"line":43,"column":18,"tokenListIndex":53},"endInSecond":{"line":47,"column":42,"tokenListIndex":59},"lengthOfFirst":7,"lengthOfSecond":7},{"firstFileName":"BEGUM_HAMARAT/StackQuestionsNonMemberQ4.cpp","secondFileName":"ABDULLAH_MERT_OZDEM/StackQuestionsNonMember.cpp","startInFirst":{"line":58,"column":14,"tokenListIndex":54},"endInFirst":{"line":62,"column":2,"tokenListIndex":60},"startInSecond":{"line":35,"column":26,"tokenListIndex":42},"endInSecond":{"line":39,"column":8,"tokenListIndex":48},"lengthOfFirst":7,"lengthOfSecond":7},{"firstFileName":"BEGUM_HAMARAT/StackQuestionsNonMemberQ4.cpp","secondFileName":"ABDULLAH_MERT_OZDEM/StackQuestionsNonMember.cpp","startInFirst":{"line":56,"column":2,"tokenListIndex":48},"endInFirst":{"line":57,"column":50,"tokenListIndex":53},"startInSecond":{"line":32,"column":8,"tokenListIndex":35},"endInSecond":{"line":34,"column":44,"tokenListIndex":40},"lengthOfFirst":6,"lengthOfSecond":6},{"firstFileName":"BEGUM_HAMARAT/StackQuestionsNonMemberQ3.tpp","secondFileName":"ABDULLAH_MERT_OZDEM/StackQuestionsNonMember.tpp","startInFirst":{"line":15,"column":2,"tokenListIndex":78},"endInFirst":{"line":17,"column":4,"tokenListIndex":83},"startInSecond":{"line":8,"column":4,"tokenListIndex":109},"endInSecond":{"line":11,"column":13,"tokenListIndex":114},"lengthOfFirst":6,"lengthOfSecond":6}],"firstSimilarity":0.5691056910569106,"secondSimilarity":0.5343511450381679}