{"firstSubmissionId":"BEGUM_HAMARAT","secondSubmissionId":"EGE_KARTAL","similarities":{"AVG":0.24390243902439024,"MAX":0.2845528455284553,"MAXIMUM_LENGTH":183.0,"LONGEST_MATCH":11.0},"matches":[{"firstFileName":"BEGUM_HAMARAT/StackQuestionsMemberQ1Q2.tpp","secondFileName":"EGE_KARTAL/StackQuestionsMember.tpp","startInFirst":{"line":31,"column":6,"tokenListIndex":127},"endInFirst":{"line":39,"column":4,"tokenListIndex":137},"startInSecond":{"line":43,"column":2,"tokenListIndex":42},"endInSecond":{"line":49,"column":2,"tokenListIndex":52},"lengthOfFirst":11,"lengthOfSecond":11},{"firstFileName":"BEGUM_HAMARAT/StackQuestionsNonMemberQ4.cpp","secondFileName":"EGE_KARTAL/StackQuestionsNonMember.cpp","startInFirst":{"line":29,"column":1,"tokenListIndex":16},"endInFirst":{"line":33,"column":5,"tokenListIndex":24},"startInSecond":{"line":29,"column":1,"tokenListIndex":83},"endInSecond":{"line":33,"column":6,"tokenListIndex":91},"lengthOfFirst":9,"lengthOfSecond":9},{"firstFileName":"BEGUM_HAMARAT/StackQuestionsNonMemberQ4.cpp","secondFileName":"EGE_KARTAL/StackQuestionsNonMember.cpp","startInFirst":{"line":49,"column":14,"tokenListIndex":41},"endInFirst":{"line":56,"column":2,"tokenListIndex":48},"startInSecond":{"line":43,"column":11,"tokenListIndex":110},"endInSecond":{"line":49,"column":2,"tokenListIndex":117},"lengthOfFirst":8,"lengthOfSecond":8},{"firstFileName":"BEGUM_HAMARAT/StackQuestionsNonMemberQ3.tpp","secondFileName":"EGE_KARTAL/StackQuestionsNonMember.tpp","startInFirst":{"line":12,"column":0,"tokenListIndex":71},"endInFirst":{"line":14,"column":15,"tokenListIndex":77},"startInSecond":{"line":12,"column":0,"tokenListIndex":143},"endInSecond":{"line":14,"column":11,"tokenListIndex":149},"lengthOfFirst":7,"lengthOfSecond":7}],"firstSimilarity":0.2845528455284553,"secondSimilarity":0.21341463414634146}