{"firstSubmissionId":"BERKE_TURKBAY","secondSubmissionId":"BORA_YALCIN","similarities":{"AVG":0.22093023255813954,"MAX":0.25675675675675674,"MAXIMUM_LENGTH":117.0,"LONGEST_MATCH":7.0},"matches":[{"firstFileName":"BERKE_TURKBAY/StackQuestionsNonMember.tpp","secondFileName":"BORA_YALCIN/StackQuestionsNonMember.tpp","startInFirst":{"line":15,"column":4,"tokenListIndex":53},"endInFirst":{"line":19,"column":8,"tokenListIndex":59},"startInSecond":{"line":16,"column":38,"tokenListIndex":100},"endInSecond":{"line":20,"column":12,"tokenListIndex":106},"lengthOfFirst":7,"lengthOfSecond":7},{"firstFileName":"BERKE_TURKBAY/StackQuestionsMember.tpp","secondFileName":"BORA_YALCIN/StackQuestionsMember.tpp","startInFirst":{"line":18,"column":4,"tokenListIndex":15},"endInFirst":{"line":29,"column":4,"tokenListIndex":20},"startInSecond":{"line":27,"column":2,"tokenListIndex":24},"endInSecond":{"line":38,"column":2,"tokenListIndex":29},"lengthOfFirst":6,"lengthOfSecond":6},{"firstFileName":"BERKE_TURKBAY/StackQuestionsNonMember.tpp","secondFileName":"BORA_YALCIN/StackQuestionsMember.tpp","startInFirst":{"line":22,"column":4,"tokenListIndex":62},"endInFirst":{"line":26,"column":8,"tokenListIndex":67},"startInSecond":{"line":41,"column":8,"tokenListIndex":40},"endInSecond":{"line":46,"column":8,"tokenListIndex":45},"lengthOfFirst":6,"lengthOfSecond":6}],"firstSimilarity":0.25675675675675674,"secondSimilarity":0.19387755102040816}