{"firstSubmissionId":"BERKE_TURKBAY","secondSubmissionId":"EDA_GUL_CETINEL","similarities":{"AVG":0.1875,"MAX":0.20270270270270271,"MAXIMUM_LENGTH":106.0,"LONGEST_MATCH":9.0},"matches":[{"firstFileName":"BERKE_TURKBAY/StackQuestionsNonMember.tpp","secondFileName":"EDA_GUL_CETINEL/StackQuestionsNonMember.tpp","startInFirst":{"line":12,"column":0,"tokenListIndex":47},"endInFirst":{"line":17,"column":8,"tokenListIndex":55},"startInSecond":{"line":12,"column":0,"tokenListIndex":77},"endInSecond":{"line":15,"column":6,"tokenListIndex":85},"lengthOfFirst":9,"lengthOfSecond":9},{"firstFileName":"BERKE_TURKBAY/StackQuestionsMember.tpp","secondFileName":"EDA_GUL_CETINEL/StackQuestionsMember.tpp","startInFirst":{"line":15,"column":4,"tokenListIndex":8},"endInFirst":{"line":16,"column":20,"tokenListIndex":13},"startInSecond":{"line":10,"column":4,"tokenListIndex":3},"endInSecond":{"line":12,"column":27,"tokenListIndex":8},"lengthOfFirst":6,"lengthOfSecond":6}],"firstSimilarity":0.20270270270270271,"secondSimilarity":0.1744186046511628}