{"firstSubmissionId":"BERKE_TURKBAY","secondSubmissionId":"BEGUM_HAMARAT","similarities":{"AVG":0.1319796954314721,"MAX":0.17567567567567569,"MAXIMUM_LENGTH":142.0,"LONGEST_MATCH":7.0},"matches":[{"firstFileName":"BERKE_TURKBAY/StackQuestionsNonMember.tpp","secondFileName":"BEGUM_HAMARAT/StackQuestionsNonMemberQ3.tpp","startInFirst":{"line":12,"column":0,"tokenListIndex":47},"endInFirst":{"line":17,"column":8,"tokenListIndex":53},"startInSecond":{"line":12,"column":0,"tokenListIndex":71},"endInSecond":{"line":14,"column":15,"tokenListIndex":77},"lengthOfFirst":7,"lengthOfSecond":7},{"firstFileName":"BERKE_TURKBAY/StackQuestionsMember.tpp","secondFileName":"BEGUM_HAMARAT/StackQuestionsMemberQ1Q2.tpp","startInFirst":{"line":15,"column":4,"tokenListIndex":8},"endInFirst":{"line":16,"column":20,"tokenListIndex":13},"startInSecond":{"line":15,"column":4,"tokenListIndex":110},"endInSecond":{"line":17,"column":27,"tokenListIndex":115},"lengthOfFirst":6,"lengthOfSecond":6}],"firstSimilarity":0.17567567567567569,"secondSimilarity":0.10569105691056911}