{"firstSubmissionId":"BERKE_TURKBAY","secondSubmissionId":"ABDULLAH_MERT_OZDEM","similarities":{"AVG":0.05853658536585366,"MAX":0.08108108108108109,"MAXIMUM_LENGTH":146.0,"LONGEST_MATCH":6.0},"matches":[{"firstFileName":"BERKE_TURKBAY/StackQuestionsMember.tpp","secondFileName":"ABDULLAH_MERT_OZDEM/StackQuestionsMember.tpp","startInFirst":{"line":15,"column":4,"tokenListIndex":8},"endInFirst":{"line":16,"column":20,"tokenListIndex":13},"startInSecond":{"line":9,"column":4,"tokenListIndex":70},"endInSecond":{"line":10,"column":30,"tokenListIndex":75},"lengthOfFirst":6,"lengthOfSecond":6}],"firstSimilarity":0.08108108108108109,"secondSimilarity":0.04580152671755725}