{"firstSubmissionId":"BERKE_TURKBAY","secondSubmissionId":"EGE_KARTAL","similarities":{"AVG":0.06722689075630252,"MAX":0.10810810810810811,"MAXIMUM_LENGTH":183.0,"LONGEST_MATCH":8.0},"matches":[{"firstFileName":"BERKE_TURKBAY/StackQuestionsNonMember.tpp","secondFileName":"EGE_KARTAL/StackQuestionsNonMember.tpp","startInFirst":{"line":12,"column":0,"tokenListIndex":47},"endInFirst":{"line":17,"column":8,"tokenListIndex":54},"startInSecond":{"line":12,"column":0,"tokenListIndex":143},"endInSecond":{"line":16,"column":2,"tokenListIndex":150},"lengthOfFirst":8,"lengthOfSecond":8}],"firstSimilarity":0.10810810810810811,"secondSimilarity":0.04878048780487805}