{"firstSubmissionId":"BORA_YALCIN","secondSubmissionId":"MEHMET_EREN_GUNER","similarities":{"AVG":0.05660377358490566,"MAX":0.061224489795918366,"MAXIMUM_LENGTH":133.0,"LONGEST_MATCH":6.0},"matches":[{"firstFileName":"BORA_YALCIN/StackQuestionsMember.tpp","secondFileName":"MEHMET_EREN_GUNER/StackQuestionsMember.tpp","startInFirst":{"line":9,"column":0,"tokenListIndex":0},"endInFirst":{"line":15,"column":22,"tokenListIndex":5},"startInSecond":{"line":9,"column":0,"tokenListIndex":77},"endInSecond":{"line":11,"column":4,"tokenListIndex":82},"lengthOfFirst":6,"lengthOfSecond":6}],"firstSimilarity":0.061224489795918366,"secondSimilarity":0.05263157894736842}