{"firstSubmissionId":"BORA_YALCIN","secondSubmissionId":"BEGUM_HAMARAT","similarities":{"AVG":0.05429864253393665,"MAX":0.061224489795918366,"MAXIMUM_LENGTH":142.0,"LONGEST_MATCH":6.0},"matches":[{"firstFileName":"BORA_YALCIN/StackQuestionsMember.tpp","secondFileName":"BEGUM_HAMARAT/StackQuestionsMemberQ1Q2.tpp","startInFirst":{"line":9,"column":0,"tokenListIndex":0},"endInFirst":{"line":15,"column":22,"tokenListIndex":5},"startInSecond":{"line":10,"column":0,"tokenListIndex":102},"endInSecond":{"line":12,"column":8,"tokenListIndex":107},"lengthOfFirst":6,"lengthOfSecond":6}],"firstSimilarity":0.061224489795918366,"secondSimilarity":0.04878048780487805}