{"firstSubmissionId":"BORA_YALCIN","secondSubmissionId":"EMIR_KEREM_ISILDAR","similarities":{"AVG":0.19626168224299065,"MAX":0.21428571428571427,"MAXIMUM_LENGTH":136.0,"LONGEST_MATCH":9.0},"matches":[{"firstFileName":"BORA_YALCIN/StackQuestionsNonMember.tpp","secondFileName":"EMIR_KEREM_ISILDAR/StackQuestionsMember.tpp","startInFirst":{"line":14,"column":4,"tokenListIndex":94},"endInFirst":{"line":17,"column":12,"tokenListIndex":102},"startInSecond":{"line":40,"column":4,"tokenListIndex":40},"endInSecond":{"line":43,"column":8,"tokenListIndex":48},"lengthOfFirst":9,"lengthOfSecond":9},{"firstFileName":"BORA_YALCIN/StackQuestionsMember.tpp","secondFileName":"EMIR_KEREM_ISILDAR/StackQuestionsMember.tpp","startInFirst":{"line":9,"column":0,"tokenListIndex":0},"endInFirst":{"line":15,"column":22,"tokenListIndex":5},"startInSecond":{"line":9,"column":0,"tokenListIndex":0},"endInSecond":{"line":11,"column":4,"tokenListIndex":5},"lengthOfFirst":6,"lengthOfSecond":6},{"firstFileName":"BORA_YALCIN/StackQuestionsNonMember.cpp","secondFileName":"EMIR_KEREM_ISILDAR/StackQuestionsNonMember.tpp","startInFirst":{"line":32,"column":1,"tokenListIndex":71},"endInFirst":{"line":35,"column":2,"tokenListIndex":76},"startInSecond":{"line":37,"column":2,"tokenListIndex":102},"endInSecond":{"line":40,"column":19,"tokenListIndex":107},"lengthOfFirst":6,"lengthOfSecond":6}],"firstSimilarity":0.21428571428571427,"secondSimilarity":0.1810344827586207}