{"firstSubmissionId":"BORA_YALCIN","secondSubmissionId":"EGE_KARTAL","similarities":{"AVG":0.04580152671755725,"MAX":0.061224489795918366,"MAXIMUM_LENGTH":183.0,"LONGEST_MATCH":6.0},"matches":[{"firstFileName":"BORA_YALCIN/StackQuestionsMember.tpp","secondFileName":"EGE_KARTAL/StackQuestionsMember.tpp","startInFirst":{"line":29,"column":2,"tokenListIndex":25},"endInFirst":{"line":38,"column":8,"tokenListIndex":30},"startInSecond":{"line":27,"column":2,"tokenListIndex":26},"endInSecond":{"line":34,"column":11,"tokenListIndex":31},"lengthOfFirst":6,"lengthOfSecond":6}],"firstSimilarity":0.061224489795918366,"secondSimilarity":0.036585365853658534}