{"firstSubmissionId":"DORUK_OCAL","secondSubmissionId":"BERKE_TURKBAY","similarities":{"AVG":0.16822429906542055,"MAX":0.2727272727272727,"MAXIMUM_LENGTH":94.0,"LONGEST_MATCH":9.0},"matches":[{"firstFileName":"DORUK_OCAL/StackQuestionsNonMember.tpp","secondFileName":"BERKE_TURKBAY/StackQuestionsNonMember.tpp","startInFirst":{"line":13,"column":0,"tokenListIndex":0},"endInFirst":{"line":20,"column":4,"tokenListIndex":8},"startInSecond":{"line":12,"column":0,"tokenListIndex":47},"endInSecond":{"line":17,"column":8,"tokenListIndex":55},"lengthOfFirst":9,"lengthOfSecond":9}],"firstSimilarity":0.2727272727272727,"secondSimilarity":0.12162162162162163}