{"firstSubmissionId":"DORUK_OCAL","secondSubmissionId":"EMIR_KEREM_ISILDAR","similarities":{"AVG":0.09395973154362416,"MAX":0.21212121212121213,"MAXIMUM_LENGTH":136.0,"LONGEST_MATCH":7.0},"matches":[{"firstFileName":"DORUK_OCAL/StackQuestionsNonMember.tpp","secondFileName":"EMIR_KEREM_ISILDAR/StackQuestionsMember.tpp","startInFirst":{"line":20,"column":0,"tokenListIndex":7},"endInFirst":{"line":23,"column":26,"tokenListIndex":13},"startInSecond":{"line":30,"column":8,"tokenListIndex":24},"endInSecond":{"line":32,"column":34,"tokenListIndex":30},"lengthOfFirst":7,"lengthOfSecond":7}],"firstSimilarity":0.21212121212121213,"secondSimilarity":0.0603448275862069}