{"firstSubmissionId":"DORUK_OCAL","secondSubmissionId":"BEGUM_HAMARAT","similarities":{"AVG":0.08974358974358974,"MAX":0.21212121212121213,"MAXIMUM_LENGTH":142.0,"LONGEST_MATCH":7.0},"matches":[{"firstFileName":"DORUK_OCAL/StackQuestionsNonMember.tpp","secondFileName":"BEGUM_HAMARAT/StackQuestionsNonMemberQ3.tpp","startInFirst":{"line":13,"column":0,"tokenListIndex":0},"endInFirst":{"line":19,"column":10,"tokenListIndex":6},"startInSecond":{"line":12,"column":0,"tokenListIndex":71},"endInSecond":{"line":14,"column":15,"tokenListIndex":77},"lengthOfFirst":7,"lengthOfSecond":7}],"firstSimilarity":0.21212121212121213,"secondSimilarity":0.056910569105691054}