{"firstSubmissionId":"DORUK_OCAL","secondSubmissionId":"EDA_GUL_CETINEL","similarities":{"AVG":0.16806722689075632,"MAX":0.30303030303030304,"MAXIMUM_LENGTH":106.0,"LONGEST_MATCH":10.0},"matches":[{"firstFileName":"DORUK_OCAL/StackQuestionsNonMember.tpp","secondFileName":"EDA_GUL_CETINEL/StackQuestionsNonMember.tpp","startInFirst":{"line":13,"column":0,"tokenListIndex":0},"endInFirst":{"line":20,"column":11,"tokenListIndex":9},"startInSecond":{"line":12,"column":0,"tokenListIndex":77},"endInSecond":{"line":15,"column":23,"tokenListIndex":86},"lengthOfFirst":10,"lengthOfSecond":10}],"firstSimilarity":0.30303030303030304,"secondSimilarity":0.11627906976744186}