{"firstSubmissionId":"DORUK_OCAL","secondSubmissionId":"SERKAN_YILMAZ","similarities":{"AVG":0.14893617021276595,"MAX":0.21212121212121213,"MAXIMUM_LENGTH":63.0,"LONGEST_MATCH":7.0},"matches":[{"firstFileName":"DORUK_OCAL/StackQuestionsNonMember.tpp","secondFileName":"SERKAN_YILMAZ/StackQuestionsNonMember.tpp","startInFirst":{"line":13,"column":0,"tokenListIndex":0},"endInFirst":{"line":19,"column":10,"tokenListIndex":6},"startInSecond":{"line":12,"column":0,"tokenListIndex":40},"endInSecond":{"line":18,"column":13,"tokenListIndex":46},"lengthOfFirst":7,"lengthOfSecond":7}],"firstSimilarity":0.21212121212121213,"secondSimilarity":0.11475409836065574}