{"firstSubmissionId":"DORUK_OCAL","secondSubmissionId":"SEVKET_YESILPEKMEZ_MACOS","similarities":{"AVG":0.13592233009708737,"MAX":0.21212121212121213,"MAXIMUM_LENGTH":72.0,"LONGEST_MATCH":7.0},"matches":[{"firstFileName":"DORUK_OCAL/StackQuestionsNonMember.tpp","secondFileName":"SEVKET_YESILPEKMEZ_MACOS/StackQuestionsNonMember.tpp","startInFirst":{"line":13,"column":0,"tokenListIndex":0},"endInFirst":{"line":19,"column":10,"tokenListIndex":6},"startInSecond":{"line":12,"column":0,"tokenListIndex":47},"endInSecond":{"line":15,"column":13,"tokenListIndex":53},"lengthOfFirst":7,"lengthOfSecond":7}],"firstSimilarity":0.21212121212121213,"secondSimilarity":0.1}