{"firstSubmissionId":"DORUK_OCAL","secondSubmissionId":"EGE_KARTAL","similarities":{"AVG":0.08121827411167512,"MAX":0.24242424242424243,"MAXIMUM_LENGTH":183.0,"LONGEST_MATCH":8.0},"matches":[{"firstFileName":"DORUK_OCAL/StackQuestionsNonMember.tpp","secondFileName":"EGE_KARTAL/StackQuestionsNonMember.tpp","startInFirst":{"line":13,"column":0,"tokenListIndex":0},"endInFirst":{"line":20,"column":0,"tokenListIndex":7},"startInSecond":{"line":12,"column":0,"tokenListIndex":143},"endInSecond":{"line":16,"column":2,"tokenListIndex":150},"lengthOfFirst":8,"lengthOfSecond":8}],"firstSimilarity":0.24242424242424243,"secondSimilarity":0.04878048780487805}