{"firstSubmissionId":"EDA_GUL_CETINEL","secondSubmissionId":"EGE_KARTAL","similarities":{"AVG":0.24,"MAX":0.3488372093023256,"MAXIMUM_LENGTH":183.0,"LONGEST_MATCH":8.0},"matches":[{"firstFileName":"EDA_GUL_CETINEL/StackQuestionsMember.tpp","secondFileName":"EGE_KARTAL/StackQuestionsNonMember.tpp","startInFirst":{"line":26,"column":4,"tokenListIndex":18},"endInFirst":{"line":31,"column":12,"tokenListIndex":25},"startInSecond":{"line":29,"column":2,"tokenListIndex":168},"endInSecond":{"line":34,"column":10,"tokenListIndex":175},"lengthOfFirst":8,"lengthOfSecond":8},{"firstFileName":"EDA_GUL_CETINEL/StackQuestionsMember.tpp","secondFileName":"EGE_KARTAL/StackQuestionsMember.tpp","startInFirst":{"line":53,"column":4,"tokenListIndex":50},"endInFirst":{"line":59,"column":0,"tokenListIndex":57},"startInSecond":{"line":57,"column":2,"tokenListIndex":58},"endInSecond":{"line":63,"column":0,"tokenListIndex":65},"lengthOfFirst":8,"lengthOfSecond":8},{"firstFileName":"EDA_GUL_CETINEL/StackQuestionsNonMember.tpp","secondFileName":"EGE_KARTAL/StackQuestionsNonMember.tpp","startInFirst":{"line":12,"column":0,"tokenListIndex":77},"endInFirst":{"line":15,"column":4,"tokenListIndex":84},"startInSecond":{"line":12,"column":0,"tokenListIndex":143},"endInSecond":{"line":16,"column":2,"tokenListIndex":150},"lengthOfFirst":8,"lengthOfSecond":8},{"firstFileName":"EDA_GUL_CETINEL/StackQuestionsMember.tpp","secondFileName":"EGE_KARTAL/StackQuestionsMember.tpp","startInFirst":{"line":47,"column":8,"tokenListIndex":43},"endInFirst":{"line":51,"column":12,"tokenListIndex":48},"startInSecond":{"line":44,"column":2,"tokenListIndex":44},"endInSecond":{"line":46,"column":14,"tokenListIndex":49},"lengthOfFirst":6,"lengthOfSecond":6}],"firstSimilarity":0.3488372093023256,"secondSimilarity":0.18292682926829268}