{"firstSubmissionId":"EDA_GUL_CETINEL","secondSubmissionId":"BEGUM_HAMARAT","similarities":{"AVG":0.45933014354066987,"MAX":0.5581395348837209,"MAXIMUM_LENGTH":142.0,"LONGEST_MATCH":14.0},"matches":[{"firstFileName":"EDA_GUL_CETINEL/StackQuestionsMember.tpp","secondFileName":"BEGUM_HAMARAT/StackQuestionsMemberQ1Q2.tpp","startInFirst":{"line":10,"column":4,"tokenListIndex":3},"endInFirst":{"line":23,"column":4,"tokenListIndex":16},"startInSecond":{"line":15,"column":4,"tokenListIndex":110},"endInSecond":{"line":28,"column":2,"tokenListIndex":123},"lengthOfFirst":14,"lengthOfSecond":14},{"firstFileName":"EDA_GUL_CETINEL/StackQuestionsMember.tpp","secondFileName":"BEGUM_HAMARAT/StackQuestionsMemberQ1Q2.tpp","startInFirst":{"line":31,"column":4,"tokenListIndex":24},"endInFirst":{"line":35,"column":16,"tokenListIndex":31},"startInSecond":{"line":30,"column":2,"tokenListIndex":124},"endInSecond":{"line":34,"column":11,"tokenListIndex":131},"lengthOfFirst":8,"lengthOfSecond":8},{"firstFileName":"EDA_GUL_CETINEL/StackQuestionsNonMember.tpp","secondFileName":"BEGUM_HAMARAT/StackQuestionsNonMemberQ3.tpp","startInFirst":{"line":12,"column":0,"tokenListIndex":77},"endInFirst":{"line":14,"column":13,"tokenListIndex":83},"startInSecond":{"line":12,"column":0,"tokenListIndex":71},"endInSecond":{"line":14,"column":15,"tokenListIndex":77},"lengthOfFirst":7,"lengthOfSecond":7},{"firstFileName":"EDA_GUL_CETINEL/StackQuestionsNonMember.tpp","secondFileName":"BEGUM_HAMARAT/StackQuestionsNonMemberQ3.tpp","startInFirst":{"line":19,"column":20,"tokenListIndex":91},"endInFirst":{"line":26,"column":12,"tokenListIndex":97},"startInSecond":{"line":20,"column":9,"tokenListIndex":87},"endInSecond":{"line":23,"column":23,"tokenListIndex":93},"lengthOfFirst":7,"lengthOfSecond":7},{"firstFileName":"EDA_GUL_CETINEL/StackQuestionsMember.tpp","secondFileName":"BEGUM_HAMARAT/StackQuestionsNonMemberQ4.cpp","startInFirst":{"line":26,"column":4,"tokenListIndex":18},"endInFirst":{"line":29,"column":4,"tokenListIndex":23},"startInSecond":{"line":48,"column":3,"tokenListIndex":38},"endInSecond":{"line":51,"column":3,"tokenListIndex":43},"lengthOfFirst":6,"lengthOfSecond":6},{"firstFileName":"EDA_GUL_CETINEL/StackQuestionsNonMember.tpp","secondFileName":"BEGUM_HAMARAT/StackQuestionsNonMemberQ3.tpp","startInFirst":{"line":27,"column":27,"tokenListIndex":99},"endInFirst":{"line":32,"column":0,"tokenListIndex":104},"startInSecond":{"line":25,"column":8,"tokenListIndex":95},"endInSecond":{"line":31,"column":0,"tokenListIndex":100},"lengthOfFirst":6,"lengthOfSecond":6}],"firstSimilarity":0.5581395348837209,"secondSimilarity":0.3902439024390244}