{"firstSubmissionId":"EDA_GUL_CETINEL","secondSubmissionId":"MEHMET_EREN_GUNER","similarities":{"AVG":0.28,"MAX":0.32558139534883723,"MAXIMUM_LENGTH":133.0,"LONGEST_MATCH":8.0},"matches":[{"firstFileName":"EDA_GUL_CETINEL/StackQuestionsMember.tpp","secondFileName":"MEHMET_EREN_GUNER/StackQuestionsMember.tpp","startInFirst":{"line":31,"column":4,"tokenListIndex":24},"endInFirst":{"line":35,"column":16,"tokenListIndex":31},"startInSecond":{"line":44,"column":2,"tokenListIndex":111},"endInSecond":{"line":48,"column":12,"tokenListIndex":118},"lengthOfFirst":8,"lengthOfSecond":8},{"firstFileName":"EDA_GUL_CETINEL/StackQuestionsMember.tpp","secondFileName":"MEHMET_EREN_GUNER/StackQuestionsMember.tpp","startInFirst":{"line":53,"column":4,"tokenListIndex":50},"endInFirst":{"line":59,"column":0,"tokenListIndex":57},"startInSecond":{"line":53,"column":2,"tokenListIndex":124},"endInSecond":{"line":59,"column":0,"tokenListIndex":131},"lengthOfFirst":8,"lengthOfSecond":8},{"firstFileName":"EDA_GUL_CETINEL/StackQuestionsMember.tpp","secondFileName":"MEHMET_EREN_GUNER/StackQuestionsMember.tpp","startInFirst":{"line":26,"column":4,"tokenListIndex":18},"endInFirst":{"line":29,"column":4,"tokenListIndex":23},"startInSecond":{"line":29,"column":2,"tokenListIndex":100},"endInSecond":{"line":32,"column":2,"tokenListIndex":105},"lengthOfFirst":6,"lengthOfSecond":6},{"firstFileName":"EDA_GUL_CETINEL/StackQuestionsMember.tpp","secondFileName":"MEHMET_EREN_GUNER/StackQuestionsNonMember.cpp","startInFirst":{"line":47,"column":8,"tokenListIndex":43},"endInFirst":{"line":51,"column":12,"tokenListIndex":48},"startInSecond":{"line":51,"column":13,"tokenListIndex":40},"endInSecond":{"line":53,"column":24,"tokenListIndex":45},"lengthOfFirst":6,"lengthOfSecond":6}],"firstSimilarity":0.32558139534883723,"secondSimilarity":0.24561403508771928}