{"firstSubmissionId":"EDA_GUL_CETINEL","secondSubmissionId":"EMIR_KEREM_ISILDAR","similarities":{"AVG":0.2376237623762376,"MAX":0.27906976744186046,"MAXIMUM_LENGTH":136.0,"LONGEST_MATCH":10.0},"matches":[{"firstFileName":"EDA_GUL_CETINEL/StackQuestionsMember.tpp","secondFileName":"EMIR_KEREM_ISILDAR/StackQuestionsNonMember.tpp","startInFirst":{"line":23,"column":4,"tokenListIndex":16},"endInFirst":{"line":31,"column":12,"tokenListIndex":25},"startInSecond":{"line":20,"column":2,"tokenListIndex":83},"endInSecond":{"line":28,"column":10,"tokenListIndex":92},"lengthOfFirst":10,"lengthOfSecond":10},{"firstFileName":"EDA_GUL_CETINEL/StackQuestionsMember.tpp","secondFileName":"EMIR_KEREM_ISILDAR/StackQuestionsMember.tpp","startInFirst":{"line":36,"column":12,"tokenListIndex":32},"endInFirst":{"line":41,"column":16,"tokenListIndex":38},"startInSecond":{"line":43,"column":6,"tokenListIndex":47},"endInSecond":{"line":48,"column":8,"tokenListIndex":53},"lengthOfFirst":7,"lengthOfSecond":7},{"firstFileName":"EDA_GUL_CETINEL/StackQuestionsMember.tpp","secondFileName":"EMIR_KEREM_ISILDAR/StackQuestionsMember.tpp","startInFirst":{"line":47,"column":8,"tokenListIndex":43},"endInFirst":{"line":52,"column":8,"tokenListIndex":49},"startInSecond":{"line":55,"column":4,"tokenListIndex":59},"endInSecond":{"line":60,"column":4,"tokenListIndex":65},"lengthOfFirst":7,"lengthOfSecond":7}],"firstSimilarity":0.27906976744186046,"secondSimilarity":0.20689655172413793}