{"firstSubmissionId":"EDA_GUL_CETINEL","secondSubmissionId":"BORA_YALCIN","similarities":{"AVG":0.06521739130434782,"MAX":0.06976744186046512,"MAXIMUM_LENGTH":117.0,"LONGEST_MATCH":6.0},"matches":[{"firstFileName":"EDA_GUL_CETINEL/StackQuestionsMember.tpp","secondFileName":"BORA_YALCIN/StackQuestionsNonMember.tpp","startInFirst":{"line":9,"column":57,"tokenListIndex":2},"endInFirst":{"line":12,"column":13,"tokenListIndex":7},"startInSecond":{"line":12,"column":46,"tokenListIndex":93},"endInSecond":{"line":16,"column":12,"tokenListIndex":98},"lengthOfFirst":6,"lengthOfSecond":6}],"firstSimilarity":0.06976744186046512,"secondSimilarity":0.061224489795918366}