{"firstSubmissionId":"EDA_GUL_CETINEL","secondSubmissionId":"MUHAMMED_EMIN_SEKER","similarities":{"AVG":0.25874125874125875,"MAX":0.43023255813953487,"MAXIMUM_LENGTH":219.0,"LONGEST_MATCH":9.0},"matches":[{"firstFileName":"EDA_GUL_CETINEL/StackQuestionsMember.tpp","secondFileName":"MUHAMMED_EMIN_SEKER/StackQuestionsMember.tpp","startInFirst":{"line":12,"column":27,"tokenListIndex":8},"endInFirst":{"line":23,"column":4,"tokenListIndex":16},"startInSecond":{"line":15,"column":11,"tokenListIndex":12},"endInSecond":{"line":27,"column":2,"tokenListIndex":20},"lengthOfFirst":9,"lengthOfSecond":9},{"firstFileName":"EDA_GUL_CETINEL/StackQuestionsMember.tpp","secondFileName":"MUHAMMED_EMIN_SEKER/StackQuestionsNonMember.cpp","startInFirst":{"line":26,"column":4,"tokenListIndex":18},"endInFirst":{"line":31,"column":12,"tokenListIndex":25},"startInSecond":{"line":40,"column":2,"tokenListIndex":72},"endInSecond":{"line":47,"column":9,"tokenListIndex":79},"lengthOfFirst":8,"lengthOfSecond":8},{"firstFileName":"EDA_GUL_CETINEL/StackQuestionsMember.tpp","secondFileName":"MUHAMMED_EMIN_SEKER/StackQuestionsMember.tpp","startInFirst":{"line":53,"column":4,"tokenListIndex":50},"endInFirst":{"line":59,"column":0,"tokenListIndex":57},"startInSecond":{"line":37,"column":2,"tokenListIndex":36},"endInSecond":{"line":42,"column":0,"tokenListIndex":43},"lengthOfFirst":8,"lengthOfSecond":8},{"firstFileName":"EDA_GUL_CETINEL/StackQuestionsMember.tpp","secondFileName":"MUHAMMED_EMIN_SEKER/StackQuestionsMember.tpp","startInFirst":{"line":32,"column":8,"tokenListIndex":26},"endInFirst":{"line":35,"column":16,"tokenListIndex":31},"startInSecond":{"line":29,"column":4,"tokenListIndex":23},"endInSecond":{"line":32,"column":11,"tokenListIndex":28},"lengthOfFirst":6,"lengthOfSecond":6},{"firstFileName":"EDA_GUL_CETINEL/StackQuestionsMember.tpp","secondFileName":"MUHAMMED_EMIN_SEKER/StackQuestionsNonMember.cpp","startInFirst":{"line":49,"column":8,"tokenListIndex":44},"endInFirst":{"line":52,"column":8,"tokenListIndex":49},"startInSecond":{"line":103,"column":2,"tokenListIndex":161},"endInSecond":{"line":106,"column":2,"tokenListIndex":166},"lengthOfFirst":6,"lengthOfSecond":6}],"firstSimilarity":0.43023255813953487,"secondSimilarity":0.185}