{"firstSubmissionId":"EDA_GUL_CETINEL","secondSubmissionId":"ABDULLAH_MERT_OZDEM","similarities":{"AVG":0.3225806451612903,"MAX":0.4069767441860465,"MAXIMUM_LENGTH":146.0,"LONGEST_MATCH":11.0},"matches":[{"firstFileName":"EDA_GUL_CETINEL/StackQuestionsMember.tpp","secondFileName":"ABDULLAH_MERT_OZDEM/StackQuestionsMember.tpp","startInFirst":{"line":10,"column":4,"tokenListIndex":3},"endInFirst":{"line":17,"column":0,"tokenListIndex":13},"startInSecond":{"line":9,"column":4,"tokenListIndex":70},"endInSecond":{"line":14,"column":0,"tokenListIndex":80},"lengthOfFirst":11,"lengthOfSecond":11},{"firstFileName":"EDA_GUL_CETINEL/StackQuestionsMember.tpp","secondFileName":"ABDULLAH_MERT_OZDEM/StackQuestionsNonMember.tpp","startInFirst":{"line":23,"column":4,"tokenListIndex":16},"endInFirst":{"line":31,"column":12,"tokenListIndex":25},"startInSecond":{"line":14,"column":4,"tokenListIndex":117},"endInSecond":{"line":22,"column":12,"tokenListIndex":126},"lengthOfFirst":10,"lengthOfSecond":10},{"firstFileName":"EDA_GUL_CETINEL/StackQuestionsMember.tpp","secondFileName":"ABDULLAH_MERT_OZDEM/StackQuestionsMember.tpp","startInFirst":{"line":53,"column":4,"tokenListIndex":50},"endInFirst":{"line":59,"column":0,"tokenListIndex":57},"startInSecond":{"line":30,"column":4,"tokenListIndex":97},"endInSecond":{"line":36,"column":0,"tokenListIndex":104},"lengthOfFirst":8,"lengthOfSecond":8},{"firstFileName":"EDA_GUL_CETINEL/StackQuestionsMember.tpp","secondFileName":"ABDULLAH_MERT_OZDEM/StackQuestionsMember.tpp","startInFirst":{"line":32,"column":8,"tokenListIndex":26},"endInFirst":{"line":35,"column":16,"tokenListIndex":31},"startInSecond":{"line":21,"column":8,"tokenListIndex":85},"endInSecond":{"line":24,"column":16,"tokenListIndex":90},"lengthOfFirst":6,"lengthOfSecond":6}],"firstSimilarity":0.4069767441860465,"secondSimilarity":0.26717557251908397}