{"firstSubmissionId":"EGE_KARTAL","secondSubmissionId":"MUHAMMED_EMIN_SEKER","similarities":{"AVG":0.31868131868131866,"MAX":0.35365853658536583,"MAXIMUM_LENGTH":219.0,"LONGEST_MATCH":12.0},"matches":[{"firstFileName":"EGE_KARTAL/StackQuestionsNonMember.tpp","secondFileName":"MUHAMMED_EMIN_SEKER/StackQuestionsNonMember.cpp","startInFirst":{"line":29,"column":2,"tokenListIndex":168},"endInFirst":{"line":38,"column":2,"tokenListIndex":179},"startInSecond":{"line":103,"column":2,"tokenListIndex":161},"endInSecond":{"line":110,"column":2,"tokenListIndex":172},"lengthOfFirst":12,"lengthOfSecond":12},{"firstFileName":"EGE_KARTAL/StackQuestionsMember.tpp","secondFileName":"MUHAMMED_EMIN_SEKER/StackQuestionsMember.tpp","startInFirst":{"line":43,"column":2,"tokenListIndex":42},"endInFirst":{"line":49,"column":2,"tokenListIndex":52},"startInSecond":{"line":30,"column":4,"tokenListIndex":24},"endInSecond":{"line":36,"column":10,"tokenListIndex":34},"lengthOfFirst":11,"lengthOfSecond":11},{"firstFileName":"EGE_KARTAL/StackQuestionsMember.tpp","secondFileName":"MUHAMMED_EMIN_SEKER/StackQuestionsNonMember.tpp","startInFirst":{"line":19,"column":3,"tokenListIndex":17},"endInFirst":{"line":26,"column":2,"tokenListIndex":25},"startInSecond":{"line":25,"column":4,"tokenListIndex":197},"endInSecond":{"line":31,"column":2,"tokenListIndex":205},"lengthOfFirst":9,"lengthOfSecond":9},{"firstFileName":"EGE_KARTAL/StackQuestionsMember.tpp","secondFileName":"MUHAMMED_EMIN_SEKER/StackQuestionsMember.tpp","startInFirst":{"line":57,"column":2,"tokenListIndex":58},"endInFirst":{"line":63,"column":0,"tokenListIndex":65},"startInSecond":{"line":37,"column":2,"tokenListIndex":36},"endInSecond":{"line":42,"column":0,"tokenListIndex":43},"lengthOfFirst":8,"lengthOfSecond":8},{"firstFileName":"EGE_KARTAL/StackQuestionsNonMember.cpp","secondFileName":"MUHAMMED_EMIN_SEKER/StackQuestionsNonMember.cpp","startInFirst":{"line":49,"column":7,"tokenListIndex":118},"endInFirst":{"line":51,"column":18,"tokenListIndex":123},"startInSecond":{"line":53,"column":3,"tokenListIndex":89},"endInSecond":{"line":55,"column":18,"tokenListIndex":94},"lengthOfFirst":6,"lengthOfSecond":6},{"firstFileName":"EGE_KARTAL/StackQuestionsNonMember.tpp","secondFileName":"MUHAMMED_EMIN_SEKER/StackQuestionsNonMember.tpp","startInFirst":{"line":18,"column":2,"tokenListIndex":153},"endInFirst":{"line":22,"column":4,"tokenListIndex":158},"startInSecond":{"line":34,"column":2,"tokenListIndex":206},"endInSecond":{"line":36,"column":8,"tokenListIndex":211},"lengthOfFirst":6,"lengthOfSecond":6},{"firstFileName":"EGE_KARTAL/StackQuestionsNonMember.tpp","secondFileName":"MUHAMMED_EMIN_SEKER/StackQuestionsNonMember.cpp","startInFirst":{"line":22,"column":18,"tokenListIndex":159},"endInFirst":{"line":26,"column":3,"tokenListIndex":164},"startInSecond":{"line":64,"column":12,"tokenListIndex":110},"endInSecond":{"line":70,"column":2,"tokenListIndex":115},"lengthOfFirst":6,"lengthOfSecond":6}],"firstSimilarity":0.35365853658536583,"secondSimilarity":0.29}