{"firstSubmissionId":"EMIR_KEREM_ISILDAR","secondSubmissionId":"BEGUM_HAMARAT","similarities":{"AVG":0.200836820083682,"MAX":0.20689655172413793,"MAXIMUM_LENGTH":142.0,"LONGEST_MATCH":9.0},"matches":[{"firstFileName":"EMIR_KEREM_ISILDAR/StackQuestionsMember.tpp","secondFileName":"BEGUM_HAMARAT/StackQuestionsMemberQ1Q2.tpp","startInFirst":{"line":9,"column":0,"tokenListIndex":0},"endInFirst":{"line":14,"column":2,"tokenListIndex":8},"startInSecond":{"line":10,"column":0,"tokenListIndex":102},"endInSecond":{"line":15,"column":4,"tokenListIndex":110},"lengthOfFirst":9,"lengthOfSecond":9},{"firstFileName":"EMIR_KEREM_ISILDAR/StackQuestionsNonMember.tpp","secondFileName":"BEGUM_HAMARAT/StackQuestionsNonMemberQ4.cpp","startInFirst":{"line":28,"column":2,"tokenListIndex":91},"endInFirst":{"line":33,"column":25,"tokenListIndex":99},"startInSecond":{"line":48,"column":3,"tokenListIndex":38},"endInSecond":{"line":53,"column":6,"tokenListIndex":46},"lengthOfFirst":9,"lengthOfSecond":9},{"firstFileName":"EMIR_KEREM_ISILDAR/StackQuestionsMember.tpp","secondFileName":"BEGUM_HAMARAT/StackQuestionsMemberQ1Q2.tpp","startInFirst":{"line":55,"column":4,"tokenListIndex":59},"endInFirst":{"line":59,"column":6,"tokenListIndex":64},"startInSecond":{"line":32,"column":4,"tokenListIndex":129},"endInSecond":{"line":35,"column":26,"tokenListIndex":134},"lengthOfFirst":6,"lengthOfSecond":6}],"firstSimilarity":0.20689655172413793,"secondSimilarity":0.1951219512195122}