{"firstSubmissionId":"EMIR_KEREM_ISILDAR","secondSubmissionId":"EGE_KARTAL","similarities":{"AVG":0.12857142857142856,"MAX":0.15517241379310345,"MAXIMUM_LENGTH":183.0,"LONGEST_MATCH":12.0},"matches":[{"firstFileName":"EMIR_KEREM_ISILDAR/StackQuestionsNonMember.tpp","secondFileName":"EGE_KARTAL/StackQuestionsNonMember.tpp","startInFirst":{"line":23,"column":2,"tokenListIndex":85},"endInFirst":{"line":31,"column":2,"tokenListIndex":96},"startInSecond":{"line":29,"column":2,"tokenListIndex":168},"endInSecond":{"line":38,"column":2,"tokenListIndex":179},"lengthOfFirst":12,"lengthOfSecond":12},{"firstFileName":"EMIR_KEREM_ISILDAR/StackQuestionsMember.tpp","secondFileName":"EGE_KARTAL/StackQuestionsMember.tpp","startInFirst":{"line":55,"column":4,"tokenListIndex":59},"endInFirst":{"line":59,"column":6,"tokenListIndex":64},"startInSecond":{"line":44,"column":2,"tokenListIndex":44},"endInSecond":{"line":46,"column":14,"tokenListIndex":49},"lengthOfFirst":6,"lengthOfSecond":6}],"firstSimilarity":0.15517241379310345,"secondSimilarity":0.10975609756097561}