{"firstSubmissionId":"EMIR_KEREM_ISILDAR","secondSubmissionId":"FATIH_KAGAN_CEBI","similarities":{"AVG":0.3805668016194332,"MAX":0.4051724137931034,"MAXIMUM_LENGTH":146.0,"LONGEST_MATCH":14.0},"matches":[{"firstFileName":"EMIR_KEREM_ISILDAR/StackQuestionsNonMember.tpp","secondFileName":"FATIH_KAGAN_CEBI/StackQuestionsNonMember.tpp","startInFirst":{"line":20,"column":2,"tokenListIndex":83},"endInFirst":{"line":31,"column":2,"tokenListIndex":96},"startInSecond":{"line":14,"column":4,"tokenListIndex":54},"endInSecond":{"line":25,"column":4,"tokenListIndex":67},"lengthOfFirst":14,"lengthOfSecond":14},{"firstFileName":"EMIR_KEREM_ISILDAR/StackQuestionsNonMember.tpp","secondFileName":"FATIH_KAGAN_CEBI/StackQuestionsNonMember.tpp","startInFirst":{"line":38,"column":9,"tokenListIndex":105},"endInFirst":{"line":48,"column":0,"tokenListIndex":116},"startInSecond":{"line":27,"column":15,"tokenListIndex":70},"endInSecond":{"line":36,"column":0,"tokenListIndex":81},"lengthOfFirst":12,"lengthOfSecond":12},{"firstFileName":"EMIR_KEREM_ISILDAR/StackQuestionsMember.tpp","secondFileName":"FATIH_KAGAN_CEBI/StackQuestionsMember.tpp","startInFirst":{"line":9,"column":22,"tokenListIndex":1},"endInFirst":{"line":14,"column":2,"tokenListIndex":8},"startInSecond":{"line":5,"column":0,"tokenListIndex":0},"endInSecond":{"line":9,"column":4,"tokenListIndex":7},"lengthOfFirst":8,"lengthOfSecond":8},{"firstFileName":"EMIR_KEREM_ISILDAR/StackQuestionsNonMember.tpp","secondFileName":"FATIH_KAGAN_CEBI/StackQuestionsNonMember.tpp","startInFirst":{"line":12,"column":0,"tokenListIndex":72},"endInFirst":{"line":15,"column":2,"tokenListIndex":78},"startInSecond":{"line":7,"column":0,"tokenListIndex":43},"endInSecond":{"line":9,"column":19,"tokenListIndex":49},"lengthOfFirst":7,"lengthOfSecond":7},{"firstFileName":"EMIR_KEREM_ISILDAR/StackQuestionsMember.tpp","secondFileName":"FATIH_KAGAN_CEBI/StackQuestionsMember.tpp","startInFirst":{"line":55,"column":4,"tokenListIndex":59},"endInFirst":{"line":59,"column":6,"tokenListIndex":64},"startInSecond":{"line":22,"column":8,"tokenListIndex":25},"endInSecond":{"line":25,"column":29,"tokenListIndex":30},"lengthOfFirst":6,"lengthOfSecond":6}],"firstSimilarity":0.4051724137931034,"secondSimilarity":0.35877862595419846}