{"firstSubmissionId":"EMIR_KEREM_ISILDAR","secondSubmissionId":"MUHAMMED_EMIN_SEKER","similarities":{"AVG":0.1962025316455696,"MAX":0.2672413793103448,"MAXIMUM_LENGTH":219.0,"LONGEST_MATCH":12.0},"matches":[{"firstFileName":"EMIR_KEREM_ISILDAR/StackQuestionsNonMember.tpp","secondFileName":"MUHAMMED_EMIN_SEKER/StackQuestionsNonMember.cpp","startInFirst":{"line":23,"column":2,"tokenListIndex":85},"endInFirst":{"line":31,"column":2,"tokenListIndex":96},"startInSecond":{"line":103,"column":2,"tokenListIndex":161},"endInSecond":{"line":110,"column":2,"tokenListIndex":172},"lengthOfFirst":12,"lengthOfSecond":12},{"firstFileName":"EMIR_KEREM_ISILDAR/StackQuestionsNonMember.tpp","secondFileName":"MUHAMMED_EMIN_SEKER/StackQuestionsNonMember.tpp","startInFirst":{"line":12,"column":0,"tokenListIndex":72},"endInFirst":{"line":15,"column":2,"tokenListIndex":78},"startInSecond":{"line":12,"column":0,"tokenListIndex":181},"endInSecond":{"line":14,"column":38,"tokenListIndex":187},"lengthOfFirst":7,"lengthOfSecond":7},{"firstFileName":"EMIR_KEREM_ISILDAR/StackQuestionsMember.tpp","secondFileName":"MUHAMMED_EMIN_SEKER/StackQuestionsNonMember.cpp","startInFirst":{"line":38,"column":4,"tokenListIndex":36},"endInFirst":{"line":40,"column":9,"tokenListIndex":41},"startInSecond":{"line":56,"column":5,"tokenListIndex":95},"endInSecond":{"line":58,"column":7,"tokenListIndex":100},"lengthOfFirst":6,"lengthOfSecond":6},{"firstFileName":"EMIR_KEREM_ISILDAR/StackQuestionsMember.tpp","secondFileName":"MUHAMMED_EMIN_SEKER/StackQuestionsMember.tpp","startInFirst":{"line":55,"column":4,"tokenListIndex":59},"endInFirst":{"line":59,"column":6,"tokenListIndex":64},"startInSecond":{"line":31,"column":4,"tokenListIndex":26},"endInSecond":{"line":33,"column":13,"tokenListIndex":31},"lengthOfFirst":6,"lengthOfSecond":6}],"firstSimilarity":0.2672413793103448,"secondSimilarity":0.155}