{"firstSubmissionId":"EYLUL_PIRINCAL","secondSubmissionId":"MUHAMMED_EMIN_SEKER","similarities":{"AVG":0.125,"MAX":0.5833333333333334,"MAXIMUM_LENGTH":219.0,"LONGEST_MATCH":8.0},"matches":[{"firstFileName":"EYLUL_PIRINCAL/StackQuestionsMember.tpp","secondFileName":"MUHAMMED_EMIN_SEKER/StackQuestionsMember.tpp","startInFirst":{"line":14,"column":30,"tokenListIndex":8},"endInFirst":{"line":27,"column":22,"tokenListIndex":15},"startInSecond":{"line":15,"column":11,"tokenListIndex":12},"endInSecond":{"line":25,"column":22,"tokenListIndex":19},"lengthOfFirst":8,"lengthOfSecond":8},{"firstFileName":"EYLUL_PIRINCAL/StackQuestionsMember.tpp","secondFileName":"MUHAMMED_EMIN_SEKER/StackQuestionsMember.tpp","startInFirst":{"line":33,"column":4,"tokenListIndex":16},"endInFirst":{"line":35,"column":8,"tokenListIndex":21},"startInSecond":{"line":28,"column":2,"tokenListIndex":21},"endInSecond":{"line":31,"column":4,"tokenListIndex":26},"lengthOfFirst":6,"lengthOfSecond":6}],"firstSimilarity":0.5833333333333334,"secondSimilarity":0.07}