{"firstSubmissionId":"EYLUL_PIRINCAL","secondSubmissionId":"EDA_GUL_CETINEL","similarities":{"AVG":0.4,"MAX":0.9166666666666666,"MAXIMUM_LENGTH":106.0,"LONGEST_MATCH":16.0},"matches":[{"firstFileName":"EYLUL_PIRINCAL/StackQuestionsMember.tpp","secondFileName":"EDA_GUL_CETINEL/StackQuestionsMember.tpp","startInFirst":{"line":9,"column":0,"tokenListIndex":0},"endInFirst":{"line":27,"column":22,"tokenListIndex":15},"startInSecond":{"line":9,"column":0,"tokenListIndex":0},"endInSecond":{"line":22,"column":21,"tokenListIndex":15},"lengthOfFirst":16,"lengthOfSecond":16},{"firstFileName":"EYLUL_PIRINCAL/StackQuestionsMember.tpp","secondFileName":"EDA_GUL_CETINEL/StackQuestionsMember.tpp","startInFirst":{"line":33,"column":4,"tokenListIndex":16},"endInFirst":{"line":35,"column":8,"tokenListIndex":21},"startInSecond":{"line":31,"column":4,"tokenListIndex":24},"endInSecond":{"line":33,"column":8,"tokenListIndex":29},"lengthOfFirst":6,"lengthOfSecond":6}],"firstSimilarity":0.9166666666666666,"secondSimilarity":0.2558139534883721}