{"firstSubmissionId":"EYLUL_PIRINCAL","secondSubmissionId":"NEVZAT_OGUZHAN_TOPUZ","similarities":{"AVG":0.18181818181818182,"MAX":0.25,"MAXIMUM_LENGTH":62.0,"LONGEST_MATCH":6.0},"matches":[{"firstFileName":"EYLUL_PIRINCAL/StackQuestionsMember.tpp","secondFileName":"NEVZAT_OGUZHAN_TOPUZ/StackQuestionsMember.tpp","startInFirst":{"line":14,"column":4,"tokenListIndex":5},"endInFirst":{"line":16,"column":4,"tokenListIndex":10},"startInSecond":{"line":12,"column":2,"tokenListIndex":4},"endInSecond":{"line":14,"column":2,"tokenListIndex":9},"lengthOfFirst":6,"lengthOfSecond":6}],"firstSimilarity":0.25,"secondSimilarity":0.14285714285714285}