{"firstSubmissionId":"EYLUL_PIRINCAL","secondSubmissionId":"SEVKET_YESILPEKMEZ_MACOS","similarities":{"AVG":0.1276595744680851,"MAX":0.25,"MAXIMUM_LENGTH":72.0,"LONGEST_MATCH":6.0},"matches":[{"firstFileName":"EYLUL_PIRINCAL/StackQuestionsMember.tpp","secondFileName":"SEVKET_YESILPEKMEZ_MACOS/StackQuestionsMember.tpp","startInFirst":{"line":33,"column":4,"tokenListIndex":16},"endInFirst":{"line":35,"column":8,"tokenListIndex":21},"startInSecond":{"line":43,"column":8,"tokenListIndex":25},"endInSecond":{"line":46,"column":8,"tokenListIndex":30},"lengthOfFirst":6,"lengthOfSecond":6}],"firstSimilarity":0.25,"secondSimilarity":0.08571428571428572}