{"firstSubmissionId":"EYLUL_PIRINCAL","secondSubmissionId":"BEGUM_HAMARAT","similarities":{"AVG":0.2585034013605442,"MAX":0.7916666666666666,"MAXIMUM_LENGTH":142.0,"LONGEST_MATCH":13.0},"matches":[{"firstFileName":"EYLUL_PIRINCAL/StackQuestionsMember.tpp","secondFileName":"BEGUM_HAMARAT/StackQuestionsMemberQ1Q2.tpp","startInFirst":{"line":12,"column":4,"tokenListIndex":3},"endInFirst":{"line":27,"column":22,"tokenListIndex":15},"startInSecond":{"line":15,"column":4,"tokenListIndex":110},"endInSecond":{"line":27,"column":22,"tokenListIndex":122},"lengthOfFirst":13,"lengthOfSecond":13},{"firstFileName":"EYLUL_PIRINCAL/StackQuestionsMember.tpp","secondFileName":"BEGUM_HAMARAT/StackQuestionsMemberQ1Q2.tpp","startInFirst":{"line":33,"column":4,"tokenListIndex":16},"endInFirst":{"line":35,"column":8,"tokenListIndex":21},"startInSecond":{"line":30,"column":2,"tokenListIndex":124},"endInSecond":{"line":32,"column":4,"tokenListIndex":129},"lengthOfFirst":6,"lengthOfSecond":6}],"firstSimilarity":0.7916666666666666,"secondSimilarity":0.15447154471544716}