{"firstSubmissionId":"EYLUL_PIRINCAL","secondSubmissionId":"BORA_YALCIN","similarities":{"AVG":0.09836065573770492,"MAX":0.25,"MAXIMUM_LENGTH":117.0,"LONGEST_MATCH":6.0},"matches":[{"firstFileName":"EYLUL_PIRINCAL/StackQuestionsMember.tpp","secondFileName":"BORA_YALCIN/StackQuestionsNonMember.tpp","startInFirst":{"line":9,"column":57,"tokenListIndex":2},"endInFirst":{"line":14,"column":16,"tokenListIndex":7},"startInSecond":{"line":12,"column":46,"tokenListIndex":93},"endInSecond":{"line":16,"column":12,"tokenListIndex":98},"lengthOfFirst":6,"lengthOfSecond":6}],"firstSimilarity":0.25,"secondSimilarity":0.061224489795918366}