{"firstSubmissionId":"EYLUL_PIRINCAL","secondSubmissionId":"BERKE_TURKBAY","similarities":{"AVG":0.12244897959183673,"MAX":0.25,"MAXIMUM_LENGTH":94.0,"LONGEST_MATCH":6.0},"matches":[{"firstFileName":"EYLUL_PIRINCAL/StackQuestionsMember.tpp","secondFileName":"BERKE_TURKBAY/StackQuestionsMember.tpp","startInFirst":{"line":12,"column":4,"tokenListIndex":3},"endInFirst":{"line":14,"column":30,"tokenListIndex":8},"startInSecond":{"line":15,"column":4,"tokenListIndex":8},"endInSecond":{"line":16,"column":20,"tokenListIndex":13},"lengthOfFirst":6,"lengthOfSecond":6}],"firstSimilarity":0.25,"secondSimilarity":0.08108108108108109}