{"firstSubmissionId":"EYLUL_PIRINCAL","secondSubmissionId":"FATIH_KAGAN_CEBI","similarities":{"AVG":0.21935483870967742,"MAX":0.7083333333333334,"MAXIMUM_LENGTH":146.0,"LONGEST_MATCH":11.0},"matches":[{"firstFileName":"EYLUL_PIRINCAL/StackQuestionsMember.tpp","secondFileName":"FATIH_KAGAN_CEBI/StackQuestionsMember.tpp","startInFirst":{"line":12,"column":4,"tokenListIndex":3},"endInFirst":{"line":19,"column":0,"tokenListIndex":13},"startInSecond":{"line":9,"column":4,"tokenListIndex":7},"endInSecond":{"line":14,"column":0,"tokenListIndex":17},"lengthOfFirst":11,"lengthOfSecond":11},{"firstFileName":"EYLUL_PIRINCAL/StackQuestionsMember.tpp","secondFileName":"FATIH_KAGAN_CEBI/StackQuestionsMember.tpp","startInFirst":{"line":33,"column":4,"tokenListIndex":16},"endInFirst":{"line":35,"column":8,"tokenListIndex":21},"startInSecond":{"line":20,"column":4,"tokenListIndex":20},"endInSecond":{"line":22,"column":8,"tokenListIndex":25},"lengthOfFirst":6,"lengthOfSecond":6}],"firstSimilarity":0.7083333333333334,"secondSimilarity":0.1297709923664122}