{"firstSubmissionId":"EYLUL_PIRINCAL","secondSubmissionId":"MEHMET_EREN_GUNER","similarities":{"AVG":0.08695652173913043,"MAX":0.25,"MAXIMUM_LENGTH":133.0,"LONGEST_MATCH":6.0},"matches":[{"firstFileName":"EYLUL_PIRINCAL/StackQuestionsMember.tpp","secondFileName":"MEHMET_EREN_GUNER/StackQuestionsMember.tpp","startInFirst":{"line":33,"column":4,"tokenListIndex":16},"endInFirst":{"line":35,"column":8,"tokenListIndex":21},"startInSecond":{"line":44,"column":2,"tokenListIndex":111},"endInSecond":{"line":46,"column":4,"tokenListIndex":116},"lengthOfFirst":6,"lengthOfSecond":6}],"firstSimilarity":0.25,"secondSimilarity":0.05263157894736842}