{"firstSubmissionId":"EYLUL_PIRINCAL","secondSubmissionId":"ISMAIL_ERIM_ATAKTURK","similarities":{"AVG":0.5074626865671642,"MAX":0.7083333333333334,"MAXIMUM_LENGTH":44.0,"LONGEST_MATCH":11.0},"matches":[{"firstFileName":"EYLUL_PIRINCAL/StackQuestionsMember.tpp","secondFileName":"ISMAIL_ERIM_ATAKTURK/StackQuestionsMember.tpp","startInFirst":{"line":14,"column":4,"tokenListIndex":5},"endInFirst":{"line":27,"column":22,"tokenListIndex":15},"startInSecond":{"line":15,"column":2,"tokenListIndex":10},"endInSecond":{"line":25,"column":22,"tokenListIndex":20},"lengthOfFirst":11,"lengthOfSecond":11},{"firstFileName":"EYLUL_PIRINCAL/StackQuestionsMember.tpp","secondFileName":"ISMAIL_ERIM_ATAKTURK/StackQuestionsMember.tpp","startInFirst":{"line":33,"column":4,"tokenListIndex":16},"endInFirst":{"line":35,"column":8,"tokenListIndex":21},"startInSecond":{"line":29,"column":2,"tokenListIndex":22},"endInSecond":{"line":31,"column":4,"tokenListIndex":27},"lengthOfFirst":6,"lengthOfSecond":6}],"firstSimilarity":0.7083333333333334,"secondSimilarity":0.3953488372093023}