{"firstSubmissionId":"EYLUL_PIRINCAL","secondSubmissionId":"SERKAN_YILMAZ","similarities":{"AVG":0.5176470588235295,"MAX":0.9166666666666666,"MAXIMUM_LENGTH":63.0,"LONGEST_MATCH":16.0},"matches":[{"firstFileName":"EYLUL_PIRINCAL/StackQuestionsMember.tpp","secondFileName":"SERKAN_YILMAZ/StackQuestionsMember.tpp","startInFirst":{"line":9,"column":0,"tokenListIndex":0},"endInFirst":{"line":27,"column":22,"tokenListIndex":15},"startInSecond":{"line":9,"column":0,"tokenListIndex":0},"endInSecond":{"line":30,"column":22,"tokenListIndex":15},"lengthOfFirst":16,"lengthOfSecond":16},{"firstFileName":"EYLUL_PIRINCAL/StackQuestionsMember.tpp","secondFileName":"SERKAN_YILMAZ/StackQuestionsMember.tpp","startInFirst":{"line":33,"column":4,"tokenListIndex":16},"endInFirst":{"line":35,"column":8,"tokenListIndex":21},"startInSecond":{"line":35,"column":4,"tokenListIndex":17},"endInSecond":{"line":39,"column":8,"tokenListIndex":22},"lengthOfFirst":6,"lengthOfSecond":6}],"firstSimilarity":0.9166666666666666,"secondSimilarity":0.36065573770491804}