{"firstSubmissionId":"HASAN_ZAFER_BILIR","secondSubmissionId":"MEHMET_EREN_GUNER","similarities":{"AVG":0.143646408839779,"MAX":0.19402985074626866,"MAXIMUM_LENGTH":133.0,"LONGEST_MATCH":7.0},"matches":[{"firstFileName":"HASAN_ZAFER_BILIR/StackQuestionsMember.tpp","secondFileName":"MEHMET_EREN_GUNER/StackQuestionsMember.tpp","startInFirst":{"line":28,"column":12,"tokenListIndex":16},"endInFirst":{"line":33,"column":1,"tokenListIndex":22},"startInSecond":{"line":46,"column":4,"tokenListIndex":116},"endInSecond":{"line":51,"column":4,"tokenListIndex":122},"lengthOfFirst":7,"lengthOfSecond":7},{"firstFileName":"HASAN_ZAFER_BILIR/StackQuestionsMember.tpp","secondFileName":"MEHMET_EREN_GUNER/StackQuestionsMember.tpp","startInFirst":{"line":46,"column":1,"tokenListIndex":30},"endInFirst":{"line":49,"column":1,"tokenListIndex":35},"startInSecond":{"line":29,"column":2,"tokenListIndex":100},"endInSecond":{"line":32,"column":2,"tokenListIndex":105},"lengthOfFirst":6,"lengthOfSecond":6}],"firstSimilarity":0.19402985074626866,"secondSimilarity":0.11403508771929824}