{"firstSubmissionId":"HASAN_ZAFER_BILIR","secondSubmissionId":"EDA_GUL_CETINEL","similarities":{"AVG":0.20915032679738563,"MAX":0.23880597014925373,"MAXIMUM_LENGTH":106.0,"LONGEST_MATCH":8.0},"matches":[{"firstFileName":"HASAN_ZAFER_BILIR/StackQuestionsMember.tpp","secondFileName":"EDA_GUL_CETINEL/StackQuestionsMember.tpp","startInFirst":{"line":26,"column":1,"tokenListIndex":15},"endInFirst":{"line":33,"column":1,"tokenListIndex":22},"startInSecond":{"line":45,"column":8,"tokenListIndex":42},"endInSecond":{"line":52,"column":8,"tokenListIndex":49},"lengthOfFirst":8,"lengthOfSecond":8},{"firstFileName":"HASAN_ZAFER_BILIR/StackQuestionsMember.tpp","secondFileName":"EDA_GUL_CETINEL/StackQuestionsMember.tpp","startInFirst":{"line":43,"column":1,"tokenListIndex":28},"endInFirst":{"line":49,"column":1,"tokenListIndex":35},"startInSecond":{"line":23,"column":4,"tokenListIndex":16},"endInSecond":{"line":29,"column":4,"tokenListIndex":23},"lengthOfFirst":8,"lengthOfSecond":8}],"firstSimilarity":0.23880597014925373,"secondSimilarity":0.18604651162790697}