{"firstSubmissionId":"HASAN_ZAFER_BILIR","secondSubmissionId":"MUHAMMED_EMIN_SEKER","similarities":{"AVG":0.2397003745318352,"MAX":0.47761194029850745,"MAXIMUM_LENGTH":219.0,"LONGEST_MATCH":7.0},"matches":[{"firstFileName":"HASAN_ZAFER_BILIR/StackQuestionsMember.tpp","secondFileName":"MUHAMMED_EMIN_SEKER/StackQuestionsMember.tpp","startInFirst":{"line":30,"column":1,"tokenListIndex":17},"endInFirst":{"line":34,"column":0,"tokenListIndex":23},"startInSecond":{"line":38,"column":2,"tokenListIndex":37},"endInSecond":{"line":42,"column":0,"tokenListIndex":43},"lengthOfFirst":7,"lengthOfSecond":7},{"firstFileName":"HASAN_ZAFER_BILIR/StackQuestionsNonMember.tpp","secondFileName":"MUHAMMED_EMIN_SEKER/StackQuestionsNonMember.tpp","startInFirst":{"line":12,"column":0,"tokenListIndex":78},"endInFirst":{"line":18,"column":1,"tokenListIndex":84},"startInSecond":{"line":12,"column":0,"tokenListIndex":181},"endInSecond":{"line":14,"column":38,"tokenListIndex":187},"lengthOfFirst":7,"lengthOfSecond":7},{"firstFileName":"HASAN_ZAFER_BILIR/StackQuestionsMember.tpp","secondFileName":"MUHAMMED_EMIN_SEKER/StackQuestionsNonMember.cpp","startInFirst":{"line":46,"column":1,"tokenListIndex":30},"endInFirst":{"line":49,"column":1,"tokenListIndex":35},"startInSecond":{"line":40,"column":2,"tokenListIndex":72},"endInSecond":{"line":43,"column":2,"tokenListIndex":77},"lengthOfFirst":6,"lengthOfSecond":6},{"firstFileName":"HASAN_ZAFER_BILIR/StackQuestionsMember.tpp","secondFileName":"MUHAMMED_EMIN_SEKER/StackQuestionsNonMember.tpp","startInFirst":{"line":54,"column":1,"tokenListIndex":39},"endInFirst":{"line":56,"column":3,"tokenListIndex":44},"startInSecond":{"line":34,"column":2,"tokenListIndex":206},"endInSecond":{"line":36,"column":8,"tokenListIndex":211},"lengthOfFirst":6,"lengthOfSecond":6},{"firstFileName":"HASAN_ZAFER_BILIR/StackQuestionsMember.tpp","secondFileName":"MUHAMMED_EMIN_SEKER/StackQuestionsNonMember.cpp","startInFirst":{"line":62,"column":3,"tokenListIndex":51},"endInFirst":{"line":67,"column":2,"tokenListIndex":56},"startInSecond":{"line":64,"column":12,"tokenListIndex":110},"endInSecond":{"line":70,"column":2,"tokenListIndex":115},"lengthOfFirst":6,"lengthOfSecond":6}],"firstSimilarity":0.47761194029850745,"secondSimilarity":0.16}