{"firstSubmissionId":"HASAN_ZAFER_BILIR","secondSubmissionId":"FATIH_KAGAN_CEBI","similarities":{"AVG":0.24242424242424243,"MAX":0.3582089552238806,"MAXIMUM_LENGTH":146.0,"LONGEST_MATCH":10.0},"matches":[{"firstFileName":"HASAN_ZAFER_BILIR/StackQuestionsMember.tpp","secondFileName":"FATIH_KAGAN_CEBI/StackQuestionsNonMember.tpp","startInFirst":{"line":42,"column":1,"tokenListIndex":26},"endInFirst":{"line":49,"column":1,"tokenListIndex":35},"startInSecond":{"line":12,"column":4,"tokenListIndex":52},"endInSecond":{"line":20,"column":4,"tokenListIndex":61},"lengthOfFirst":10,"lengthOfSecond":10},{"firstFileName":"HASAN_ZAFER_BILIR/StackQuestionsMember.tpp","secondFileName":"FATIH_KAGAN_CEBI/StackQuestionsMember.tpp","startInFirst":{"line":30,"column":1,"tokenListIndex":17},"endInFirst":{"line":34,"column":0,"tokenListIndex":23},"startInSecond":{"line":32,"column":4,"tokenListIndex":35},"endInSecond":{"line":36,"column":0,"tokenListIndex":41},"lengthOfFirst":7,"lengthOfSecond":7},{"firstFileName":"HASAN_ZAFER_BILIR/StackQuestionsNonMember.tpp","secondFileName":"FATIH_KAGAN_CEBI/StackQuestionsNonMember.tpp","startInFirst":{"line":12,"column":0,"tokenListIndex":78},"endInFirst":{"line":18,"column":1,"tokenListIndex":84},"startInSecond":{"line":7,"column":0,"tokenListIndex":43},"endInSecond":{"line":9,"column":19,"tokenListIndex":49},"lengthOfFirst":7,"lengthOfSecond":7}],"firstSimilarity":0.3582089552238806,"secondSimilarity":0.183206106870229}