{"firstSubmissionId":"HASAN_ZAFER_BILIR","secondSubmissionId":"MIRAY_DUYGULU","similarities":{"AVG":0.3660130718954248,"MAX":0.417910447761194,"MAXIMUM_LENGTH":105.0,"LONGEST_MATCH":9.0},"matches":[{"firstFileName":"HASAN_ZAFER_BILIR/StackQuestionsMember.tpp","secondFileName":"MIRAY_DUYGULU/StackQuestionsMember_m.tpp","startInFirst":{"line":34,"column":0,"tokenListIndex":23},"endInFirst":{"line":46,"column":8,"tokenListIndex":31},"startInSecond":{"line":28,"column":0,"tokenListIndex":82},"endInSecond":{"line":38,"column":9,"tokenListIndex":90},"lengthOfFirst":9,"lengthOfSecond":9},{"firstFileName":"HASAN_ZAFER_BILIR/StackQuestionsMember.tpp","secondFileName":"MIRAY_DUYGULU/StackQuestionsMember_m.tpp","startInFirst":{"line":28,"column":12,"tokenListIndex":16},"endInFirst":{"line":33,"column":1,"tokenListIndex":22},"startInSecond":{"line":19,"column":8,"tokenListIndex":74},"endInSecond":{"line":24,"column":2,"tokenListIndex":80},"lengthOfFirst":7,"lengthOfSecond":7},{"firstFileName":"HASAN_ZAFER_BILIR/StackQuestionsMember.tpp","secondFileName":"MIRAY_DUYGULU/StackQuestionsMember_m.tpp","startInFirst":{"line":9,"column":0,"tokenListIndex":0},"endInFirst":{"line":14,"column":10,"tokenListIndex":5},"startInSecond":{"line":9,"column":0,"tokenListIndex":57},"endInSecond":{"line":13,"column":2,"tokenListIndex":62},"lengthOfFirst":6,"lengthOfSecond":6},{"firstFileName":"HASAN_ZAFER_BILIR/StackQuestionsMember.tpp","secondFileName":"MIRAY_DUYGULU/StackQuestionsNonMember_m.tpp","startInFirst":{"line":54,"column":1,"tokenListIndex":39},"endInFirst":{"line":56,"column":3,"tokenListIndex":44},"startInSecond":{"line":16,"column":2,"tokenListIndex":38},"endInSecond":{"line":18,"column":8,"tokenListIndex":43},"lengthOfFirst":6,"lengthOfSecond":6}],"firstSimilarity":0.417910447761194,"secondSimilarity":0.32558139534883723}