{"firstSubmissionId":"HASAN_ZAFER_BILIR","secondSubmissionId":"BEGUM_HAMARAT","similarities":{"AVG":0.25263157894736843,"MAX":0.3582089552238806,"MAXIMUM_LENGTH":142.0,"LONGEST_MATCH":6.0},"matches":[{"firstFileName":"HASAN_ZAFER_BILIR/StackQuestionsMember.tpp","secondFileName":"BEGUM_HAMARAT/StackQuestionsMemberQ1Q2.tpp","startInFirst":{"line":28,"column":12,"tokenListIndex":16},"endInFirst":{"line":32,"column":2,"tokenListIndex":21},"startInSecond":{"line":32,"column":4,"tokenListIndex":129},"endInSecond":{"line":35,"column":26,"tokenListIndex":134},"lengthOfFirst":6,"lengthOfSecond":6},{"firstFileName":"HASAN_ZAFER_BILIR/StackQuestionsMember.tpp","secondFileName":"BEGUM_HAMARAT/StackQuestionsNonMemberQ4.cpp","startInFirst":{"line":46,"column":1,"tokenListIndex":30},"endInFirst":{"line":49,"column":1,"tokenListIndex":35},"startInSecond":{"line":48,"column":3,"tokenListIndex":38},"endInSecond":{"line":51,"column":3,"tokenListIndex":43},"lengthOfFirst":6,"lengthOfSecond":6},{"firstFileName":"HASAN_ZAFER_BILIR/StackQuestionsMember.tpp","secondFileName":"BEGUM_HAMARAT/StackQuestionsNonMemberQ3.tpp","startInFirst":{"line":51,"column":9,"tokenListIndex":37},"endInFirst":{"line":55,"column":5,"tokenListIndex":42},"startInSecond":{"line":17,"column":13,"tokenListIndex":84},"endInSecond":{"line":21,"column":7,"tokenListIndex":89},"lengthOfFirst":6,"lengthOfSecond":6},{"firstFileName":"HASAN_ZAFER_BILIR/StackQuestionsMember.tpp","secondFileName":"BEGUM_HAMARAT/StackQuestionsNonMemberQ4.cpp","startInFirst":{"line":55,"column":19,"tokenListIndex":43},"endInFirst":{"line":59,"column":11,"tokenListIndex":48},"startInSecond":{"line":57,"column":10,"tokenListIndex":50},"endInSecond":{"line":59,"column":4,"tokenListIndex":55},"lengthOfFirst":6,"lengthOfSecond":6}],"firstSimilarity":0.3582089552238806,"secondSimilarity":0.1951219512195122}