{"firstSubmissionId":"HASAN_ZAFER_BILIR","secondSubmissionId":"EMIR_KEREM_ISILDAR","similarities":{"AVG":0.24043715846994534,"MAX":0.3283582089552239,"MAXIMUM_LENGTH":136.0,"LONGEST_MATCH":8.0},"matches":[{"firstFileName":"HASAN_ZAFER_BILIR/StackQuestionsMember.tpp","secondFileName":"EMIR_KEREM_ISILDAR/StackQuestionsNonMember.tpp","startInFirst":{"line":43,"column":1,"tokenListIndex":28},"endInFirst":{"line":49,"column":1,"tokenListIndex":35},"startInSecond":{"line":20,"column":2,"tokenListIndex":83},"endInSecond":{"line":26,"column":2,"tokenListIndex":90},"lengthOfFirst":8,"lengthOfSecond":8},{"firstFileName":"HASAN_ZAFER_BILIR/StackQuestionsMember.tpp","secondFileName":"EMIR_KEREM_ISILDAR/StackQuestionsMember.tpp","startInFirst":{"line":28,"column":12,"tokenListIndex":16},"endInFirst":{"line":33,"column":1,"tokenListIndex":22},"startInSecond":{"line":55,"column":4,"tokenListIndex":59},"endInSecond":{"line":60,"column":4,"tokenListIndex":65},"lengthOfFirst":7,"lengthOfSecond":7},{"firstFileName":"HASAN_ZAFER_BILIR/StackQuestionsNonMember.tpp","secondFileName":"EMIR_KEREM_ISILDAR/StackQuestionsNonMember.tpp","startInFirst":{"line":12,"column":0,"tokenListIndex":78},"endInFirst":{"line":18,"column":1,"tokenListIndex":84},"startInSecond":{"line":12,"column":0,"tokenListIndex":72},"endInSecond":{"line":15,"column":2,"tokenListIndex":78},"lengthOfFirst":7,"lengthOfSecond":7}],"firstSimilarity":0.3283582089552239,"secondSimilarity":0.1896551724137931}