{"firstSubmissionId":"HASAN_ZAFER_BILIR","secondSubmissionId":"EGE_KARTAL","similarities":{"AVG":0.354978354978355,"MAX":0.6119402985074627,"MAXIMUM_LENGTH":183.0,"LONGEST_MATCH":10.0},"matches":[{"firstFileName":"HASAN_ZAFER_BILIR/StackQuestionsMember.tpp","secondFileName":"EGE_KARTAL/StackQuestionsNonMember.tpp","startInFirst":{"line":59,"column":11,"tokenListIndex":48},"endInFirst":{"line":68,"column":1,"tokenListIndex":57},"startInSecond":{"line":20,"column":7,"tokenListIndex":156},"endInSecond":{"line":27,"column":2,"tokenListIndex":165},"lengthOfFirst":10,"lengthOfSecond":10},{"firstFileName":"HASAN_ZAFER_BILIR/StackQuestionsMember.tpp","secondFileName":"EGE_KARTAL/StackQuestionsNonMember.tpp","startInFirst":{"line":28,"column":12,"tokenListIndex":16},"endInFirst":{"line":33,"column":1,"tokenListIndex":22},"startInSecond":{"line":28,"column":8,"tokenListIndex":167},"endInSecond":{"line":33,"column":2,"tokenListIndex":173},"lengthOfFirst":7,"lengthOfSecond":7},{"firstFileName":"HASAN_ZAFER_BILIR/StackQuestionsMember.tpp","secondFileName":"EGE_KARTAL/StackQuestionsMember.tpp","startInFirst":{"line":9,"column":0,"tokenListIndex":0},"endInFirst":{"line":14,"column":10,"tokenListIndex":5},"startInSecond":{"line":9,"column":0,"tokenListIndex":0},"endInSecond":{"line":13,"column":2,"tokenListIndex":5},"lengthOfFirst":6,"lengthOfSecond":6},{"firstFileName":"HASAN_ZAFER_BILIR/StackQuestionsMember.tpp","secondFileName":"EGE_KARTAL/StackQuestionsMember.tpp","startInFirst":{"line":34,"column":0,"tokenListIndex":23},"endInFirst":{"line":44,"column":1,"tokenListIndex":28},"startInSecond":{"line":28,"column":0,"tokenListIndex":27},"endInSecond":{"line":35,"column":2,"tokenListIndex":32},"lengthOfFirst":6,"lengthOfSecond":6},{"firstFileName":"HASAN_ZAFER_BILIR/StackQuestionsMember.tpp","secondFileName":"EGE_KARTAL/StackQuestionsMember.tpp","startInFirst":{"line":46,"column":1,"tokenListIndex":30},"endInFirst":{"line":49,"column":1,"tokenListIndex":35},"startInSecond":{"line":22,"column":2,"tokenListIndex":20},"endInSecond":{"line":26,"column":2,"tokenListIndex":25},"lengthOfFirst":6,"lengthOfSecond":6},{"firstFileName":"HASAN_ZAFER_BILIR/StackQuestionsMember.tpp","secondFileName":"EGE_KARTAL/StackQuestionsNonMember.cpp","startInFirst":{"line":54,"column":8,"tokenListIndex":40},"endInFirst":{"line":56,"column":14,"tokenListIndex":45},"startInSecond":{"line":49,"column":22,"tokenListIndex":120},"endInSecond":{"line":51,"column":44,"tokenListIndex":125},"lengthOfFirst":6,"lengthOfSecond":6}],"firstSimilarity":0.6119402985074627,"secondSimilarity":0.25}