{"firstSubmissionId":"HATICE_SENA_SES","secondSubmissionId":"HASAN_ZAFER_BILIR","similarities":{"AVG":0.09230769230769231,"MAX":0.09523809523809523,"MAXIMUM_LENGTH":87.0,"LONGEST_MATCH":6.0},"matches":[{"firstFileName":"HATICE_SENA_SES/StackQuestionsNonMember.cpp","secondFileName":"HASAN_ZAFER_BILIR/StackQuestionsMember.tpp","startInFirst":{"line":65,"column":23,"tokenListIndex":39},"endInFirst":{"line":76,"column":2,"tokenListIndex":44},"startInSecond":{"line":55,"column":5,"tokenListIndex":42},"endInSecond":{"line":59,"column":3,"tokenListIndex":47},"lengthOfFirst":6,"lengthOfSecond":6}],"firstSimilarity":0.09523809523809523,"secondSimilarity":0.08955223880597014}