{"firstSubmissionId":"HATICE_SENA_SES","secondSubmissionId":"BEGUM_HAMARAT","similarities":{"AVG":0.06451612903225806,"MAX":0.09523809523809523,"MAXIMUM_LENGTH":142.0,"LONGEST_MATCH":6.0},"matches":[{"firstFileName":"HATICE_SENA_SES/StackQuestionsNonMember.cpp","secondFileName":"BEGUM_HAMARAT/StackQuestionsNonMemberQ4.cpp","startInFirst":{"line":65,"column":23,"tokenListIndex":39},"endInFirst":{"line":76,"column":2,"tokenListIndex":44},"startInSecond":{"line":57,"column":10,"tokenListIndex":50},"endInSecond":{"line":59,"column":4,"tokenListIndex":55},"lengthOfFirst":6,"lengthOfSecond":6}],"firstSimilarity":0.09523809523809523,"secondSimilarity":0.04878048780487805}