{"firstSubmissionId":"ISMAIL_ERIM_ATAKTURK","secondSubmissionId":"BEGUM_HAMARAT","similarities":{"AVG":0.4578313253012048,"MAX":0.8837209302325582,"MAXIMUM_LENGTH":142.0,"LONGEST_MATCH":23.0},"matches":[{"firstFileName":"ISMAIL_ERIM_ATAKTURK/StackQuestionsMember.tpp","secondFileName":"BEGUM_HAMARAT/StackQuestionsMemberQ1Q2.tpp","startInFirst":{"line":15,"column":2,"tokenListIndex":10},"endInFirst":{"line":34,"column":23,"tokenListIndex":32},"startInSecond":{"line":17,"column":4,"tokenListIndex":112},"endInSecond":{"line":35,"column":26,"tokenListIndex":134},"lengthOfFirst":23,"lengthOfSecond":23},{"firstFileName":"ISMAIL_ERIM_ATAKTURK/StackQuestionsMember.tpp","secondFileName":"BEGUM_HAMARAT/StackQuestionsMemberQ1Q2.tpp","startInFirst":{"line":9,"column":0,"tokenListIndex":0},"endInFirst":{"line":13,"column":2,"tokenListIndex":8},"startInSecond":{"line":10,"column":0,"tokenListIndex":102},"endInSecond":{"line":15,"column":4,"tokenListIndex":110},"lengthOfFirst":9,"lengthOfSecond":9},{"firstFileName":"ISMAIL_ERIM_ATAKTURK/StackQuestionsMember.tpp","secondFileName":"BEGUM_HAMARAT/StackQuestionsNonMemberQ4.cpp","startInFirst":{"line":39,"column":2,"tokenListIndex":36},"endInFirst":{"line":42,"column":2,"tokenListIndex":41},"startInSecond":{"line":48,"column":3,"tokenListIndex":38},"endInSecond":{"line":51,"column":3,"tokenListIndex":43},"lengthOfFirst":6,"lengthOfSecond":6}],"firstSimilarity":0.8837209302325582,"secondSimilarity":0.3089430894308943}