{"firstSubmissionId":"ISMAIL_ERIM_ATAKTURK","secondSubmissionId":"FATIH_KAGAN_CEBI","similarities":{"AVG":0.45977011494252873,"MAX":0.9302325581395349,"MAXIMUM_LENGTH":146.0,"LONGEST_MATCH":14.0},"matches":[{"firstFileName":"ISMAIL_ERIM_ATAKTURK/StackQuestionsMember.tpp","secondFileName":"FATIH_KAGAN_CEBI/StackQuestionsMember.tpp","startInFirst":{"line":33,"column":16,"tokenListIndex":29},"endInFirst":{"line":43,"column":0,"tokenListIndex":42},"startInSecond":{"line":24,"column":34,"tokenListIndex":28},"endInSecond":{"line":36,"column":0,"tokenListIndex":41},"lengthOfFirst":14,"lengthOfSecond":14},{"firstFileName":"ISMAIL_ERIM_ATAKTURK/StackQuestionsMember.tpp","secondFileName":"FATIH_KAGAN_CEBI/StackQuestionsMember.tpp","startInFirst":{"line":15,"column":2,"tokenListIndex":10},"endInFirst":{"line":20,"column":0,"tokenListIndex":18},"startInSecond":{"line":10,"column":4,"tokenListIndex":9},"endInSecond":{"line":14,"column":0,"tokenListIndex":17},"lengthOfFirst":9,"lengthOfSecond":9},{"firstFileName":"ISMAIL_ERIM_ATAKTURK/StackQuestionsMember.tpp","secondFileName":"FATIH_KAGAN_CEBI/StackQuestionsMember.tpp","startInFirst":{"line":25,"column":22,"tokenListIndex":20},"endInFirst":{"line":33,"column":8,"tokenListIndex":28},"startInSecond":{"line":17,"column":0,"tokenListIndex":18},"endInSecond":{"line":24,"column":8,"tokenListIndex":26},"lengthOfFirst":9,"lengthOfSecond":9},{"firstFileName":"ISMAIL_ERIM_ATAKTURK/StackQuestionsMember.tpp","secondFileName":"FATIH_KAGAN_CEBI/StackQuestionsMember.tpp","startInFirst":{"line":9,"column":22,"tokenListIndex":1},"endInFirst":{"line":13,"column":2,"tokenListIndex":8},"startInSecond":{"line":5,"column":0,"tokenListIndex":0},"endInSecond":{"line":9,"column":4,"tokenListIndex":7},"lengthOfFirst":8,"lengthOfSecond":8}],"firstSimilarity":0.9302325581395349,"secondSimilarity":0.3053435114503817}