{"firstSubmissionId":"ISMAIL_ERIM_ATAKTURK","secondSubmissionId":"SERKAN_YILMAZ","similarities":{"AVG":0.6346153846153846,"MAX":0.7674418604651163,"MAXIMUM_LENGTH":63.0,"LONGEST_MATCH":23.0},"matches":[{"firstFileName":"ISMAIL_ERIM_ATAKTURK/StackQuestionsMember.tpp","secondFileName":"SERKAN_YILMAZ/StackQuestionsMember.tpp","startInFirst":{"line":15,"column":2,"tokenListIndex":10},"endInFirst":{"line":34,"column":23,"tokenListIndex":32},"startInSecond":{"line":15,"column":4,"tokenListIndex":5},"endInSecond":{"line":43,"column":21,"tokenListIndex":27},"lengthOfFirst":23,"lengthOfSecond":23},{"firstFileName":"ISMAIL_ERIM_ATAKTURK/StackQuestionsMember.tpp","secondFileName":"SERKAN_YILMAZ/StackQuestionsMember.tpp","startInFirst":{"line":35,"column":8,"tokenListIndex":33},"endInFirst":{"line":43,"column":0,"tokenListIndex":42},"startInSecond":{"line":47,"column":8,"tokenListIndex":29},"endInSecond":{"line":63,"column":0,"tokenListIndex":38},"lengthOfFirst":10,"lengthOfSecond":10}],"firstSimilarity":0.7674418604651163,"secondSimilarity":0.5409836065573771}