{"firstSubmissionId":"ISMAIL_ERIM_ATAKTURK","secondSubmissionId":"MEHMET_EREN_GUNER","similarities":{"AVG":0.43312101910828027,"MAX":0.7906976744186046,"MAXIMUM_LENGTH":133.0,"LONGEST_MATCH":25.0},"matches":[{"firstFileName":"ISMAIL_ERIM_ATAKTURK/StackQuestionsMember.tpp","secondFileName":"MEHMET_EREN_GUNER/StackQuestionsMember.tpp","startInFirst":{"line":20,"column":0,"tokenListIndex":18},"endInFirst":{"line":43,"column":0,"tokenListIndex":42},"startInSecond":{"line":35,"column":2,"tokenListIndex":107},"endInSecond":{"line":59,"column":0,"tokenListIndex":131},"lengthOfFirst":25,"lengthOfSecond":25},{"firstFileName":"ISMAIL_ERIM_ATAKTURK/StackQuestionsMember.tpp","secondFileName":"MEHMET_EREN_GUNER/StackQuestionsMember.tpp","startInFirst":{"line":9,"column":0,"tokenListIndex":0},"endInFirst":{"line":13,"column":2,"tokenListIndex":8},"startInSecond":{"line":9,"column":0,"tokenListIndex":77},"endInSecond":{"line":15,"column":2,"tokenListIndex":85},"lengthOfFirst":9,"lengthOfSecond":9}],"firstSimilarity":0.7906976744186046,"secondSimilarity":0.2982456140350877}