{"firstSubmissionId":"ISMAIL_ERIM_ATAKTURK","secondSubmissionId":"SEVKET_YESILPEKMEZ_MACOS","similarities":{"AVG":0.40707964601769914,"MAX":0.5348837209302325,"MAXIMUM_LENGTH":72.0,"LONGEST_MATCH":23.0},"matches":[{"firstFileName":"ISMAIL_ERIM_ATAKTURK/StackQuestionsMember.tpp","secondFileName":"SEVKET_YESILPEKMEZ_MACOS/StackQuestionsMember.tpp","startInFirst":{"line":25,"column":22,"tokenListIndex":20},"endInFirst":{"line":43,"column":0,"tokenListIndex":42},"startInSecond":{"line":39,"column":0,"tokenListIndex":23},"endInSecond":{"line":61,"column":0,"tokenListIndex":45},"lengthOfFirst":23,"lengthOfSecond":23}],"firstSimilarity":0.5348837209302325,"secondSimilarity":0.32857142857142857}