{"firstSubmissionId":"ISMAIL_ERIM_ATAKTURK","secondSubmissionId":"EMIR_KEREM_ISILDAR","similarities":{"AVG":0.31446540880503143,"MAX":0.5813953488372093,"MAXIMUM_LENGTH":136.0,"LONGEST_MATCH":10.0},"matches":[{"firstFileName":"ISMAIL_ERIM_ATAKTURK/StackQuestionsMember.tpp","secondFileName":"EMIR_KEREM_ISILDAR/StackQuestionsMember.tpp","startInFirst":{"line":9,"column":0,"tokenListIndex":0},"endInFirst":{"line":13,"column":20,"tokenListIndex":9},"startInSecond":{"line":9,"column":0,"tokenListIndex":0},"endInSecond":{"line":14,"column":11,"tokenListIndex":9},"lengthOfFirst":10,"lengthOfSecond":10},{"firstFileName":"ISMAIL_ERIM_ATAKTURK/StackQuestionsMember.tpp","secondFileName":"EMIR_KEREM_ISILDAR/StackQuestionsNonMember.tpp","startInFirst":{"line":36,"column":8,"tokenListIndex":34},"endInFirst":{"line":42,"column":2,"tokenListIndex":41},"startInSecond":{"line":25,"column":4,"tokenListIndex":89},"endInSecond":{"line":31,"column":2,"tokenListIndex":96},"lengthOfFirst":8,"lengthOfSecond":8},{"firstFileName":"ISMAIL_ERIM_ATAKTURK/StackQuestionsMember.tpp","secondFileName":"EMIR_KEREM_ISILDAR/StackQuestionsMember.tpp","startInFirst":{"line":31,"column":4,"tokenListIndex":27},"endInFirst":{"line":35,"column":8,"tokenListIndex":33},"startInSecond":{"line":55,"column":4,"tokenListIndex":59},"endInSecond":{"line":60,"column":4,"tokenListIndex":65},"lengthOfFirst":7,"lengthOfSecond":7}],"firstSimilarity":0.5813953488372093,"secondSimilarity":0.21551724137931033}