{"firstSubmissionId":"ISMAIL_ERIM_ATAKTURK","secondSubmissionId":"NEVZAT_OGUZHAN_TOPUZ","similarities":{"AVG":0.1411764705882353,"MAX":0.14285714285714285,"MAXIMUM_LENGTH":62.0,"LONGEST_MATCH":6.0},"matches":[{"firstFileName":"ISMAIL_ERIM_ATAKTURK/StackQuestionsMember.tpp","secondFileName":"NEVZAT_OGUZHAN_TOPUZ/StackQuestionsMember.tpp","startInFirst":{"line":15,"column":2,"tokenListIndex":10},"endInFirst":{"line":17,"column":2,"tokenListIndex":15},"startInSecond":{"line":12,"column":2,"tokenListIndex":4},"endInSecond":{"line":14,"column":2,"tokenListIndex":9},"lengthOfFirst":6,"lengthOfSecond":6}],"firstSimilarity":0.13953488372093023,"secondSimilarity":0.14285714285714285}