{"firstSubmissionId":"ISMAIL_ERIM_ATAKTURK","secondSubmissionId":"EDA_GUL_CETINEL","similarities":{"AVG":0.43410852713178294,"MAX":0.6511627906976745,"MAXIMUM_LENGTH":106.0,"LONGEST_MATCH":12.0},"matches":[{"firstFileName":"ISMAIL_ERIM_ATAKTURK/StackQuestionsMember.tpp","secondFileName":"EDA_GUL_CETINEL/StackQuestionsMember.tpp","startInFirst":{"line":15,"column":2,"tokenListIndex":10},"endInFirst":{"line":27,"column":2,"tokenListIndex":21},"startInSecond":{"line":12,"column":4,"tokenListIndex":5},"endInSecond":{"line":23,"column":4,"tokenListIndex":16},"lengthOfFirst":12,"lengthOfSecond":12},{"firstFileName":"ISMAIL_ERIM_ATAKTURK/StackQuestionsMember.tpp","secondFileName":"EDA_GUL_CETINEL/StackQuestionsMember.tpp","startInFirst":{"line":29,"column":2,"tokenListIndex":22},"endInFirst":{"line":33,"column":16,"tokenListIndex":29},"startInSecond":{"line":31,"column":4,"tokenListIndex":24},"endInSecond":{"line":35,"column":16,"tokenListIndex":31},"lengthOfFirst":8,"lengthOfSecond":8},{"firstFileName":"ISMAIL_ERIM_ATAKTURK/StackQuestionsMember.tpp","secondFileName":"EDA_GUL_CETINEL/StackQuestionsMember.tpp","startInFirst":{"line":37,"column":2,"tokenListIndex":35},"endInFirst":{"line":43,"column":0,"tokenListIndex":42},"startInSecond":{"line":53,"column":4,"tokenListIndex":50},"endInSecond":{"line":59,"column":0,"tokenListIndex":57},"lengthOfFirst":8,"lengthOfSecond":8}],"firstSimilarity":0.6511627906976745,"secondSimilarity":0.32558139534883723}