{"firstSubmissionId":"ISMAIL_ERIM_ATAKTURK","secondSubmissionId":"HASAN_ZAFER_BILIR","similarities":{"AVG":0.23636363636363636,"MAX":0.3023255813953488,"MAXIMUM_LENGTH":87.0,"LONGEST_MATCH":7.0},"matches":[{"firstFileName":"ISMAIL_ERIM_ATAKTURK/StackQuestionsMember.tpp","secondFileName":"HASAN_ZAFER_BILIR/StackQuestionsMember.tpp","startInFirst":{"line":31,"column":4,"tokenListIndex":27},"endInFirst":{"line":35,"column":8,"tokenListIndex":33},"startInSecond":{"line":28,"column":12,"tokenListIndex":16},"endInSecond":{"line":33,"column":1,"tokenListIndex":22},"lengthOfFirst":7,"lengthOfSecond":7},{"firstFileName":"ISMAIL_ERIM_ATAKTURK/StackQuestionsMember.tpp","secondFileName":"HASAN_ZAFER_BILIR/StackQuestionsMember.tpp","startInFirst":{"line":39,"column":2,"tokenListIndex":36},"endInFirst":{"line":42,"column":2,"tokenListIndex":41},"startInSecond":{"line":46,"column":1,"tokenListIndex":30},"endInSecond":{"line":49,"column":1,"tokenListIndex":35},"lengthOfFirst":6,"lengthOfSecond":6}],"firstSimilarity":0.3023255813953488,"secondSimilarity":0.19402985074626866}