{"firstSubmissionId":"ISMAIL_ERIM_ATAKTURK","secondSubmissionId":"MIRAY_DUYGULU","similarities":{"AVG":0.21705426356589147,"MAX":0.32558139534883723,"MAXIMUM_LENGTH":105.0,"LONGEST_MATCH":8.0},"matches":[{"firstFileName":"ISMAIL_ERIM_ATAKTURK/StackQuestionsMember.tpp","secondFileName":"MIRAY_DUYGULU/StackQuestionsMember_m.tpp","startInFirst":{"line":30,"column":6,"tokenListIndex":25},"endInFirst":{"line":34,"column":23,"tokenListIndex":32},"startInSecond":{"line":39,"column":6,"tokenListIndex":91},"endInSecond":{"line":42,"column":24,"tokenListIndex":98},"lengthOfFirst":8,"lengthOfSecond":8},{"firstFileName":"ISMAIL_ERIM_ATAKTURK/StackQuestionsMember.tpp","secondFileName":"MIRAY_DUYGULU/StackQuestionsMember_m.tpp","startInFirst":{"line":39,"column":2,"tokenListIndex":36},"endInFirst":{"line":42,"column":2,"tokenListIndex":41},"startInSecond":{"line":21,"column":2,"tokenListIndex":75},"endInSecond":{"line":24,"column":2,"tokenListIndex":80},"lengthOfFirst":6,"lengthOfSecond":6}],"firstSimilarity":0.32558139534883723,"secondSimilarity":0.16279069767441862}