{"firstSubmissionId":"ISMAIL_ERIM_ATAKTURK","secondSubmissionId":"EGE_KARTAL","similarities":{"AVG":0.15458937198067632,"MAX":0.37209302325581395,"MAXIMUM_LENGTH":183.0,"LONGEST_MATCH":8.0},"matches":[{"firstFileName":"ISMAIL_ERIM_ATAKTURK/StackQuestionsMember.tpp","secondFileName":"EGE_KARTAL/StackQuestionsMember.tpp","startInFirst":{"line":30,"column":6,"tokenListIndex":25},"endInFirst":{"line":34,"column":23,"tokenListIndex":32},"startInSecond":{"line":43,"column":2,"tokenListIndex":42},"endInSecond":{"line":46,"column":14,"tokenListIndex":49},"lengthOfFirst":8,"lengthOfSecond":8},{"firstFileName":"ISMAIL_ERIM_ATAKTURK/StackQuestionsMember.tpp","secondFileName":"EGE_KARTAL/StackQuestionsNonMember.tpp","startInFirst":{"line":36,"column":8,"tokenListIndex":34},"endInFirst":{"line":42,"column":2,"tokenListIndex":41},"startInSecond":{"line":32,"column":3,"tokenListIndex":172},"endInSecond":{"line":38,"column":2,"tokenListIndex":179},"lengthOfFirst":8,"lengthOfSecond":8}],"firstSimilarity":0.37209302325581395,"secondSimilarity":0.0975609756097561}