{"firstSubmissionId":"ISMAIL_ERIM_ATAKTURK","secondSubmissionId":"BORA_YALCIN","similarities":{"AVG":0.0851063829787234,"MAX":0.13953488372093023,"MAXIMUM_LENGTH":117.0,"LONGEST_MATCH":6.0},"matches":[{"firstFileName":"ISMAIL_ERIM_ATAKTURK/StackQuestionsMember.tpp","secondFileName":"BORA_YALCIN/StackQuestionsMember.tpp","startInFirst":{"line":9,"column":0,"tokenListIndex":0},"endInFirst":{"line":11,"column":4,"tokenListIndex":5},"startInSecond":{"line":9,"column":0,"tokenListIndex":0},"endInSecond":{"line":15,"column":22,"tokenListIndex":5},"lengthOfFirst":6,"lengthOfSecond":6}],"firstSimilarity":0.13953488372093023,"secondSimilarity":0.061224489795918366}