{"firstSubmissionId":"ISMAIL_ERIM_ATAKTURK","secondSubmissionId":"MUHAMMED_EMIN_SEKER","similarities":{"AVG":0.23868312757201646,"MAX":0.6744186046511628,"MAXIMUM_LENGTH":219.0,"LONGEST_MATCH":20.0},"matches":[{"firstFileName":"ISMAIL_ERIM_ATAKTURK/StackQuestionsMember.tpp","secondFileName":"MUHAMMED_EMIN_SEKER/StackQuestionsMember.tpp","startInFirst":{"line":15,"column":27,"tokenListIndex":13},"endInFirst":{"line":34,"column":23,"tokenListIndex":32},"startInSecond":{"line":15,"column":11,"tokenListIndex":12},"endInSecond":{"line":33,"column":13,"tokenListIndex":31},"lengthOfFirst":20,"lengthOfSecond":20},{"firstFileName":"ISMAIL_ERIM_ATAKTURK/StackQuestionsMember.tpp","secondFileName":"MUHAMMED_EMIN_SEKER/StackQuestionsNonMember.cpp","startInFirst":{"line":36,"column":8,"tokenListIndex":34},"endInFirst":{"line":43,"column":0,"tokenListIndex":42},"startInSecond":{"line":109,"column":3,"tokenListIndex":171},"endInSecond":{"line":119,"column":2,"tokenListIndex":179},"lengthOfFirst":9,"lengthOfSecond":9}],"firstSimilarity":0.6744186046511628,"secondSimilarity":0.145}