{"firstSubmissionId":"MEHMET_EREN_GUNER","secondSubmissionId":"EGE_KARTAL","similarities":{"AVG":0.302158273381295,"MAX":0.3684210526315789,"MAXIMUM_LENGTH":183.0,"LONGEST_MATCH":13.0},"matches":[{"firstFileName":"MEHMET_EREN_GUNER/StackQuestionsMember.tpp","secondFileName":"EGE_KARTAL/StackQuestionsMember.tpp","startInFirst":{"line":26,"column":4,"tokenListIndex":98},"endInFirst":{"line":42,"column":2,"tokenListIndex":110},"startInSecond":{"line":20,"column":3,"tokenListIndex":18},"endInSecond":{"line":34,"column":2,"tokenListIndex":30},"lengthOfFirst":13,"lengthOfSecond":13},{"firstFileName":"MEHMET_EREN_GUNER/StackQuestionsMember.tpp","secondFileName":"EGE_KARTAL/StackQuestionsMember.tpp","startInFirst":{"line":45,"column":6,"tokenListIndex":114},"endInFirst":{"line":50,"column":6,"tokenListIndex":121},"startInSecond":{"line":43,"column":2,"tokenListIndex":42},"endInSecond":{"line":46,"column":14,"tokenListIndex":49},"lengthOfFirst":8,"lengthOfSecond":8},{"firstFileName":"MEHMET_EREN_GUNER/StackQuestionsMember.tpp","secondFileName":"EGE_KARTAL/StackQuestionsNonMember.tpp","startInFirst":{"line":52,"column":4,"tokenListIndex":123},"endInFirst":{"line":58,"column":2,"tokenListIndex":130},"startInSecond":{"line":32,"column":3,"tokenListIndex":172},"endInSecond":{"line":38,"column":2,"tokenListIndex":179},"lengthOfFirst":8,"lengthOfSecond":8},{"firstFileName":"MEHMET_EREN_GUNER/StackQuestionsNonMember.cpp","secondFileName":"EGE_KARTAL/StackQuestionsNonMember.cpp","startInFirst":{"line":63,"column":11,"tokenListIndex":59},"endInFirst":{"line":68,"column":25,"tokenListIndex":65},"startInSecond":{"line":43,"column":8,"tokenListIndex":109},"endInSecond":{"line":47,"column":4,"tokenListIndex":115},"lengthOfFirst":7,"lengthOfSecond":7},{"firstFileName":"MEHMET_EREN_GUNER/StackQuestionsNonMember.cpp","secondFileName":"EGE_KARTAL/StackQuestionsNonMember.cpp","startInFirst":{"line":49,"column":6,"tokenListIndex":37},"endInFirst":{"line":52,"column":14,"tokenListIndex":42},"startInSecond":{"line":36,"column":14,"tokenListIndex":99},"endInSecond":{"line":39,"column":11,"tokenListIndex":104},"lengthOfFirst":6,"lengthOfSecond":6}],"firstSimilarity":0.3684210526315789,"secondSimilarity":0.25609756097560976}