{"firstSubmissionId":"MEHMET_EREN_GUNER","secondSubmissionId":"EMIR_KEREM_ISILDAR","similarities":{"AVG":0.26956521739130435,"MAX":0.2719298245614035,"MAXIMUM_LENGTH":136.0,"LONGEST_MATCH":9.0},"matches":[{"firstFileName":"MEHMET_EREN_GUNER/StackQuestionsMember.tpp","secondFileName":"EMIR_KEREM_ISILDAR/StackQuestionsMember.tpp","startInFirst":{"line":9,"column":0,"tokenListIndex":77},"endInFirst":{"line":15,"column":2,"tokenListIndex":85},"startInSecond":{"line":9,"column":0,"tokenListIndex":0},"endInSecond":{"line":14,"column":2,"tokenListIndex":8},"lengthOfFirst":9,"lengthOfSecond":9},{"firstFileName":"MEHMET_EREN_GUNER/StackQuestionsMember.tpp","secondFileName":"EMIR_KEREM_ISILDAR/StackQuestionsNonMember.tpp","startInFirst":{"line":52,"column":4,"tokenListIndex":123},"endInFirst":{"line":58,"column":2,"tokenListIndex":130},"startInSecond":{"line":25,"column":4,"tokenListIndex":89},"endInSecond":{"line":31,"column":2,"tokenListIndex":96},"lengthOfFirst":8,"lengthOfSecond":8},{"firstFileName":"MEHMET_EREN_GUNER/StackQuestionsMember.tpp","secondFileName":"EMIR_KEREM_ISILDAR/StackQuestionsNonMember.tpp","startInFirst":{"line":20,"column":4,"tokenListIndex":93},"endInFirst":{"line":27,"column":2,"tokenListIndex":99},"startInSecond":{"line":40,"column":19,"tokenListIndex":107},"endInSecond":{"line":45,"column":2,"tokenListIndex":113},"lengthOfFirst":7,"lengthOfSecond":7},{"firstFileName":"MEHMET_EREN_GUNER/StackQuestionsMember.tpp","secondFileName":"EMIR_KEREM_ISILDAR/StackQuestionsMember.tpp","startInFirst":{"line":46,"column":4,"tokenListIndex":116},"endInFirst":{"line":51,"column":4,"tokenListIndex":122},"startInSecond":{"line":55,"column":4,"tokenListIndex":59},"endInSecond":{"line":60,"column":4,"tokenListIndex":65},"lengthOfFirst":7,"lengthOfSecond":7}],"firstSimilarity":0.2719298245614035,"secondSimilarity":0.2672413793103448}