{"firstSubmissionId":"MEHMET_EREN_GUNER","secondSubmissionId":"MUHAMMED_EMIN_SEKER","similarities":{"AVG":0.20382165605095542,"MAX":0.2807017543859649,"MAXIMUM_LENGTH":219.0,"LONGEST_MATCH":15.0},"matches":[{"firstFileName":"MEHMET_EREN_GUNER/StackQuestionsMember.tpp","secondFileName":"MUHAMMED_EMIN_SEKER/StackQuestionsMember.tpp","startInFirst":{"line":35,"column":2,"tokenListIndex":107},"endInFirst":{"line":50,"column":6,"tokenListIndex":121},"startInSecond":{"line":20,"column":0,"tokenListIndex":17},"endInSecond":{"line":33,"column":13,"tokenListIndex":31},"lengthOfFirst":15,"lengthOfSecond":15},{"firstFileName":"MEHMET_EREN_GUNER/StackQuestionsMember.tpp","secondFileName":"MUHAMMED_EMIN_SEKER/StackQuestionsNonMember.cpp","startInFirst":{"line":52,"column":4,"tokenListIndex":123},"endInFirst":{"line":59,"column":0,"tokenListIndex":131},"startInSecond":{"line":109,"column":3,"tokenListIndex":171},"endInSecond":{"line":119,"column":2,"tokenListIndex":179},"lengthOfFirst":9,"lengthOfSecond":9},{"firstFileName":"MEHMET_EREN_GUNER/StackQuestionsMember.tpp","secondFileName":"MUHAMMED_EMIN_SEKER/StackQuestionsNonMember.tpp","startInFirst":{"line":26,"column":4,"tokenListIndex":98},"endInFirst":{"line":32,"column":2,"tokenListIndex":105},"startInSecond":{"line":26,"column":4,"tokenListIndex":198},"endInSecond":{"line":31,"column":2,"tokenListIndex":205},"lengthOfFirst":8,"lengthOfSecond":8}],"firstSimilarity":0.2807017543859649,"secondSimilarity":0.16}