{"firstSubmissionId":"MEHMET_EREN_GUNER","secondSubmissionId":"FATIH_KAGAN_CEBI","similarities":{"AVG":0.710204081632653,"MAX":0.7631578947368421,"MAXIMUM_LENGTH":146.0,"LONGEST_MATCH":20.0},"matches":[{"firstFileName":"MEHMET_EREN_GUNER/StackQuestionsNonMember.cpp","secondFileName":"FATIH_KAGAN_CEBI/StackQuestionsNonMember.cpp","startInFirst":{"line":31,"column":23,"tokenListIndex":19},"endInFirst":{"line":51,"column":4,"tokenListIndex":38},"startInSecond":{"line":14,"column":4,"tokenListIndex":99},"endInSecond":{"line":32,"column":8,"tokenListIndex":118},"lengthOfFirst":20,"lengthOfSecond":20},{"firstFileName":"MEHMET_EREN_GUNER/StackQuestionsMember.tpp","secondFileName":"FATIH_KAGAN_CEBI/StackQuestionsMember.tpp","startInFirst":{"line":48,"column":12,"tokenListIndex":118},"endInFirst":{"line":59,"column":0,"tokenListIndex":131},"startInSecond":{"line":24,"column":34,"tokenListIndex":28},"endInSecond":{"line":36,"column":0,"tokenListIndex":41},"lengthOfFirst":14,"lengthOfSecond":14},{"firstFileName":"MEHMET_EREN_GUNER/StackQuestionsNonMember.cpp","secondFileName":"FATIH_KAGAN_CEBI/StackQuestionsNonMember.cpp","startInFirst":{"line":59,"column":4,"tokenListIndex":53},"endInFirst":{"line":68,"column":25,"tokenListIndex":65},"startInSecond":{"line":39,"column":8,"tokenListIndex":129},"endInSecond":{"line":47,"column":25,"tokenListIndex":141},"lengthOfFirst":13,"lengthOfSecond":13},{"firstFileName":"MEHMET_EREN_GUNER/StackQuestionsNonMember.cpp","secondFileName":"FATIH_KAGAN_CEBI/StackQuestionsNonMember.cpp","startInFirst":{"line":52,"column":33,"tokenListIndex":43},"endInFirst":{"line":58,"column":6,"tokenListIndex":51},"startInSecond":{"line":33,"column":20,"tokenListIndex":120},"endInSecond":{"line":38,"column":12,"tokenListIndex":128},"lengthOfFirst":9,"lengthOfSecond":9},{"firstFileName":"MEHMET_EREN_GUNER/StackQuestionsMember.tpp","secondFileName":"FATIH_KAGAN_CEBI/StackQuestionsMember.tpp","startInFirst":{"line":9,"column":22,"tokenListIndex":78},"endInFirst":{"line":15,"column":9,"tokenListIndex":86},"startInSecond":{"line":5,"column":0,"tokenListIndex":0},"endInSecond":{"line":9,"column":13,"tokenListIndex":8},"lengthOfFirst":9,"lengthOfSecond":9},{"firstFileName":"MEHMET_EREN_GUNER/StackQuestionsMember.tpp","secondFileName":"FATIH_KAGAN_CEBI/StackQuestionsMember.tpp","startInFirst":{"line":40,"column":22,"tokenListIndex":109},"endInFirst":{"line":48,"column":4,"tokenListIndex":117},"startInSecond":{"line":17,"column":0,"tokenListIndex":18},"endInSecond":{"line":24,"column":8,"tokenListIndex":26},"lengthOfFirst":9,"lengthOfSecond":9},{"firstFileName":"MEHMET_EREN_GUNER/StackQuestionsMember.tpp","secondFileName":"FATIH_KAGAN_CEBI/StackQuestionsNonMember.tpp","startInFirst":{"line":20,"column":4,"tokenListIndex":93},"endInFirst":{"line":27,"column":2,"tokenListIndex":99},"startInSecond":{"line":29,"column":20,"tokenListIndex":72},"endInSecond":{"line":33,"column":4,"tokenListIndex":78},"lengthOfFirst":7,"lengthOfSecond":7},{"firstFileName":"MEHMET_EREN_GUNER/StackQuestionsMember.tpp","secondFileName":"FATIH_KAGAN_CEBI/StackQuestionsNonMember.tpp","startInFirst":{"line":29,"column":2,"tokenListIndex":100},"endInFirst":{"line":32,"column":2,"tokenListIndex":105},"startInSecond":{"line":17,"column":4,"tokenListIndex":56},"endInSecond":{"line":20,"column":4,"tokenListIndex":61},"lengthOfFirst":6,"lengthOfSecond":6}],"firstSimilarity":0.7631578947368421,"secondSimilarity":0.6641221374045801}