{"firstSubmissionId":"MEHMET_EREN_GUNER","secondSubmissionId":"BEGUM_HAMARAT","similarities":{"AVG":0.39662447257383965,"MAX":0.41228070175438597,"MAXIMUM_LENGTH":142.0,"LONGEST_MATCH":15.0},"matches":[{"firstFileName":"MEHMET_EREN_GUNER/StackQuestionsMember.tpp","secondFileName":"BEGUM_HAMARAT/StackQuestionsMemberQ1Q2.tpp","startInFirst":{"line":35,"column":2,"tokenListIndex":107},"endInFirst":{"line":50,"column":6,"tokenListIndex":121},"startInSecond":{"line":22,"column":0,"tokenListIndex":120},"endInSecond":{"line":35,"column":26,"tokenListIndex":134},"lengthOfFirst":15,"lengthOfSecond":15},{"firstFileName":"MEHMET_EREN_GUNER/StackQuestionsMember.tpp","secondFileName":"BEGUM_HAMARAT/StackQuestionsMemberQ1Q2.tpp","startInFirst":{"line":9,"column":0,"tokenListIndex":77},"endInFirst":{"line":15,"column":9,"tokenListIndex":86},"startInSecond":{"line":10,"column":0,"tokenListIndex":102},"endInSecond":{"line":15,"column":18,"tokenListIndex":111},"lengthOfFirst":10,"lengthOfSecond":10},{"firstFileName":"MEHMET_EREN_GUNER/StackQuestionsNonMember.cpp","secondFileName":"BEGUM_HAMARAT/StackQuestionsNonMemberQ4.cpp","startInFirst":{"line":37,"column":13,"tokenListIndex":24},"endInFirst":{"line":44,"column":33,"tokenListIndex":32},"startInSecond":{"line":40,"column":3,"tokenListIndex":32},"endInSecond":{"line":48,"column":25,"tokenListIndex":40},"lengthOfFirst":9,"lengthOfSecond":9},{"firstFileName":"MEHMET_EREN_GUNER/StackQuestionsNonMember.cpp","secondFileName":"BEGUM_HAMARAT/StackQuestionsNonMemberQ4.cpp","startInFirst":{"line":54,"column":18,"tokenListIndex":48},"endInFirst":{"line":59,"column":4,"tokenListIndex":54},"startInSecond":{"line":58,"column":14,"tokenListIndex":54},"endInSecond":{"line":62,"column":2,"tokenListIndex":60},"lengthOfFirst":7,"lengthOfSecond":7},{"firstFileName":"MEHMET_EREN_GUNER/StackQuestionsNonMember.cpp","secondFileName":"BEGUM_HAMARAT/StackQuestionsNonMemberQ4.cpp","startInFirst":{"line":63,"column":14,"tokenListIndex":60},"endInFirst":{"line":68,"column":25,"tokenListIndex":65},"startInSecond":{"line":49,"column":14,"tokenListIndex":41},"endInSecond":{"line":53,"column":6,"tokenListIndex":46},"lengthOfFirst":6,"lengthOfSecond":6}],"firstSimilarity":0.41228070175438597,"secondSimilarity":0.3821138211382114}