{"firstSubmissionId":"MIRAY_DUYGULU","secondSubmissionId":"BORA_YALCIN","similarities":{"AVG":0.14130434782608695,"MAX":0.1511627906976744,"MAXIMUM_LENGTH":117.0,"LONGEST_MATCH":7.0},"matches":[{"firstFileName":"MIRAY_DUYGULU/StackQuestionsMember_m.tpp","secondFileName":"BORA_YALCIN/StackQuestionsMember.tpp","startInFirst":{"line":11,"column":2,"tokenListIndex":60},"endInFirst":{"line":15,"column":10,"tokenListIndex":66},"startInSecond":{"line":18,"column":2,"tokenListIndex":10},"endInSecond":{"line":22,"column":10,"tokenListIndex":16},"lengthOfFirst":7,"lengthOfSecond":7},{"firstFileName":"MIRAY_DUYGULU/StackQuestionsMember_m.tpp","secondFileName":"BORA_YALCIN/StackQuestionsMember.tpp","startInFirst":{"line":25,"column":2,"tokenListIndex":81},"endInFirst":{"line":35,"column":13,"tokenListIndex":86},"startInSecond":{"line":29,"column":2,"tokenListIndex":25},"endInSecond":{"line":38,"column":8,"tokenListIndex":30},"lengthOfFirst":6,"lengthOfSecond":6}],"firstSimilarity":0.1511627906976744,"secondSimilarity":0.1326530612244898}