{"firstSubmissionId":"MIRAY_DUYGULU","secondSubmissionId":"MUHAMMED_EMIN_SEKER","similarities":{"AVG":0.17482517482517482,"MAX":0.29069767441860467,"MAXIMUM_LENGTH":219.0,"LONGEST_MATCH":11.0},"matches":[{"firstFileName":"MIRAY_DUYGULU/StackQuestionsMember_m.tpp","secondFileName":"MUHAMMED_EMIN_SEKER/StackQuestionsMember.tpp","startInFirst":{"line":39,"column":6,"tokenListIndex":91},"endInFirst":{"line":46,"column":6,"tokenListIndex":101},"startInSecond":{"line":30,"column":4,"tokenListIndex":24},"endInSecond":{"line":36,"column":10,"tokenListIndex":34},"lengthOfFirst":11,"lengthOfSecond":11},{"firstFileName":"MIRAY_DUYGULU/StackQuestionsNonMember_m.tpp","secondFileName":"MUHAMMED_EMIN_SEKER/StackQuestionsNonMember.tpp","startInFirst":{"line":16,"column":2,"tokenListIndex":38},"endInFirst":{"line":20,"column":6,"tokenListIndex":45},"startInSecond":{"line":34,"column":2,"tokenListIndex":206},"endInSecond":{"line":38,"column":4,"tokenListIndex":213},"lengthOfFirst":8,"lengthOfSecond":8},{"firstFileName":"MIRAY_DUYGULU/StackQuestionsMember_m.tpp","secondFileName":"MUHAMMED_EMIN_SEKER/StackQuestionsMember.tpp","startInFirst":{"line":21,"column":2,"tokenListIndex":75},"endInFirst":{"line":24,"column":2,"tokenListIndex":80},"startInSecond":{"line":38,"column":2,"tokenListIndex":37},"endInSecond":{"line":41,"column":2,"tokenListIndex":42},"lengthOfFirst":6,"lengthOfSecond":6}],"firstSimilarity":0.29069767441860467,"secondSimilarity":0.125}