{"firstSubmissionId":"MIRAY_DUYGULU","secondSubmissionId":"EDA_GUL_CETINEL","similarities":{"AVG":0.08139534883720931,"MAX":0.08139534883720931,"MAXIMUM_LENGTH":106.0,"LONGEST_MATCH":7.0},"matches":[{"firstFileName":"MIRAY_DUYGULU/StackQuestionsMember_m.tpp","secondFileName":"EDA_GUL_CETINEL/StackQuestionsMember.tpp","startInFirst":{"line":19,"column":8,"tokenListIndex":74},"endInFirst":{"line":24,"column":2,"tokenListIndex":80},"startInSecond":{"line":47,"column":8,"tokenListIndex":43},"endInSecond":{"line":52,"column":8,"tokenListIndex":49},"lengthOfFirst":7,"lengthOfSecond":7}],"firstSimilarity":0.08139534883720931,"secondSimilarity":0.08139534883720931}