{"firstSubmissionId":"MIRAY_DUYGULU","secondSubmissionId":"ABDULLAH_MERT_OZDEM","similarities":{"AVG":0.22119815668202766,"MAX":0.27906976744186046,"MAXIMUM_LENGTH":146.0,"LONGEST_MATCH":12.0},"matches":[{"firstFileName":"MIRAY_DUYGULU/StackQuestionsMember_m.tpp","secondFileName":"ABDULLAH_MERT_OZDEM/StackQuestionsMember.tpp","startInFirst":{"line":39,"column":6,"tokenListIndex":91},"endInFirst":{"line":48,"column":2,"tokenListIndex":102},"startInSecond":{"line":21,"column":10,"tokenListIndex":86},"endInSecond":{"line":30,"column":4,"tokenListIndex":97},"lengthOfFirst":12,"lengthOfSecond":12},{"firstFileName":"MIRAY_DUYGULU/StackQuestionsMember_m.tpp","secondFileName":"ABDULLAH_MERT_OZDEM/StackQuestionsMember.tpp","startInFirst":{"line":21,"column":2,"tokenListIndex":75},"endInFirst":{"line":24,"column":2,"tokenListIndex":80},"startInSecond":{"line":32,"column":4,"tokenListIndex":98},"endInSecond":{"line":35,"column":4,"tokenListIndex":103},"lengthOfFirst":6,"lengthOfSecond":6},{"firstFileName":"MIRAY_DUYGULU/StackQuestionsMember_m.tpp","secondFileName":"ABDULLAH_MERT_OZDEM/StackQuestionsNonMember.tpp","startInFirst":{"line":35,"column":2,"tokenListIndex":85},"endInFirst":{"line":38,"column":9,"tokenListIndex":90},"startInSecond":{"line":12,"column":4,"tokenListIndex":115},"endInSecond":{"line":17,"column":12,"tokenListIndex":120},"lengthOfFirst":6,"lengthOfSecond":6}],"firstSimilarity":0.27906976744186046,"secondSimilarity":0.183206106870229}