{"firstSubmissionId":"MIRAY_DUYGULU","secondSubmissionId":"BEGUM_HAMARAT","similarities":{"AVG":0.23923444976076555,"MAX":0.29069767441860467,"MAXIMUM_LENGTH":142.0,"LONGEST_MATCH":12.0},"matches":[{"firstFileName":"MIRAY_DUYGULU/StackQuestionsMember_m.tpp","secondFileName":"BEGUM_HAMARAT/StackQuestionsMemberQ1Q2.tpp","startInFirst":{"line":39,"column":6,"tokenListIndex":91},"endInFirst":{"line":48,"column":2,"tokenListIndex":102},"startInSecond":{"line":31,"column":6,"tokenListIndex":127},"endInSecond":{"line":40,"column":2,"tokenListIndex":138},"lengthOfFirst":12,"lengthOfSecond":12},{"firstFileName":"MIRAY_DUYGULU/StackQuestionsMember_m.tpp","secondFileName":"BEGUM_HAMARAT/StackQuestionsNonMemberQ4.cpp","startInFirst":{"line":12,"column":2,"tokenListIndex":62},"endInFirst":{"line":15,"column":38,"tokenListIndex":68},"startInSecond":{"line":29,"column":1,"tokenListIndex":16},"endInSecond":{"line":32,"column":33,"tokenListIndex":22},"lengthOfFirst":7,"lengthOfSecond":7},{"firstFileName":"MIRAY_DUYGULU/StackQuestionsMember_m.tpp","secondFileName":"BEGUM_HAMARAT/StackQuestionsNonMemberQ4.cpp","startInFirst":{"line":21,"column":2,"tokenListIndex":75},"endInFirst":{"line":24,"column":2,"tokenListIndex":80},"startInSecond":{"line":48,"column":3,"tokenListIndex":38},"endInSecond":{"line":51,"column":3,"tokenListIndex":43},"lengthOfFirst":6,"lengthOfSecond":6}],"firstSimilarity":0.29069767441860467,"secondSimilarity":0.2032520325203252}