{"firstSubmissionId":"MIRAY_DUYGULU","secondSubmissionId":"EMIR_KEREM_ISILDAR","similarities":{"AVG":0.06930693069306931,"MAX":0.08139534883720931,"MAXIMUM_LENGTH":136.0,"LONGEST_MATCH":7.0},"matches":[{"firstFileName":"MIRAY_DUYGULU/StackQuestionsMember_m.tpp","secondFileName":"EMIR_KEREM_ISILDAR/StackQuestionsMember.tpp","startInFirst":{"line":19,"column":8,"tokenListIndex":74},"endInFirst":{"line":24,"column":2,"tokenListIndex":80},"startInSecond":{"line":55,"column":4,"tokenListIndex":59},"endInSecond":{"line":60,"column":4,"tokenListIndex":65},"lengthOfFirst":7,"lengthOfSecond":7}],"firstSimilarity":0.08139534883720931,"secondSimilarity":0.0603448275862069}