{"firstSubmissionId":"MIRAY_DUYGULU","secondSubmissionId":"EGE_KARTAL","similarities":{"AVG":0.368,"MAX":0.5348837209302325,"MAXIMUM_LENGTH":183.0,"LONGEST_MATCH":13.0},"matches":[{"firstFileName":"MIRAY_DUYGULU/StackQuestionsMember_m.tpp","secondFileName":"EGE_KARTAL/StackQuestionsMember.tpp","startInFirst":{"line":21,"column":2,"tokenListIndex":75},"endInFirst":{"line":37,"column":2,"tokenListIndex":87},"startInSecond":{"line":22,"column":2,"tokenListIndex":20},"endInSecond":{"line":35,"column":2,"tokenListIndex":32},"lengthOfFirst":13,"lengthOfSecond":13},{"firstFileName":"MIRAY_DUYGULU/StackQuestionsMember_m.tpp","secondFileName":"EGE_KARTAL/StackQuestionsMember.tpp","startInFirst":{"line":38,"column":9,"tokenListIndex":90},"endInFirst":{"line":46,"column":6,"tokenListIndex":101},"startInSecond":{"line":41,"column":21,"tokenListIndex":41},"endInSecond":{"line":49,"column":2,"tokenListIndex":52},"lengthOfFirst":12,"lengthOfSecond":12},{"firstFileName":"MIRAY_DUYGULU/StackQuestionsNonMember_m.tpp","secondFileName":"EGE_KARTAL/StackQuestionsNonMember.tpp","startInFirst":{"line":12,"column":19,"tokenListIndex":36},"endInFirst":{"line":18,"column":8,"tokenListIndex":43},"startInSecond":{"line":15,"column":2,"tokenListIndex":151},"endInSecond":{"line":22,"column":4,"tokenListIndex":158},"lengthOfFirst":8,"lengthOfSecond":8},{"firstFileName":"MIRAY_DUYGULU/StackQuestionsMember_m.tpp","secondFileName":"EGE_KARTAL/StackQuestionsNonMember.cpp","startInFirst":{"line":12,"column":2,"tokenListIndex":62},"endInFirst":{"line":15,"column":38,"tokenListIndex":68},"startInSecond":{"line":29,"column":1,"tokenListIndex":83},"endInSecond":{"line":31,"column":35,"tokenListIndex":89},"lengthOfFirst":7,"lengthOfSecond":7},{"firstFileName":"MIRAY_DUYGULU/StackQuestionsNonMember_m.tpp","secondFileName":"EGE_KARTAL/StackQuestionsNonMember.cpp","startInFirst":{"line":20,"column":6,"tokenListIndex":45},"endInFirst":{"line":22,"column":50,"tokenListIndex":50},"startInSecond":{"line":49,"column":11,"tokenListIndex":119},"endInSecond":{"line":51,"column":33,"tokenListIndex":124},"lengthOfFirst":6,"lengthOfSecond":6}],"firstSimilarity":0.5348837209302325,"secondSimilarity":0.2804878048780488}