{"firstSubmissionId":"MIRAY_DUYGULU","secondSubmissionId":"MEHMET_EREN_GUNER","similarities":{"AVG":0.19,"MAX":0.22093023255813954,"MAXIMUM_LENGTH":133.0,"LONGEST_MATCH":11.0},"matches":[{"firstFileName":"MIRAY_DUYGULU/StackQuestionsMember_m.tpp","secondFileName":"MEHMET_EREN_GUNER/StackQuestionsMember.tpp","startInFirst":{"line":21,"column":2,"tokenListIndex":75},"endInFirst":{"line":35,"column":2,"tokenListIndex":85},"startInSecond":{"line":29,"column":2,"tokenListIndex":100},"endInSecond":{"line":42,"column":2,"tokenListIndex":110},"lengthOfFirst":11,"lengthOfSecond":11},{"firstFileName":"MIRAY_DUYGULU/StackQuestionsMember_m.tpp","secondFileName":"MEHMET_EREN_GUNER/StackQuestionsMember.tpp","startInFirst":{"line":39,"column":6,"tokenListIndex":91},"endInFirst":{"line":42,"column":24,"tokenListIndex":98},"startInSecond":{"line":45,"column":6,"tokenListIndex":114},"endInSecond":{"line":50,"column":6,"tokenListIndex":121},"lengthOfFirst":8,"lengthOfSecond":8}],"firstSimilarity":0.22093023255813954,"secondSimilarity":0.16666666666666666}