{"firstSubmissionId":"NEVZAT_OGUZHAN_TOPUZ","secondSubmissionId":"FATIH_KAGAN_CEBI","similarities":{"AVG":0.06936416184971098,"MAX":0.14285714285714285,"MAXIMUM_LENGTH":146.0,"LONGEST_MATCH":6.0},"matches":[{"firstFileName":"NEVZAT_OGUZHAN_TOPUZ/StackQuestionsMember.tpp","secondFileName":"FATIH_KAGAN_CEBI/StackQuestionsMember.tpp","startInFirst":{"line":12,"column":2,"tokenListIndex":4},"endInFirst":{"line":14,"column":2,"tokenListIndex":9},"startInSecond":{"line":10,"column":4,"tokenListIndex":9},"endInSecond":{"line":12,"column":4,"tokenListIndex":14},"lengthOfFirst":6,"lengthOfSecond":6}],"firstSimilarity":0.14285714285714285,"secondSimilarity":0.04580152671755725}