{"firstSubmissionId":"NEVZAT_OGUZHAN_TOPUZ","secondSubmissionId":"MIRAY_DUYGULU","similarities":{"AVG":0.125,"MAX":0.19047619047619047,"MAXIMUM_LENGTH":105.0,"LONGEST_MATCH":8.0},"matches":[{"firstFileName":"NEVZAT_OGUZHAN_TOPUZ/StackQuestionsMember.tpp","secondFileName":"MIRAY_DUYGULU/StackQuestionsMember_m.tpp","startInFirst":{"line":24,"column":2,"tokenListIndex":16},"endInFirst":{"line":28,"column":4,"tokenListIndex":23},"startInSecond":{"line":12,"column":2,"tokenListIndex":63},"endInSecond":{"line":16,"column":14,"tokenListIndex":70},"lengthOfFirst":8,"lengthOfSecond":8}],"firstSimilarity":0.19047619047619047,"secondSimilarity":0.09302325581395349}