{"firstSubmissionId":"NEVZAT_OGUZHAN_TOPUZ","secondSubmissionId":"SEVKET_YESILPEKMEZ_MACOS","similarities":{"AVG":0.10714285714285714,"MAX":0.14285714285714285,"MAXIMUM_LENGTH":72.0,"LONGEST_MATCH":6.0},"matches":[{"firstFileName":"NEVZAT_OGUZHAN_TOPUZ/StackQuestionsMember.tpp","secondFileName":"SEVKET_YESILPEKMEZ_MACOS/StackQuestionsNonMember.tpp","startInFirst":{"line":30,"column":8,"tokenListIndex":29},"endInFirst":{"line":32,"column":8,"tokenListIndex":34},"startInSecond":{"line":22,"column":8,"tokenListIndex":60},"endInSecond":{"line":24,"column":8,"tokenListIndex":65},"lengthOfFirst":6,"lengthOfSecond":6}],"firstSimilarity":0.14285714285714285,"secondSimilarity":0.08571428571428572}