{"firstSubmissionId":"NEVZAT_OGUZHAN_TOPUZ","secondSubmissionId":"BORA_YALCIN","similarities":{"AVG":0.08571428571428572,"MAX":0.14285714285714285,"MAXIMUM_LENGTH":117.0,"LONGEST_MATCH":6.0},"matches":[{"firstFileName":"NEVZAT_OGUZHAN_TOPUZ/StackQuestionsMember.tpp","secondFileName":"BORA_YALCIN/StackQuestionsMember.tpp","startInFirst":{"line":9,"column":57,"tokenListIndex":2},"endInFirst":{"line":12,"column":20,"tokenListIndex":7},"startInSecond":{"line":20,"column":2,"tokenListIndex":12},"endInSecond":{"line":22,"column":22,"tokenListIndex":17},"lengthOfFirst":6,"lengthOfSecond":6}],"firstSimilarity":0.14285714285714285,"secondSimilarity":0.061224489795918366}