{"firstSubmissionId":"NEVZAT_OGUZHAN_TOPUZ","secondSubmissionId":"SERKAN_YILMAZ","similarities":{"AVG":0.11650485436893204,"MAX":0.14285714285714285,"MAXIMUM_LENGTH":63.0,"LONGEST_MATCH":6.0},"matches":[{"firstFileName":"NEVZAT_OGUZHAN_TOPUZ/StackQuestionsMember.tpp","secondFileName":"SERKAN_YILMAZ/StackQuestionsMember.tpp","startInFirst":{"line":12,"column":2,"tokenListIndex":4},"endInFirst":{"line":14,"column":2,"tokenListIndex":9},"startInSecond":{"line":15,"column":4,"tokenListIndex":5},"endInSecond":{"line":19,"column":4,"tokenListIndex":10},"lengthOfFirst":6,"lengthOfSecond":6}],"firstSimilarity":0.14285714285714285,"secondSimilarity":0.09836065573770492}