{"firstSubmissionId":"NEVZAT_OGUZHAN_TOPUZ","secondSubmissionId":"EDA_GUL_CETINEL","similarities":{"AVG":0.09375,"MAX":0.14285714285714285,"MAXIMUM_LENGTH":106.0,"LONGEST_MATCH":6.0},"matches":[{"firstFileName":"NEVZAT_OGUZHAN_TOPUZ/StackQuestionsMember.tpp","secondFileName":"EDA_GUL_CETINEL/StackQuestionsMember.tpp","startInFirst":{"line":12,"column":2,"tokenListIndex":4},"endInFirst":{"line":14,"column":2,"tokenListIndex":9},"startInSecond":{"line":12,"column":4,"tokenListIndex":5},"endInSecond":{"line":14,"column":4,"tokenListIndex":10},"lengthOfFirst":6,"lengthOfSecond":6}],"firstSimilarity":0.14285714285714285,"secondSimilarity":0.06976744186046512}