{"firstSubmissionId":"NEVZAT_OGUZHAN_TOPUZ","secondSubmissionId":"BEGUM_HAMARAT","similarities":{"AVG":0.15757575757575756,"MAX":0.30952380952380953,"MAXIMUM_LENGTH":142.0,"LONGEST_MATCH":7.0},"matches":[{"firstFileName":"NEVZAT_OGUZHAN_TOPUZ/StackQuestionsMember.tpp","secondFileName":"BEGUM_HAMARAT/StackQuestionsNonMemberQ4.cpp","startInFirst":{"line":29,"column":4,"tokenListIndex":24},"endInFirst":{"line":30,"column":11,"tokenListIndex":30},"startInSecond":{"line":32,"column":1,"tokenListIndex":18},"endInSecond":{"line":33,"column":5,"tokenListIndex":24},"lengthOfFirst":7,"lengthOfSecond":7},{"firstFileName":"NEVZAT_OGUZHAN_TOPUZ/StackQuestionsMember.tpp","secondFileName":"BEGUM_HAMARAT/StackQuestionsMemberQ1Q2.tpp","startInFirst":{"line":12,"column":2,"tokenListIndex":4},"endInFirst":{"line":14,"column":2,"tokenListIndex":9},"startInSecond":{"line":17,"column":4,"tokenListIndex":112},"endInSecond":{"line":19,"column":4,"tokenListIndex":117},"lengthOfFirst":6,"lengthOfSecond":6}],"firstSimilarity":0.30952380952380953,"secondSimilarity":0.10569105691056911}