{"firstSubmissionId":"NEVZAT_OGUZHAN_TOPUZ","secondSubmissionId":"EGE_KARTAL","similarities":{"AVG":0.07766990291262135,"MAX":0.19047619047619047,"MAXIMUM_LENGTH":183.0,"LONGEST_MATCH":8.0},"matches":[{"firstFileName":"NEVZAT_OGUZHAN_TOPUZ/StackQuestionsMember.tpp","secondFileName":"EGE_KARTAL/StackQuestionsNonMember.cpp","startInFirst":{"line":29,"column":4,"tokenListIndex":24},"endInFirst":{"line":30,"column":23,"tokenListIndex":31},"startInSecond":{"line":31,"column":1,"tokenListIndex":85},"endInSecond":{"line":33,"column":28,"tokenListIndex":92},"lengthOfFirst":8,"lengthOfSecond":8}],"firstSimilarity":0.19047619047619047,"secondSimilarity":0.04878048780487805}