{"firstSubmissionId":"SERKAN_YILMAZ","secondSubmissionId":"EGE_KARTAL","similarities":{"AVG":0.29333333333333333,"MAX":0.5409836065573771,"MAXIMUM_LENGTH":183.0,"LONGEST_MATCH":11.0},"matches":[{"firstFileName":"SERKAN_YILMAZ/StackQuestionsMember.tpp","secondFileName":"EGE_KARTAL/StackQuestionsMember.tpp","startInFirst":{"line":37,"column":10,"tokenListIndex":20},"endInFirst":{"line":50,"column":8,"tokenListIndex":30},"startInSecond":{"line":43,"column":2,"tokenListIndex":42},"endInSecond":{"line":49,"column":2,"tokenListIndex":52},"lengthOfFirst":11,"lengthOfSecond":11},{"firstFileName":"SERKAN_YILMAZ/StackQuestionsMember.tpp","secondFileName":"EGE_KARTAL/StackQuestionsMember.tpp","startInFirst":{"line":52,"column":4,"tokenListIndex":31},"endInFirst":{"line":63,"column":0,"tokenListIndex":38},"startInSecond":{"line":57,"column":2,"tokenListIndex":58},"endInSecond":{"line":63,"column":0,"tokenListIndex":65},"lengthOfFirst":8,"lengthOfSecond":8},{"firstFileName":"SERKAN_YILMAZ/StackQuestionsNonMember.tpp","secondFileName":"EGE_KARTAL/StackQuestionsNonMember.tpp","startInFirst":{"line":12,"column":0,"tokenListIndex":40},"endInFirst":{"line":18,"column":13,"tokenListIndex":46},"startInSecond":{"line":12,"column":0,"tokenListIndex":143},"endInSecond":{"line":14,"column":11,"tokenListIndex":149},"lengthOfFirst":7,"lengthOfSecond":7},{"firstFileName":"SERKAN_YILMAZ/StackQuestionsNonMember.tpp","secondFileName":"EGE_KARTAL/StackQuestionsNonMember.cpp","startInFirst":{"line":21,"column":12,"tokenListIndex":48},"endInFirst":{"line":27,"column":16,"tokenListIndex":54},"startInSecond":{"line":49,"column":11,"tokenListIndex":119},"endInSecond":{"line":51,"column":44,"tokenListIndex":125},"lengthOfFirst":7,"lengthOfSecond":7}],"firstSimilarity":0.5409836065573771,"secondSimilarity":0.20121951219512196}