{"firstSubmissionId":"SERKAN_YILMAZ","secondSubmissionId":"BERKE_TURKBAY","similarities":{"AVG":0.1925925925925926,"MAX":0.21311475409836064,"MAXIMUM_LENGTH":94.0,"LONGEST_MATCH":7.0},"matches":[{"firstFileName":"SERKAN_YILMAZ/StackQuestionsNonMember.tpp","secondFileName":"BERKE_TURKBAY/StackQuestionsNonMember.tpp","startInFirst":{"line":12,"column":0,"tokenListIndex":40},"endInFirst":{"line":18,"column":13,"tokenListIndex":46},"startInSecond":{"line":12,"column":0,"tokenListIndex":47},"endInSecond":{"line":17,"column":8,"tokenListIndex":53},"lengthOfFirst":7,"lengthOfSecond":7},{"firstFileName":"SERKAN_YILMAZ/StackQuestionsMember.tpp","secondFileName":"BERKE_TURKBAY/StackQuestionsMember.tpp","startInFirst":{"line":13,"column":4,"tokenListIndex":3},"endInFirst":{"line":15,"column":30,"tokenListIndex":8},"startInSecond":{"line":15,"column":4,"tokenListIndex":8},"endInSecond":{"line":16,"column":20,"tokenListIndex":13},"lengthOfFirst":6,"lengthOfSecond":6}],"firstSimilarity":0.21311475409836064,"secondSimilarity":0.17567567567567569}