{"firstSubmissionId":"SERKAN_YILMAZ","secondSubmissionId":"EMIR_KEREM_ISILDAR","similarities":{"AVG":0.24858757062146894,"MAX":0.36065573770491804,"MAXIMUM_LENGTH":136.0,"LONGEST_MATCH":8.0},"matches":[{"firstFileName":"SERKAN_YILMAZ/StackQuestionsMember.tpp","secondFileName":"EMIR_KEREM_ISILDAR/StackQuestionsNonMember.tpp","startInFirst":{"line":50,"column":8,"tokenListIndex":30},"endInFirst":{"line":60,"column":4,"tokenListIndex":37},"startInSecond":{"line":25,"column":4,"tokenListIndex":89},"endInSecond":{"line":31,"column":2,"tokenListIndex":96},"lengthOfFirst":8,"lengthOfSecond":8},{"firstFileName":"SERKAN_YILMAZ/StackQuestionsNonMember.tpp","secondFileName":"EMIR_KEREM_ISILDAR/StackQuestionsNonMember.tpp","startInFirst":{"line":16,"column":4,"tokenListIndex":43},"endInFirst":{"line":23,"column":8,"tokenListIndex":50},"startInSecond":{"line":37,"column":2,"tokenListIndex":102},"endInSecond":{"line":41,"column":4,"tokenListIndex":109},"lengthOfFirst":8,"lengthOfSecond":8},{"firstFileName":"SERKAN_YILMAZ/StackQuestionsMember.tpp","secondFileName":"EMIR_KEREM_ISILDAR/StackQuestionsMember.tpp","startInFirst":{"line":39,"column":8,"tokenListIndex":22},"endInFirst":{"line":43,"column":21,"tokenListIndex":27},"startInSecond":{"line":55,"column":4,"tokenListIndex":59},"endInSecond":{"line":59,"column":6,"tokenListIndex":64},"lengthOfFirst":6,"lengthOfSecond":6}],"firstSimilarity":0.36065573770491804,"secondSimilarity":0.1896551724137931}