{"firstSubmissionId":"SERKAN_YILMAZ","secondSubmissionId":"EDA_GUL_CETINEL","similarities":{"AVG":0.54421768707483,"MAX":0.6557377049180327,"MAXIMUM_LENGTH":106.0,"LONGEST_MATCH":17.0},"matches":[{"firstFileName":"SERKAN_YILMAZ/StackQuestionsMember.tpp","secondFileName":"EDA_GUL_CETINEL/StackQuestionsMember.tpp","startInFirst":{"line":9,"column":0,"tokenListIndex":0},"endInFirst":{"line":33,"column":4,"tokenListIndex":16},"startInSecond":{"line":9,"column":0,"tokenListIndex":0},"endInSecond":{"line":23,"column":4,"tokenListIndex":16},"lengthOfFirst":17,"lengthOfSecond":17},{"firstFileName":"SERKAN_YILMAZ/StackQuestionsMember.tpp","secondFileName":"EDA_GUL_CETINEL/StackQuestionsMember.tpp","startInFirst":{"line":35,"column":4,"tokenListIndex":17},"endInFirst":{"line":41,"column":16,"tokenListIndex":24},"startInSecond":{"line":31,"column":4,"tokenListIndex":24},"endInSecond":{"line":35,"column":16,"tokenListIndex":31},"lengthOfFirst":8,"lengthOfSecond":8},{"firstFileName":"SERKAN_YILMAZ/StackQuestionsMember.tpp","secondFileName":"EDA_GUL_CETINEL/StackQuestionsMember.tpp","startInFirst":{"line":52,"column":4,"tokenListIndex":31},"endInFirst":{"line":63,"column":0,"tokenListIndex":38},"startInSecond":{"line":53,"column":4,"tokenListIndex":50},"endInSecond":{"line":59,"column":0,"tokenListIndex":57},"lengthOfFirst":8,"lengthOfSecond":8},{"firstFileName":"SERKAN_YILMAZ/StackQuestionsNonMember.tpp","secondFileName":"EDA_GUL_CETINEL/StackQuestionsNonMember.tpp","startInFirst":{"line":12,"column":0,"tokenListIndex":40},"endInFirst":{"line":18,"column":13,"tokenListIndex":46},"startInSecond":{"line":12,"column":0,"tokenListIndex":77},"endInSecond":{"line":14,"column":13,"tokenListIndex":83},"lengthOfFirst":7,"lengthOfSecond":7}],"firstSimilarity":0.6557377049180327,"secondSimilarity":0.46511627906976744}