{"firstSubmissionId":"SERKAN_YILMAZ","secondSubmissionId":"MEHMET_EREN_GUNER","similarities":{"AVG":0.2857142857142857,"MAX":0.4098360655737705,"MAXIMUM_LENGTH":133.0,"LONGEST_MATCH":15.0},"matches":[{"firstFileName":"SERKAN_YILMAZ/StackQuestionsMember.tpp","secondFileName":"MEHMET_EREN_GUNER/StackQuestionsMember.tpp","startInFirst":{"line":25,"column":0,"tokenListIndex":13},"endInFirst":{"line":43,"column":21,"tokenListIndex":27},"startInSecond":{"line":35,"column":2,"tokenListIndex":107},"endInSecond":{"line":50,"column":6,"tokenListIndex":121},"lengthOfFirst":15,"lengthOfSecond":15},{"firstFileName":"SERKAN_YILMAZ/StackQuestionsMember.tpp","secondFileName":"MEHMET_EREN_GUNER/StackQuestionsMember.tpp","startInFirst":{"line":47,"column":8,"tokenListIndex":29},"endInFirst":{"line":63,"column":0,"tokenListIndex":38},"startInSecond":{"line":51,"column":4,"tokenListIndex":122},"endInSecond":{"line":59,"column":0,"tokenListIndex":131},"lengthOfFirst":10,"lengthOfSecond":10}],"firstSimilarity":0.4098360655737705,"secondSimilarity":0.21929824561403508}