{"firstSubmissionId":"SERKAN_YILMAZ","secondSubmissionId":"MIRAY_DUYGULU","similarities":{"AVG":0.32653061224489793,"MAX":0.39344262295081966,"MAXIMUM_LENGTH":105.0,"LONGEST_MATCH":12.0},"matches":[{"firstFileName":"SERKAN_YILMAZ/StackQuestionsMember.tpp","secondFileName":"MIRAY_DUYGULU/StackQuestionsMember_m.tpp","startInFirst":{"line":37,"column":10,"tokenListIndex":20},"endInFirst":{"line":52,"column":4,"tokenListIndex":31},"startInSecond":{"line":39,"column":6,"tokenListIndex":91},"endInSecond":{"line":48,"column":2,"tokenListIndex":102},"lengthOfFirst":12,"lengthOfSecond":12},{"firstFileName":"SERKAN_YILMAZ/StackQuestionsMember.tpp","secondFileName":"MIRAY_DUYGULU/StackQuestionsMember_m.tpp","startInFirst":{"line":54,"column":4,"tokenListIndex":32},"endInFirst":{"line":60,"column":4,"tokenListIndex":37},"startInSecond":{"line":21,"column":2,"tokenListIndex":75},"endInSecond":{"line":24,"column":2,"tokenListIndex":80},"lengthOfFirst":6,"lengthOfSecond":6},{"firstFileName":"SERKAN_YILMAZ/StackQuestionsNonMember.tpp","secondFileName":"MIRAY_DUYGULU/StackQuestionsNonMember_m.tpp","startInFirst":{"line":21,"column":12,"tokenListIndex":48},"endInFirst":{"line":25,"column":16,"tokenListIndex":53},"startInSecond":{"line":20,"column":6,"tokenListIndex":45},"endInSecond":{"line":22,"column":50,"tokenListIndex":50},"lengthOfFirst":6,"lengthOfSecond":6}],"firstSimilarity":0.39344262295081966,"secondSimilarity":0.27906976744186046}