{"firstSubmissionId":"SERKAN_YILMAZ","secondSubmissionId":"MUHAMMED_EMIN_SEKER","similarities":{"AVG":0.2835249042145594,"MAX":0.6065573770491803,"MAXIMUM_LENGTH":219.0,"LONGEST_MATCH":23.0},"matches":[{"firstFileName":"SERKAN_YILMAZ/StackQuestionsMember.tpp","secondFileName":"MUHAMMED_EMIN_SEKER/StackQuestionsMember.tpp","startInFirst":{"line":15,"column":30,"tokenListIndex":8},"endInFirst":{"line":50,"column":8,"tokenListIndex":30},"startInSecond":{"line":15,"column":11,"tokenListIndex":12},"endInSecond":{"line":36,"column":10,"tokenListIndex":34},"lengthOfFirst":23,"lengthOfSecond":23},{"firstFileName":"SERKAN_YILMAZ/StackQuestionsMember.tpp","secondFileName":"MUHAMMED_EMIN_SEKER/StackQuestionsMember.tpp","startInFirst":{"line":52,"column":4,"tokenListIndex":31},"endInFirst":{"line":63,"column":0,"tokenListIndex":38},"startInSecond":{"line":37,"column":2,"tokenListIndex":36},"endInSecond":{"line":42,"column":0,"tokenListIndex":43},"lengthOfFirst":8,"lengthOfSecond":8},{"firstFileName":"SERKAN_YILMAZ/StackQuestionsNonMember.tpp","secondFileName":"MUHAMMED_EMIN_SEKER/StackQuestionsNonMember.cpp","startInFirst":{"line":21,"column":4,"tokenListIndex":47},"endInFirst":{"line":23,"column":25,"tokenListIndex":52},"startInSecond":{"line":47,"column":2,"tokenListIndex":78},"endInSecond":{"line":48,"column":14,"tokenListIndex":83},"lengthOfFirst":6,"lengthOfSecond":6}],"firstSimilarity":0.6065573770491803,"secondSimilarity":0.185}