{"firstSubmissionId":"SERKAN_YILMAZ","secondSubmissionId":"HASAN_ZAFER_BILIR","similarities":{"AVG":0.296875,"MAX":0.3114754098360656,"MAXIMUM_LENGTH":87.0,"LONGEST_MATCH":7.0},"matches":[{"firstFileName":"SERKAN_YILMAZ/StackQuestionsMember.tpp","secondFileName":"HASAN_ZAFER_BILIR/StackQuestionsMember.tpp","startInFirst":{"line":54,"column":4,"tokenListIndex":32},"endInFirst":{"line":63,"column":0,"tokenListIndex":38},"startInSecond":{"line":30,"column":1,"tokenListIndex":17},"endInSecond":{"line":34,"column":0,"tokenListIndex":23},"lengthOfFirst":7,"lengthOfSecond":7},{"firstFileName":"SERKAN_YILMAZ/StackQuestionsMember.tpp","secondFileName":"HASAN_ZAFER_BILIR/StackQuestionsMember.tpp","startInFirst":{"line":41,"column":33,"tokenListIndex":25},"endInFirst":{"line":50,"column":8,"tokenListIndex":30},"startInSecond":{"line":46,"column":8,"tokenListIndex":31},"endInSecond":{"line":51,"column":1,"tokenListIndex":36},"lengthOfFirst":6,"lengthOfSecond":6},{"firstFileName":"SERKAN_YILMAZ/StackQuestionsNonMember.tpp","secondFileName":"HASAN_ZAFER_BILIR/StackQuestionsMember.tpp","startInFirst":{"line":21,"column":28,"tokenListIndex":49},"endInFirst":{"line":27,"column":16,"tokenListIndex":54},"startInSecond":{"line":54,"column":8,"tokenListIndex":40},"endInSecond":{"line":56,"column":14,"tokenListIndex":45},"lengthOfFirst":6,"lengthOfSecond":6}],"firstSimilarity":0.3114754098360656,"secondSimilarity":0.2835820895522388}