{"firstSubmissionId":"SERKAN_YILMAZ","secondSubmissionId":"BEGUM_HAMARAT","similarities":{"AVG":0.45652173913043476,"MAX":0.6885245901639344,"MAXIMUM_LENGTH":142.0,"LONGEST_MATCH":29.0},"matches":[{"firstFileName":"SERKAN_YILMAZ/StackQuestionsMember.tpp","secondFileName":"BEGUM_HAMARAT/StackQuestionsMemberQ1Q2.tpp","startInFirst":{"line":13,"column":4,"tokenListIndex":3},"endInFirst":{"line":52,"column":4,"tokenListIndex":31},"startInSecond":{"line":15,"column":4,"tokenListIndex":110},"endInSecond":{"line":40,"column":2,"tokenListIndex":138},"lengthOfFirst":29,"lengthOfSecond":29},{"firstFileName":"SERKAN_YILMAZ/StackQuestionsNonMember.tpp","secondFileName":"BEGUM_HAMARAT/StackQuestionsNonMemberQ3.tpp","startInFirst":{"line":12,"column":0,"tokenListIndex":40},"endInFirst":{"line":18,"column":13,"tokenListIndex":46},"startInSecond":{"line":12,"column":0,"tokenListIndex":71},"endInSecond":{"line":14,"column":15,"tokenListIndex":77},"lengthOfFirst":7,"lengthOfSecond":7},{"firstFileName":"SERKAN_YILMAZ/StackQuestionsMember.tpp","secondFileName":"BEGUM_HAMARAT/StackQuestionsNonMemberQ4.cpp","startInFirst":{"line":54,"column":4,"tokenListIndex":32},"endInFirst":{"line":60,"column":4,"tokenListIndex":37},"startInSecond":{"line":48,"column":3,"tokenListIndex":38},"endInSecond":{"line":51,"column":3,"tokenListIndex":43},"lengthOfFirst":6,"lengthOfSecond":6}],"firstSimilarity":0.6885245901639344,"secondSimilarity":0.34146341463414637}