{"firstSubmissionId":"SERKAN_YILMAZ","secondSubmissionId":"SEVKET_YESILPEKMEZ_MACOS","similarities":{"AVG":0.549618320610687,"MAX":0.5901639344262295,"MAXIMUM_LENGTH":72.0,"LONGEST_MATCH":14.0},"matches":[{"firstFileName":"SERKAN_YILMAZ/StackQuestionsMember.tpp","secondFileName":"SEVKET_YESILPEKMEZ_MACOS/StackQuestionsMember.tpp","startInFirst":{"line":41,"column":33,"tokenListIndex":25},"endInFirst":{"line":63,"column":0,"tokenListIndex":38},"startInSecond":{"line":48,"column":15,"tokenListIndex":32},"endInSecond":{"line":61,"column":0,"tokenListIndex":45},"lengthOfFirst":14,"lengthOfSecond":14},{"firstFileName":"SERKAN_YILMAZ/StackQuestionsMember.tpp","secondFileName":"SEVKET_YESILPEKMEZ_MACOS/StackQuestionsMember.tpp","startInFirst":{"line":30,"column":22,"tokenListIndex":15},"endInFirst":{"line":41,"column":8,"tokenListIndex":23},"startInSecond":{"line":39,"column":0,"tokenListIndex":23},"endInSecond":{"line":48,"column":8,"tokenListIndex":31},"lengthOfFirst":9,"lengthOfSecond":9},{"firstFileName":"SERKAN_YILMAZ/StackQuestionsNonMember.tpp","secondFileName":"SEVKET_YESILPEKMEZ_MACOS/StackQuestionsNonMember.tpp","startInFirst":{"line":12,"column":0,"tokenListIndex":40},"endInFirst":{"line":18,"column":13,"tokenListIndex":46},"startInSecond":{"line":12,"column":0,"tokenListIndex":47},"endInSecond":{"line":15,"column":13,"tokenListIndex":53},"lengthOfFirst":7,"lengthOfSecond":7},{"firstFileName":"SERKAN_YILMAZ/StackQuestionsNonMember.tpp","secondFileName":"SEVKET_YESILPEKMEZ_MACOS/StackQuestionsNonMember.tpp","startInFirst":{"line":21,"column":28,"tokenListIndex":49},"endInFirst":{"line":27,"column":16,"tokenListIndex":54},"startInSecond":{"line":21,"column":12,"tokenListIndex":59},"endInSecond":{"line":23,"column":12,"tokenListIndex":64},"lengthOfFirst":6,"lengthOfSecond":6}],"firstSimilarity":0.5901639344262295,"secondSimilarity":0.5142857142857142}