{"firstSubmissionId":"SERKAN_YILMAZ","secondSubmissionId":"BORA_YALCIN","similarities":{"AVG":0.1509433962264151,"MAX":0.19672131147540983,"MAXIMUM_LENGTH":117.0,"LONGEST_MATCH":6.0},"matches":[{"firstFileName":"SERKAN_YILMAZ/StackQuestionsMember.tpp","secondFileName":"BORA_YALCIN/StackQuestionsNonMember.tpp","startInFirst":{"line":9,"column":57,"tokenListIndex":2},"endInFirst":{"line":15,"column":16,"tokenListIndex":7},"startInSecond":{"line":12,"column":46,"tokenListIndex":93},"endInSecond":{"line":16,"column":12,"tokenListIndex":98},"lengthOfFirst":6,"lengthOfSecond":6},{"firstFileName":"SERKAN_YILMAZ/StackQuestionsNonMember.tpp","secondFileName":"BORA_YALCIN/StackQuestionsNonMember.cpp","startInFirst":{"line":16,"column":4,"tokenListIndex":43},"endInFirst":{"line":21,"column":12,"tokenListIndex":48},"startInSecond":{"line":32,"column":1,"tokenListIndex":71},"endInSecond":{"line":35,"column":2,"tokenListIndex":76},"lengthOfFirst":6,"lengthOfSecond":6}],"firstSimilarity":0.19672131147540983,"secondSimilarity":0.12244897959183673}