{"firstSubmissionId":"SERKAN_YILMAZ","secondSubmissionId":"ABDULLAH_MERT_OZDEM","similarities":{"AVG":0.3645833333333333,"MAX":0.5737704918032787,"MAXIMUM_LENGTH":146.0,"LONGEST_MATCH":24.0},"matches":[{"firstFileName":"SERKAN_YILMAZ/StackQuestionsMember.tpp","secondFileName":"ABDULLAH_MERT_OZDEM/StackQuestionsMember.tpp","startInFirst":{"line":30,"column":22,"tokenListIndex":15},"endInFirst":{"line":63,"column":0,"tokenListIndex":38},"startInSecond":{"line":17,"column":0,"tokenListIndex":81},"endInSecond":{"line":36,"column":0,"tokenListIndex":104},"lengthOfFirst":24,"lengthOfSecond":24},{"firstFileName":"SERKAN_YILMAZ/StackQuestionsMember.tpp","secondFileName":"ABDULLAH_MERT_OZDEM/StackQuestionsMember.tpp","startInFirst":{"line":13,"column":4,"tokenListIndex":3},"endInFirst":{"line":25,"column":0,"tokenListIndex":13},"startInSecond":{"line":9,"column":4,"tokenListIndex":70},"endInSecond":{"line":14,"column":0,"tokenListIndex":80},"lengthOfFirst":11,"lengthOfSecond":11}],"firstSimilarity":0.5737704918032787,"secondSimilarity":0.26717557251908397}