{"firstSubmissionId":"SEVKET_YESILPEKMEZ_MACOS","secondSubmissionId":"BEGUM_HAMARAT","similarities":{"AVG":0.37305699481865284,"MAX":0.5142857142857142,"MAXIMUM_LENGTH":142.0,"LONGEST_MATCH":13.0},"matches":[{"firstFileName":"SEVKET_YESILPEKMEZ_MACOS/StackQuestionsMember.tpp","secondFileName":"BEGUM_HAMARAT/StackQuestionsMemberQ1Q2.tpp","startInFirst":{"line":39,"column":0,"tokenListIndex":23},"endInFirst":{"line":50,"column":12,"tokenListIndex":35},"startInSecond":{"line":27,"column":22,"tokenListIndex":122},"endInSecond":{"line":35,"column":26,"tokenListIndex":134},"lengthOfFirst":13,"lengthOfSecond":13},{"firstFileName":"SEVKET_YESILPEKMEZ_MACOS/StackQuestionsNonMember.tpp","secondFileName":"BEGUM_HAMARAT/StackQuestionsNonMemberQ3.tpp","startInFirst":{"line":12,"column":0,"tokenListIndex":47},"endInFirst":{"line":19,"column":4,"tokenListIndex":57},"startInSecond":{"line":12,"column":0,"tokenListIndex":71},"endInSecond":{"line":16,"column":15,"tokenListIndex":81},"lengthOfFirst":11,"lengthOfSecond":11},{"firstFileName":"SEVKET_YESILPEKMEZ_MACOS/StackQuestionsMember.tpp","secondFileName":"BEGUM_HAMARAT/StackQuestionsNonMemberQ4.cpp","startInFirst":{"line":56,"column":4,"tokenListIndex":39},"endInFirst":{"line":59,"column":4,"tokenListIndex":44},"startInSecond":{"line":48,"column":3,"tokenListIndex":38},"endInSecond":{"line":51,"column":3,"tokenListIndex":43},"lengthOfFirst":6,"lengthOfSecond":6},{"firstFileName":"SEVKET_YESILPEKMEZ_MACOS/StackQuestionsNonMember.tpp","secondFileName":"BEGUM_HAMARAT/StackQuestionsNonMemberQ3.tpp","startInFirst":{"line":22,"column":39,"tokenListIndex":63},"endInFirst":{"line":27,"column":4,"tokenListIndex":68},"startInSecond":{"line":24,"column":17,"tokenListIndex":94},"endInSecond":{"line":30,"column":2,"tokenListIndex":99},"lengthOfFirst":6,"lengthOfSecond":6}],"firstSimilarity":0.5142857142857142,"secondSimilarity":0.2926829268292683}