{"firstSubmissionId":"SEVKET_YESILPEKMEZ_MACOS","secondSubmissionId":"EMIR_KEREM_ISILDAR","similarities":{"AVG":0.16129032258064516,"MAX":0.21428571428571427,"MAXIMUM_LENGTH":136.0,"LONGEST_MATCH":8.0},"matches":[{"firstFileName":"SEVKET_YESILPEKMEZ_MACOS/StackQuestionsMember.tpp","secondFileName":"EMIR_KEREM_ISILDAR/StackQuestionsNonMember.tpp","startInFirst":{"line":53,"column":8,"tokenListIndex":37},"endInFirst":{"line":59,"column":4,"tokenListIndex":44},"startInSecond":{"line":25,"column":4,"tokenListIndex":89},"endInSecond":{"line":31,"column":2,"tokenListIndex":96},"lengthOfFirst":8,"lengthOfSecond":8},{"firstFileName":"SEVKET_YESILPEKMEZ_MACOS/StackQuestionsMember.tpp","secondFileName":"EMIR_KEREM_ISILDAR/StackQuestionsMember.tpp","startInFirst":{"line":46,"column":8,"tokenListIndex":30},"endInFirst":{"line":51,"column":8,"tokenListIndex":36},"startInSecond":{"line":55,"column":4,"tokenListIndex":59},"endInSecond":{"line":60,"column":4,"tokenListIndex":65},"lengthOfFirst":7,"lengthOfSecond":7}],"firstSimilarity":0.21428571428571427,"secondSimilarity":0.12931034482758622}