{"firstSubmissionId":"SEVKET_YESILPEKMEZ_MACOS","secondSubmissionId":"MEHMET_EREN_GUNER","similarities":{"AVG":0.25,"MAX":0.32857142857142857,"MAXIMUM_LENGTH":133.0,"LONGEST_MATCH":23.0},"matches":[{"firstFileName":"SEVKET_YESILPEKMEZ_MACOS/StackQuestionsMember.tpp","secondFileName":"MEHMET_EREN_GUNER/StackQuestionsMember.tpp","startInFirst":{"line":39,"column":0,"tokenListIndex":23},"endInFirst":{"line":61,"column":0,"tokenListIndex":45},"startInSecond":{"line":40,"column":22,"tokenListIndex":109},"endInSecond":{"line":59,"column":0,"tokenListIndex":131},"lengthOfFirst":23,"lengthOfSecond":23}],"firstSimilarity":0.32857142857142857,"secondSimilarity":0.20175438596491227}