{"firstSubmissionId":"SEVKET_YESILPEKMEZ_MACOS","secondSubmissionId":"MUHAMMED_EMIN_SEKER","similarities":{"AVG":0.2740740740740741,"MAX":0.5285714285714286,"MAXIMUM_LENGTH":219.0,"LONGEST_MATCH":13.0},"matches":[{"firstFileName":"SEVKET_YESILPEKMEZ_MACOS/StackQuestionsMember.tpp","secondFileName":"MUHAMMED_EMIN_SEKER/StackQuestionsMember.tpp","startInFirst":{"line":39,"column":0,"tokenListIndex":23},"endInFirst":{"line":50,"column":12,"tokenListIndex":35},"startInSecond":{"line":25,"column":22,"tokenListIndex":19},"endInSecond":{"line":33,"column":13,"tokenListIndex":31},"lengthOfFirst":13,"lengthOfSecond":13},{"firstFileName":"SEVKET_YESILPEKMEZ_MACOS/StackQuestionsMember.tpp","secondFileName":"MUHAMMED_EMIN_SEKER/StackQuestionsNonMember.cpp","startInFirst":{"line":53,"column":8,"tokenListIndex":37},"endInFirst":{"line":61,"column":0,"tokenListIndex":45},"startInSecond":{"line":109,"column":3,"tokenListIndex":171},"endInSecond":{"line":119,"column":2,"tokenListIndex":179},"lengthOfFirst":9,"lengthOfSecond":9},{"firstFileName":"SEVKET_YESILPEKMEZ_MACOS/StackQuestionsNonMember.tpp","secondFileName":"MUHAMMED_EMIN_SEKER/StackQuestionsNonMember.tpp","startInFirst":{"line":22,"column":28,"tokenListIndex":62},"endInFirst":{"line":28,"column":0,"tokenListIndex":70},"startInSecond":{"line":35,"column":7,"tokenListIndex":209},"endInSecond":{"line":44,"column":0,"tokenListIndex":217},"lengthOfFirst":9,"lengthOfSecond":9},{"firstFileName":"SEVKET_YESILPEKMEZ_MACOS/StackQuestionsNonMember.tpp","secondFileName":"MUHAMMED_EMIN_SEKER/StackQuestionsMember.tpp","startInFirst":{"line":15,"column":4,"tokenListIndex":52},"endInFirst":{"line":19,"column":4,"tokenListIndex":57},"startInSecond":{"line":11,"column":2,"tokenListIndex":3},"endInSecond":{"line":12,"column":21,"tokenListIndex":8},"lengthOfFirst":6,"lengthOfSecond":6}],"firstSimilarity":0.5285714285714286,"secondSimilarity":0.185}