{"firstSubmissionId":"SEVKET_YESILPEKMEZ_MACOS","secondSubmissionId":"MIRAY_DUYGULU","similarities":{"AVG":0.2564102564102564,"MAX":0.2857142857142857,"MAXIMUM_LENGTH":105.0,"LONGEST_MATCH":8.0},"matches":[{"firstFileName":"SEVKET_YESILPEKMEZ_MACOS/StackQuestionsMember.tpp","secondFileName":"MIRAY_DUYGULU/StackQuestionsMember_m.tpp","startInFirst":{"line":45,"column":10,"tokenListIndex":28},"endInFirst":{"line":50,"column":12,"tokenListIndex":35},"startInSecond":{"line":39,"column":6,"tokenListIndex":91},"endInSecond":{"line":42,"column":24,"tokenListIndex":98},"lengthOfFirst":8,"lengthOfSecond":8},{"firstFileName":"SEVKET_YESILPEKMEZ_MACOS/StackQuestionsMember.tpp","secondFileName":"MIRAY_DUYGULU/StackQuestionsMember_m.tpp","startInFirst":{"line":56,"column":4,"tokenListIndex":39},"endInFirst":{"line":59,"column":4,"tokenListIndex":44},"startInSecond":{"line":21,"column":2,"tokenListIndex":75},"endInSecond":{"line":24,"column":2,"tokenListIndex":80},"lengthOfFirst":6,"lengthOfSecond":6},{"firstFileName":"SEVKET_YESILPEKMEZ_MACOS/StackQuestionsNonMember.tpp","secondFileName":"MIRAY_DUYGULU/StackQuestionsNonMember_m.tpp","startInFirst":{"line":21,"column":4,"tokenListIndex":58},"endInFirst":{"line":22,"column":39,"tokenListIndex":63},"startInSecond":{"line":16,"column":2,"tokenListIndex":38},"endInSecond":{"line":18,"column":8,"tokenListIndex":43},"lengthOfFirst":6,"lengthOfSecond":6}],"firstSimilarity":0.2857142857142857,"secondSimilarity":0.23255813953488372}