{"firstSubmissionId":"SEVKET_YESILPEKMEZ_MACOS","secondSubmissionId":"EDA_GUL_CETINEL","similarities":{"AVG":0.2948717948717949,"MAX":0.32857142857142857,"MAXIMUM_LENGTH":106.0,"LONGEST_MATCH":8.0},"matches":[{"firstFileName":"SEVKET_YESILPEKMEZ_MACOS/StackQuestionsMember.tpp","secondFileName":"EDA_GUL_CETINEL/StackQuestionsMember.tpp","startInFirst":{"line":43,"column":8,"tokenListIndex":25},"endInFirst":{"line":48,"column":15,"tokenListIndex":32},"startInSecond":{"line":31,"column":4,"tokenListIndex":24},"endInSecond":{"line":35,"column":16,"tokenListIndex":31},"lengthOfFirst":8,"lengthOfSecond":8},{"firstFileName":"SEVKET_YESILPEKMEZ_MACOS/StackQuestionsMember.tpp","secondFileName":"EDA_GUL_CETINEL/StackQuestionsMember.tpp","startInFirst":{"line":54,"column":4,"tokenListIndex":38},"endInFirst":{"line":61,"column":0,"tokenListIndex":45},"startInSecond":{"line":53,"column":4,"tokenListIndex":50},"endInSecond":{"line":59,"column":0,"tokenListIndex":57},"lengthOfFirst":8,"lengthOfSecond":8},{"firstFileName":"SEVKET_YESILPEKMEZ_MACOS/StackQuestionsNonMember.tpp","secondFileName":"EDA_GUL_CETINEL/StackQuestionsNonMember.tpp","startInFirst":{"line":12,"column":0,"tokenListIndex":47},"endInFirst":{"line":15,"column":13,"tokenListIndex":53},"startInSecond":{"line":12,"column":0,"tokenListIndex":77},"endInSecond":{"line":14,"column":13,"tokenListIndex":83},"lengthOfFirst":7,"lengthOfSecond":7}],"firstSimilarity":0.32857142857142857,"secondSimilarity":0.26744186046511625}