{"firstSubmissionId":"SEVKET_YESILPEKMEZ_MACOS","secondSubmissionId":"BERKE_TURKBAY","similarities":{"AVG":0.09722222222222222,"MAX":0.1,"MAXIMUM_LENGTH":94.0,"LONGEST_MATCH":7.0},"matches":[{"firstFileName":"SEVKET_YESILPEKMEZ_MACOS/StackQuestionsNonMember.tpp","secondFileName":"BERKE_TURKBAY/StackQuestionsNonMember.tpp","startInFirst":{"line":12,"column":0,"tokenListIndex":47},"endInFirst":{"line":15,"column":13,"tokenListIndex":53},"startInSecond":{"line":12,"column":0,"tokenListIndex":47},"endInSecond":{"line":17,"column":8,"tokenListIndex":53},"lengthOfFirst":7,"lengthOfSecond":7}],"firstSimilarity":0.1,"secondSimilarity":0.0945945945945946}