{"firstSubmissionId":"SEVKET_YESILPEKMEZ_MACOS","secondSubmissionId":"HASAN_ZAFER_BILIR","similarities":{"AVG":0.291970802919708,"MAX":0.29850746268656714,"MAXIMUM_LENGTH":87.0,"LONGEST_MATCH":7.0},"matches":[{"firstFileName":"SEVKET_YESILPEKMEZ_MACOS/StackQuestionsMember.tpp","secondFileName":"HASAN_ZAFER_BILIR/StackQuestionsMember.tpp","startInFirst":{"line":46,"column":8,"tokenListIndex":30},"endInFirst":{"line":51,"column":8,"tokenListIndex":36},"startInSecond":{"line":28,"column":12,"tokenListIndex":16},"endInSecond":{"line":33,"column":1,"tokenListIndex":22},"lengthOfFirst":7,"lengthOfSecond":7},{"firstFileName":"SEVKET_YESILPEKMEZ_MACOS/StackQuestionsNonMember.tpp","secondFileName":"HASAN_ZAFER_BILIR/StackQuestionsMember.tpp","startInFirst":{"line":21,"column":4,"tokenListIndex":58},"endInFirst":{"line":23,"column":12,"tokenListIndex":64},"startInSecond":{"line":54,"column":1,"tokenListIndex":39},"endInSecond":{"line":56,"column":14,"tokenListIndex":45},"lengthOfFirst":7,"lengthOfSecond":7},{"firstFileName":"SEVKET_YESILPEKMEZ_MACOS/StackQuestionsMember.tpp","secondFileName":"HASAN_ZAFER_BILIR/StackQuestionsMember.tpp","startInFirst":{"line":56,"column":4,"tokenListIndex":39},"endInFirst":{"line":59,"column":4,"tokenListIndex":44},"startInSecond":{"line":46,"column":1,"tokenListIndex":30},"endInSecond":{"line":49,"column":1,"tokenListIndex":35},"lengthOfFirst":6,"lengthOfSecond":6}],"firstSimilarity":0.2857142857142857,"secondSimilarity":0.29850746268656714}