{"firstSubmissionId":"SEVKET_YESILPEKMEZ_MACOS","secondSubmissionId":"ABDULLAH_MERT_OZDEM","similarities":{"AVG":0.25870646766169153,"MAX":0.37142857142857144,"MAXIMUM_LENGTH":146.0,"LONGEST_MATCH":16.0},"matches":[{"firstFileName":"SEVKET_YESILPEKMEZ_MACOS/StackQuestionsMember.tpp","secondFileName":"ABDULLAH_MERT_OZDEM/StackQuestionsMember.tpp","startInFirst":{"line":31,"column":4,"tokenListIndex":20},"endInFirst":{"line":50,"column":12,"tokenListIndex":35},"startInSecond":{"line":13,"column":4,"tokenListIndex":78},"endInSecond":{"line":25,"column":29,"tokenListIndex":93},"lengthOfFirst":16,"lengthOfSecond":16},{"firstFileName":"SEVKET_YESILPEKMEZ_MACOS/StackQuestionsMember.tpp","secondFileName":"ABDULLAH_MERT_OZDEM/StackQuestionsMember.tpp","startInFirst":{"line":51,"column":8,"tokenListIndex":36},"endInFirst":{"line":61,"column":0,"tokenListIndex":45},"startInSecond":{"line":27,"column":8,"tokenListIndex":95},"endInSecond":{"line":36,"column":0,"tokenListIndex":104},"lengthOfFirst":10,"lengthOfSecond":10}],"firstSimilarity":0.37142857142857144,"secondSimilarity":0.1984732824427481}