{"firstSubmissionId":"SEVKET_YESILPEKMEZ_MACOS","secondSubmissionId":"EGE_KARTAL","similarities":{"AVG":0.3076923076923077,"MAX":0.5142857142857142,"MAXIMUM_LENGTH":183.0,"LONGEST_MATCH":8.0},"matches":[{"firstFileName":"SEVKET_YESILPEKMEZ_MACOS/StackQuestionsMember.tpp","secondFileName":"EGE_KARTAL/StackQuestionsMember.tpp","startInFirst":{"line":45,"column":10,"tokenListIndex":28},"endInFirst":{"line":50,"column":12,"tokenListIndex":35},"startInSecond":{"line":43,"column":2,"tokenListIndex":42},"endInSecond":{"line":46,"column":14,"tokenListIndex":49},"lengthOfFirst":8,"lengthOfSecond":8},{"firstFileName":"SEVKET_YESILPEKMEZ_MACOS/StackQuestionsMember.tpp","secondFileName":"EGE_KARTAL/StackQuestionsNonMember.tpp","startInFirst":{"line":53,"column":8,"tokenListIndex":37},"endInFirst":{"line":59,"column":4,"tokenListIndex":44},"startInSecond":{"line":32,"column":3,"tokenListIndex":172},"endInSecond":{"line":38,"column":2,"tokenListIndex":179},"lengthOfFirst":8,"lengthOfSecond":8},{"firstFileName":"SEVKET_YESILPEKMEZ_MACOS/StackQuestionsNonMember.tpp","secondFileName":"EGE_KARTAL/StackQuestionsNonMember.tpp","startInFirst":{"line":12,"column":0,"tokenListIndex":47},"endInFirst":{"line":15,"column":13,"tokenListIndex":53},"startInSecond":{"line":12,"column":0,"tokenListIndex":143},"endInSecond":{"line":14,"column":11,"tokenListIndex":149},"lengthOfFirst":7,"lengthOfSecond":7},{"firstFileName":"SEVKET_YESILPEKMEZ_MACOS/StackQuestionsNonMember.tpp","secondFileName":"EGE_KARTAL/StackQuestionsNonMember.tpp","startInFirst":{"line":21,"column":4,"tokenListIndex":58},"endInFirst":{"line":23,"column":12,"tokenListIndex":64},"startInSecond":{"line":18,"column":2,"tokenListIndex":153},"endInSecond":{"line":22,"column":18,"tokenListIndex":159},"lengthOfFirst":7,"lengthOfSecond":7},{"firstFileName":"SEVKET_YESILPEKMEZ_MACOS/StackQuestionsMember.tpp","secondFileName":"EGE_KARTAL/StackQuestionsMember.tpp","startInFirst":{"line":10,"column":0,"tokenListIndex":0},"endInFirst":{"line":13,"column":11,"tokenListIndex":5},"startInSecond":{"line":9,"column":22,"tokenListIndex":1},"endInSecond":{"line":13,"column":9,"tokenListIndex":6},"lengthOfFirst":6,"lengthOfSecond":6}],"firstSimilarity":0.5142857142857142,"secondSimilarity":0.21951219512195122}