{"id1":"BEGUM_HAMARAT","id2":"ISMAIL_ERIM_ATAKTURK","similarity":0.3142857142857143,"matches":[{"file1":"BEGUM_HAMARAT/LinkedListQuestions.cpp","file2":"ISMAIL_ERIM_ATAKTURK/LinkedListQuestions.cpp","start1":66,"end1":81,"start2":50,"end2":61,"tokens":12},{"file1":"BEGUM_HAMARAT/LinkedListQuestions.cpp","file2":"ISMAIL_ERIM_ATAKTURK/LinkedListQuestions.cpp","start1":39,"end1":50,"start2":30,"end2":41,"tokens":11},{"file1":"BEGUM_HAMARAT/LinkedListQuestions.cpp","file2":"ISMAIL_ERIM_ATAKTURK/LinkedListQuestions.cpp","start1":8,"end1":15,"start2":6,"end2":11,"tokens":10}]}