{"id1":"MEHMET_EREN_GUNER","id2":"BEGUM_HAMARAT","similarity":0.35428571428571426,"matches":[{"file1":"MEHMET_EREN_GUNER/LinkedListQuestions.cpp","file2":"BEGUM_HAMARAT/LinkedListQuestions.cpp","start1":16,"end1":27,"start2":18,"end2":32,"tokens":11},{"file1":"MEHMET_EREN_GUNER/LinkedListQuestions.cpp","file2":"BEGUM_HAMARAT/LinkedListQuestions.cpp","start1":8,"end1":15,"start2":8,"end2":15,"tokens":10},{"file1":"MEHMET_EREN_GUNER/LinkedListQuestions.cpp","file2":"BEGUM_HAMARAT/LinkedListQuestions.cpp","start1":67,"end1":78,"start2":98,"end2":117,"tokens":10}]}