{"jplag_version":{"major":4,"minor":3,"patch":0},"submission_folder_path":["/home/bestsithineu/Desktop/CSE211-Fall25/section1/labwork1-Odd"],"base_code_folder_path":"base","language":"C/C++ Scanner [basic markup]","file_extensions":[".cpp",".h"],"submission_id_to_display_name":{"AYBERK_SENSOZ":"AYBERK_SENSOZ","EGE_KARTAL":"EGE_KARTAL","MIRAY_DUYGULU":"MIRAY_DUYGULU","EMIR_KEREM_ISILDAR":"EMIR_KEREM_ISILDAR","GPT":"GPT","DORUK_OCAL":"DORUK_OCAL","HASAN_ZAFER_BILIR":"HASAN_ZAFER_BILIR","CIHAT_OZLUK":"CIHAT_OZLUK","EDA_GUL_CETINEL":"EDA_GUL_CETINEL","NEVZAT_OGUZHAN_TOPUZ":"NEVZAT_OGUZHAN_TOPUZ","ELIF_NAZ_TURAN":"ELIF_NAZ_TURAN","KEREM_KOSE":"KEREM_KOSE","MEHMET_ALI_CIFCI":"MEHMET_ALI_CIFCI","FAIK_DEMIRAY":"FAIK_DEMIRAY","FATIH_KAGAN_CEBI":"FATIH_KAGAN_CEBI","SEVKET_YESILPEKMEZ":"SEVKET_YESILPEKMEZ","ISMAIL_ERIM_ATAKTURK":"ISMAIL_ERIM_ATAKTURK","SERKAN_YILMAZ":"SERKAN_YILMAZ","BERKE_TURKBAY":"BERKE_TURKBAY","MUHAMMED_EMIN_SEKER":"MUHAMMED_EMIN_SEKER","EYLUL_PIRINCAL":"EYLUL_PIRINCAL","BEGUM_HAMARAT":"BEGUM_HAMARAT","BAHA_ARDA_INALKUT":"BAHA_ARDA_INALKUT","HATICE_SENA_SES":"HATICE_SENA_SES","BORA_YALCIN":"BORA_YALCIN","CLAUDE":"CLAUDE","MEHMET_EREN_GUNER":"MEHMET_EREN_GUNER"},"submission_ids_to_comparison_file_name":{"EGE_KARTAL":{"EDA_GUL_CETINEL":"EDA_GUL_CETINEL-EGE_KARTAL.json","ISMAIL_ERIM_ATAKTURK":"EGE_KARTAL-ISMAIL_ERIM_ATAKTURK.json","EMIR_KEREM_ISILDAR":"EMIR_KEREM_ISILDAR-EGE_KARTAL.json","SERKAN_YILMAZ":"SERKAN_YILMAZ-EGE_KARTAL.json","HATICE_SENA_SES":"HATICE_SENA_SES-EGE_KARTAL.json","BORA_YALCIN":"BORA_YALCIN-EGE_KARTAL.json","GPT":"EGE_KARTAL-GPT.json","CLAUDE":"EGE_KARTAL-CLAUDE.json","HASAN_ZAFER_BILIR":"HASAN_ZAFER_BILIR-EGE_KARTAL.json","MUHAMMED_EMIN_SEKER":"MUHAMMED_EMIN_SEKER-EGE_KARTAL.json","MEHMET_EREN_GUNER":"MEHMET_EREN_GUNER-EGE_KARTAL.json"},"AYBERK_SENSOZ":{"SERKAN_YILMAZ":"AYBERK_SENSOZ-SERKAN_YILMAZ.json"},"MIRAY_DUYGULU":{"EDA_GUL_CETINEL":"EDA_GUL_CETINEL-MIRAY_DUYGULU.json","BEGUM_HAMARAT":"BEGUM_HAMARAT-MIRAY_DUYGULU.json","SEVKET_YESILPEKMEZ":"SEVKET_YESILPEKMEZ-MIRAY_DUYGULU.json","BERKE_TURKBAY":"BERKE_TURKBAY-MIRAY_DUYGULU.json","SERKAN_YILMAZ":"SERKAN_YILMAZ-MIRAY_DUYGULU.json","HATICE_SENA_SES":"HATICE_SENA_SES-MIRAY_DUYGULU.json","BORA_YALCIN":"BORA_YALCIN-MIRAY_DUYGULU.json","CLAUDE":"MIRAY_DUYGULU-CLAUDE.json","HASAN_ZAFER_BILIR":"HASAN_ZAFER_BILIR-MIRAY_DUYGULU.json","MUHAMMED_EMIN_SEKER":"MUHAMMED_EMIN_SEKER-MIRAY_DUYGULU.json"},"EMIR_KEREM_ISILDAR":{"EDA_GUL_CETINEL":"EMIR_KEREM_ISILDAR-EDA_GUL_CETINEL.json","NEVZAT_OGUZHAN_TOPUZ":"EMIR_KEREM_ISILDAR-NEVZAT_OGUZHAN_TOPUZ.json","EGE_KARTAL":"EMIR_KEREM_ISILDAR-EGE_KARTAL.json","SERKAN_YILMAZ":"SERKAN_YILMAZ-EMIR_KEREM_ISILDAR.json","HASAN_ZAFER_BILIR":"HASAN_ZAFER_BILIR-EMIR_KEREM_ISILDAR.json","DORUK_OCAL":"DORUK_OCAL-EMIR_KEREM_ISILDAR.json","EYLUL_PIRINCAL":"EMIR_KEREM_ISILDAR-EYLUL_PIRINCAL.json"},"GPT":{"BEGUM_HAMARAT":"BEGUM_HAMARAT-GPT.json","EDA_GUL_CETINEL":"EDA_GUL_CETINEL-GPT.json","EGE_KARTAL":"EGE_KARTAL-GPT.json","ISMAIL_ERIM_ATAKTURK":"GPT-ISMAIL_ERIM_ATAKTURK.json","SERKAN_YILMAZ":"SERKAN_YILMAZ-GPT.json","BORA_YALCIN":"BORA_YALCIN-GPT.json","MEHMET_EREN_GUNER":"MEHMET_EREN_GUNER-GPT.json"},"HASAN_ZAFER_BILIR":{"EDA_GUL_CETINEL":"HASAN_ZAFER_BILIR-EDA_GUL_CETINEL.json","BEGUM_HAMARAT":"HASAN_ZAFER_BILIR-BEGUM_HAMARAT.json","SEVKET_YESILPEKMEZ":"HASAN_ZAFER_BILIR-SEVKET_YESILPEKMEZ.json","EGE_KARTAL":"HASAN_ZAFER_BILIR-EGE_KARTAL.json","MIRAY_DUYGULU":"HASAN_ZAFER_BILIR-MIRAY_DUYGULU.json","BERKE_TURKBAY":"HASAN_ZAFER_BILIR-BERKE_TURKBAY.json","SERKAN_YILMAZ":"SERKAN_YILMAZ-HASAN_ZAFER_BILIR.json","EMIR_KEREM_ISILDAR":"HASAN_ZAFER_BILIR-EMIR_KEREM_ISILDAR.json","CLAUDE":"HASAN_ZAFER_BILIR-CLAUDE.json","MUHAMMED_EMIN_SEKER":"HASAN_ZAFER_BILIR-MUHAMMED_EMIN_SEKER.json","EYLUL_PIRINCAL":"HASAN_ZAFER_BILIR-EYLUL_PIRINCAL.json"},"DORUK_OCAL":{"EMIR_KEREM_ISILDAR":"DORUK_OCAL-EMIR_KEREM_ISILDAR.json","SERKAN_YILMAZ":"SERKAN_YILMAZ-DORUK_OCAL.json"},"CIHAT_OZLUK":{"SERKAN_YILMAZ":"CIHAT_OZLUK-SERKAN_YILMAZ.json"},"EDA_GUL_CETINEL":{"SEVKET_YESILPEKMEZ":"SEVKET_YESILPEKMEZ-EDA_GUL_CETINEL.json","EGE_KARTAL":"EDA_GUL_CETINEL-EGE_KARTAL.json","ISMAIL_ERIM_ATAKTURK":"EDA_GUL_CETINEL-ISMAIL_ERIM_ATAKTURK.json","MIRAY_DUYGULU":"EDA_GUL_CETINEL-MIRAY_DUYGULU.json","EMIR_KEREM_ISILDAR":"EMIR_KEREM_ISILDAR-EDA_GUL_CETINEL.json","SERKAN_YILMAZ":"SERKAN_YILMAZ-EDA_GUL_CETINEL.json","GPT":"EDA_GUL_CETINEL-GPT.json","HASAN_ZAFER_BILIR":"HASAN_ZAFER_BILIR-EDA_GUL_CETINEL.json","MUHAMMED_EMIN_SEKER":"EDA_GUL_CETINEL-MUHAMMED_EMIN_SEKER.json","EYLUL_PIRINCAL":"EYLUL_PIRINCAL-EDA_GUL_CETINEL.json","BEGUM_HAMARAT":"EDA_GUL_CETINEL-BEGUM_HAMARAT.json","NEVZAT_OGUZHAN_TOPUZ":"EDA_GUL_CETINEL-NEVZAT_OGUZHAN_TOPUZ.json","BORA_YALCIN":"EDA_GUL_CETINEL-BORA_YALCIN.json","MEHMET_EREN_GUNER":"EDA_GUL_CETINEL-MEHMET_EREN_GUNER.json"},"NEVZAT_OGUZHAN_TOPUZ":{"SEVKET_YESILPEKMEZ":"SEVKET_YESILPEKMEZ-NEVZAT_OGUZHAN_TOPUZ.json","SERKAN_YILMAZ":"SERKAN_YILMAZ-NEVZAT_OGUZHAN_TOPUZ.json","BERKE_TURKBAY":"NEVZAT_OGUZHAN_TOPUZ-BERKE_TURKBAY.json","EMIR_KEREM_ISILDAR":"EMIR_KEREM_ISILDAR-NEVZAT_OGUZHAN_TOPUZ.json","MUHAMMED_EMIN_SEKER":"MUHAMMED_EMIN_SEKER-NEVZAT_OGUZHAN_TOPUZ.json","EYLUL_PIRINCAL":"EYLUL_PIRINCAL-NEVZAT_OGUZHAN_TOPUZ.json","BEGUM_HAMARAT":"NEVZAT_OGUZHAN_TOPUZ-BEGUM_HAMARAT.json","EDA_GUL_CETINEL":"EDA_GUL_CETINEL-NEVZAT_OGUZHAN_TOPUZ.json","ELIF_NAZ_TURAN":"ELIF_NAZ_TURAN-NEVZAT_OGUZHAN_TOPUZ.json","HATICE_SENA_SES":"HATICE_SENA_SES-NEVZAT_OGUZHAN_TOPUZ.json","BORA_YALCIN":"NEVZAT_OGUZHAN_TOPUZ-BORA_YALCIN.json","CLAUDE":"NEVZAT_OGUZHAN_TOPUZ-CLAUDE.json","FAIK_DEMIRAY":"FAIK_DEMIRAY-NEVZAT_OGUZHAN_TOPUZ.json"},"ELIF_NAZ_TURAN":{"NEVZAT_OGUZHAN_TOPUZ":"ELIF_NAZ_TURAN-NEVZAT_OGUZHAN_TOPUZ.json","SERKAN_YILMAZ":"SERKAN_YILMAZ-ELIF_NAZ_TURAN.json","CLAUDE":"ELIF_NAZ_TURAN-CLAUDE.json"},"KEREM_KOSE":{"SERKAN_YILMAZ":"KEREM_KOSE-SERKAN_YILMAZ.json"},"MEHMET_ALI_CIFCI":{"SERKAN_YILMAZ":"MEHMET_ALI_CIFCI-SERKAN_YILMAZ.json"},"FAIK_DEMIRAY":{"NEVZAT_OGUZHAN_TOPUZ":"FAIK_DEMIRAY-NEVZAT_OGUZHAN_TOPUZ.json","SERKAN_YILMAZ":"SERKAN_YILMAZ-FAIK_DEMIRAY.json"},"FATIH_KAGAN_CEBI":{"SERKAN_YILMAZ":"SERKAN_YILMAZ-FATIH_KAGAN_CEBI.json"},"SEVKET_YESILPEKMEZ":{"EDA_GUL_CETINEL":"SEVKET_YESILPEKMEZ-EDA_GUL_CETINEL.json","BEGUM_HAMARAT":"SEVKET_YESILPEKMEZ-BEGUM_HAMARAT.json","NEVZAT_OGUZHAN_TOPUZ":"SEVKET_YESILPEKMEZ-NEVZAT_OGUZHAN_TOPUZ.json","MIRAY_DUYGULU":"SEVKET_YESILPEKMEZ-MIRAY_DUYGULU.json","SERKAN_YILMAZ":"SERKAN_YILMAZ-SEVKET_YESILPEKMEZ.json","HATICE_SENA_SES":"HATICE_SENA_SES-SEVKET_YESILPEKMEZ.json","HASAN_ZAFER_BILIR":"HASAN_ZAFER_BILIR-SEVKET_YESILPEKMEZ.json","CLAUDE":"SEVKET_YESILPEKMEZ-CLAUDE.json","MUHAMMED_EMIN_SEKER":"SEVKET_YESILPEKMEZ-MUHAMMED_EMIN_SEKER.json"},"ISMAIL_ERIM_ATAKTURK":{"EDA_GUL_CETINEL":"EDA_GUL_CETINEL-ISMAIL_ERIM_ATAKTURK.json","BEGUM_HAMARAT":"BEGUM_HAMARAT-ISMAIL_ERIM_ATAKTURK.json","EGE_KARTAL":"EGE_KARTAL-ISMAIL_ERIM_ATAKTURK.json","SERKAN_YILMAZ":"SERKAN_YILMAZ-ISMAIL_ERIM_ATAKTURK.json","BORA_YALCIN":"BORA_YALCIN-ISMAIL_ERIM_ATAKTURK.json","GPT":"GPT-ISMAIL_ERIM_ATAKTURK.json","MEHMET_EREN_GUNER":"MEHMET_EREN_GUNER-ISMAIL_ERIM_ATAKTURK.json"},"SERKAN_YILMAZ":{"EGE_KARTAL":"SERKAN_YILMAZ-EGE_KARTAL.json","AYBERK_SENSOZ":"AYBERK_SENSOZ-SERKAN_YILMAZ.json","MIRAY_DUYGULU":"SERKAN_YILMAZ-MIRAY_DUYGULU.json","EMIR_KEREM_ISILDAR":"SERKAN_YILMAZ-EMIR_KEREM_ISILDAR.json","GPT":"SERKAN_YILMAZ-GPT.json","HASAN_ZAFER_BILIR":"SERKAN_YILMAZ-HASAN_ZAFER_BILIR.json","DORUK_OCAL":"SERKAN_YILMAZ-DORUK_OCAL.json","CIHAT_OZLUK":"CIHAT_OZLUK-SERKAN_YILMAZ.json","EDA_GUL_CETINEL":"SERKAN_YILMAZ-EDA_GUL_CETINEL.json","NEVZAT_OGUZHAN_TOPUZ":"SERKAN_YILMAZ-NEVZAT_OGUZHAN_TOPUZ.json","ELIF_NAZ_TURAN":"SERKAN_YILMAZ-ELIF_NAZ_TURAN.json","KEREM_KOSE":"KEREM_KOSE-SERKAN_YILMAZ.json","MEHMET_ALI_CIFCI":"MEHMET_ALI_CIFCI-SERKAN_YILMAZ.json","FAIK_DEMIRAY":"SERKAN_YILMAZ-FAIK_DEMIRAY.json","FATIH_KAGAN_CEBI":"SERKAN_YILMAZ-FATIH_KAGAN_CEBI.json","ISMAIL_ERIM_ATAKTURK":"SERKAN_YILMAZ-ISMAIL_ERIM_ATAKTURK.json","SEVKET_YESILPEKMEZ":"SERKAN_YILMAZ-SEVKET_YESILPEKMEZ.json","BERKE_TURKBAY":"SERKAN_YILMAZ-BERKE_TURKBAY.json","MUHAMMED_EMIN_SEKER":"SERKAN_YILMAZ-MUHAMMED_EMIN_SEKER.json","EYLUL_PIRINCAL":"SERKAN_YILMAZ-EYLUL_PIRINCAL.json","BEGUM_HAMARAT":"SERKAN_YILMAZ-BEGUM_HAMARAT.json","BAHA_ARDA_INALKUT":"SERKAN_YILMAZ-BAHA_ARDA_INALKUT.json","HATICE_SENA_SES":"SERKAN_YILMAZ-HATICE_SENA_SES.json","BORA_YALCIN":"SERKAN_YILMAZ-BORA_YALCIN.json","CLAUDE":"SERKAN_YILMAZ-CLAUDE.json","MEHMET_EREN_GUNER":"SERKAN_YILMAZ-MEHMET_EREN_GUNER.json"},"BERKE_TURKBAY":{"BEGUM_HAMARAT":"BEGUM_HAMARAT-BERKE_TURKBAY.json","NEVZAT_OGUZHAN_TOPUZ":"NEVZAT_OGUZHAN_TOPUZ-BERKE_TURKBAY.json","MIRAY_DUYGULU":"BERKE_TURKBAY-MIRAY_DUYGULU.json","SERKAN_YILMAZ":"SERKAN_YILMAZ-BERKE_TURKBAY.json","BORA_YALCIN":"BORA_YALCIN-BERKE_TURKBAY.json","HASAN_ZAFER_BILIR":"HASAN_ZAFER_BILIR-BERKE_TURKBAY.json","EYLUL_PIRINCAL":"EYLUL_PIRINCAL-BERKE_TURKBAY.json"},"MUHAMMED_EMIN_SEKER":{"BEGUM_HAMARAT":"MUHAMMED_EMIN_SEKER-BEGUM_HAMARAT.json","EDA_GUL_CETINEL":"EDA_GUL_CETINEL-MUHAMMED_EMIN_SEKER.json","NEVZAT_OGUZHAN_TOPUZ":"MUHAMMED_EMIN_SEKER-NEVZAT_OGUZHAN_TOPUZ.json","EGE_KARTAL":"MUHAMMED_EMIN_SEKER-EGE_KARTAL.json","SEVKET_YESILPEKMEZ":"SEVKET_YESILPEKMEZ-MUHAMMED_EMIN_SEKER.json","MIRAY_DUYGULU":"MUHAMMED_EMIN_SEKER-MIRAY_DUYGULU.json","SERKAN_YILMAZ":"SERKAN_YILMAZ-MUHAMMED_EMIN_SEKER.json","HATICE_SENA_SES":"HATICE_SENA_SES-MUHAMMED_EMIN_SEKER.json","HASAN_ZAFER_BILIR":"HASAN_ZAFER_BILIR-MUHAMMED_EMIN_SEKER.json","CLAUDE":"MUHAMMED_EMIN_SEKER-CLAUDE.json"},"EYLUL_PIRINCAL":{"EDA_GUL_CETINEL":"EYLUL_PIRINCAL-EDA_GUL_CETINEL.json","NEVZAT_OGUZHAN_TOPUZ":"EYLUL_PIRINCAL-NEVZAT_OGUZHAN_TOPUZ.json","SERKAN_YILMAZ":"SERKAN_YILMAZ-EYLUL_PIRINCAL.json","BERKE_TURKBAY":"EYLUL_PIRINCAL-BERKE_TURKBAY.json","EMIR_KEREM_ISILDAR":"EMIR_KEREM_ISILDAR-EYLUL_PIRINCAL.json","HASAN_ZAFER_BILIR":"HASAN_ZAFER_BILIR-EYLUL_PIRINCAL.json","CLAUDE":"EYLUL_PIRINCAL-CLAUDE.json"},"BEGUM_HAMARAT":{"ISMAIL_ERIM_ATAKTURK":"BEGUM_HAMARAT-ISMAIL_ERIM_ATAKTURK.json","SEVKET_YESILPEKMEZ":"SEVKET_YESILPEKMEZ-BEGUM_HAMARAT.json","MIRAY_DUYGULU":"BEGUM_HAMARAT-MIRAY_DUYGULU.json","SERKAN_YILMAZ":"SERKAN_YILMAZ-BEGUM_HAMARAT.json","BERKE_TURKBAY":"BEGUM_HAMARAT-BERKE_TURKBAY.json","GPT":"BEGUM_HAMARAT-GPT.json","HASAN_ZAFER_BILIR":"HASAN_ZAFER_BILIR-BEGUM_HAMARAT.json","MUHAMMED_EMIN_SEKER":"MUHAMMED_EMIN_SEKER-BEGUM_HAMARAT.json","EDA_GUL_CETINEL":"EDA_GUL_CETINEL-BEGUM_HAMARAT.json","NEVZAT_OGUZHAN_TOPUZ":"NEVZAT_OGUZHAN_TOPUZ-BEGUM_HAMARAT.json","CLAUDE":"BEGUM_HAMARAT-CLAUDE.json","MEHMET_EREN_GUNER":"MEHMET_EREN_GUNER-BEGUM_HAMARAT.json"},"BAHA_ARDA_INALKUT":{"SERKAN_YILMAZ":"SERKAN_YILMAZ-BAHA_ARDA_INALKUT.json"},"HATICE_SENA_SES":{"NEVZAT_OGUZHAN_TOPUZ":"HATICE_SENA_SES-NEVZAT_OGUZHAN_TOPUZ.json","SEVKET_YESILPEKMEZ":"HATICE_SENA_SES-SEVKET_YESILPEKMEZ.json","EGE_KARTAL":"HATICE_SENA_SES-EGE_KARTAL.json","MIRAY_DUYGULU":"HATICE_SENA_SES-MIRAY_DUYGULU.json","SERKAN_YILMAZ":"SERKAN_YILMAZ-HATICE_SENA_SES.json","CLAUDE":"HATICE_SENA_SES-CLAUDE.json","MUHAMMED_EMIN_SEKER":"HATICE_SENA_SES-MUHAMMED_EMIN_SEKER.json"},"BORA_YALCIN":{"EDA_GUL_CETINEL":"EDA_GUL_CETINEL-BORA_YALCIN.json","NEVZAT_OGUZHAN_TOPUZ":"NEVZAT_OGUZHAN_TOPUZ-BORA_YALCIN.json","ISMAIL_ERIM_ATAKTURK":"BORA_YALCIN-ISMAIL_ERIM_ATAKTURK.json","EGE_KARTAL":"BORA_YALCIN-EGE_KARTAL.json","MIRAY_DUYGULU":"BORA_YALCIN-MIRAY_DUYGULU.json","SERKAN_YILMAZ":"SERKAN_YILMAZ-BORA_YALCIN.json","BERKE_TURKBAY":"BORA_YALCIN-BERKE_TURKBAY.json","GPT":"BORA_YALCIN-GPT.json","CLAUDE":"BORA_YALCIN-CLAUDE.json","MEHMET_EREN_GUNER":"MEHMET_EREN_GUNER-BORA_YALCIN.json"},"CLAUDE":{"EGE_KARTAL":"EGE_KARTAL-CLAUDE.json","SEVKET_YESILPEKMEZ":"SEVKET_YESILPEKMEZ-CLAUDE.json","MIRAY_DUYGULU":"MIRAY_DUYGULU-CLAUDE.json","SERKAN_YILMAZ":"SERKAN_YILMAZ-CLAUDE.json","HASAN_ZAFER_BILIR":"HASAN_ZAFER_BILIR-CLAUDE.json","MUHAMMED_EMIN_SEKER":"MUHAMMED_EMIN_SEKER-CLAUDE.json","EYLUL_PIRINCAL":"EYLUL_PIRINCAL-CLAUDE.json","BEGUM_HAMARAT":"BEGUM_HAMARAT-CLAUDE.json","NEVZAT_OGUZHAN_TOPUZ":"NEVZAT_OGUZHAN_TOPUZ-CLAUDE.json","ELIF_NAZ_TURAN":"ELIF_NAZ_TURAN-CLAUDE.json","HATICE_SENA_SES":"HATICE_SENA_SES-CLAUDE.json","BORA_YALCIN":"BORA_YALCIN-CLAUDE.json"},"MEHMET_EREN_GUNER":{"BEGUM_HAMARAT":"MEHMET_EREN_GUNER-BEGUM_HAMARAT.json","EDA_GUL_CETINEL":"EDA_GUL_CETINEL-MEHMET_EREN_GUNER.json","ISMAIL_ERIM_ATAKTURK":"MEHMET_EREN_GUNER-ISMAIL_ERIM_ATAKTURK.json","EGE_KARTAL":"MEHMET_EREN_GUNER-EGE_KARTAL.json","SERKAN_YILMAZ":"SERKAN_YILMAZ-MEHMET_EREN_GUNER.json","BORA_YALCIN":"MEHMET_EREN_GUNER-BORA_YALCIN.json","GPT":"MEHMET_EREN_GUNER-GPT.json"}},"failed_submission_names":[],"excluded_files":[],"match_sensitivity":10,"date_of_execution":"30/11/25","execution_time":31,"metrics":[{"name":"AVG","distribution":[0,0,1,0,0,0,8,12,43,287],"topComparisons":[{"first_submission":"GPT","second_submission":"ISMAIL_ERIM_ATAKTURK","similarity":0.7033898305084746},{"first_submission":"SEVKET_YESILPEKMEZ","second_submission":"MUHAMMED_EMIN_SEKER","similarity":0.37583892617449666},{"first_submission":"SERKAN_YILMAZ","second_submission":"FAIK_DEMIRAY","similarity":0.36923076923076925},{"first_submission":"HASAN_ZAFER_BILIR","second_submission":"MUHAMMED_EMIN_SEKER","similarity":0.3586206896551724},{"first_submission":"MEHMET_EREN_GUNER","second_submission":"BEGUM_HAMARAT","similarity":0.35428571428571426},{"first_submission":"EYLUL_PIRINCAL","second_submission":"EDA_GUL_CETINEL","similarity":0.352112676056338},{"first_submission":"BEGUM_HAMARAT","second_submission":"GPT","similarity":0.3269230769230769},{"first_submission":"HASAN_ZAFER_BILIR","second_submission":"CLAUDE","similarity":0.32335329341317365},{"first_submission":"BEGUM_HAMARAT","second_submission":"ISMAIL_ERIM_ATAKTURK","similarity":0.3142857142857143},{"first_submission":"MUHAMMED_EMIN_SEKER","second_submission":"CLAUDE","similarity":0.2916666666666667},{"first_submission":"SEVKET_YESILPEKMEZ","second_submission":"CLAUDE","similarity":0.2807017543859649},{"first_submission":"EDA_GUL_CETINEL","second_submission":"GPT","similarity":0.25263157894736843},{"first_submission":"EYLUL_PIRINCAL","second_submission":"CLAUDE","similarity":0.25},{"first_submission":"HASAN_ZAFER_BILIR","second_submission":"EGE_KARTAL","similarity":0.2484472049689441},{"first_submission":"HASAN_ZAFER_BILIR","second_submission":"MIRAY_DUYGULU","similarity":0.24358974358974358},{"first_submission":"MIRAY_DUYGULU","second_submission":"CLAUDE","similarity":0.23645320197044334},{"first_submission":"HASAN_ZAFER_BILIR","second_submission":"SEVKET_YESILPEKMEZ","similarity":0.22580645161290322},{"first_submission":"HATICE_SENA_SES","second_submission":"SEVKET_YESILPEKMEZ","similarity":0.21138211382113822},{"first_submission":"MUHAMMED_EMIN_SEKER","second_submission":"MIRAY_DUYGULU","similarity":0.20994475138121546},{"first_submission":"EGE_KARTAL","second_submission":"GPT","similarity":0.2018348623853211},{"first_submission":"DORUK_OCAL","second_submission":"EMIR_KEREM_ISILDAR","similarity":0.2},{"first_submission":"SEVKET_YESILPEKMEZ","second_submission":"BEGUM_HAMARAT","similarity":0.1935483870967742},{"first_submission":"EMIR_KEREM_ISILDAR","second_submission":"EYLUL_PIRINCAL","similarity":0.1875},{"first_submission":"HASAN_ZAFER_BILIR","second_submission":"BEGUM_HAMARAT","similarity":0.18543046357615894},{"first_submission":"HASAN_ZAFER_BILIR","second_submission":"EMIR_KEREM_ISILDAR","similarity":0.18487394957983194},{"first_submission":"EDA_GUL_CETINEL","second_submission":"BORA_YALCIN","similarity":0.18181818181818182},{"first_submission":"BORA_YALCIN","second_submission":"MIRAY_DUYGULU","similarity":0.18085106382978725},{"first_submission":"MEHMET_EREN_GUNER","second_submission":"GPT","similarity":0.1791044776119403},{"first_submission":"MEHMET_EREN_GUNER","second_submission":"ISMAIL_ERIM_ATAKTURK","similarity":0.17733990147783252},{"first_submission":"HATICE_SENA_SES","second_submission":"CLAUDE","similarity":0.1686746987951807},{"first_submission":"SEVKET_YESILPEKMEZ","second_submission":"MIRAY_DUYGULU","similarity":0.1625},{"first_submission":"MUHAMMED_EMIN_SEKER","second_submission":"BEGUM_HAMARAT","similarity":0.1590909090909091},{"first_submission":"HASAN_ZAFER_BILIR","second_submission":"BERKE_TURKBAY","similarity":0.15584415584415584},{"first_submission":"HASAN_ZAFER_BILIR","second_submission":"EYLUL_PIRINCAL","similarity":0.15503875968992248},{"first_submission":"EDA_GUL_CETINEL","second_submission":"MEHMET_EREN_GUNER","similarity":0.15286624203821655},{"first_submission":"HATICE_SENA_SES","second_submission":"MUHAMMED_EMIN_SEKER","similarity":0.1527777777777778},{"first_submission":"EMIR_KEREM_ISILDAR","second_submission":"EDA_GUL_CETINEL","similarity":0.15151515151515152},{"first_submission":"MEHMET_EREN_GUNER","second_submission":"EGE_KARTAL","similarity":0.15135135135135136},{"first_submission":"HASAN_ZAFER_BILIR","second_submission":"EDA_GUL_CETINEL","similarity":0.15037593984962405},{"first_submission":"EDA_GUL_CETINEL","second_submission":"EGE_KARTAL","similarity":0.14942528735632185},{"first_submission":"EDA_GUL_CETINEL","second_submission":"BEGUM_HAMARAT","similarity":0.14634146341463414},{"first_submission":"SEVKET_YESILPEKMEZ","second_submission":"EDA_GUL_CETINEL","similarity":0.145985401459854},{"first_submission":"BEGUM_HAMARAT","second_submission":"CLAUDE","similarity":0.1414141414141414},{"first_submission":"BEGUM_HAMARAT","second_submission":"MIRAY_DUYGULU","similarity":0.13903743315508021},{"first_submission":"MEHMET_EREN_GUNER","second_submission":"BORA_YALCIN","similarity":0.13636363636363635},{"first_submission":"EYLUL_PIRINCAL","second_submission":"BERKE_TURKBAY","similarity":0.13496932515337423},{"first_submission":"BORA_YALCIN","second_submission":"EGE_KARTAL","similarity":0.13471502590673576},{"first_submission":"BEGUM_HAMARAT","second_submission":"BERKE_TURKBAY","similarity":0.12972972972972974},{"first_submission":"BORA_YALCIN","second_submission":"BERKE_TURKBAY","similarity":0.12903225806451613},{"first_submission":"HATICE_SENA_SES","second_submission":"MIRAY_DUYGULU","similarity":0.12903225806451613},{"first_submission":"EDA_GUL_CETINEL","second_submission":"MUHAMMED_EMIN_SEKER","similarity":0.12658227848101267},{"first_submission":"HATICE_SENA_SES","second_submission":"EGE_KARTAL","similarity":0.125},{"first_submission":"EDA_GUL_CETINEL","second_submission":"ISMAIL_ERIM_ATAKTURK","similarity":0.125},{"first_submission":"EMIR_KEREM_ISILDAR","second_submission":"EGE_KARTAL","similarity":0.125},{"first_submission":"ELIF_NAZ_TURAN","second_submission":"CLAUDE","similarity":0.12359550561797752},{"first_submission":"EDA_GUL_CETINEL","second_submission":"MIRAY_DUYGULU","similarity":0.11834319526627218},{"first_submission":"BORA_YALCIN","second_submission":"GPT","similarity":0.11483253588516747},{"first_submission":"BORA_YALCIN","second_submission":"ISMAIL_ERIM_ATAKTURK","similarity":0.11374407582938388},{"first_submission":"NEVZAT_OGUZHAN_TOPUZ","second_submission":"CLAUDE","similarity":0.1116751269035533},{"first_submission":"NEVZAT_OGUZHAN_TOPUZ","second_submission":"BORA_YALCIN","similarity":0.10989010989010989},{"first_submission":"EGE_KARTAL","second_submission":"ISMAIL_ERIM_ATAKTURK","similarity":0.10909090909090909},{"first_submission":"MUHAMMED_EMIN_SEKER","second_submission":"EGE_KARTAL","similarity":0.10752688172043011},{"first_submission":"BERKE_TURKBAY","second_submission":"MIRAY_DUYGULU","similarity":0.10526315789473684},{"first_submission":"BORA_YALCIN","second_submission":"CLAUDE","similarity":0.10050251256281408},{"first_submission":"EGE_KARTAL","second_submission":"CLAUDE","similarity":0.09615384615384616},{"first_submission":"SERKAN_YILMAZ","second_submission":"NEVZAT_OGUZHAN_TOPUZ","similarity":0.0},{"first_submission":"SERKAN_YILMAZ","second_submission":"BERKE_TURKBAY","similarity":0.0},{"first_submission":"SERKAN_YILMAZ","second_submission":"MUHAMMED_EMIN_SEKER","similarity":0.0},{"first_submission":"SERKAN_YILMAZ","second_submission":"HATICE_SENA_SES","similarity":0.0},{"first_submission":"SERKAN_YILMAZ","second_submission":"ELIF_NAZ_TURAN","similarity":0.0},{"first_submission":"SERKAN_YILMAZ","second_submission":"EDA_GUL_CETINEL","similarity":0.0},{"first_submission":"SERKAN_YILMAZ","second_submission":"EMIR_KEREM_ISILDAR","similarity":0.0},{"first_submission":"SERKAN_YILMAZ","second_submission":"EYLUL_PIRINCAL","similarity":0.0},{"first_submission":"SERKAN_YILMAZ","second_submission":"SEVKET_YESILPEKMEZ","similarity":0.0},{"first_submission":"SERKAN_YILMAZ","second_submission":"BEGUM_HAMARAT","similarity":0.0},{"first_submission":"SERKAN_YILMAZ","second_submission":"FATIH_KAGAN_CEBI","similarity":0.0},{"first_submission":"KEREM_KOSE","second_submission":"SERKAN_YILMAZ","similarity":0.0},{"first_submission":"SERKAN_YILMAZ","second_submission":"BAHA_ARDA_INALKUT","similarity":0.0},{"first_submission":"AYBERK_SENSOZ","second_submission":"SERKAN_YILMAZ","similarity":0.0},{"first_submission":"MEHMET_ALI_CIFCI","second_submission":"SERKAN_YILMAZ","similarity":0.0},{"first_submission":"SERKAN_YILMAZ","second_submission":"DORUK_OCAL","similarity":0.0},{"first_submission":"SERKAN_YILMAZ","second_submission":"GPT","similarity":0.0},{"first_submission":"SERKAN_YILMAZ","second_submission":"MIRAY_DUYGULU","similarity":0.0},{"first_submission":"SERKAN_YILMAZ","second_submission":"CLAUDE","similarity":0.0},{"first_submission":"SERKAN_YILMAZ","second_submission":"MEHMET_EREN_GUNER","similarity":0.0},{"first_submission":"SERKAN_YILMAZ","second_submission":"EGE_KARTAL","similarity":0.0},{"first_submission":"SERKAN_YILMAZ","second_submission":"ISMAIL_ERIM_ATAKTURK","similarity":0.0},{"first_submission":"SERKAN_YILMAZ","second_submission":"BORA_YALCIN","similarity":0.0},{"first_submission":"SERKAN_YILMAZ","second_submission":"HASAN_ZAFER_BILIR","similarity":0.0},{"first_submission":"CIHAT_OZLUK","second_submission":"SERKAN_YILMAZ","similarity":0.0},{"first_submission":"NEVZAT_OGUZHAN_TOPUZ","second_submission":"BERKE_TURKBAY","similarity":0.0},{"first_submission":"MUHAMMED_EMIN_SEKER","second_submission":"NEVZAT_OGUZHAN_TOPUZ","similarity":0.0},{"first_submission":"HATICE_SENA_SES","second_submission":"NEVZAT_OGUZHAN_TOPUZ","similarity":0.0},{"first_submission":"ELIF_NAZ_TURAN","second_submission":"NEVZAT_OGUZHAN_TOPUZ","similarity":0.0},{"first_submission":"EDA_GUL_CETINEL","second_submission":"NEVZAT_OGUZHAN_TOPUZ","similarity":0.0},{"first_submission":"EMIR_KEREM_ISILDAR","second_submission":"NEVZAT_OGUZHAN_TOPUZ","similarity":0.0},{"first_submission":"EYLUL_PIRINCAL","second_submission":"NEVZAT_OGUZHAN_TOPUZ","similarity":0.0},{"first_submission":"SEVKET_YESILPEKMEZ","second_submission":"NEVZAT_OGUZHAN_TOPUZ","similarity":0.0},{"first_submission":"NEVZAT_OGUZHAN_TOPUZ","second_submission":"BEGUM_HAMARAT","similarity":0.0},{"first_submission":"FAIK_DEMIRAY","second_submission":"NEVZAT_OGUZHAN_TOPUZ","similarity":0.0}],"description":"Average of both program coverages. This is the default similarity which works in most cases: Matches with a high average similarity indicate that the programs work in a very similar way."},{"name":"MAX","distribution":[0,0,1,0,1,3,10,15,34,287],"topComparisons":[{"first_submission":"GPT","second_submission":"ISMAIL_ERIM_ATAKTURK","similarity":0.7094017094017094},{"first_submission":"SERKAN_YILMAZ","second_submission":"FAIK_DEMIRAY","similarity":0.5714285714285714},{"first_submission":"HASAN_ZAFER_BILIR","second_submission":"CLAUDE","similarity":0.45},{"first_submission":"SEVKET_YESILPEKMEZ","second_submission":"MUHAMMED_EMIN_SEKER","similarity":0.4375},{"first_submission":"HASAN_ZAFER_BILIR","second_submission":"MUHAMMED_EMIN_SEKER","similarity":0.43333333333333335},{"first_submission":"SEVKET_YESILPEKMEZ","second_submission":"CLAUDE","similarity":0.375},{"first_submission":"BEGUM_HAMARAT","second_submission":"GPT","similarity":0.37362637362637363},{"first_submission":"MEHMET_EREN_GUNER","second_submission":"BEGUM_HAMARAT","similarity":0.36904761904761907},{"first_submission":"BEGUM_HAMARAT","second_submission":"ISMAIL_ERIM_ATAKTURK","similarity":0.3626373626373626},{"first_submission":"EYLUL_PIRINCAL","second_submission":"EDA_GUL_CETINEL","similarity":0.36231884057971014},{"first_submission":"HASAN_ZAFER_BILIR","second_submission":"EGE_KARTAL","similarity":0.3333333333333333},{"first_submission":"MUHAMMED_EMIN_SEKER","second_submission":"CLAUDE","similarity":0.32941176470588235},{"first_submission":"EDA_GUL_CETINEL","second_submission":"GPT","similarity":0.3287671232876712},{"first_submission":"EYLUL_PIRINCAL","second_submission":"CLAUDE","similarity":0.3188405797101449},{"first_submission":"HASAN_ZAFER_BILIR","second_submission":"MIRAY_DUYGULU","similarity":0.31666666666666665},{"first_submission":"MIRAY_DUYGULU","second_submission":"CLAUDE","similarity":0.25},{"first_submission":"DORUK_OCAL","second_submission":"EMIR_KEREM_ISILDAR","similarity":0.24390243902439024},{"first_submission":"HATICE_SENA_SES","second_submission":"CLAUDE","similarity":0.23728813559322035},{"first_submission":"SEVKET_YESILPEKMEZ","second_submission":"BEGUM_HAMARAT","similarity":0.234375},{"first_submission":"HASAN_ZAFER_BILIR","second_submission":"SEVKET_YESILPEKMEZ","similarity":0.23333333333333334},{"first_submission":"HASAN_ZAFER_BILIR","second_submission":"BEGUM_HAMARAT","similarity":0.23333333333333334},{"first_submission":"MUHAMMED_EMIN_SEKER","second_submission":"MIRAY_DUYGULU","similarity":0.2235294117647059},{"first_submission":"HATICE_SENA_SES","second_submission":"SEVKET_YESILPEKMEZ","similarity":0.22033898305084745},{"first_submission":"EGE_KARTAL","second_submission":"GPT","similarity":0.21782178217821782},{"first_submission":"MEHMET_EREN_GUNER","second_submission":"GPT","similarity":0.21428571428571427},{"first_submission":"MEHMET_EREN_GUNER","second_submission":"ISMAIL_ERIM_ATAKTURK","similarity":0.21428571428571427},{"first_submission":"EDA_GUL_CETINEL","second_submission":"BORA_YALCIN","similarity":0.2054794520547945},{"first_submission":"EMIR_KEREM_ISILDAR","second_submission":"EYLUL_PIRINCAL","similarity":0.2033898305084746},{"first_submission":"SEVKET_YESILPEKMEZ","second_submission":"MIRAY_DUYGULU","similarity":0.203125},{"first_submission":"HASAN_ZAFER_BILIR","second_submission":"BERKE_TURKBAY","similarity":0.2},{"first_submission":"HASAN_ZAFER_BILIR","second_submission":"EMIR_KEREM_ISILDAR","similarity":0.1864406779661017},{"first_submission":"HATICE_SENA_SES","second_submission":"MUHAMMED_EMIN_SEKER","similarity":0.1864406779661017},{"first_submission":"BORA_YALCIN","second_submission":"MIRAY_DUYGULU","similarity":0.18478260869565216},{"first_submission":"EDA_GUL_CETINEL","second_submission":"EGE_KARTAL","similarity":0.1780821917808219},{"first_submission":"EMIR_KEREM_ISILDAR","second_submission":"EDA_GUL_CETINEL","similarity":0.1694915254237288},{"first_submission":"HATICE_SENA_SES","second_submission":"MIRAY_DUYGULU","similarity":0.1694915254237288},{"first_submission":"HATICE_SENA_SES","second_submission":"EGE_KARTAL","similarity":0.1694915254237288},{"first_submission":"EMIR_KEREM_ISILDAR","second_submission":"EGE_KARTAL","similarity":0.1694915254237288},{"first_submission":"HASAN_ZAFER_BILIR","second_submission":"EYLUL_PIRINCAL","similarity":0.16666666666666666},{"first_submission":"MEHMET_EREN_GUNER","second_submission":"EGE_KARTAL","similarity":0.16666666666666666},{"first_submission":"HASAN_ZAFER_BILIR","second_submission":"EDA_GUL_CETINEL","similarity":0.16666666666666666},{"first_submission":"MUHAMMED_EMIN_SEKER","second_submission":"BEGUM_HAMARAT","similarity":0.16470588235294117},{"first_submission":"EDA_GUL_CETINEL","second_submission":"MEHMET_EREN_GUNER","similarity":0.1643835616438356},{"first_submission":"EDA_GUL_CETINEL","second_submission":"BEGUM_HAMARAT","similarity":0.1643835616438356},{"first_submission":"EDA_GUL_CETINEL","second_submission":"ISMAIL_ERIM_ATAKTURK","similarity":0.1643835616438356},{"first_submission":"EYLUL_PIRINCAL","second_submission":"BERKE_TURKBAY","similarity":0.15942028985507245},{"first_submission":"SEVKET_YESILPEKMEZ","second_submission":"EDA_GUL_CETINEL","similarity":0.15625},{"first_submission":"ELIF_NAZ_TURAN","second_submission":"CLAUDE","similarity":0.15492957746478872},{"first_submission":"BEGUM_HAMARAT","second_submission":"CLAUDE","similarity":0.15384615384615385},{"first_submission":"BEGUM_HAMARAT","second_submission":"MIRAY_DUYGULU","similarity":0.14285714285714285},{"first_submission":"MEHMET_EREN_GUNER","second_submission":"BORA_YALCIN","similarity":0.14285714285714285},{"first_submission":"BORA_YALCIN","second_submission":"EGE_KARTAL","similarity":0.14130434782608695},{"first_submission":"EDA_GUL_CETINEL","second_submission":"MUHAMMED_EMIN_SEKER","similarity":0.136986301369863},{"first_submission":"EDA_GUL_CETINEL","second_submission":"MIRAY_DUYGULU","similarity":0.136986301369863},{"first_submission":"BEGUM_HAMARAT","second_submission":"BERKE_TURKBAY","similarity":0.13186813186813187},{"first_submission":"BORA_YALCIN","second_submission":"BERKE_TURKBAY","similarity":0.13043478260869565},{"first_submission":"BORA_YALCIN","second_submission":"GPT","similarity":0.13043478260869565},{"first_submission":"BORA_YALCIN","second_submission":"ISMAIL_ERIM_ATAKTURK","similarity":0.13043478260869565},{"first_submission":"NEVZAT_OGUZHAN_TOPUZ","second_submission":"CLAUDE","similarity":0.12222222222222222},{"first_submission":"EGE_KARTAL","second_submission":"ISMAIL_ERIM_ATAKTURK","similarity":0.1188118811881188},{"first_submission":"MUHAMMED_EMIN_SEKER","second_submission":"EGE_KARTAL","similarity":0.11764705882352941},{"first_submission":"NEVZAT_OGUZHAN_TOPUZ","second_submission":"BORA_YALCIN","similarity":0.1111111111111111},{"first_submission":"BORA_YALCIN","second_submission":"CLAUDE","similarity":0.10869565217391304},{"first_submission":"BERKE_TURKBAY","second_submission":"MIRAY_DUYGULU","similarity":0.10638297872340426},{"first_submission":"EGE_KARTAL","second_submission":"CLAUDE","similarity":0.09900990099009901},{"first_submission":"SERKAN_YILMAZ","second_submission":"NEVZAT_OGUZHAN_TOPUZ","similarity":0.0},{"first_submission":"SERKAN_YILMAZ","second_submission":"BERKE_TURKBAY","similarity":0.0},{"first_submission":"SERKAN_YILMAZ","second_submission":"MUHAMMED_EMIN_SEKER","similarity":0.0},{"first_submission":"SERKAN_YILMAZ","second_submission":"HATICE_SENA_SES","similarity":0.0},{"first_submission":"SERKAN_YILMAZ","second_submission":"ELIF_NAZ_TURAN","similarity":0.0},{"first_submission":"SERKAN_YILMAZ","second_submission":"EDA_GUL_CETINEL","similarity":0.0},{"first_submission":"SERKAN_YILMAZ","second_submission":"EMIR_KEREM_ISILDAR","similarity":0.0},{"first_submission":"SERKAN_YILMAZ","second_submission":"EYLUL_PIRINCAL","similarity":0.0},{"first_submission":"SERKAN_YILMAZ","second_submission":"SEVKET_YESILPEKMEZ","similarity":0.0},{"first_submission":"SERKAN_YILMAZ","second_submission":"BEGUM_HAMARAT","similarity":0.0},{"first_submission":"SERKAN_YILMAZ","second_submission":"FATIH_KAGAN_CEBI","similarity":0.0},{"first_submission":"KEREM_KOSE","second_submission":"SERKAN_YILMAZ","similarity":0.0},{"first_submission":"SERKAN_YILMAZ","second_submission":"BAHA_ARDA_INALKUT","similarity":0.0},{"first_submission":"AYBERK_SENSOZ","second_submission":"SERKAN_YILMAZ","similarity":0.0},{"first_submission":"MEHMET_ALI_CIFCI","second_submission":"SERKAN_YILMAZ","similarity":0.0},{"first_submission":"SERKAN_YILMAZ","second_submission":"DORUK_OCAL","similarity":0.0},{"first_submission":"SERKAN_YILMAZ","second_submission":"GPT","similarity":0.0},{"first_submission":"SERKAN_YILMAZ","second_submission":"MIRAY_DUYGULU","similarity":0.0},{"first_submission":"SERKAN_YILMAZ","second_submission":"CLAUDE","similarity":0.0},{"first_submission":"SERKAN_YILMAZ","second_submission":"MEHMET_EREN_GUNER","similarity":0.0},{"first_submission":"SERKAN_YILMAZ","second_submission":"EGE_KARTAL","similarity":0.0},{"first_submission":"SERKAN_YILMAZ","second_submission":"ISMAIL_ERIM_ATAKTURK","similarity":0.0},{"first_submission":"SERKAN_YILMAZ","second_submission":"BORA_YALCIN","similarity":0.0},{"first_submission":"SERKAN_YILMAZ","second_submission":"HASAN_ZAFER_BILIR","similarity":0.0},{"first_submission":"CIHAT_OZLUK","second_submission":"SERKAN_YILMAZ","similarity":0.0},{"first_submission":"NEVZAT_OGUZHAN_TOPUZ","second_submission":"BERKE_TURKBAY","similarity":0.0},{"first_submission":"MUHAMMED_EMIN_SEKER","second_submission":"NEVZAT_OGUZHAN_TOPUZ","similarity":0.0},{"first_submission":"HATICE_SENA_SES","second_submission":"NEVZAT_OGUZHAN_TOPUZ","similarity":0.0},{"first_submission":"ELIF_NAZ_TURAN","second_submission":"NEVZAT_OGUZHAN_TOPUZ","similarity":0.0},{"first_submission":"EDA_GUL_CETINEL","second_submission":"NEVZAT_OGUZHAN_TOPUZ","similarity":0.0},{"first_submission":"EMIR_KEREM_ISILDAR","second_submission":"NEVZAT_OGUZHAN_TOPUZ","similarity":0.0},{"first_submission":"EYLUL_PIRINCAL","second_submission":"NEVZAT_OGUZHAN_TOPUZ","similarity":0.0},{"first_submission":"SEVKET_YESILPEKMEZ","second_submission":"NEVZAT_OGUZHAN_TOPUZ","similarity":0.0},{"first_submission":"NEVZAT_OGUZHAN_TOPUZ","second_submission":"BEGUM_HAMARAT","similarity":0.0},{"first_submission":"FAIK_DEMIRAY","second_submission":"NEVZAT_OGUZHAN_TOPUZ","similarity":0.0}],"description":"Maximum of both program coverages. This ranking is especially useful if the programs are very different in size. This can happen when dead code was inserted to disguise the origin of the plagiarized program."}],"clusters":[{"average_similarity":0.07146208045235916,"strength":0.028468866426284545,"members":["GPT","ISMAIL_ERIM_ATAKTURK","SEVKET_YESILPEKMEZ","MUHAMMED_EMIN_SEKER","HASAN_ZAFER_BILIR","MEHMET_EREN_GUNER","BEGUM_HAMARAT","EYLUL_PIRINCAL","EDA_GUL_CETINEL","CLAUDE","EGE_KARTAL","MIRAY_DUYGULU","HATICE_SENA_SES","DORUK_OCAL","EMIR_KEREM_ISILDAR","BORA_YALCIN","BERKE_TURKBAY","ELIF_NAZ_TURAN","NEVZAT_OGUZHAN_TOPUZ"]},{"average_similarity":0.36923076923076925,"strength":0.02846886642628487,"members":["SERKAN_YILMAZ","FAIK_DEMIRAY"]}],"total_comparisons":351}