[{"averageSimilarity":1.0,"strength":0.003295078081474212,"members":["DENIZ_KAYRA_AYDIN","BORA_ERDEM_ALAN"]},{"averageSimilarity":0.2857142857142857,"strength":0.002445236859285641,"members":["ILAY_FATMA_YAVUZ","EREN_KOCAGOKCEN"]},{"averageSimilarity":0.45016444498140756,"strength":7.39458728238003E-4,"members":["HIRANUR_DENIZ","AYSE_ALKAN","CEYDA_SENAY","AHMET_ZEKI_IHTIYAROGLU"]},{"averageSimilarity":0.5486940443375864,"strength":1.63535567553115E-4,"members":["YUSUF_ISA_ZERENUZ","EYLUL_COSKUN","ALP_DIKMEN","DEMIR_OZHAN"]},{"averageSimilarity":0.6301372056023659,"strength":0.006602434787950161,"members":["ISMAIL_EFE_YALCINKAYA","GPT","SUDE_ATANSAY","ERDAL_DENIZ_OZBEY","EGE_HURIEL"]}]