[{"averageSimilarity":0.44185074148073544,"strength":0.006688541037729201,"members":["ALGUHAN_KURULAR","MERTCAN_ARSLAN","YUSUF_ERDEM_ALTINSOY","EDHEM_TATAR","ALP_DIKMEN","SERHAT_YUNUSEMRE_KALPAKLI","DEMIR_OZHAN"]},{"averageSimilarity":0.5505315604258324,"strength":0.02428828523129062,"members":["ISMAIL_EFE_YALCINKAYA","GPT","CLAUDE","SUDE_ATANSAY","ERDAL_DENIZ_OZBEY","HIRANUR_DENIZ","AYSE_ALKAN","CEYDA_SENAY","EGE_HURIEL"]},{"averageSimilarity":0.2857142857142857,"strength":0.002445236859285641,"members":["ILAY_FATMA_YAVUZ","EREN_KOCAGOKCEN"]},{"averageSimilarity":0.44211534407917363,"strength":0.0031714331241750257,"members":["DENIZ_KAYRA_AYDIN","BORA_ERDEM_ALAN","IRMAK_ZEHRA_EMRI","EMRE_ERGUL","OMER_FARUK_GUCER","AHMET_ZEKI_IHTIYAROGLU"]},{"averageSimilarity":0.8952380952380953,"strength":8.993154008993861E-4,"members":["YUSUF_ISA_ZERENUZ","EYLUL_COSKUN"]}]