{"fileIndexes":{"ALGUHAN_KURULAR":{"ALGUHAN_KURULAR/LinkedListQuestions.cpp":{"tokenCount":68}},"GPT":{"GPT/LinkedListQuestions.cpp":{"tokenCount":63}},"ISMAIL_EFE_YALCINKAYA":{"ISMAIL_EFE_YALCINKAYA/LinkedListQuestions.cpp":{"tokenCount":62}},"BARIS_SAHIN":{"BARIS_SAHIN/LinkedListQuestions.cpp":{"tokenCount":7}},"HIRANUR_DENIZ":{"HIRANUR_DENIZ/LinkedListQuestions.cpp":{"tokenCount":48}},"EDHEM_TATAR":{"EDHEM_TATAR/LinkedListQuestions.cpp":{"tokenCount":82}},"EREN_KOCAGOKCEN":{"EREN_KOCAGOKCEN/LinkedListQuestions.cpp":{"tokenCount":22}},"BORA_ERDEM_ALAN":{"BORA_ERDEM_ALAN/LinkedListQuestions.cpp":{"tokenCount":62}},"SUDE_ATANSAY":{"SUDE_ATANSAY/LinkedListQuestions.cpp":{"tokenCount":67}},"EGE_HURIEL":{"EGE_HURIEL/LinkedListQuestions.cpp":{"tokenCount":62}},"IRMAK_ZEHRA_EMRI":{"IRMAK_ZEHRA_EMRI/LinkedListQuestions.cpp":{"tokenCount":75}},"ILAY_FATMA_YAVUZ":{"ILAY_FATMA_YAVUZ/LinkedListQuestions.cpp":{"tokenCount":47}},"EYLUL_COSKUN":{"EYLUL_COSKUN/LinkedListQuestions.cpp":{"tokenCount":54}},"DENIZ_KAYRA_AYDIN":{"DENIZ_KAYRA_AYDIN/LinkedListQuestions.cpp":{"tokenCount":60}},"YUSUF_ERDEM_ALTINSOY":{"YUSUF_ERDEM_ALTINSOY/LinkedListQuestions.cpp":{"tokenCount":69}},"AYSE_ALKAN":{"AYSE_ALKAN/LinkedListQuestions.cpp":{"tokenCount":29}},"CEYDA_SENAY":{"CEYDA_SENAY/LinkedListQuestions.cpp":{"tokenCount":66}},"OMER_FARUK_GUCER":{"OMER_FARUK_GUCER/LinkedListQuestions.cpp":{"tokenCount":59}},"MERTCAN_ARSLAN":{"MERTCAN_ARSLAN/LinkedListQuestions.cpp":{"tokenCount":73}},"EMRE_ERGUL":{"EMRE_ERGUL/LinkedListQuestions.cpp":{"tokenCount":75}},"DEMIR_OZHAN":{"DEMIR_OZHAN/LinkedListQuestions.cpp":{"tokenCount":90}},"YUSUF_ISA_ZERENUZ":{"YUSUF_ISA_ZERENUZ/LinkedListQuestions.cpp":{"tokenCount":53}},"ERDAL_DENIZ_OZBEY":{"ERDAL_DENIZ_OZBEY/LinkedListQuestions.cpp":{"tokenCount":78}},"AHMET_ZEKI_IHTIYAROGLU":{"AHMET_ZEKI_IHTIYAROGLU/LinkedListQuestions.cpp":{"tokenCount":62}},"CLAUDE":{"CLAUDE/LinkedListQuestions.cpp":{"tokenCount":68}},"ALP_DIKMEN":{"ALP_DIKMEN/LinkedListQuestions.cpp":{"tokenCount":60}},"SERHAT_YUNUSEMRE_KALPAKLI":{"SERHAT_YUNUSEMRE_KALPAKLI/LinkedListQuestions.cpp":{"tokenCount":73}}}}