[{"firstSubmission":"DENIZ_KAYRA_AYDIN","secondSubmission":"BORA_ERDEM_ALAN","similarities":{"AVG":1.0,"MAX":1.0,"MAXIMUM_LENGTH":62.0,"LONGEST_MATCH":59.0}},{"firstSubmission":"ISMAIL_EFE_YALCINKAYA","secondSubmission":"GPT","similarities":{"AVG":0.991869918699187,"MAX":1.0,"MAXIMUM_LENGTH":63.0,"LONGEST_MATCH":51.0}},{"firstSubmission":"GPT","secondSubmission":"CLAUDE","similarities":{"AVG":0.9612403100775194,"MAX":1.0,"MAXIMUM_LENGTH":68.0,"LONGEST_MATCH":39.0}},{"firstSubmission":"ISMAIL_EFE_YALCINKAYA","secondSubmission":"CLAUDE","similarities":{"AVG":0.921875,"MAX":0.9672131147540983,"MAXIMUM_LENGTH":68.0,"LONGEST_MATCH":39.0}},{"firstSubmission":"YUSUF_ISA_ZERENUZ","secondSubmission":"EYLUL_COSKUN","similarities":{"AVG":0.8952380952380953,"MAX":0.9433962264150944,"MAXIMUM_LENGTH":54.0,"LONGEST_MATCH":38.0}},{"firstSubmission":"ISMAIL_EFE_YALCINKAYA","secondSubmission":"SUDE_ATANSAY","similarities":{"AVG":0.8031496062992126,"MAX":0.8360655737704918,"MAXIMUM_LENGTH":67.0,"LONGEST_MATCH":34.0}},{"firstSubmission":"SUDE_ATANSAY","secondSubmission":"CLAUDE","similarities":{"AVG":0.7969924812030075,"MAX":0.803030303030303,"MAXIMUM_LENGTH":68.0,"LONGEST_MATCH":34.0}},{"firstSubmission":"GPT","secondSubmission":"SUDE_ATANSAY","similarities":{"AVG":0.734375,"MAX":0.7580645161290323,"MAXIMUM_LENGTH":67.0,"LONGEST_MATCH":34.0}},{"firstSubmission":"ALGUHAN_KURULAR","secondSubmission":"MERTCAN_ARSLAN","similarities":{"AVG":0.7050359712230215,"MAX":0.7083333333333334,"MAXIMUM_LENGTH":73.0,"LONGEST_MATCH":21.0}},{"firstSubmission":"ISMAIL_EFE_YALCINKAYA","secondSubmission":"ERDAL_DENIZ_OZBEY","similarities":{"AVG":0.6666666666666666,"MAX":0.7540983606557377,"MAXIMUM_LENGTH":78.0,"LONGEST_MATCH":19.0}},{"firstSubmission":"YUSUF_ERDEM_ALTINSOY","secondSubmission":"IRMAK_ZEHRA_EMRI","similarities":{"AVG":0.647887323943662,"MAX":0.6764705882352942,"MAXIMUM_LENGTH":75.0,"LONGEST_MATCH":15.0}},{"firstSubmission":"SUDE_ATANSAY","secondSubmission":"ERDAL_DENIZ_OZBEY","similarities":{"AVG":0.6433566433566433,"MAX":0.696969696969697,"MAXIMUM_LENGTH":78.0,"LONGEST_MATCH":17.0}},{"firstSubmission":"GPT","secondSubmission":"ERDAL_DENIZ_OZBEY","similarities":{"AVG":0.6330935251798561,"MAX":0.7096774193548387,"MAXIMUM_LENGTH":78.0,"LONGEST_MATCH":17.0}},{"firstSubmission":"CLAUDE","secondSubmission":"MERTCAN_ARSLAN","similarities":{"AVG":0.6330935251798561,"MAX":0.6527777777777778,"MAXIMUM_LENGTH":73.0,"LONGEST_MATCH":25.0}},{"firstSubmission":"YUSUF_ERDEM_ALTINSOY","secondSubmission":"EDHEM_TATAR","similarities":{"AVG":0.6308724832214765,"MAX":0.6470588235294118,"MAXIMUM_LENGTH":82.0,"LONGEST_MATCH":14.0}},{"firstSubmission":"ALGUHAN_KURULAR","secondSubmission":"EMRE_ERGUL","similarities":{"AVG":0.624113475177305,"MAX":0.6567164179104478,"MAXIMUM_LENGTH":75.0,"LONGEST_MATCH":14.0}},{"firstSubmission":"OMER_FARUK_GUCER","secondSubmission":"ISMAIL_EFE_YALCINKAYA","similarities":{"AVG":0.6218487394957983,"MAX":0.6379310344827587,"MAXIMUM_LENGTH":62.0,"LONGEST_MATCH":15.0}},{"firstSubmission":"OMER_FARUK_GUCER","secondSubmission":"DENIZ_KAYRA_AYDIN","similarities":{"AVG":0.5982905982905983,"MAX":0.603448275862069,"MAXIMUM_LENGTH":60.0,"LONGEST_MATCH":21.0}},{"firstSubmission":"EYLUL_COSKUN","secondSubmission":"ISMAIL_EFE_YALCINKAYA","similarities":{"AVG":0.5964912280701754,"MAX":0.6415094339622641,"MAXIMUM_LENGTH":62.0,"LONGEST_MATCH":12.0}},{"firstSubmission":"CLAUDE","secondSubmission":"YUSUF_ERDEM_ALTINSOY","similarities":{"AVG":0.5925925925925926,"MAX":0.5970149253731343,"MAXIMUM_LENGTH":69.0,"LONGEST_MATCH":13.0}},{"firstSubmission":"OMER_FARUK_GUCER","secondSubmission":"CLAUDE","similarities":{"AVG":0.576,"MAX":0.6206896551724138,"MAXIMUM_LENGTH":68.0,"LONGEST_MATCH":9.0}},{"firstSubmission":"CLAUDE","secondSubmission":"EMRE_ERGUL","similarities":{"AVG":0.5673758865248227,"MAX":0.5970149253731343,"MAXIMUM_LENGTH":75.0,"LONGEST_MATCH":18.0}},{"firstSubmission":"BORA_ERDEM_ALAN","secondSubmission":"ALGUHAN_KURULAR","similarities":{"AVG":0.5625,"MAX":0.5901639344262295,"MAXIMUM_LENGTH":68.0,"LONGEST_MATCH":10.0}},{"firstSubmission":"DENIZ_KAYRA_AYDIN","secondSubmission":"EMRE_ERGUL","similarities":{"AVG":0.556390977443609,"MAX":0.6271186440677966,"MAXIMUM_LENGTH":75.0,"LONGEST_MATCH":12.0}},{"firstSubmission":"HIRANUR_DENIZ","secondSubmission":"ISMAIL_EFE_YALCINKAYA","similarities":{"AVG":0.5555555555555556,"MAX":0.6382978723404256,"MAXIMUM_LENGTH":62.0,"LONGEST_MATCH":16.0}},{"firstSubmission":"EYLUL_COSKUN","secondSubmission":"ALP_DIKMEN","similarities":{"AVG":0.5535714285714286,"MAX":0.5849056603773585,"MAXIMUM_LENGTH":60.0,"LONGEST_MATCH":11.0}},{"firstSubmission":"CLAUDE","secondSubmission":"IRMAK_ZEHRA_EMRI","similarities":{"AVG":0.5531914893617021,"MAX":0.582089552238806,"MAXIMUM_LENGTH":75.0,"LONGEST_MATCH":10.0}},{"firstSubmission":"DENIZ_KAYRA_AYDIN","secondSubmission":"YUSUF_ERDEM_ALTINSOY","similarities":{"AVG":0.5511811023622047,"MAX":0.5932203389830508,"MAXIMUM_LENGTH":69.0,"LONGEST_MATCH":21.0}},{"firstSubmission":"HIRANUR_DENIZ","secondSubmission":"GPT","similarities":{"AVG":0.5504587155963303,"MAX":0.6382978723404256,"MAXIMUM_LENGTH":63.0,"LONGEST_MATCH":16.0}},{"firstSubmission":"CLAUDE","secondSubmission":"ERDAL_DENIZ_OZBEY","similarities":{"AVG":0.5416666666666666,"MAX":0.582089552238806,"MAXIMUM_LENGTH":78.0,"LONGEST_MATCH":15.0}},{"firstSubmission":"MERTCAN_ARSLAN","secondSubmission":"SERHAT_YUNUSEMRE_KALPAKLI","similarities":{"AVG":0.5416666666666666,"MAX":0.5416666666666666,"MAXIMUM_LENGTH":73.0,"LONGEST_MATCH":9.0}},{"firstSubmission":"OMER_FARUK_GUCER","secondSubmission":"YUSUF_ERDEM_ALTINSOY","similarities":{"AVG":0.5396825396825397,"MAX":0.5862068965517241,"MAXIMUM_LENGTH":69.0,"LONGEST_MATCH":21.0}},{"firstSubmission":"AYSE_ALKAN","secondSubmission":"ISMAIL_EFE_YALCINKAYA","similarities":{"AVG":0.5393258426966292,"MAX":0.8571428571428571,"MAXIMUM_LENGTH":62.0,"LONGEST_MATCH":18.0}},{"firstSubmission":"SERHAT_YUNUSEMRE_KALPAKLI","secondSubmission":"DEMIR_OZHAN","similarities":{"AVG":0.5341614906832298,"MAX":0.5972222222222222,"MAXIMUM_LENGTH":90.0,"LONGEST_MATCH":18.0}},{"firstSubmission":"AYSE_ALKAN","secondSubmission":"GPT","similarities":{"AVG":0.5333333333333333,"MAX":0.8571428571428571,"MAXIMUM_LENGTH":63.0,"LONGEST_MATCH":18.0}},{"firstSubmission":"AYSE_ALKAN","secondSubmission":"HIRANUR_DENIZ","similarities":{"AVG":0.5333333333333333,"MAX":0.7142857142857143,"MAXIMUM_LENGTH":48.0,"LONGEST_MATCH":13.0}},{"firstSubmission":"OMER_FARUK_GUCER","secondSubmission":"GPT","similarities":{"AVG":0.5333333333333333,"MAX":0.5517241379310345,"MAXIMUM_LENGTH":63.0,"LONGEST_MATCH":10.0}},{"firstSubmission":"ISMAIL_EFE_YALCINKAYA","secondSubmission":"YUSUF_ERDEM_ALTINSOY","similarities":{"AVG":0.5271317829457365,"MAX":0.5573770491803278,"MAXIMUM_LENGTH":69.0,"LONGEST_MATCH":13.0}},{"firstSubmission":"SUDE_ATANSAY","secondSubmission":"ALGUHAN_KURULAR","similarities":{"AVG":0.5263157894736842,"MAX":0.5303030303030303,"MAXIMUM_LENGTH":68.0,"LONGEST_MATCH":13.0}},{"firstSubmission":"HIRANUR_DENIZ","secondSubmission":"CLAUDE","similarities":{"AVG":0.5263157894736842,"MAX":0.6382978723404256,"MAXIMUM_LENGTH":68.0,"LONGEST_MATCH":16.0}},{"firstSubmission":"ISMAIL_EFE_YALCINKAYA","secondSubmission":"CEYDA_SENAY","similarities":{"AVG":0.5238095238095238,"MAX":0.5409836065573771,"MAXIMUM_LENGTH":66.0,"LONGEST_MATCH":21.0}},{"firstSubmission":"SUDE_ATANSAY","secondSubmission":"YUSUF_ERDEM_ALTINSOY","similarities":{"AVG":0.5223880597014925,"MAX":0.5303030303030303,"MAXIMUM_LENGTH":69.0,"LONGEST_MATCH":13.0}},{"firstSubmission":"GPT","secondSubmission":"CEYDA_SENAY","similarities":{"AVG":0.5196850393700787,"MAX":0.532258064516129,"MAXIMUM_LENGTH":66.0,"LONGEST_MATCH":21.0}},{"firstSubmission":"ALP_DIKMEN","secondSubmission":"ISMAIL_EFE_YALCINKAYA","similarities":{"AVG":0.5166666666666667,"MAX":0.5254237288135594,"MAXIMUM_LENGTH":62.0,"LONGEST_MATCH":19.0}},{"firstSubmission":"AYSE_ALKAN","secondSubmission":"SUDE_ATANSAY","similarities":{"AVG":0.5106382978723404,"MAX":0.8571428571428571,"MAXIMUM_LENGTH":67.0,"LONGEST_MATCH":18.0}},{"firstSubmission":"YUSUF_ERDEM_ALTINSOY","secondSubmission":"EMRE_ERGUL","similarities":{"AVG":0.5070422535211268,"MAX":0.5294117647058824,"MAXIMUM_LENGTH":75.0,"LONGEST_MATCH":15.0}},{"firstSubmission":"ISMAIL_EFE_YALCINKAYA","secondSubmission":"DEMIR_OZHAN","similarities":{"AVG":0.5066666666666667,"MAX":0.6229508196721312,"MAXIMUM_LENGTH":90.0,"LONGEST_MATCH":24.0}},{"firstSubmission":"AYSE_ALKAN","secondSubmission":"CLAUDE","similarities":{"AVG":0.5052631578947369,"MAX":0.8571428571428571,"MAXIMUM_LENGTH":68.0,"LONGEST_MATCH":18.0}},{"firstSubmission":"EYLUL_COSKUN","secondSubmission":"OMER_FARUK_GUCER","similarities":{"AVG":0.5045045045045045,"MAX":0.5283018867924528,"MAXIMUM_LENGTH":59.0,"LONGEST_MATCH":9.0}},{"firstSubmission":"ALP_DIKMEN","secondSubmission":"DEMIR_OZHAN","similarities":{"AVG":0.5,"MAX":0.6271186440677966,"MAXIMUM_LENGTH":90.0,"LONGEST_MATCH":23.0}},{"firstSubmission":"HIRANUR_DENIZ","secondSubmission":"AHMET_ZEKI_IHTIYAROGLU","similarities":{"AVG":0.5,"MAX":0.574468085106383,"MAXIMUM_LENGTH":62.0,"LONGEST_MATCH":14.0}},{"firstSubmission":"CEYDA_SENAY","secondSubmission":"CLAUDE","similarities":{"AVG":0.5,"MAX":0.5076923076923077,"MAXIMUM_LENGTH":68.0,"LONGEST_MATCH":21.0}},{"firstSubmission":"HIRANUR_DENIZ","secondSubmission":"EYLUL_COSKUN","similarities":{"AVG":0.5,"MAX":0.5319148936170213,"MAXIMUM_LENGTH":54.0,"LONGEST_MATCH":11.0}},{"firstSubmission":"HIRANUR_DENIZ","secondSubmission":"CEYDA_SENAY","similarities":{"AVG":0.5,"MAX":0.5957446808510638,"MAXIMUM_LENGTH":66.0,"LONGEST_MATCH":15.0}},{"firstSubmission":"HIRANUR_DENIZ","secondSubmission":"IRMAK_ZEHRA_EMRI","similarities":{"AVG":0.49586776859504134,"MAX":0.6382978723404256,"MAXIMUM_LENGTH":75.0,"LONGEST_MATCH":13.0}},{"firstSubmission":"EGE_HURIEL","secondSubmission":"ISMAIL_EFE_YALCINKAYA","similarities":{"AVG":0.4918032786885246,"MAX":0.4918032786885246,"MAXIMUM_LENGTH":62.0,"LONGEST_MATCH":19.0}},{"firstSubmission":"HIRANUR_DENIZ","secondSubmission":"ALGUHAN_KURULAR","similarities":{"AVG":0.49122807017543857,"MAX":0.5957446808510638,"MAXIMUM_LENGTH":68.0,"LONGEST_MATCH":9.0}},{"firstSubmission":"ISMAIL_EFE_YALCINKAYA","secondSubmission":"EMRE_ERGUL","similarities":{"AVG":0.4888888888888889,"MAX":0.5409836065573771,"MAXIMUM_LENGTH":75.0,"LONGEST_MATCH":18.0}},{"firstSubmission":"EGE_HURIEL","secondSubmission":"GPT","similarities":{"AVG":0.4878048780487805,"MAX":0.4918032786885246,"MAXIMUM_LENGTH":63.0,"LONGEST_MATCH":19.0}},{"firstSubmission":"ALGUHAN_KURULAR","secondSubmission":"DEMIR_OZHAN","similarities":{"AVG":0.48717948717948717,"MAX":0.5671641791044776,"MAXIMUM_LENGTH":90.0,"LONGEST_MATCH":13.0}},{"firstSubmission":"EYLUL_COSKUN","secondSubmission":"GPT","similarities":{"AVG":0.48695652173913045,"MAX":0.5283018867924528,"MAXIMUM_LENGTH":63.0,"LONGEST_MATCH":12.0}},{"firstSubmission":"AHMET_ZEKI_IHTIYAROGLU","secondSubmission":"ALGUHAN_KURULAR","similarities":{"AVG":0.484375,"MAX":0.5081967213114754,"MAXIMUM_LENGTH":68.0,"LONGEST_MATCH":10.0}},{"firstSubmission":"EYLUL_COSKUN","secondSubmission":"DEMIR_OZHAN","similarities":{"AVG":0.4788732394366197,"MAX":0.6415094339622641,"MAXIMUM_LENGTH":90.0,"LONGEST_MATCH":12.0}},{"firstSubmission":"IRMAK_ZEHRA_EMRI","secondSubmission":"DEMIR_OZHAN","similarities":{"AVG":0.4785276073619632,"MAX":0.527027027027027,"MAXIMUM_LENGTH":90.0,"LONGEST_MATCH":14.0}},{"firstSubmission":"DENIZ_KAYRA_AYDIN","secondSubmission":"CLAUDE","similarities":{"AVG":0.47619047619047616,"MAX":0.5084745762711864,"MAXIMUM_LENGTH":68.0,"LONGEST_MATCH":9.0}},{"firstSubmission":"EGE_HURIEL","secondSubmission":"SUDE_ATANSAY","similarities":{"AVG":0.47244094488188976,"MAX":0.4918032786885246,"MAXIMUM_LENGTH":67.0,"LONGEST_MATCH":19.0}},{"firstSubmission":"EGE_HURIEL","secondSubmission":"CLAUDE","similarities":{"AVG":0.46875,"MAX":0.4918032786885246,"MAXIMUM_LENGTH":68.0,"LONGEST_MATCH":19.0}},{"firstSubmission":"YUSUF_ISA_ZERENUZ","secondSubmission":"DEMIR_OZHAN","similarities":{"AVG":0.46808510638297873,"MAX":0.6346153846153846,"MAXIMUM_LENGTH":90.0,"LONGEST_MATCH":11.0}},{"firstSubmission":"EYLUL_COSKUN","secondSubmission":"CLAUDE","similarities":{"AVG":0.4666666666666667,"MAX":0.5283018867924528,"MAXIMUM_LENGTH":68.0,"LONGEST_MATCH":12.0}},{"firstSubmission":"ALP_DIKMEN","secondSubmission":"SERHAT_YUNUSEMRE_KALPAKLI","similarities":{"AVG":0.4580152671755725,"MAX":0.5084745762711864,"MAXIMUM_LENGTH":73.0,"LONGEST_MATCH":9.0}},{"firstSubmission":"ERDAL_DENIZ_OZBEY","secondSubmission":"DEMIR_OZHAN","similarities":{"AVG":0.4578313253012048,"MAX":0.4935064935064935,"MAXIMUM_LENGTH":90.0,"LONGEST_MATCH":11.0}},{"firstSubmission":"ALP_DIKMEN","secondSubmission":"YUSUF_ERDEM_ALTINSOY","similarities":{"AVG":0.4566929133858268,"MAX":0.4915254237288136,"MAXIMUM_LENGTH":69.0,"LONGEST_MATCH":17.0}},{"firstSubmission":"HIRANUR_DENIZ","secondSubmission":"ALP_DIKMEN","similarities":{"AVG":0.4528301886792453,"MAX":0.5106382978723404,"MAXIMUM_LENGTH":60.0,"LONGEST_MATCH":10.0}},{"firstSubmission":"OMER_FARUK_GUCER","secondSubmission":"SUDE_ATANSAY","similarities":{"AVG":0.45161290322580644,"MAX":0.4827586206896552,"MAXIMUM_LENGTH":67.0,"LONGEST_MATCH":9.0}},{"firstSubmission":"EGE_HURIEL","secondSubmission":"EDHEM_TATAR","similarities":{"AVG":0.4507042253521127,"MAX":0.5245901639344263,"MAXIMUM_LENGTH":82.0,"LONGEST_MATCH":11.0}},{"firstSubmission":"AYSE_ALKAN","secondSubmission":"YUSUF_ISA_ZERENUZ","similarities":{"AVG":0.45,"MAX":0.6428571428571429,"MAXIMUM_LENGTH":53.0,"LONGEST_MATCH":10.0}},{"firstSubmission":"EYLUL_COSKUN","secondSubmission":"ALGUHAN_KURULAR","similarities":{"AVG":0.45,"MAX":0.5094339622641509,"MAXIMUM_LENGTH":68.0,"LONGEST_MATCH":21.0}},{"firstSubmission":"EYLUL_COSKUN","secondSubmission":"DENIZ_KAYRA_AYDIN","similarities":{"AVG":0.44642857142857145,"MAX":0.4716981132075472,"MAXIMUM_LENGTH":60.0,"LONGEST_MATCH":9.0}},{"firstSubmission":"AYSE_ALKAN","secondSubmission":"EYLUL_COSKUN","similarities":{"AVG":0.4444444444444444,"MAX":0.6428571428571429,"MAXIMUM_LENGTH":54.0,"LONGEST_MATCH":12.0}},{"firstSubmission":"AHMET_ZEKI_IHTIYAROGLU","secondSubmission":"CEYDA_SENAY","similarities":{"AVG":0.4444444444444444,"MAX":0.45901639344262296,"MAXIMUM_LENGTH":66.0,"LONGEST_MATCH":8.0}},{"firstSubmission":"SUDE_ATANSAY","secondSubmission":"IRMAK_ZEHRA_EMRI","similarities":{"AVG":0.44285714285714284,"MAX":0.4696969696969697,"MAXIMUM_LENGTH":75.0,"LONGEST_MATCH":10.0}},{"firstSubmission":"CEYDA_SENAY","secondSubmission":"SUDE_ATANSAY","similarities":{"AVG":0.44274809160305345,"MAX":0.4461538461538462,"MAXIMUM_LENGTH":67.0,"LONGEST_MATCH":17.0}},{"firstSubmission":"EMRE_ERGUL","secondSubmission":"DEMIR_OZHAN","similarities":{"AVG":0.44171779141104295,"MAX":0.4864864864864865,"MAXIMUM_LENGTH":90.0,"LONGEST_MATCH":20.0}},{"firstSubmission":"EYLUL_COSKUN","secondSubmission":"EGE_HURIEL","similarities":{"AVG":0.43859649122807015,"MAX":0.4716981132075472,"MAXIMUM_LENGTH":62.0,"LONGEST_MATCH":11.0}},{"firstSubmission":"SERHAT_YUNUSEMRE_KALPAKLI","secondSubmission":"EMRE_ERGUL","similarities":{"AVG":0.4383561643835616,"MAX":0.4444444444444444,"MAXIMUM_LENGTH":75.0,"LONGEST_MATCH":11.0}},{"firstSubmission":"YUSUF_ISA_ZERENUZ","secondSubmission":"ALGUHAN_KURULAR","similarities":{"AVG":0.4369747899159664,"MAX":0.5,"MAXIMUM_LENGTH":68.0,"LONGEST_MATCH":14.0}},{"firstSubmission":"HIRANUR_DENIZ","secondSubmission":"ERDAL_DENIZ_OZBEY","similarities":{"AVG":0.43548387096774194,"MAX":0.574468085106383,"MAXIMUM_LENGTH":78.0,"LONGEST_MATCH":15.0}},{"firstSubmission":"ALP_DIKMEN","secondSubmission":"AHMET_ZEKI_IHTIYAROGLU","similarities":{"AVG":0.43333333333333335,"MAX":0.4406779661016949,"MAXIMUM_LENGTH":62.0,"LONGEST_MATCH":8.0}},{"firstSubmission":"DENIZ_KAYRA_AYDIN","secondSubmission":"DEMIR_OZHAN","similarities":{"AVG":0.43243243243243246,"MAX":0.5423728813559322,"MAXIMUM_LENGTH":90.0,"LONGEST_MATCH":9.0}},{"firstSubmission":"GPT","secondSubmission":"YUSUF_ERDEM_ALTINSOY","similarities":{"AVG":0.4307692307692308,"MAX":0.45161290322580644,"MAXIMUM_LENGTH":69.0,"LONGEST_MATCH":13.0}},{"firstSubmission":"HIRANUR_DENIZ","secondSubmission":"EMRE_ERGUL","similarities":{"AVG":0.4297520661157025,"MAX":0.5531914893617021,"MAXIMUM_LENGTH":75.0,"LONGEST_MATCH":12.0}},{"firstSubmission":"BORA_ERDEM_ALAN","secondSubmission":"EMRE_ERGUL","similarities":{"AVG":0.42962962962962964,"MAX":0.47540983606557374,"MAXIMUM_LENGTH":75.0,"LONGEST_MATCH":10.0}},{"firstSubmission":"SUDE_ATANSAY","secondSubmission":"EMRE_ERGUL","similarities":{"AVG":0.42857142857142855,"MAX":0.45454545454545453,"MAXIMUM_LENGTH":75.0,"LONGEST_MATCH":18.0}},{"firstSubmission":"ALP_DIKMEN","secondSubmission":"MERTCAN_ARSLAN","similarities":{"AVG":0.42748091603053434,"MAX":0.4745762711864407,"MAXIMUM_LENGTH":73.0,"LONGEST_MATCH":11.0}},{"firstSubmission":"OMER_FARUK_GUCER","secondSubmission":"ALP_DIKMEN","similarities":{"AVG":0.42735042735042733,"MAX":0.43103448275862066,"MAXIMUM_LENGTH":60.0,"LONGEST_MATCH":7.0}},{"firstSubmission":"SUDE_ATANSAY","secondSubmission":"DEMIR_OZHAN","similarities":{"AVG":0.4258064516129032,"MAX":0.5,"MAXIMUM_LENGTH":90.0,"LONGEST_MATCH":24.0}},{"firstSubmission":"EYLUL_COSKUN","secondSubmission":"EMRE_ERGUL","similarities":{"AVG":0.4251968503937008,"MAX":0.5094339622641509,"MAXIMUM_LENGTH":75.0,"LONGEST_MATCH":10.0}},{"firstSubmission":"YUSUF_ISA_ZERENUZ","secondSubmission":"ISMAIL_EFE_YALCINKAYA","similarities":{"AVG":0.4247787610619469,"MAX":0.46153846153846156,"MAXIMUM_LENGTH":62.0,"LONGEST_MATCH":10.0}},{"firstSubmission":"HIRANUR_DENIZ","secondSubmission":"SUDE_ATANSAY","similarities":{"AVG":0.4247787610619469,"MAX":0.5106382978723404,"MAXIMUM_LENGTH":67.0,"LONGEST_MATCH":16.0}},{"firstSubmission":"GPT","secondSubmission":"DEMIR_OZHAN","similarities":{"AVG":0.423841059602649,"MAX":0.5161290322580645,"MAXIMUM_LENGTH":90.0,"LONGEST_MATCH":24.0}},{"firstSubmission":"DENIZ_KAYRA_AYDIN","secondSubmission":"IRMAK_ZEHRA_EMRI","similarities":{"AVG":0.42105263157894735,"MAX":0.4745762711864407,"MAXIMUM_LENGTH":75.0,"LONGEST_MATCH":8.0}},{"firstSubmission":"EYLUL_COSKUN","secondSubmission":"AHMET_ZEKI_IHTIYAROGLU","similarities":{"AVG":0.42105263157894735,"MAX":0.4528301886792453,"MAXIMUM_LENGTH":62.0,"LONGEST_MATCH":10.0}},{"firstSubmission":"YUSUF_ERDEM_ALTINSOY","secondSubmission":"DEMIR_OZHAN","similarities":{"AVG":0.42038216560509556,"MAX":0.4852941176470588,"MAXIMUM_LENGTH":90.0,"LONGEST_MATCH":19.0}},{"firstSubmission":"ALGUHAN_KURULAR","secondSubmission":"SERHAT_YUNUSEMRE_KALPAKLI","similarities":{"AVG":0.4172661870503597,"MAX":0.43283582089552236,"MAXIMUM_LENGTH":73.0,"LONGEST_MATCH":12.0}},{"firstSubmission":"EYLUL_COSKUN","secondSubmission":"ERDAL_DENIZ_OZBEY","similarities":{"AVG":0.4153846153846154,"MAX":0.5094339622641509,"MAXIMUM_LENGTH":78.0,"LONGEST_MATCH":8.0}},{"firstSubmission":"AHMET_ZEKI_IHTIYAROGLU","secondSubmission":"EMRE_ERGUL","similarities":{"AVG":0.4148148148148148,"MAX":0.45901639344262296,"MAXIMUM_LENGTH":75.0,"LONGEST_MATCH":11.0}},{"firstSubmission":"AYSE_ALKAN","secondSubmission":"ALP_DIKMEN","similarities":{"AVG":0.41379310344827586,"MAX":0.6428571428571429,"MAXIMUM_LENGTH":60.0,"LONGEST_MATCH":18.0}},{"firstSubmission":"ALP_DIKMEN","secondSubmission":"GPT","similarities":{"AVG":0.4132231404958678,"MAX":0.423728813559322,"MAXIMUM_LENGTH":63.0,"LONGEST_MATCH":19.0}},{"firstSubmission":"DENIZ_KAYRA_AYDIN","secondSubmission":"ALGUHAN_KURULAR","similarities":{"AVG":0.4126984126984127,"MAX":0.4406779661016949,"MAXIMUM_LENGTH":68.0,"LONGEST_MATCH":12.0}},{"firstSubmission":"ALP_DIKMEN","secondSubmission":"ALGUHAN_KURULAR","similarities":{"AVG":0.4126984126984127,"MAX":0.4406779661016949,"MAXIMUM_LENGTH":68.0,"LONGEST_MATCH":10.0}},{"firstSubmission":"HIRANUR_DENIZ","secondSubmission":"DEMIR_OZHAN","similarities":{"AVG":0.4117647058823529,"MAX":0.5957446808510638,"MAXIMUM_LENGTH":90.0,"LONGEST_MATCH":12.0}},{"firstSubmission":"CLAUDE","secondSubmission":"DEMIR_OZHAN","similarities":{"AVG":0.41025641025641024,"MAX":0.47761194029850745,"MAXIMUM_LENGTH":90.0,"LONGEST_MATCH":24.0}},{"firstSubmission":"OMER_FARUK_GUCER","secondSubmission":"EMRE_ERGUL","similarities":{"AVG":0.4090909090909091,"MAX":0.46551724137931033,"MAXIMUM_LENGTH":75.0,"LONGEST_MATCH":12.0}},{"firstSubmission":"AYSE_ALKAN","secondSubmission":"CEYDA_SENAY","similarities":{"AVG":0.40860215053763443,"MAX":0.6785714285714286,"MAXIMUM_LENGTH":66.0,"LONGEST_MATCH":12.0}},{"firstSubmission":"YUSUF_ISA_ZERENUZ","secondSubmission":"SUDE_ATANSAY","similarities":{"AVG":0.4067796610169492,"MAX":0.46153846153846156,"MAXIMUM_LENGTH":67.0,"LONGEST_MATCH":10.0}},{"firstSubmission":"CEYDA_SENAY","secondSubmission":"YUSUF_ERDEM_ALTINSOY","similarities":{"AVG":0.40601503759398494,"MAX":0.4153846153846154,"MAXIMUM_LENGTH":69.0,"LONGEST_MATCH":12.0}},{"firstSubmission":"AYSE_ALKAN","secondSubmission":"EGE_HURIEL","similarities":{"AVG":0.4044943820224719,"MAX":0.6428571428571429,"MAXIMUM_LENGTH":62.0,"LONGEST_MATCH":18.0}},{"firstSubmission":"EYLUL_COSKUN","secondSubmission":"SUDE_ATANSAY","similarities":{"AVG":0.40336134453781514,"MAX":0.4528301886792453,"MAXIMUM_LENGTH":67.0,"LONGEST_MATCH":12.0}},{"firstSubmission":"CEYDA_SENAY","secondSubmission":"DEMIR_OZHAN","similarities":{"AVG":0.4025974025974026,"MAX":0.47692307692307695,"MAXIMUM_LENGTH":90.0,"LONGEST_MATCH":12.0}},{"firstSubmission":"YUSUF_ISA_ZERENUZ","secondSubmission":"OMER_FARUK_GUCER","similarities":{"AVG":0.4,"MAX":0.4230769230769231,"MAXIMUM_LENGTH":59.0,"LONGEST_MATCH":8.0}},{"firstSubmission":"AYSE_ALKAN","secondSubmission":"ERDAL_DENIZ_OZBEY","similarities":{"AVG":0.4,"MAX":0.75,"MAXIMUM_LENGTH":78.0,"LONGEST_MATCH":8.0}},{"firstSubmission":"DENIZ_KAYRA_AYDIN","secondSubmission":"AHMET_ZEKI_IHTIYAROGLU","similarities":{"AVG":0.4,"MAX":0.4067796610169492,"MAXIMUM_LENGTH":62.0,"LONGEST_MATCH":9.0}},{"firstSubmission":"ALP_DIKMEN","secondSubmission":"SUDE_ATANSAY","similarities":{"AVG":0.4,"MAX":0.423728813559322,"MAXIMUM_LENGTH":67.0,"LONGEST_MATCH":19.0}},{"firstSubmission":"ALP_DIKMEN","secondSubmission":"EDHEM_TATAR","similarities":{"AVG":0.4,"MAX":0.4745762711864407,"MAXIMUM_LENGTH":82.0,"LONGEST_MATCH":13.0}},{"firstSubmission":"ALP_DIKMEN","secondSubmission":"EGE_HURIEL","similarities":{"AVG":0.4,"MAX":0.4067796610169492,"MAXIMUM_LENGTH":62.0,"LONGEST_MATCH":24.0}},{"firstSubmission":"AHMET_ZEKI_IHTIYAROGLU","secondSubmission":"IRMAK_ZEHRA_EMRI","similarities":{"AVG":0.4,"MAX":0.4426229508196721,"MAXIMUM_LENGTH":75.0,"LONGEST_MATCH":12.0}},{"firstSubmission":"ALGUHAN_KURULAR","secondSubmission":"YUSUF_ERDEM_ALTINSOY","similarities":{"AVG":0.4,"MAX":0.40298507462686567,"MAXIMUM_LENGTH":69.0,"LONGEST_MATCH":12.0}},{"firstSubmission":"YUSUF_ERDEM_ALTINSOY","secondSubmission":"SERHAT_YUNUSEMRE_KALPAKLI","similarities":{"AVG":0.4,"MAX":0.4117647058823529,"MAXIMUM_LENGTH":73.0,"LONGEST_MATCH":11.0}},{"firstSubmission":"SERHAT_YUNUSEMRE_KALPAKLI","secondSubmission":"IRMAK_ZEHRA_EMRI","similarities":{"AVG":0.3972602739726027,"MAX":0.4027777777777778,"MAXIMUM_LENGTH":75.0,"LONGEST_MATCH":12.0}},{"firstSubmission":"ALP_DIKMEN","secondSubmission":"ERDAL_DENIZ_OZBEY","similarities":{"AVG":0.39705882352941174,"MAX":0.4576271186440678,"MAXIMUM_LENGTH":78.0,"LONGEST_MATCH":9.0}},{"firstSubmission":"GPT","secondSubmission":"EMRE_ERGUL","similarities":{"AVG":0.39705882352941174,"MAX":0.43548387096774194,"MAXIMUM_LENGTH":75.0,"LONGEST_MATCH":18.0}},{"firstSubmission":"ALP_DIKMEN","secondSubmission":"CLAUDE","similarities":{"AVG":0.3968253968253968,"MAX":0.423728813559322,"MAXIMUM_LENGTH":68.0,"LONGEST_MATCH":19.0}},{"firstSubmission":"YUSUF_ISA_ZERENUZ","secondSubmission":"ALP_DIKMEN","similarities":{"AVG":0.3963963963963964,"MAX":0.4230769230769231,"MAXIMUM_LENGTH":60.0,"LONGEST_MATCH":10.0}},{"firstSubmission":"HIRANUR_DENIZ","secondSubmission":"DENIZ_KAYRA_AYDIN","similarities":{"AVG":0.39622641509433965,"MAX":0.44680851063829785,"MAXIMUM_LENGTH":60.0,"LONGEST_MATCH":8.0}},{"firstSubmission":"CEYDA_SENAY","secondSubmission":"ERDAL_DENIZ_OZBEY","similarities":{"AVG":0.39436619718309857,"MAX":0.4307692307692308,"MAXIMUM_LENGTH":78.0,"LONGEST_MATCH":15.0}},{"firstSubmission":"MERTCAN_ARSLAN","secondSubmission":"EDHEM_TATAR","similarities":{"AVG":0.39215686274509803,"MAX":0.4166666666666667,"MAXIMUM_LENGTH":82.0,"LONGEST_MATCH":8.0}},{"firstSubmission":"ALP_DIKMEN","secondSubmission":"EMRE_ERGUL","similarities":{"AVG":0.39097744360902253,"MAX":0.4406779661016949,"MAXIMUM_LENGTH":75.0,"LONGEST_MATCH":20.0}},{"firstSubmission":"CEYDA_SENAY","secondSubmission":"EMRE_ERGUL","similarities":{"AVG":0.38848920863309355,"MAX":0.4153846153846154,"MAXIMUM_LENGTH":75.0,"LONGEST_MATCH":12.0}},{"firstSubmission":"ALP_DIKMEN","secondSubmission":"CEYDA_SENAY","similarities":{"AVG":0.3870967741935484,"MAX":0.4067796610169492,"MAXIMUM_LENGTH":66.0,"LONGEST_MATCH":12.0}},{"firstSubmission":"AHMET_ZEKI_IHTIYAROGLU","secondSubmission":"DEMIR_OZHAN","similarities":{"AVG":0.38666666666666666,"MAX":0.47540983606557374,"MAXIMUM_LENGTH":90.0,"LONGEST_MATCH":8.0}},{"firstSubmission":"ISMAIL_EFE_YALCINKAYA","secondSubmission":"IRMAK_ZEHRA_EMRI","similarities":{"AVG":0.3851851851851852,"MAX":0.4262295081967213,"MAXIMUM_LENGTH":75.0,"LONGEST_MATCH":10.0}},{"firstSubmission":"IRMAK_ZEHRA_EMRI","secondSubmission":"ERDAL_DENIZ_OZBEY","similarities":{"AVG":0.3841059602649007,"MAX":0.3918918918918919,"MAXIMUM_LENGTH":78.0,"LONGEST_MATCH":10.0}},{"firstSubmission":"HIRANUR_DENIZ","secondSubmission":"YUSUF_ERDEM_ALTINSOY","similarities":{"AVG":0.3826086956521739,"MAX":0.46808510638297873,"MAXIMUM_LENGTH":69.0,"LONGEST_MATCH":9.0}},{"firstSubmission":"GPT","secondSubmission":"IRMAK_ZEHRA_EMRI","similarities":{"AVG":0.38235294117647056,"MAX":0.41935483870967744,"MAXIMUM_LENGTH":75.0,"LONGEST_MATCH":10.0}},{"firstSubmission":"YUSUF_ISA_ZERENUZ","secondSubmission":"EMRE_ERGUL","similarities":{"AVG":0.38095238095238093,"MAX":0.46153846153846156,"MAXIMUM_LENGTH":75.0,"LONGEST_MATCH":10.0}},{"firstSubmission":"EYLUL_COSKUN","secondSubmission":"YUSUF_ERDEM_ALTINSOY","similarities":{"AVG":0.38016528925619836,"MAX":0.4339622641509434,"MAXIMUM_LENGTH":69.0,"LONGEST_MATCH":9.0}},{"firstSubmission":"SERHAT_YUNUSEMRE_KALPAKLI","secondSubmission":"EDHEM_TATAR","similarities":{"AVG":0.3790849673202614,"MAX":0.4027777777777778,"MAXIMUM_LENGTH":82.0,"LONGEST_MATCH":10.0}},{"firstSubmission":"AHMET_ZEKI_IHTIYAROGLU","secondSubmission":"ISMAIL_EFE_YALCINKAYA","similarities":{"AVG":0.3770491803278688,"MAX":0.3770491803278688,"MAXIMUM_LENGTH":62.0,"LONGEST_MATCH":8.0}},{"firstSubmission":"EGE_HURIEL","secondSubmission":"ERDAL_DENIZ_OZBEY","similarities":{"AVG":0.37681159420289856,"MAX":0.4262295081967213,"MAXIMUM_LENGTH":78.0,"LONGEST_MATCH":11.0}},{"firstSubmission":"EDHEM_TATAR","secondSubmission":"DEMIR_OZHAN","similarities":{"AVG":0.3764705882352941,"MAX":0.3950617283950617,"MAXIMUM_LENGTH":90.0,"LONGEST_MATCH":10.0}},{"firstSubmission":"ISMAIL_EFE_YALCINKAYA","secondSubmission":"ALGUHAN_KURULAR","similarities":{"AVG":0.375,"MAX":0.39344262295081966,"MAXIMUM_LENGTH":68.0,"LONGEST_MATCH":10.0}},{"firstSubmission":"AHMET_ZEKI_IHTIYAROGLU","secondSubmission":"GPT","similarities":{"AVG":0.37398373983739835,"MAX":0.3770491803278688,"MAXIMUM_LENGTH":63.0,"LONGEST_MATCH":8.0}},{"firstSubmission":"ALGUHAN_KURULAR","secondSubmission":"CLAUDE","similarities":{"AVG":0.373134328358209,"MAX":0.373134328358209,"MAXIMUM_LENGTH":68.0,"LONGEST_MATCH":10.0}},{"firstSubmission":"YUSUF_ISA_ZERENUZ","secondSubmission":"CLAUDE","similarities":{"AVG":0.3697478991596639,"MAX":0.4230769230769231,"MAXIMUM_LENGTH":68.0,"LONGEST_MATCH":10.0}},{"firstSubmission":"OMER_FARUK_GUCER","secondSubmission":"AHMET_ZEKI_IHTIYAROGLU","similarities":{"AVG":0.3697478991596639,"MAX":0.3793103448275862,"MAXIMUM_LENGTH":62.0,"LONGEST_MATCH":8.0}},{"firstSubmission":"OMER_FARUK_GUCER","secondSubmission":"SERHAT_YUNUSEMRE_KALPAKLI","similarities":{"AVG":0.36923076923076925,"MAX":0.41379310344827586,"MAXIMUM_LENGTH":73.0,"LONGEST_MATCH":8.0}},{"firstSubmission":"OMER_FARUK_GUCER","secondSubmission":"DEMIR_OZHAN","similarities":{"AVG":0.3673469387755102,"MAX":0.46551724137931033,"MAXIMUM_LENGTH":90.0,"LONGEST_MATCH":8.0}},{"firstSubmission":"DENIZ_KAYRA_AYDIN","secondSubmission":"MERTCAN_ARSLAN","similarities":{"AVG":0.366412213740458,"MAX":0.4067796610169492,"MAXIMUM_LENGTH":73.0,"LONGEST_MATCH":9.0}},{"firstSubmission":"SERHAT_YUNUSEMRE_KALPAKLI","secondSubmission":"ERDAL_DENIZ_OZBEY","similarities":{"AVG":0.3624161073825503,"MAX":0.375,"MAXIMUM_LENGTH":78.0,"LONGEST_MATCH":8.0}},{"firstSubmission":"HIRANUR_DENIZ","secondSubmission":"OMER_FARUK_GUCER","similarities":{"AVG":0.3619047619047619,"MAX":0.40425531914893614,"MAXIMUM_LENGTH":59.0,"LONGEST_MATCH":7.0}},{"firstSubmission":"ALP_DIKMEN","secondSubmission":"IRMAK_ZEHRA_EMRI","similarities":{"AVG":0.3609022556390977,"MAX":0.4067796610169492,"MAXIMUM_LENGTH":75.0,"LONGEST_MATCH":12.0}},{"firstSubmission":"CEYDA_SENAY","secondSubmission":"IRMAK_ZEHRA_EMRI","similarities":{"AVG":0.3597122302158273,"MAX":0.38461538461538464,"MAXIMUM_LENGTH":75.0,"LONGEST_MATCH":10.0}},{"firstSubmission":"AHMET_ZEKI_IHTIYAROGLU","secondSubmission":"CLAUDE","similarities":{"AVG":0.359375,"MAX":0.3770491803278688,"MAXIMUM_LENGTH":68.0,"LONGEST_MATCH":8.0}},{"firstSubmission":"AHMET_ZEKI_IHTIYAROGLU","secondSubmission":"YUSUF_ERDEM_ALTINSOY","similarities":{"AVG":0.35658914728682173,"MAX":0.3770491803278688,"MAXIMUM_LENGTH":69.0,"LONGEST_MATCH":8.0}},{"firstSubmission":"ALP_DIKMEN","secondSubmission":"DENIZ_KAYRA_AYDIN","similarities":{"AVG":0.3559322033898305,"MAX":0.3559322033898305,"MAXIMUM_LENGTH":60.0,"LONGEST_MATCH":8.0}},{"firstSubmission":"ALGUHAN_KURULAR","secondSubmission":"IRMAK_ZEHRA_EMRI","similarities":{"AVG":0.3546099290780142,"MAX":0.373134328358209,"MAXIMUM_LENGTH":75.0,"LONGEST_MATCH":12.0}},{"firstSubmission":"AYSE_ALKAN","secondSubmission":"EMRE_ERGUL","similarities":{"AVG":0.35294117647058826,"MAX":0.6428571428571429,"MAXIMUM_LENGTH":75.0,"LONGEST_MATCH":18.0}},{"firstSubmission":"DENIZ_KAYRA_AYDIN","secondSubmission":"SERHAT_YUNUSEMRE_KALPAKLI","similarities":{"AVG":0.3511450381679389,"MAX":0.3898305084745763,"MAXIMUM_LENGTH":73.0,"LONGEST_MATCH":9.0}},{"firstSubmission":"EYLUL_COSKUN","secondSubmission":"BORA_ERDEM_ALAN","similarities":{"AVG":0.3508771929824561,"MAX":0.37735849056603776,"MAXIMUM_LENGTH":62.0,"LONGEST_MATCH":7.0}},{"firstSubmission":"BORA_ERDEM_ALAN","secondSubmission":"DEMIR_OZHAN","similarities":{"AVG":0.3466666666666667,"MAX":0.4262295081967213,"MAXIMUM_LENGTH":90.0,"LONGEST_MATCH":7.0}},{"firstSubmission":"AHMET_ZEKI_IHTIYAROGLU","secondSubmission":"SERHAT_YUNUSEMRE_KALPAKLI","similarities":{"AVG":0.3458646616541353,"MAX":0.3770491803278688,"MAXIMUM_LENGTH":73.0,"LONGEST_MATCH":9.0}},{"firstSubmission":"ISMAIL_EFE_YALCINKAYA","secondSubmission":"SERHAT_YUNUSEMRE_KALPAKLI","similarities":{"AVG":0.3458646616541353,"MAX":0.3770491803278688,"MAXIMUM_LENGTH":73.0,"LONGEST_MATCH":8.0}},{"firstSubmission":"AHMET_ZEKI_IHTIYAROGLU","secondSubmission":"BORA_ERDEM_ALAN","similarities":{"AVG":0.3442622950819672,"MAX":0.3442622950819672,"MAXIMUM_LENGTH":62.0,"LONGEST_MATCH":9.0}},{"firstSubmission":"YUSUF_ISA_ZERENUZ","secondSubmission":"DENIZ_KAYRA_AYDIN","similarities":{"AVG":0.34234234234234234,"MAX":0.36538461538461536,"MAXIMUM_LENGTH":60.0,"LONGEST_MATCH":7.0}},{"firstSubmission":"OMER_FARUK_GUCER","secondSubmission":"MERTCAN_ARSLAN","similarities":{"AVG":0.3384615384615385,"MAX":0.3793103448275862,"MAXIMUM_LENGTH":73.0,"LONGEST_MATCH":9.0}},{"firstSubmission":"ALGUHAN_KURULAR","secondSubmission":"EDHEM_TATAR","similarities":{"AVG":0.33783783783783783,"MAX":0.373134328358209,"MAXIMUM_LENGTH":82.0,"LONGEST_MATCH":10.0}},{"firstSubmission":"EMRE_ERGUL","secondSubmission":"IRMAK_ZEHRA_EMRI","similarities":{"AVG":0.33783783783783783,"MAX":0.33783783783783783,"MAXIMUM_LENGTH":75.0,"LONGEST_MATCH":10.0}},{"firstSubmission":"AYSE_ALKAN","secondSubmission":"ALGUHAN_KURULAR","similarities":{"AVG":0.3368421052631579,"MAX":0.5714285714285714,"MAXIMUM_LENGTH":68.0,"LONGEST_MATCH":10.0}},{"firstSubmission":"YUSUF_ISA_ZERENUZ","secondSubmission":"BORA_ERDEM_ALAN","similarities":{"AVG":0.336283185840708,"MAX":0.36538461538461536,"MAXIMUM_LENGTH":62.0,"LONGEST_MATCH":7.0}},{"firstSubmission":"OMER_FARUK_GUCER","secondSubmission":"BORA_ERDEM_ALAN","similarities":{"AVG":0.33613445378151263,"MAX":0.3448275862068966,"MAXIMUM_LENGTH":62.0,"LONGEST_MATCH":8.0}},{"firstSubmission":"EYLUL_COSKUN","secondSubmission":"MERTCAN_ARSLAN","similarities":{"AVG":0.336,"MAX":0.39622641509433965,"MAXIMUM_LENGTH":73.0,"LONGEST_MATCH":7.0}},{"firstSubmission":"EYLUL_COSKUN","secondSubmission":"SERHAT_YUNUSEMRE_KALPAKLI","similarities":{"AVG":0.336,"MAX":0.39622641509433965,"MAXIMUM_LENGTH":73.0,"LONGEST_MATCH":8.0}},{"firstSubmission":"ALP_DIKMEN","secondSubmission":"BORA_ERDEM_ALAN","similarities":{"AVG":0.3333333333333333,"MAX":0.3389830508474576,"MAXIMUM_LENGTH":62.0,"LONGEST_MATCH":7.0}},{"firstSubmission":"SUDE_ATANSAY","secondSubmission":"SERHAT_YUNUSEMRE_KALPAKLI","similarities":{"AVG":0.3333333333333333,"MAX":0.3484848484848485,"MAXIMUM_LENGTH":73.0,"LONGEST_MATCH":10.0}},{"firstSubmission":"HIRANUR_DENIZ","secondSubmission":"EGE_HURIEL","similarities":{"AVG":0.3333333333333333,"MAX":0.3829787234042553,"MAXIMUM_LENGTH":62.0,"LONGEST_MATCH":10.0}},{"firstSubmission":"MERTCAN_ARSLAN","secondSubmission":"EMRE_ERGUL","similarities":{"AVG":0.3287671232876712,"MAX":0.3333333333333333,"MAXIMUM_LENGTH":75.0,"LONGEST_MATCH":9.0}},{"firstSubmission":"YUSUF_ERDEM_ALTINSOY","secondSubmission":"MERTCAN_ARSLAN","similarities":{"AVG":0.32857142857142857,"MAX":0.3382352941176471,"MAXIMUM_LENGTH":73.0,"LONGEST_MATCH":9.0}},{"firstSubmission":"OMER_FARUK_GUCER","secondSubmission":"ERDAL_DENIZ_OZBEY","similarities":{"AVG":0.32592592592592595,"MAX":0.3793103448275862,"MAXIMUM_LENGTH":78.0,"LONGEST_MATCH":8.0}},{"firstSubmission":"EGE_HURIEL","secondSubmission":"YUSUF_ERDEM_ALTINSOY","similarities":{"AVG":0.32558139534883723,"MAX":0.3442622950819672,"MAXIMUM_LENGTH":69.0,"LONGEST_MATCH":15.0}},{"firstSubmission":"HIRANUR_DENIZ","secondSubmission":"YUSUF_ISA_ZERENUZ","similarities":{"AVG":0.32323232323232326,"MAX":0.3404255319148936,"MAXIMUM_LENGTH":53.0,"LONGEST_MATCH":9.0}},{"firstSubmission":"EMRE_ERGUL","secondSubmission":"EDHEM_TATAR","similarities":{"AVG":0.3225806451612903,"MAX":0.33783783783783783,"MAXIMUM_LENGTH":82.0,"LONGEST_MATCH":10.0}},{"firstSubmission":"AYSE_ALKAN","secondSubmission":"DENIZ_KAYRA_AYDIN","similarities":{"AVG":0.3218390804597701,"MAX":0.5,"MAXIMUM_LENGTH":60.0,"LONGEST_MATCH":8.0}},{"firstSubmission":"DENIZ_KAYRA_AYDIN","secondSubmission":"SUDE_ATANSAY","similarities":{"AVG":0.32,"MAX":0.3389830508474576,"MAXIMUM_LENGTH":67.0,"LONGEST_MATCH":12.0}},{"firstSubmission":"SUDE_ATANSAY","secondSubmission":"MERTCAN_ARSLAN","similarities":{"AVG":0.3188405797101449,"MAX":0.3333333333333333,"MAXIMUM_LENGTH":73.0,"LONGEST_MATCH":9.0}},{"firstSubmission":"OMER_FARUK_GUCER","secondSubmission":"IRMAK_ZEHRA_EMRI","similarities":{"AVG":0.3181818181818182,"MAX":0.3620689655172414,"MAXIMUM_LENGTH":75.0,"LONGEST_MATCH":8.0}},{"firstSubmission":"YUSUF_ERDEM_ALTINSOY","secondSubmission":"ERDAL_DENIZ_OZBEY","similarities":{"AVG":0.31724137931034485,"MAX":0.3382352941176471,"MAXIMUM_LENGTH":78.0,"LONGEST_MATCH":9.0}},{"firstSubmission":"YUSUF_ISA_ZERENUZ","secondSubmission":"YUSUF_ERDEM_ALTINSOY","similarities":{"AVG":0.31666666666666665,"MAX":0.36538461538461536,"MAXIMUM_LENGTH":69.0,"LONGEST_MATCH":7.0}},{"firstSubmission":"ERDAL_DENIZ_OZBEY","secondSubmission":"EDHEM_TATAR","similarities":{"AVG":0.31645569620253167,"MAX":0.3246753246753247,"MAXIMUM_LENGTH":82.0,"LONGEST_MATCH":7.0}},{"firstSubmission":"BORA_ERDEM_ALAN","secondSubmission":"MERTCAN_ARSLAN","similarities":{"AVG":0.3157894736842105,"MAX":0.3442622950819672,"MAXIMUM_LENGTH":73.0,"LONGEST_MATCH":8.0}},{"firstSubmission":"AHMET_ZEKI_IHTIYAROGLU","secondSubmission":"MERTCAN_ARSLAN","similarities":{"AVG":0.3157894736842105,"MAX":0.3442622950819672,"MAXIMUM_LENGTH":73.0,"LONGEST_MATCH":7.0}},{"firstSubmission":"AYSE_ALKAN","secondSubmission":"AHMET_ZEKI_IHTIYAROGLU","similarities":{"AVG":0.3146067415730337,"MAX":0.5,"MAXIMUM_LENGTH":62.0,"LONGEST_MATCH":8.0}},{"firstSubmission":"BORA_ERDEM_ALAN","secondSubmission":"CLAUDE","similarities":{"AVG":0.3125,"MAX":0.32786885245901637,"MAXIMUM_LENGTH":68.0,"LONGEST_MATCH":7.0}},{"firstSubmission":"EGE_HURIEL","secondSubmission":"EMRE_ERGUL","similarities":{"AVG":0.3111111111111111,"MAX":0.3442622950819672,"MAXIMUM_LENGTH":75.0,"LONGEST_MATCH":21.0}},{"firstSubmission":"YUSUF_ISA_ZERENUZ","secondSubmission":"ERDAL_DENIZ_OZBEY","similarities":{"AVG":0.31007751937984496,"MAX":0.38461538461538464,"MAXIMUM_LENGTH":78.0,"LONGEST_MATCH":8.0}},{"firstSubmission":"DENIZ_KAYRA_AYDIN","secondSubmission":"ERDAL_DENIZ_OZBEY","similarities":{"AVG":0.3088235294117647,"MAX":0.3559322033898305,"MAXIMUM_LENGTH":78.0,"LONGEST_MATCH":8.0}},{"firstSubmission":"AYSE_ALKAN","secondSubmission":"DEMIR_OZHAN","similarities":{"AVG":0.3076923076923077,"MAX":0.6428571428571429,"MAXIMUM_LENGTH":90.0,"LONGEST_MATCH":18.0}},{"firstSubmission":"YUSUF_ISA_ZERENUZ","secondSubmission":"SERHAT_YUNUSEMRE_KALPAKLI","similarities":{"AVG":0.3064516129032258,"MAX":0.36538461538461536,"MAXIMUM_LENGTH":73.0,"LONGEST_MATCH":7.0}},{"firstSubmission":"ALGUHAN_KURULAR","secondSubmission":"ERDAL_DENIZ_OZBEY","similarities":{"AVG":0.3055555555555556,"MAX":0.3283582089552239,"MAXIMUM_LENGTH":78.0,"LONGEST_MATCH":8.0}},{"firstSubmission":"EMRE_ERGUL","secondSubmission":"ERDAL_DENIZ_OZBEY","similarities":{"AVG":0.304635761589404,"MAX":0.3108108108108108,"MAXIMUM_LENGTH":78.0,"LONGEST_MATCH":9.0}},{"firstSubmission":"CLAUDE","secondSubmission":"SERHAT_YUNUSEMRE_KALPAKLI","similarities":{"AVG":0.302158273381295,"MAX":0.31343283582089554,"MAXIMUM_LENGTH":73.0,"LONGEST_MATCH":8.0}},{"firstSubmission":"YUSUF_ISA_ZERENUZ","secondSubmission":"IRMAK_ZEHRA_EMRI","similarities":{"AVG":0.30158730158730157,"MAX":0.36538461538461536,"MAXIMUM_LENGTH":75.0,"LONGEST_MATCH":7.0}},{"firstSubmission":"MERTCAN_ARSLAN","secondSubmission":"IRMAK_ZEHRA_EMRI","similarities":{"AVG":0.3013698630136986,"MAX":0.3055555555555556,"MAXIMUM_LENGTH":75.0,"LONGEST_MATCH":9.0}},{"firstSubmission":"YUSUF_ISA_ZERENUZ","secondSubmission":"EGE_HURIEL","similarities":{"AVG":0.3008849557522124,"MAX":0.3269230769230769,"MAXIMUM_LENGTH":62.0,"LONGEST_MATCH":10.0}},{"firstSubmission":"BORA_ERDEM_ALAN","secondSubmission":"SERHAT_YUNUSEMRE_KALPAKLI","similarities":{"AVG":0.3007518796992481,"MAX":0.32786885245901637,"MAXIMUM_LENGTH":73.0,"LONGEST_MATCH":7.0}},{"firstSubmission":"ISMAIL_EFE_YALCINKAYA","secondSubmission":"MERTCAN_ARSLAN","similarities":{"AVG":0.3007518796992481,"MAX":0.32786885245901637,"MAXIMUM_LENGTH":73.0,"LONGEST_MATCH":7.0}},{"firstSubmission":"EGE_HURIEL","secondSubmission":"SERHAT_YUNUSEMRE_KALPAKLI","similarities":{"AVG":0.3007518796992481,"MAX":0.32786885245901637,"MAXIMUM_LENGTH":73.0,"LONGEST_MATCH":7.0}},{"firstSubmission":"BORA_ERDEM_ALAN","secondSubmission":"IRMAK_ZEHRA_EMRI","similarities":{"AVG":0.2962962962962963,"MAX":0.32786885245901637,"MAXIMUM_LENGTH":75.0,"LONGEST_MATCH":8.0}},{"firstSubmission":"AYSE_ALKAN","secondSubmission":"IRMAK_ZEHRA_EMRI","similarities":{"AVG":0.29411764705882354,"MAX":0.5357142857142857,"MAXIMUM_LENGTH":75.0,"LONGEST_MATCH":9.0}},{"firstSubmission":"AYSE_ALKAN","secondSubmission":"BORA_ERDEM_ALAN","similarities":{"AVG":0.29213483146067415,"MAX":0.4642857142857143,"MAXIMUM_LENGTH":62.0,"LONGEST_MATCH":7.0}},{"firstSubmission":"ILAY_FATMA_YAVUZ","secondSubmission":"YUSUF_ISA_ZERENUZ","similarities":{"AVG":0.29213483146067415,"MAX":0.35135135135135137,"MAXIMUM_LENGTH":53.0,"LONGEST_MATCH":7.0}},{"firstSubmission":"AYSE_ALKAN","secondSubmission":"YUSUF_ERDEM_ALTINSOY","similarities":{"AVG":0.2916666666666667,"MAX":0.5,"MAXIMUM_LENGTH":69.0,"LONGEST_MATCH":14.0}},{"firstSubmission":"AHMET_ZEKI_IHTIYAROGLU","secondSubmission":"ERDAL_DENIZ_OZBEY","similarities":{"AVG":0.2898550724637681,"MAX":0.32786885245901637,"MAXIMUM_LENGTH":78.0,"LONGEST_MATCH":8.0}},{"firstSubmission":"EYLUL_COSKUN","secondSubmission":"CEYDA_SENAY","similarities":{"AVG":0.288135593220339,"MAX":0.32075471698113206,"MAXIMUM_LENGTH":66.0,"LONGEST_MATCH":10.0}},{"firstSubmission":"YUSUF_ISA_ZERENUZ","secondSubmission":"EDHEM_TATAR","similarities":{"AVG":0.2857142857142857,"MAX":0.36538461538461536,"MAXIMUM_LENGTH":82.0,"LONGEST_MATCH":7.0}},{"firstSubmission":"EREN_KOCAGOKCEN","secondSubmission":"ILAY_FATMA_YAVUZ","similarities":{"AVG":0.2857142857142857,"MAX":0.5833333333333334,"MAXIMUM_LENGTH":47.0,"LONGEST_MATCH":7.0}},{"firstSubmission":"EGE_HURIEL","secondSubmission":"CEYDA_SENAY","similarities":{"AVG":0.2857142857142857,"MAX":0.29508196721311475,"MAXIMUM_LENGTH":66.0,"LONGEST_MATCH":12.0}},{"firstSubmission":"EYLUL_COSKUN","secondSubmission":"EDHEM_TATAR","similarities":{"AVG":0.2835820895522388,"MAX":0.3584905660377358,"MAXIMUM_LENGTH":82.0,"LONGEST_MATCH":11.0}},{"firstSubmission":"DENIZ_KAYRA_AYDIN","secondSubmission":"ISMAIL_EFE_YALCINKAYA","similarities":{"AVG":0.2833333333333333,"MAX":0.288135593220339,"MAXIMUM_LENGTH":62.0,"LONGEST_MATCH":9.0}},{"firstSubmission":"EGE_HURIEL","secondSubmission":"ALGUHAN_KURULAR","similarities":{"AVG":0.28125,"MAX":0.29508196721311475,"MAXIMUM_LENGTH":68.0,"LONGEST_MATCH":10.0}},{"firstSubmission":"DENIZ_KAYRA_AYDIN","secondSubmission":"GPT","similarities":{"AVG":0.2809917355371901,"MAX":0.288135593220339,"MAXIMUM_LENGTH":63.0,"LONGEST_MATCH":9.0}},{"firstSubmission":"YUSUF_ISA_ZERENUZ","secondSubmission":"GPT","similarities":{"AVG":0.2807017543859649,"MAX":0.3076923076923077,"MAXIMUM_LENGTH":63.0,"LONGEST_MATCH":10.0}},{"firstSubmission":"EGE_HURIEL","secondSubmission":"DEMIR_OZHAN","similarities":{"AVG":0.28,"MAX":0.3442622950819672,"MAXIMUM_LENGTH":90.0,"LONGEST_MATCH":21.0}},{"firstSubmission":"AYSE_ALKAN","secondSubmission":"OMER_FARUK_GUCER","similarities":{"AVG":0.27906976744186046,"MAX":0.42857142857142855,"MAXIMUM_LENGTH":59.0,"LONGEST_MATCH":6.0}},{"firstSubmission":"GPT","secondSubmission":"ALGUHAN_KURULAR","similarities":{"AVG":0.27906976744186046,"MAX":0.2903225806451613,"MAXIMUM_LENGTH":68.0,"LONGEST_MATCH":10.0}},{"firstSubmission":"BORA_ERDEM_ALAN","secondSubmission":"ERDAL_DENIZ_OZBEY","similarities":{"AVG":0.2753623188405797,"MAX":0.3114754098360656,"MAXIMUM_LENGTH":78.0,"LONGEST_MATCH":7.0}},{"firstSubmission":"MERTCAN_ARSLAN","secondSubmission":"DEMIR_OZHAN","similarities":{"AVG":0.2732919254658385,"MAX":0.3055555555555556,"MAXIMUM_LENGTH":90.0,"LONGEST_MATCH":9.0}},{"firstSubmission":"BORA_ERDEM_ALAN","secondSubmission":"SUDE_ATANSAY","similarities":{"AVG":0.2677165354330709,"MAX":0.2786885245901639,"MAXIMUM_LENGTH":67.0,"LONGEST_MATCH":10.0}},{"firstSubmission":"CEYDA_SENAY","secondSubmission":"EDHEM_TATAR","similarities":{"AVG":0.2602739726027397,"MAX":0.2923076923076923,"MAXIMUM_LENGTH":82.0,"LONGEST_MATCH":10.0}},{"firstSubmission":"OMER_FARUK_GUCER","secondSubmission":"ALGUHAN_KURULAR","similarities":{"AVG":0.256,"MAX":0.27586206896551724,"MAXIMUM_LENGTH":68.0,"LONGEST_MATCH":9.0}},{"firstSubmission":"AHMET_ZEKI_IHTIYAROGLU","secondSubmission":"EDHEM_TATAR","similarities":{"AVG":0.2535211267605634,"MAX":0.29508196721311475,"MAXIMUM_LENGTH":82.0,"LONGEST_MATCH":10.0}},{"firstSubmission":"AHMET_ZEKI_IHTIYAROGLU","secondSubmission":"SUDE_ATANSAY","similarities":{"AVG":0.25196850393700787,"MAX":0.26229508196721313,"MAXIMUM_LENGTH":67.0,"LONGEST_MATCH":9.0}},{"firstSubmission":"EYLUL_COSKUN","secondSubmission":"IRMAK_ZEHRA_EMRI","similarities":{"AVG":0.25196850393700787,"MAX":0.3018867924528302,"MAXIMUM_LENGTH":75.0,"LONGEST_MATCH":9.0}},{"firstSubmission":"DENIZ_KAYRA_AYDIN","secondSubmission":"EGE_HURIEL","similarities":{"AVG":0.25,"MAX":0.2542372881355932,"MAXIMUM_LENGTH":62.0,"LONGEST_MATCH":8.0}},{"firstSubmission":"YUSUF_ISA_ZERENUZ","secondSubmission":"AHMET_ZEKI_IHTIYAROGLU","similarities":{"AVG":0.24778761061946902,"MAX":0.2692307692307692,"MAXIMUM_LENGTH":62.0,"LONGEST_MATCH":8.0}},{"firstSubmission":"OMER_FARUK_GUCER","secondSubmission":"CEYDA_SENAY","similarities":{"AVG":0.24390243902439024,"MAX":0.25862068965517243,"MAXIMUM_LENGTH":66.0,"LONGEST_MATCH":9.0}},{"firstSubmission":"CEYDA_SENAY","secondSubmission":"ALGUHAN_KURULAR","similarities":{"AVG":0.24242424242424243,"MAX":0.24615384615384617,"MAXIMUM_LENGTH":68.0,"LONGEST_MATCH":8.0}},{"firstSubmission":"DENIZ_KAYRA_AYDIN","secondSubmission":"CEYDA_SENAY","similarities":{"AVG":0.24193548387096775,"MAX":0.2542372881355932,"MAXIMUM_LENGTH":66.0,"LONGEST_MATCH":9.0}},{"firstSubmission":"HIRANUR_DENIZ","secondSubmission":"BORA_ERDEM_ALAN","similarities":{"AVG":0.24074074074074073,"MAX":0.2765957446808511,"MAXIMUM_LENGTH":62.0,"LONGEST_MATCH":7.0}},{"firstSubmission":"ISMAIL_EFE_YALCINKAYA","secondSubmission":"EDHEM_TATAR","similarities":{"AVG":0.23943661971830985,"MAX":0.2786885245901639,"MAXIMUM_LENGTH":82.0,"LONGEST_MATCH":10.0}},{"firstSubmission":"GPT","secondSubmission":"EDHEM_TATAR","similarities":{"AVG":0.23776223776223776,"MAX":0.27419354838709675,"MAXIMUM_LENGTH":82.0,"LONGEST_MATCH":10.0}},{"firstSubmission":"EGE_HURIEL","secondSubmission":"IRMAK_ZEHRA_EMRI","similarities":{"AVG":0.23703703703703705,"MAX":0.26229508196721313,"MAXIMUM_LENGTH":75.0,"LONGEST_MATCH":10.0}},{"firstSubmission":"OMER_FARUK_GUCER","secondSubmission":"EGE_HURIEL","similarities":{"AVG":0.23529411764705882,"MAX":0.2413793103448276,"MAXIMUM_LENGTH":62.0,"LONGEST_MATCH":8.0}},{"firstSubmission":"IRMAK_ZEHRA_EMRI","secondSubmission":"EDHEM_TATAR","similarities":{"AVG":0.23225806451612904,"MAX":0.24324324324324326,"MAXIMUM_LENGTH":82.0,"LONGEST_MATCH":10.0}},{"firstSubmission":"OMER_FARUK_GUCER","secondSubmission":"EDHEM_TATAR","similarities":{"AVG":0.2302158273381295,"MAX":0.27586206896551724,"MAXIMUM_LENGTH":82.0,"LONGEST_MATCH":9.0}},{"firstSubmission":"CLAUDE","secondSubmission":"EDHEM_TATAR","similarities":{"AVG":0.22972972972972974,"MAX":0.2537313432835821,"MAXIMUM_LENGTH":82.0,"LONGEST_MATCH":10.0}},{"firstSubmission":"AHMET_ZEKI_IHTIYAROGLU","secondSubmission":"EGE_HURIEL","similarities":{"AVG":0.22950819672131148,"MAX":0.22950819672131148,"MAXIMUM_LENGTH":62.0,"LONGEST_MATCH":8.0}},{"firstSubmission":"GPT","secondSubmission":"SERHAT_YUNUSEMRE_KALPAKLI","similarities":{"AVG":0.22388059701492538,"MAX":0.24193548387096775,"MAXIMUM_LENGTH":73.0,"LONGEST_MATCH":8.0}},{"firstSubmission":"HIRANUR_DENIZ","secondSubmission":"MERTCAN_ARSLAN","similarities":{"AVG":0.2184873949579832,"MAX":0.2765957446808511,"MAXIMUM_LENGTH":73.0,"LONGEST_MATCH":7.0}},{"firstSubmission":"HIRANUR_DENIZ","secondSubmission":"SERHAT_YUNUSEMRE_KALPAKLI","similarities":{"AVG":0.2184873949579832,"MAX":0.2765957446808511,"MAXIMUM_LENGTH":73.0,"LONGEST_MATCH":7.0}},{"firstSubmission":"BORA_ERDEM_ALAN","secondSubmission":"YUSUF_ERDEM_ALTINSOY","similarities":{"AVG":0.21705426356589147,"MAX":0.22950819672131148,"MAXIMUM_LENGTH":69.0,"LONGEST_MATCH":8.0}},{"firstSubmission":"DENIZ_KAYRA_AYDIN","secondSubmission":"EDHEM_TATAR","similarities":{"AVG":0.21428571428571427,"MAX":0.2542372881355932,"MAXIMUM_LENGTH":82.0,"LONGEST_MATCH":9.0}},{"firstSubmission":"BORA_ERDEM_ALAN","secondSubmission":"EGE_HURIEL","similarities":{"AVG":0.21311475409836064,"MAX":0.21311475409836064,"MAXIMUM_LENGTH":62.0,"LONGEST_MATCH":7.0}},{"firstSubmission":"BORA_ERDEM_ALAN","secondSubmission":"ISMAIL_EFE_YALCINKAYA","similarities":{"AVG":0.21311475409836064,"MAX":0.21311475409836064,"MAXIMUM_LENGTH":62.0,"LONGEST_MATCH":7.0}},{"firstSubmission":"BORA_ERDEM_ALAN","secondSubmission":"GPT","similarities":{"AVG":0.21138211382113822,"MAX":0.21311475409836064,"MAXIMUM_LENGTH":63.0,"LONGEST_MATCH":7.0}},{"firstSubmission":"EGE_HURIEL","secondSubmission":"MERTCAN_ARSLAN","similarities":{"AVG":0.21052631578947367,"MAX":0.22950819672131148,"MAXIMUM_LENGTH":73.0,"LONGEST_MATCH":7.0}},{"firstSubmission":"YUSUF_ISA_ZERENUZ","secondSubmission":"MERTCAN_ARSLAN","similarities":{"AVG":0.20967741935483872,"MAX":0.25,"MAXIMUM_LENGTH":73.0,"LONGEST_MATCH":7.0}},{"firstSubmission":"YUSUF_ISA_ZERENUZ","secondSubmission":"CEYDA_SENAY","similarities":{"AVG":0.20512820512820512,"MAX":0.23076923076923078,"MAXIMUM_LENGTH":66.0,"LONGEST_MATCH":6.0}},{"firstSubmission":"SUDE_ATANSAY","secondSubmission":"EDHEM_TATAR","similarities":{"AVG":0.20408163265306123,"MAX":0.22727272727272727,"MAXIMUM_LENGTH":82.0,"LONGEST_MATCH":8.0}},{"firstSubmission":"GPT","secondSubmission":"MERTCAN_ARSLAN","similarities":{"AVG":0.19402985074626866,"MAX":0.20967741935483872,"MAXIMUM_LENGTH":73.0,"LONGEST_MATCH":7.0}},{"firstSubmission":"BORA_ERDEM_ALAN","secondSubmission":"EDHEM_TATAR","similarities":{"AVG":0.18309859154929578,"MAX":0.21311475409836064,"MAXIMUM_LENGTH":82.0,"LONGEST_MATCH":7.0}},{"firstSubmission":"CEYDA_SENAY","secondSubmission":"MERTCAN_ARSLAN","similarities":{"AVG":0.17518248175182483,"MAX":0.18461538461538463,"MAXIMUM_LENGTH":73.0,"LONGEST_MATCH":6.0}},{"firstSubmission":"MERTCAN_ARSLAN","secondSubmission":"ERDAL_DENIZ_OZBEY","similarities":{"AVG":0.174496644295302,"MAX":0.18055555555555555,"MAXIMUM_LENGTH":78.0,"LONGEST_MATCH":7.0}},{"firstSubmission":"EREN_KOCAGOKCEN","secondSubmission":"AHMET_ZEKI_IHTIYAROGLU","similarities":{"AVG":0.1643835616438356,"MAX":0.5,"MAXIMUM_LENGTH":62.0,"LONGEST_MATCH":6.0}},{"firstSubmission":"AYSE_ALKAN","secondSubmission":"EDHEM_TATAR","similarities":{"AVG":0.14678899082568808,"MAX":0.2857142857142857,"MAXIMUM_LENGTH":82.0,"LONGEST_MATCH":8.0}},{"firstSubmission":"EREN_KOCAGOKCEN","secondSubmission":"MERTCAN_ARSLAN","similarities":{"AVG":0.14285714285714285,"MAX":0.5,"MAXIMUM_LENGTH":73.0,"LONGEST_MATCH":6.0}},{"firstSubmission":"EREN_KOCAGOKCEN","secondSubmission":"SERHAT_YUNUSEMRE_KALPAKLI","similarities":{"AVG":0.14285714285714285,"MAX":0.5,"MAXIMUM_LENGTH":73.0,"LONGEST_MATCH":6.0}},{"firstSubmission":"AYSE_ALKAN","secondSubmission":"MERTCAN_ARSLAN","similarities":{"AVG":0.14,"MAX":0.25,"MAXIMUM_LENGTH":73.0,"LONGEST_MATCH":7.0}},{"firstSubmission":"AYSE_ALKAN","secondSubmission":"SERHAT_YUNUSEMRE_KALPAKLI","similarities":{"AVG":0.14,"MAX":0.25,"MAXIMUM_LENGTH":73.0,"LONGEST_MATCH":7.0}},{"firstSubmission":"EREN_KOCAGOKCEN","secondSubmission":"EMRE_ERGUL","similarities":{"AVG":0.13953488372093023,"MAX":0.5,"MAXIMUM_LENGTH":75.0,"LONGEST_MATCH":6.0}},{"firstSubmission":"EREN_KOCAGOKCEN","secondSubmission":"EDHEM_TATAR","similarities":{"AVG":0.12903225806451613,"MAX":0.5,"MAXIMUM_LENGTH":82.0,"LONGEST_MATCH":6.0}},{"firstSubmission":"ILAY_FATMA_YAVUZ","secondSubmission":"OMER_FARUK_GUCER","similarities":{"AVG":0.12631578947368421,"MAX":0.16216216216216217,"MAXIMUM_LENGTH":59.0,"LONGEST_MATCH":6.0}},{"firstSubmission":"HIRANUR_DENIZ","secondSubmission":"EDHEM_TATAR","similarities":{"AVG":0.125,"MAX":0.1702127659574468,"MAXIMUM_LENGTH":82.0,"LONGEST_MATCH":8.0}},{"firstSubmission":"ILAY_FATMA_YAVUZ","secondSubmission":"ISMAIL_EFE_YALCINKAYA","similarities":{"AVG":0.12244897959183673,"MAX":0.16216216216216217,"MAXIMUM_LENGTH":62.0,"LONGEST_MATCH":6.0}},{"firstSubmission":"ILAY_FATMA_YAVUZ","secondSubmission":"CEYDA_SENAY","similarities":{"AVG":0.11764705882352941,"MAX":0.16216216216216217,"MAXIMUM_LENGTH":66.0,"LONGEST_MATCH":6.0}},{"firstSubmission":"CEYDA_SENAY","secondSubmission":"SERHAT_YUNUSEMRE_KALPAKLI","similarities":{"AVG":0.11678832116788321,"MAX":0.12307692307692308,"MAXIMUM_LENGTH":73.0,"LONGEST_MATCH":8.0}},{"firstSubmission":"ILAY_FATMA_YAVUZ","secondSubmission":"SUDE_ATANSAY","similarities":{"AVG":0.11650485436893204,"MAX":0.16216216216216217,"MAXIMUM_LENGTH":67.0,"LONGEST_MATCH":6.0}},{"firstSubmission":"ILAY_FATMA_YAVUZ","secondSubmission":"MERTCAN_ARSLAN","similarities":{"AVG":0.11009174311926606,"MAX":0.16216216216216217,"MAXIMUM_LENGTH":73.0,"LONGEST_MATCH":6.0}},{"firstSubmission":"ILAY_FATMA_YAVUZ","secondSubmission":"SERHAT_YUNUSEMRE_KALPAKLI","similarities":{"AVG":0.11009174311926606,"MAX":0.16216216216216217,"MAXIMUM_LENGTH":73.0,"LONGEST_MATCH":6.0}},{"firstSubmission":"ILAY_FATMA_YAVUZ","secondSubmission":"DEMIR_OZHAN","similarities":{"AVG":0.09523809523809523,"MAX":0.16216216216216217,"MAXIMUM_LENGTH":90.0,"LONGEST_MATCH":6.0}},{"firstSubmission":"BORA_ERDEM_ALAN","secondSubmission":"CEYDA_SENAY","similarities":{"AVG":0.09523809523809523,"MAX":0.09836065573770492,"MAXIMUM_LENGTH":66.0,"LONGEST_MATCH":6.0}},{"firstSubmission":"EREN_KOCAGOKCEN","secondSubmission":"DEMIR_OZHAN","similarities":{"AVG":0.0,"MAX":0.0,"MAXIMUM_LENGTH":90.0,"LONGEST_MATCH":0.0}},{"firstSubmission":"BARIS_SAHIN","secondSubmission":"DEMIR_OZHAN","similarities":{"AVG":0.0,"MAX":0.0,"MAXIMUM_LENGTH":90.0,"LONGEST_MATCH":0.0}},{"firstSubmission":"EREN_KOCAGOKCEN","secondSubmission":"BORA_ERDEM_ALAN","similarities":{"AVG":0.0,"MAX":0.0,"MAXIMUM_LENGTH":62.0,"LONGEST_MATCH":0.0}},{"firstSubmission":"ILAY_FATMA_YAVUZ","secondSubmission":"BORA_ERDEM_ALAN","similarities":{"AVG":0.0,"MAX":0.0,"MAXIMUM_LENGTH":62.0,"LONGEST_MATCH":0.0}},{"firstSubmission":"BARIS_SAHIN","secondSubmission":"BORA_ERDEM_ALAN","similarities":{"AVG":0.0,"MAX":0.0,"MAXIMUM_LENGTH":62.0,"LONGEST_MATCH":0.0}},{"firstSubmission":"EREN_KOCAGOKCEN","secondSubmission":"YUSUF_ISA_ZERENUZ","similarities":{"AVG":0.0,"MAX":0.0,"MAXIMUM_LENGTH":53.0,"LONGEST_MATCH":0.0}},{"firstSubmission":"BARIS_SAHIN","secondSubmission":"YUSUF_ISA_ZERENUZ","similarities":{"AVG":0.0,"MAX":0.0,"MAXIMUM_LENGTH":53.0,"LONGEST_MATCH":0.0}},{"firstSubmission":"EREN_KOCAGOKCEN","secondSubmission":"AYSE_ALKAN","similarities":{"AVG":0.0,"MAX":0.0,"MAXIMUM_LENGTH":29.0,"LONGEST_MATCH":0.0}},{"firstSubmission":"AYSE_ALKAN","secondSubmission":"ILAY_FATMA_YAVUZ","similarities":{"AVG":0.0,"MAX":0.0,"MAXIMUM_LENGTH":47.0,"LONGEST_MATCH":0.0}},{"firstSubmission":"BARIS_SAHIN","secondSubmission":"AYSE_ALKAN","similarities":{"AVG":0.0,"MAX":0.0,"MAXIMUM_LENGTH":29.0,"LONGEST_MATCH":0.0}},{"firstSubmission":"EREN_KOCAGOKCEN","secondSubmission":"DENIZ_KAYRA_AYDIN","similarities":{"AVG":0.0,"MAX":0.0,"MAXIMUM_LENGTH":60.0,"LONGEST_MATCH":0.0}},{"firstSubmission":"EREN_KOCAGOKCEN","secondSubmission":"ALP_DIKMEN","similarities":{"AVG":0.0,"MAX":0.0,"MAXIMUM_LENGTH":60.0,"LONGEST_MATCH":0.0}},{"firstSubmission":"EREN_KOCAGOKCEN","secondSubmission":"ALGUHAN_KURULAR","similarities":{"AVG":0.0,"MAX":0.0,"MAXIMUM_LENGTH":68.0,"LONGEST_MATCH":0.0}},{"firstSubmission":"EREN_KOCAGOKCEN","secondSubmission":"CLAUDE","similarities":{"AVG":0.0,"MAX":0.0,"MAXIMUM_LENGTH":68.0,"LONGEST_MATCH":0.0}},{"firstSubmission":"EREN_KOCAGOKCEN","secondSubmission":"ERDAL_DENIZ_OZBEY","similarities":{"AVG":0.0,"MAX":0.0,"MAXIMUM_LENGTH":78.0,"LONGEST_MATCH":0.0}},{"firstSubmission":"EREN_KOCAGOKCEN","secondSubmission":"YUSUF_ERDEM_ALTINSOY","similarities":{"AVG":0.0,"MAX":0.0,"MAXIMUM_LENGTH":69.0,"LONGEST_MATCH":0.0}},{"firstSubmission":"EREN_KOCAGOKCEN","secondSubmission":"GPT","similarities":{"AVG":0.0,"MAX":0.0,"MAXIMUM_LENGTH":63.0,"LONGEST_MATCH":0.0}},{"firstSubmission":"EREN_KOCAGOKCEN","secondSubmission":"SUDE_ATANSAY","similarities":{"AVG":0.0,"MAX":0.0,"MAXIMUM_LENGTH":67.0,"LONGEST_MATCH":0.0}},{"firstSubmission":"EREN_KOCAGOKCEN","secondSubmission":"OMER_FARUK_GUCER","similarities":{"AVG":0.0,"MAX":0.0,"MAXIMUM_LENGTH":59.0,"LONGEST_MATCH":0.0}},{"firstSubmission":"EREN_KOCAGOKCEN","secondSubmission":"EYLUL_COSKUN","similarities":{"AVG":0.0,"MAX":0.0,"MAXIMUM_LENGTH":54.0,"LONGEST_MATCH":0.0}},{"firstSubmission":"EREN_KOCAGOKCEN","secondSubmission":"IRMAK_ZEHRA_EMRI","similarities":{"AVG":0.0,"MAX":0.0,"MAXIMUM_LENGTH":75.0,"LONGEST_MATCH":0.0}},{"firstSubmission":"EREN_KOCAGOKCEN","secondSubmission":"EGE_HURIEL","similarities":{"AVG":0.0,"MAX":0.0,"MAXIMUM_LENGTH":62.0,"LONGEST_MATCH":0.0}},{"firstSubmission":"EREN_KOCAGOKCEN","secondSubmission":"HIRANUR_DENIZ","similarities":{"AVG":0.0,"MAX":0.0,"MAXIMUM_LENGTH":48.0,"LONGEST_MATCH":0.0}},{"firstSubmission":"EREN_KOCAGOKCEN","secondSubmission":"CEYDA_SENAY","similarities":{"AVG":0.0,"MAX":0.0,"MAXIMUM_LENGTH":66.0,"LONGEST_MATCH":0.0}},{"firstSubmission":"BARIS_SAHIN","secondSubmission":"EREN_KOCAGOKCEN","similarities":{"AVG":0.0,"MAX":0.0,"MAXIMUM_LENGTH":22.0,"LONGEST_MATCH":0.0}},{"firstSubmission":"EREN_KOCAGOKCEN","secondSubmission":"ISMAIL_EFE_YALCINKAYA","similarities":{"AVG":0.0,"MAX":0.0,"MAXIMUM_LENGTH":62.0,"LONGEST_MATCH":0.0}},{"firstSubmission":"ILAY_FATMA_YAVUZ","secondSubmission":"DENIZ_KAYRA_AYDIN","similarities":{"AVG":0.0,"MAX":0.0,"MAXIMUM_LENGTH":60.0,"LONGEST_MATCH":0.0}},{"firstSubmission":"BARIS_SAHIN","secondSubmission":"DENIZ_KAYRA_AYDIN","similarities":{"AVG":0.0,"MAX":0.0,"MAXIMUM_LENGTH":60.0,"LONGEST_MATCH":0.0}},{"firstSubmission":"ILAY_FATMA_YAVUZ","secondSubmission":"ALP_DIKMEN","similarities":{"AVG":0.0,"MAX":0.0,"MAXIMUM_LENGTH":60.0,"LONGEST_MATCH":0.0}},{"firstSubmission":"BARIS_SAHIN","secondSubmission":"ALP_DIKMEN","similarities":{"AVG":0.0,"MAX":0.0,"MAXIMUM_LENGTH":60.0,"LONGEST_MATCH":0.0}},{"firstSubmission":"ILAY_FATMA_YAVUZ","secondSubmission":"AHMET_ZEKI_IHTIYAROGLU","similarities":{"AVG":0.0,"MAX":0.0,"MAXIMUM_LENGTH":62.0,"LONGEST_MATCH":0.0}},{"firstSubmission":"BARIS_SAHIN","secondSubmission":"AHMET_ZEKI_IHTIYAROGLU","similarities":{"AVG":0.0,"MAX":0.0,"MAXIMUM_LENGTH":62.0,"LONGEST_MATCH":0.0}},{"firstSubmission":"ILAY_FATMA_YAVUZ","secondSubmission":"ALGUHAN_KURULAR","similarities":{"AVG":0.0,"MAX":0.0,"MAXIMUM_LENGTH":68.0,"LONGEST_MATCH":0.0}},{"firstSubmission":"BARIS_SAHIN","secondSubmission":"ALGUHAN_KURULAR","similarities":{"AVG":0.0,"MAX":0.0,"MAXIMUM_LENGTH":68.0,"LONGEST_MATCH":0.0}},{"firstSubmission":"ILAY_FATMA_YAVUZ","secondSubmission":"CLAUDE","similarities":{"AVG":0.0,"MAX":0.0,"MAXIMUM_LENGTH":68.0,"LONGEST_MATCH":0.0}},{"firstSubmission":"BARIS_SAHIN","secondSubmission":"CLAUDE","similarities":{"AVG":0.0,"MAX":0.0,"MAXIMUM_LENGTH":68.0,"LONGEST_MATCH":0.0}},{"firstSubmission":"ILAY_FATMA_YAVUZ","secondSubmission":"ERDAL_DENIZ_OZBEY","similarities":{"AVG":0.0,"MAX":0.0,"MAXIMUM_LENGTH":78.0,"LONGEST_MATCH":0.0}},{"firstSubmission":"BARIS_SAHIN","secondSubmission":"ERDAL_DENIZ_OZBEY","similarities":{"AVG":0.0,"MAX":0.0,"MAXIMUM_LENGTH":78.0,"LONGEST_MATCH":0.0}},{"firstSubmission":"ILAY_FATMA_YAVUZ","secondSubmission":"YUSUF_ERDEM_ALTINSOY","similarities":{"AVG":0.0,"MAX":0.0,"MAXIMUM_LENGTH":69.0,"LONGEST_MATCH":0.0}},{"firstSubmission":"ILAY_FATMA_YAVUZ","secondSubmission":"GPT","similarities":{"AVG":0.0,"MAX":0.0,"MAXIMUM_LENGTH":63.0,"LONGEST_MATCH":0.0}},{"firstSubmission":"ILAY_FATMA_YAVUZ","secondSubmission":"EYLUL_COSKUN","similarities":{"AVG":0.0,"MAX":0.0,"MAXIMUM_LENGTH":54.0,"LONGEST_MATCH":0.0}},{"firstSubmission":"ILAY_FATMA_YAVUZ","secondSubmission":"EDHEM_TATAR","similarities":{"AVG":0.0,"MAX":0.0,"MAXIMUM_LENGTH":82.0,"LONGEST_MATCH":0.0}},{"firstSubmission":"ILAY_FATMA_YAVUZ","secondSubmission":"EMRE_ERGUL","similarities":{"AVG":0.0,"MAX":0.0,"MAXIMUM_LENGTH":75.0,"LONGEST_MATCH":0.0}},{"firstSubmission":"ILAY_FATMA_YAVUZ","secondSubmission":"IRMAK_ZEHRA_EMRI","similarities":{"AVG":0.0,"MAX":0.0,"MAXIMUM_LENGTH":75.0,"LONGEST_MATCH":0.0}},{"firstSubmission":"ILAY_FATMA_YAVUZ","secondSubmission":"EGE_HURIEL","similarities":{"AVG":0.0,"MAX":0.0,"MAXIMUM_LENGTH":62.0,"LONGEST_MATCH":0.0}},{"firstSubmission":"ILAY_FATMA_YAVUZ","secondSubmission":"HIRANUR_DENIZ","similarities":{"AVG":0.0,"MAX":0.0,"MAXIMUM_LENGTH":48.0,"LONGEST_MATCH":0.0}},{"firstSubmission":"BARIS_SAHIN","secondSubmission":"ILAY_FATMA_YAVUZ","similarities":{"AVG":0.0,"MAX":0.0,"MAXIMUM_LENGTH":47.0,"LONGEST_MATCH":0.0}},{"firstSubmission":"BARIS_SAHIN","secondSubmission":"MERTCAN_ARSLAN","similarities":{"AVG":0.0,"MAX":0.0,"MAXIMUM_LENGTH":73.0,"LONGEST_MATCH":0.0}},{"firstSubmission":"BARIS_SAHIN","secondSubmission":"YUSUF_ERDEM_ALTINSOY","similarities":{"AVG":0.0,"MAX":0.0,"MAXIMUM_LENGTH":69.0,"LONGEST_MATCH":0.0}},{"firstSubmission":"BARIS_SAHIN","secondSubmission":"GPT","similarities":{"AVG":0.0,"MAX":0.0,"MAXIMUM_LENGTH":63.0,"LONGEST_MATCH":0.0}},{"firstSubmission":"BARIS_SAHIN","secondSubmission":"SERHAT_YUNUSEMRE_KALPAKLI","similarities":{"AVG":0.0,"MAX":0.0,"MAXIMUM_LENGTH":73.0,"LONGEST_MATCH":0.0}},{"firstSubmission":"BARIS_SAHIN","secondSubmission":"SUDE_ATANSAY","similarities":{"AVG":0.0,"MAX":0.0,"MAXIMUM_LENGTH":67.0,"LONGEST_MATCH":0.0}},{"firstSubmission":"BARIS_SAHIN","secondSubmission":"OMER_FARUK_GUCER","similarities":{"AVG":0.0,"MAX":0.0,"MAXIMUM_LENGTH":59.0,"LONGEST_MATCH":0.0}},{"firstSubmission":"BARIS_SAHIN","secondSubmission":"EYLUL_COSKUN","similarities":{"AVG":0.0,"MAX":0.0,"MAXIMUM_LENGTH":54.0,"LONGEST_MATCH":0.0}},{"firstSubmission":"BARIS_SAHIN","secondSubmission":"EDHEM_TATAR","similarities":{"AVG":0.0,"MAX":0.0,"MAXIMUM_LENGTH":82.0,"LONGEST_MATCH":0.0}},{"firstSubmission":"BARIS_SAHIN","secondSubmission":"EMRE_ERGUL","similarities":{"AVG":0.0,"MAX":0.0,"MAXIMUM_LENGTH":75.0,"LONGEST_MATCH":0.0}},{"firstSubmission":"BARIS_SAHIN","secondSubmission":"IRMAK_ZEHRA_EMRI","similarities":{"AVG":0.0,"MAX":0.0,"MAXIMUM_LENGTH":75.0,"LONGEST_MATCH":0.0}},{"firstSubmission":"BARIS_SAHIN","secondSubmission":"EGE_HURIEL","similarities":{"AVG":0.0,"MAX":0.0,"MAXIMUM_LENGTH":62.0,"LONGEST_MATCH":0.0}},{"firstSubmission":"BARIS_SAHIN","secondSubmission":"HIRANUR_DENIZ","similarities":{"AVG":0.0,"MAX":0.0,"MAXIMUM_LENGTH":48.0,"LONGEST_MATCH":0.0}},{"firstSubmission":"BARIS_SAHIN","secondSubmission":"CEYDA_SENAY","similarities":{"AVG":0.0,"MAX":0.0,"MAXIMUM_LENGTH":66.0,"LONGEST_MATCH":0.0}},{"firstSubmission":"BARIS_SAHIN","secondSubmission":"ISMAIL_EFE_YALCINKAYA","similarities":{"AVG":0.0,"MAX":0.0,"MAXIMUM_LENGTH":62.0,"LONGEST_MATCH":0.0}}]