[{"averageSimilarity":0.23423917521866128,"strength":0.09006595244070936,"members":["ISMAIL_ERIM_ATAKTURK","GPT","NEVZAT_OGUZHAN_TOPUZ","BORA_YALCIN","CLAUDE","EDA_GUL_CETINEL","MUHAMMED_EMIN_SEKER","BEGUM_HAMARAT","MIRAY_DUYGULU","SEVKET_YESILPEKMEZ","EGE_KARTAL","EMIR_KEREM_ISILDAR","HASAN_ZAFER_BILIR","BERKE_TURKBAY","DORUK_OCAL","EYLUL_PIRINCAL","MEHMET_EREN_GUNER","ELIF_NAZ_TURAN","FATIH_KAGAN_CEBI","HATICE_SENA_SES","BAHA_ARDA_INALKUT"]},{"averageSimilarity":0.9117647058823528,"strength":0.09006595244070945,"members":["AYBERK_SENSOZ","KEREM_KOSE","MEHMET_ALI_CIFCI","CIHAT_OZLUK"]}]