{"submissionIds":{"AYBERK_SENSOZ":"AYBERK_SENSOZ","EGE_KARTAL":"EGE_KARTAL","MIRAY_DUYGULU":"MIRAY_DUYGULU","EMIR_KEREM_ISILDAR":"EMIR_KEREM_ISILDAR","GPT":"GPT","DORUK_OCAL":"DORUK_OCAL","HASAN_ZAFER_BILIR":"HASAN_ZAFER_BILIR","CIHAT_OZLUK":"CIHAT_OZLUK","EDA_GUL_CETINEL":"EDA_GUL_CETINEL","NEVZAT_OGUZHAN_TOPUZ":"NEVZAT_OGUZHAN_TOPUZ","ELIF_NAZ_TURAN":"ELIF_NAZ_TURAN","KEREM_KOSE":"KEREM_KOSE","MEHMET_ALI_CIFCI":"MEHMET_ALI_CIFCI","FATIH_KAGAN_CEBI":"FATIH_KAGAN_CEBI","SEVKET_YESILPEKMEZ":"SEVKET_YESILPEKMEZ","ISMAIL_ERIM_ATAKTURK":"ISMAIL_ERIM_ATAKTURK","SERKAN_YILMAZ":"SERKAN_YILMAZ","BERKE_TURKBAY":"BERKE_TURKBAY","MUHAMMED_EMIN_SEKER":"MUHAMMED_EMIN_SEKER","EYLUL_PIRINCAL":"EYLUL_PIRINCAL","BEGUM_HAMARAT":"BEGUM_HAMARAT","BAHA_ARDA_INALKUT":"BAHA_ARDA_INALKUT","HATICE_SENA_SES":"HATICE_SENA_SES","BORA_YALCIN":"BORA_YALCIN","CLAUDE":"CLAUDE","MEHMET_EREN_GUNER":"MEHMET_EREN_GUNER"},"submissionIdsToComparisonFileName":{"AYBERK_SENSOZ":{"EGE_KARTAL":"AYBERK_SENSOZ-EGE_KARTAL.json","MIRAY_DUYGULU":"AYBERK_SENSOZ-MIRAY_DUYGULU.json","EMIR_KEREM_ISILDAR":"AYBERK_SENSOZ-EMIR_KEREM_ISILDAR.json","GPT":"AYBERK_SENSOZ-GPT.json","DORUK_OCAL":"AYBERK_SENSOZ-DORUK_OCAL.json","HASAN_ZAFER_BILIR":"AYBERK_SENSOZ-HASAN_ZAFER_BILIR.json","CIHAT_OZLUK":"AYBERK_SENSOZ-CIHAT_OZLUK.json","EDA_GUL_CETINEL":"AYBERK_SENSOZ-EDA_GUL_CETINEL.json","NEVZAT_OGUZHAN_TOPUZ":"AYBERK_SENSOZ-NEVZAT_OGUZHAN_TOPUZ.json","ELIF_NAZ_TURAN":"AYBERK_SENSOZ-ELIF_NAZ_TURAN.json","KEREM_KOSE":"AYBERK_SENSOZ-KEREM_KOSE.json","MEHMET_ALI_CIFCI":"AYBERK_SENSOZ-MEHMET_ALI_CIFCI.json","FATIH_KAGAN_CEBI":"AYBERK_SENSOZ-FATIH_KAGAN_CEBI.json","SEVKET_YESILPEKMEZ":"AYBERK_SENSOZ-SEVKET_YESILPEKMEZ.json","ISMAIL_ERIM_ATAKTURK":"AYBERK_SENSOZ-ISMAIL_ERIM_ATAKTURK.json","BERKE_TURKBAY":"AYBERK_SENSOZ-BERKE_TURKBAY.json","SERKAN_YILMAZ":"SERKAN_YILMAZ-AYBERK_SENSOZ.json","MUHAMMED_EMIN_SEKER":"AYBERK_SENSOZ-MUHAMMED_EMIN_SEKER.json","EYLUL_PIRINCAL":"AYBERK_SENSOZ-EYLUL_PIRINCAL.json","BEGUM_HAMARAT":"AYBERK_SENSOZ-BEGUM_HAMARAT.json","BAHA_ARDA_INALKUT":"AYBERK_SENSOZ-BAHA_ARDA_INALKUT.json","HATICE_SENA_SES":"AYBERK_SENSOZ-HATICE_SENA_SES.json","BORA_YALCIN":"AYBERK_SENSOZ-BORA_YALCIN.json","CLAUDE":"AYBERK_SENSOZ-CLAUDE.json","MEHMET_EREN_GUNER":"AYBERK_SENSOZ-MEHMET_EREN_GUNER.json"},"EGE_KARTAL":{"AYBERK_SENSOZ":"AYBERK_SENSOZ-EGE_KARTAL.json","MIRAY_DUYGULU":"MIRAY_DUYGULU-EGE_KARTAL.json","EMIR_KEREM_ISILDAR":"EMIR_KEREM_ISILDAR-EGE_KARTAL.json","GPT":"EGE_KARTAL-GPT.json","HASAN_ZAFER_BILIR":"HASAN_ZAFER_BILIR-EGE_KARTAL.json","DORUK_OCAL":"DORUK_OCAL-EGE_KARTAL.json","CIHAT_OZLUK":"CIHAT_OZLUK-EGE_KARTAL.json","EDA_GUL_CETINEL":"EDA_GUL_CETINEL-EGE_KARTAL.json","NEVZAT_OGUZHAN_TOPUZ":"NEVZAT_OGUZHAN_TOPUZ-EGE_KARTAL.json","ELIF_NAZ_TURAN":"ELIF_NAZ_TURAN-EGE_KARTAL.json","KEREM_KOSE":"KEREM_KOSE-EGE_KARTAL.json","MEHMET_ALI_CIFCI":"MEHMET_ALI_CIFCI-EGE_KARTAL.json","FATIH_KAGAN_CEBI":"FATIH_KAGAN_CEBI-EGE_KARTAL.json","SEVKET_YESILPEKMEZ":"SEVKET_YESILPEKMEZ-EGE_KARTAL.json","ISMAIL_ERIM_ATAKTURK":"EGE_KARTAL-ISMAIL_ERIM_ATAKTURK.json","BERKE_TURKBAY":"BERKE_TURKBAY-EGE_KARTAL.json","SERKAN_YILMAZ":"SERKAN_YILMAZ-EGE_KARTAL.json","MUHAMMED_EMIN_SEKER":"MUHAMMED_EMIN_SEKER-EGE_KARTAL.json","EYLUL_PIRINCAL":"EYLUL_PIRINCAL-EGE_KARTAL.json","BEGUM_HAMARAT":"BEGUM_HAMARAT-EGE_KARTAL.json","BAHA_ARDA_INALKUT":"BAHA_ARDA_INALKUT-EGE_KARTAL.json","HATICE_SENA_SES":"HATICE_SENA_SES-EGE_KARTAL.json","BORA_YALCIN":"BORA_YALCIN-EGE_KARTAL.json","CLAUDE":"EGE_KARTAL-CLAUDE.json","MEHMET_EREN_GUNER":"MEHMET_EREN_GUNER-EGE_KARTAL.json"},"MIRAY_DUYGULU":{"EGE_KARTAL":"MIRAY_DUYGULU-EGE_KARTAL.json","AYBERK_SENSOZ":"AYBERK_SENSOZ-MIRAY_DUYGULU.json","EMIR_KEREM_ISILDAR":"EMIR_KEREM_ISILDAR-MIRAY_DUYGULU.json","GPT":"MIRAY_DUYGULU-GPT.json","HASAN_ZAFER_BILIR":"HASAN_ZAFER_BILIR-MIRAY_DUYGULU.json","DORUK_OCAL":"DORUK_OCAL-MIRAY_DUYGULU.json","CIHAT_OZLUK":"CIHAT_OZLUK-MIRAY_DUYGULU.json","EDA_GUL_CETINEL":"EDA_GUL_CETINEL-MIRAY_DUYGULU.json","ELIF_NAZ_TURAN":"ELIF_NAZ_TURAN-MIRAY_DUYGULU.json","NEVZAT_OGUZHAN_TOPUZ":"NEVZAT_OGUZHAN_TOPUZ-MIRAY_DUYGULU.json","KEREM_KOSE":"KEREM_KOSE-MIRAY_DUYGULU.json","MEHMET_ALI_CIFCI":"MEHMET_ALI_CIFCI-MIRAY_DUYGULU.json","FATIH_KAGAN_CEBI":"FATIH_KAGAN_CEBI-MIRAY_DUYGULU.json","SEVKET_YESILPEKMEZ":"SEVKET_YESILPEKMEZ-MIRAY_DUYGULU.json","ISMAIL_ERIM_ATAKTURK":"MIRAY_DUYGULU-ISMAIL_ERIM_ATAKTURK.json","BERKE_TURKBAY":"BERKE_TURKBAY-MIRAY_DUYGULU.json","SERKAN_YILMAZ":"SERKAN_YILMAZ-MIRAY_DUYGULU.json","MUHAMMED_EMIN_SEKER":"MUHAMMED_EMIN_SEKER-MIRAY_DUYGULU.json","EYLUL_PIRINCAL":"EYLUL_PIRINCAL-MIRAY_DUYGULU.json","BEGUM_HAMARAT":"BEGUM_HAMARAT-MIRAY_DUYGULU.json","BAHA_ARDA_INALKUT":"BAHA_ARDA_INALKUT-MIRAY_DUYGULU.json","HATICE_SENA_SES":"HATICE_SENA_SES-MIRAY_DUYGULU.json","BORA_YALCIN":"BORA_YALCIN-MIRAY_DUYGULU.json","CLAUDE":"MIRAY_DUYGULU-CLAUDE.json","MEHMET_EREN_GUNER":"MEHMET_EREN_GUNER-MIRAY_DUYGULU.json"},"EMIR_KEREM_ISILDAR":{"EGE_KARTAL":"EMIR_KEREM_ISILDAR-EGE_KARTAL.json","AYBERK_SENSOZ":"AYBERK_SENSOZ-EMIR_KEREM_ISILDAR.json","MIRAY_DUYGULU":"EMIR_KEREM_ISILDAR-MIRAY_DUYGULU.json","GPT":"EMIR_KEREM_ISILDAR-GPT.json","HASAN_ZAFER_BILIR":"EMIR_KEREM_ISILDAR-HASAN_ZAFER_BILIR.json","DORUK_OCAL":"DORUK_OCAL-EMIR_KEREM_ISILDAR.json","CIHAT_OZLUK":"CIHAT_OZLUK-EMIR_KEREM_ISILDAR.json","EDA_GUL_CETINEL":"EMIR_KEREM_ISILDAR-EDA_GUL_CETINEL.json","ELIF_NAZ_TURAN":"ELIF_NAZ_TURAN-EMIR_KEREM_ISILDAR.json","NEVZAT_OGUZHAN_TOPUZ":"EMIR_KEREM_ISILDAR-NEVZAT_OGUZHAN_TOPUZ.json","KEREM_KOSE":"KEREM_KOSE-EMIR_KEREM_ISILDAR.json","MEHMET_ALI_CIFCI":"MEHMET_ALI_CIFCI-EMIR_KEREM_ISILDAR.json","FATIH_KAGAN_CEBI":"FATIH_KAGAN_CEBI-EMIR_KEREM_ISILDAR.json","SEVKET_YESILPEKMEZ":"SEVKET_YESILPEKMEZ-EMIR_KEREM_ISILDAR.json","ISMAIL_ERIM_ATAKTURK":"EMIR_KEREM_ISILDAR-ISMAIL_ERIM_ATAKTURK.json","BERKE_TURKBAY":"EMIR_KEREM_ISILDAR-BERKE_TURKBAY.json","SERKAN_YILMAZ":"SERKAN_YILMAZ-EMIR_KEREM_ISILDAR.json","MUHAMMED_EMIN_SEKER":"EMIR_KEREM_ISILDAR-MUHAMMED_EMIN_SEKER.json","EYLUL_PIRINCAL":"EYLUL_PIRINCAL-EMIR_KEREM_ISILDAR.json","BEGUM_HAMARAT":"EMIR_KEREM_ISILDAR-BEGUM_HAMARAT.json","BAHA_ARDA_INALKUT":"BAHA_ARDA_INALKUT-EMIR_KEREM_ISILDAR.json","HATICE_SENA_SES":"HATICE_SENA_SES-EMIR_KEREM_ISILDAR.json","BORA_YALCIN":"EMIR_KEREM_ISILDAR-BORA_YALCIN.json","CLAUDE":"EMIR_KEREM_ISILDAR-CLAUDE.json","MEHMET_EREN_GUNER":"MEHMET_EREN_GUNER-EMIR_KEREM_ISILDAR.json"},"GPT":{"EGE_KARTAL":"EGE_KARTAL-GPT.json","AYBERK_SENSOZ":"AYBERK_SENSOZ-GPT.json","MIRAY_DUYGULU":"MIRAY_DUYGULU-GPT.json","EMIR_KEREM_ISILDAR":"EMIR_KEREM_ISILDAR-GPT.json","HASAN_ZAFER_BILIR":"HASAN_ZAFER_BILIR-GPT.json","DORUK_OCAL":"DORUK_OCAL-GPT.json","CIHAT_OZLUK":"CIHAT_OZLUK-GPT.json","EDA_GUL_CETINEL":"EDA_GUL_CETINEL-GPT.json","NEVZAT_OGUZHAN_TOPUZ":"NEVZAT_OGUZHAN_TOPUZ-GPT.json","ELIF_NAZ_TURAN":"ELIF_NAZ_TURAN-GPT.json","KEREM_KOSE":"KEREM_KOSE-GPT.json","MEHMET_ALI_CIFCI":"MEHMET_ALI_CIFCI-GPT.json","FATIH_KAGAN_CEBI":"FATIH_KAGAN_CEBI-GPT.json","SEVKET_YESILPEKMEZ":"SEVKET_YESILPEKMEZ-GPT.json","ISMAIL_ERIM_ATAKTURK":"ISMAIL_ERIM_ATAKTURK-GPT.json","BERKE_TURKBAY":"BERKE_TURKBAY-GPT.json","SERKAN_YILMAZ":"SERKAN_YILMAZ-GPT.json","MUHAMMED_EMIN_SEKER":"MUHAMMED_EMIN_SEKER-GPT.json","EYLUL_PIRINCAL":"EYLUL_PIRINCAL-GPT.json","BEGUM_HAMARAT":"BEGUM_HAMARAT-GPT.json","BAHA_ARDA_INALKUT":"BAHA_ARDA_INALKUT-GPT.json","HATICE_SENA_SES":"HATICE_SENA_SES-GPT.json","BORA_YALCIN":"BORA_YALCIN-GPT.json","CLAUDE":"CLAUDE-GPT.json","MEHMET_EREN_GUNER":"MEHMET_EREN_GUNER-GPT.json"},"HASAN_ZAFER_BILIR":{"EGE_KARTAL":"HASAN_ZAFER_BILIR-EGE_KARTAL.json","AYBERK_SENSOZ":"AYBERK_SENSOZ-HASAN_ZAFER_BILIR.json","MIRAY_DUYGULU":"HASAN_ZAFER_BILIR-MIRAY_DUYGULU.json","EMIR_KEREM_ISILDAR":"EMIR_KEREM_ISILDAR-HASAN_ZAFER_BILIR.json","GPT":"HASAN_ZAFER_BILIR-GPT.json","DORUK_OCAL":"DORUK_OCAL-HASAN_ZAFER_BILIR.json","CIHAT_OZLUK":"CIHAT_OZLUK-HASAN_ZAFER_BILIR.json","EDA_GUL_CETINEL":"HASAN_ZAFER_BILIR-EDA_GUL_CETINEL.json","ELIF_NAZ_TURAN":"ELIF_NAZ_TURAN-HASAN_ZAFER_BILIR.json","NEVZAT_OGUZHAN_TOPUZ":"HASAN_ZAFER_BILIR-NEVZAT_OGUZHAN_TOPUZ.json","KEREM_KOSE":"KEREM_KOSE-HASAN_ZAFER_BILIR.json","MEHMET_ALI_CIFCI":"MEHMET_ALI_CIFCI-HASAN_ZAFER_BILIR.json","FATIH_KAGAN_CEBI":"FATIH_KAGAN_CEBI-HASAN_ZAFER_BILIR.json","ISMAIL_ERIM_ATAKTURK":"HASAN_ZAFER_BILIR-ISMAIL_ERIM_ATAKTURK.json","SEVKET_YESILPEKMEZ":"SEVKET_YESILPEKMEZ-HASAN_ZAFER_BILIR.json","BERKE_TURKBAY":"HASAN_ZAFER_BILIR-BERKE_TURKBAY.json","SERKAN_YILMAZ":"SERKAN_YILMAZ-HASAN_ZAFER_BILIR.json","MUHAMMED_EMIN_SEKER":"HASAN_ZAFER_BILIR-MUHAMMED_EMIN_SEKER.json","EYLUL_PIRINCAL":"EYLUL_PIRINCAL-HASAN_ZAFER_BILIR.json","BEGUM_HAMARAT":"HASAN_ZAFER_BILIR-BEGUM_HAMARAT.json","BAHA_ARDA_INALKUT":"BAHA_ARDA_INALKUT-HASAN_ZAFER_BILIR.json","HATICE_SENA_SES":"HATICE_SENA_SES-HASAN_ZAFER_BILIR.json","BORA_YALCIN":"HASAN_ZAFER_BILIR-BORA_YALCIN.json","CLAUDE":"HASAN_ZAFER_BILIR-CLAUDE.json","MEHMET_EREN_GUNER":"MEHMET_EREN_GUNER-HASAN_ZAFER_BILIR.json"},"DORUK_OCAL":{"EGE_KARTAL":"DORUK_OCAL-EGE_KARTAL.json","AYBERK_SENSOZ":"AYBERK_SENSOZ-DORUK_OCAL.json","MIRAY_DUYGULU":"DORUK_OCAL-MIRAY_DUYGULU.json","EMIR_KEREM_ISILDAR":"DORUK_OCAL-EMIR_KEREM_ISILDAR.json","GPT":"DORUK_OCAL-GPT.json","HASAN_ZAFER_BILIR":"DORUK_OCAL-HASAN_ZAFER_BILIR.json","CIHAT_OZLUK":"CIHAT_OZLUK-DORUK_OCAL.json","EDA_GUL_CETINEL":"DORUK_OCAL-EDA_GUL_CETINEL.json","ELIF_NAZ_TURAN":"DORUK_OCAL-ELIF_NAZ_TURAN.json","NEVZAT_OGUZHAN_TOPUZ":"DORUK_OCAL-NEVZAT_OGUZHAN_TOPUZ.json","KEREM_KOSE":"KEREM_KOSE-DORUK_OCAL.json","MEHMET_ALI_CIFCI":"MEHMET_ALI_CIFCI-DORUK_OCAL.json","FATIH_KAGAN_CEBI":"FATIH_KAGAN_CEBI-DORUK_OCAL.json","ISMAIL_ERIM_ATAKTURK":"DORUK_OCAL-ISMAIL_ERIM_ATAKTURK.json","SEVKET_YESILPEKMEZ":"DORUK_OCAL-SEVKET_YESILPEKMEZ.json","BERKE_TURKBAY":"DORUK_OCAL-BERKE_TURKBAY.json","SERKAN_YILMAZ":"SERKAN_YILMAZ-DORUK_OCAL.json","MUHAMMED_EMIN_SEKER":"DORUK_OCAL-MUHAMMED_EMIN_SEKER.json","EYLUL_PIRINCAL":"DORUK_OCAL-EYLUL_PIRINCAL.json","BEGUM_HAMARAT":"DORUK_OCAL-BEGUM_HAMARAT.json","BAHA_ARDA_INALKUT":"BAHA_ARDA_INALKUT-DORUK_OCAL.json","HATICE_SENA_SES":"HATICE_SENA_SES-DORUK_OCAL.json","BORA_YALCIN":"DORUK_OCAL-BORA_YALCIN.json","CLAUDE":"DORUK_OCAL-CLAUDE.json","MEHMET_EREN_GUNER":"DORUK_OCAL-MEHMET_EREN_GUNER.json"},"CIHAT_OZLUK":{"EGE_KARTAL":"CIHAT_OZLUK-EGE_KARTAL.json","AYBERK_SENSOZ":"AYBERK_SENSOZ-CIHAT_OZLUK.json","MIRAY_DUYGULU":"CIHAT_OZLUK-MIRAY_DUYGULU.json","EMIR_KEREM_ISILDAR":"CIHAT_OZLUK-EMIR_KEREM_ISILDAR.json","GPT":"CIHAT_OZLUK-GPT.json","DORUK_OCAL":"CIHAT_OZLUK-DORUK_OCAL.json","HASAN_ZAFER_BILIR":"CIHAT_OZLUK-HASAN_ZAFER_BILIR.json","EDA_GUL_CETINEL":"CIHAT_OZLUK-EDA_GUL_CETINEL.json","NEVZAT_OGUZHAN_TOPUZ":"CIHAT_OZLUK-NEVZAT_OGUZHAN_TOPUZ.json","ELIF_NAZ_TURAN":"CIHAT_OZLUK-ELIF_NAZ_TURAN.json","KEREM_KOSE":"KEREM_KOSE-CIHAT_OZLUK.json","MEHMET_ALI_CIFCI":"MEHMET_ALI_CIFCI-CIHAT_OZLUK.json","FATIH_KAGAN_CEBI":"CIHAT_OZLUK-FATIH_KAGAN_CEBI.json","SEVKET_YESILPEKMEZ":"CIHAT_OZLUK-SEVKET_YESILPEKMEZ.json","ISMAIL_ERIM_ATAKTURK":"CIHAT_OZLUK-ISMAIL_ERIM_ATAKTURK.json","BERKE_TURKBAY":"CIHAT_OZLUK-BERKE_TURKBAY.json","SERKAN_YILMAZ":"SERKAN_YILMAZ-CIHAT_OZLUK.json","MUHAMMED_EMIN_SEKER":"CIHAT_OZLUK-MUHAMMED_EMIN_SEKER.json","EYLUL_PIRINCAL":"CIHAT_OZLUK-EYLUL_PIRINCAL.json","BEGUM_HAMARAT":"CIHAT_OZLUK-BEGUM_HAMARAT.json","BAHA_ARDA_INALKUT":"CIHAT_OZLUK-BAHA_ARDA_INALKUT.json","HATICE_SENA_SES":"CIHAT_OZLUK-HATICE_SENA_SES.json","BORA_YALCIN":"CIHAT_OZLUK-BORA_YALCIN.json","CLAUDE":"CIHAT_OZLUK-CLAUDE.json","MEHMET_EREN_GUNER":"CIHAT_OZLUK-MEHMET_EREN_GUNER.json"},"EDA_GUL_CETINEL":{"EGE_KARTAL":"EDA_GUL_CETINEL-EGE_KARTAL.json","AYBERK_SENSOZ":"AYBERK_SENSOZ-EDA_GUL_CETINEL.json","MIRAY_DUYGULU":"EDA_GUL_CETINEL-MIRAY_DUYGULU.json","EMIR_KEREM_ISILDAR":"EMIR_KEREM_ISILDAR-EDA_GUL_CETINEL.json","GPT":"EDA_GUL_CETINEL-GPT.json","HASAN_ZAFER_BILIR":"HASAN_ZAFER_BILIR-EDA_GUL_CETINEL.json","DORUK_OCAL":"DORUK_OCAL-EDA_GUL_CETINEL.json","CIHAT_OZLUK":"CIHAT_OZLUK-EDA_GUL_CETINEL.json","ELIF_NAZ_TURAN":"ELIF_NAZ_TURAN-EDA_GUL_CETINEL.json","NEVZAT_OGUZHAN_TOPUZ":"NEVZAT_OGUZHAN_TOPUZ-EDA_GUL_CETINEL.json","KEREM_KOSE":"KEREM_KOSE-EDA_GUL_CETINEL.json","MEHMET_ALI_CIFCI":"MEHMET_ALI_CIFCI-EDA_GUL_CETINEL.json","FATIH_KAGAN_CEBI":"FATIH_KAGAN_CEBI-EDA_GUL_CETINEL.json","SEVKET_YESILPEKMEZ":"SEVKET_YESILPEKMEZ-EDA_GUL_CETINEL.json","ISMAIL_ERIM_ATAKTURK":"EDA_GUL_CETINEL-ISMAIL_ERIM_ATAKTURK.json","BERKE_TURKBAY":"BERKE_TURKBAY-EDA_GUL_CETINEL.json","SERKAN_YILMAZ":"SERKAN_YILMAZ-EDA_GUL_CETINEL.json","MUHAMMED_EMIN_SEKER":"EDA_GUL_CETINEL-MUHAMMED_EMIN_SEKER.json","EYLUL_PIRINCAL":"EYLUL_PIRINCAL-EDA_GUL_CETINEL.json","BEGUM_HAMARAT":"EDA_GUL_CETINEL-BEGUM_HAMARAT.json","BAHA_ARDA_INALKUT":"BAHA_ARDA_INALKUT-EDA_GUL_CETINEL.json","HATICE_SENA_SES":"HATICE_SENA_SES-EDA_GUL_CETINEL.json","BORA_YALCIN":"BORA_YALCIN-EDA_GUL_CETINEL.json","CLAUDE":"EDA_GUL_CETINEL-CLAUDE.json","MEHMET_EREN_GUNER":"MEHMET_EREN_GUNER-EDA_GUL_CETINEL.json"},"NEVZAT_OGUZHAN_TOPUZ":{"EGE_KARTAL":"NEVZAT_OGUZHAN_TOPUZ-EGE_KARTAL.json","AYBERK_SENSOZ":"AYBERK_SENSOZ-NEVZAT_OGUZHAN_TOPUZ.json","MIRAY_DUYGULU":"NEVZAT_OGUZHAN_TOPUZ-MIRAY_DUYGULU.json","EMIR_KEREM_ISILDAR":"EMIR_KEREM_ISILDAR-NEVZAT_OGUZHAN_TOPUZ.json","GPT":"NEVZAT_OGUZHAN_TOPUZ-GPT.json","HASAN_ZAFER_BILIR":"HASAN_ZAFER_BILIR-NEVZAT_OGUZHAN_TOPUZ.json","DORUK_OCAL":"DORUK_OCAL-NEVZAT_OGUZHAN_TOPUZ.json","CIHAT_OZLUK":"CIHAT_OZLUK-NEVZAT_OGUZHAN_TOPUZ.json","EDA_GUL_CETINEL":"NEVZAT_OGUZHAN_TOPUZ-EDA_GUL_CETINEL.json","ELIF_NAZ_TURAN":"ELIF_NAZ_TURAN-NEVZAT_OGUZHAN_TOPUZ.json","KEREM_KOSE":"KEREM_KOSE-NEVZAT_OGUZHAN_TOPUZ.json","MEHMET_ALI_CIFCI":"MEHMET_ALI_CIFCI-NEVZAT_OGUZHAN_TOPUZ.json","FATIH_KAGAN_CEBI":"FATIH_KAGAN_CEBI-NEVZAT_OGUZHAN_TOPUZ.json","SEVKET_YESILPEKMEZ":"SEVKET_YESILPEKMEZ-NEVZAT_OGUZHAN_TOPUZ.json","ISMAIL_ERIM_ATAKTURK":"NEVZAT_OGUZHAN_TOPUZ-ISMAIL_ERIM_ATAKTURK.json","BERKE_TURKBAY":"NEVZAT_OGUZHAN_TOPUZ-BERKE_TURKBAY.json","SERKAN_YILMAZ":"SERKAN_YILMAZ-NEVZAT_OGUZHAN_TOPUZ.json","MUHAMMED_EMIN_SEKER":"NEVZAT_OGUZHAN_TOPUZ-MUHAMMED_EMIN_SEKER.json","EYLUL_PIRINCAL":"EYLUL_PIRINCAL-NEVZAT_OGUZHAN_TOPUZ.json","BEGUM_HAMARAT":"NEVZAT_OGUZHAN_TOPUZ-BEGUM_HAMARAT.json","BAHA_ARDA_INALKUT":"BAHA_ARDA_INALKUT-NEVZAT_OGUZHAN_TOPUZ.json","HATICE_SENA_SES":"HATICE_SENA_SES-NEVZAT_OGUZHAN_TOPUZ.json","BORA_YALCIN":"NEVZAT_OGUZHAN_TOPUZ-BORA_YALCIN.json","CLAUDE":"NEVZAT_OGUZHAN_TOPUZ-CLAUDE.json","MEHMET_EREN_GUNER":"MEHMET_EREN_GUNER-NEVZAT_OGUZHAN_TOPUZ.json"},"ELIF_NAZ_TURAN":{"EGE_KARTAL":"ELIF_NAZ_TURAN-EGE_KARTAL.json","AYBERK_SENSOZ":"AYBERK_SENSOZ-ELIF_NAZ_TURAN.json","MIRAY_DUYGULU":"ELIF_NAZ_TURAN-MIRAY_DUYGULU.json","EMIR_KEREM_ISILDAR":"ELIF_NAZ_TURAN-EMIR_KEREM_ISILDAR.json","GPT":"ELIF_NAZ_TURAN-GPT.json","HASAN_ZAFER_BILIR":"ELIF_NAZ_TURAN-HASAN_ZAFER_BILIR.json","DORUK_OCAL":"DORUK_OCAL-ELIF_NAZ_TURAN.json","CIHAT_OZLUK":"CIHAT_OZLUK-ELIF_NAZ_TURAN.json","EDA_GUL_CETINEL":"ELIF_NAZ_TURAN-EDA_GUL_CETINEL.json","NEVZAT_OGUZHAN_TOPUZ":"ELIF_NAZ_TURAN-NEVZAT_OGUZHAN_TOPUZ.json","KEREM_KOSE":"KEREM_KOSE-ELIF_NAZ_TURAN.json","MEHMET_ALI_CIFCI":"MEHMET_ALI_CIFCI-ELIF_NAZ_TURAN.json","FATIH_KAGAN_CEBI":"FATIH_KAGAN_CEBI-ELIF_NAZ_TURAN.json","ISMAIL_ERIM_ATAKTURK":"ELIF_NAZ_TURAN-ISMAIL_ERIM_ATAKTURK.json","SEVKET_YESILPEKMEZ":"SEVKET_YESILPEKMEZ-ELIF_NAZ_TURAN.json","BERKE_TURKBAY":"ELIF_NAZ_TURAN-BERKE_TURKBAY.json","SERKAN_YILMAZ":"SERKAN_YILMAZ-ELIF_NAZ_TURAN.json","MUHAMMED_EMIN_SEKER":"ELIF_NAZ_TURAN-MUHAMMED_EMIN_SEKER.json","EYLUL_PIRINCAL":"EYLUL_PIRINCAL-ELIF_NAZ_TURAN.json","BEGUM_HAMARAT":"ELIF_NAZ_TURAN-BEGUM_HAMARAT.json","BAHA_ARDA_INALKUT":"BAHA_ARDA_INALKUT-ELIF_NAZ_TURAN.json","HATICE_SENA_SES":"HATICE_SENA_SES-ELIF_NAZ_TURAN.json","BORA_YALCIN":"ELIF_NAZ_TURAN-BORA_YALCIN.json","CLAUDE":"ELIF_NAZ_TURAN-CLAUDE.json","MEHMET_EREN_GUNER":"MEHMET_EREN_GUNER-ELIF_NAZ_TURAN.json"},"KEREM_KOSE":{"EGE_KARTAL":"KEREM_KOSE-EGE_KARTAL.json","AYBERK_SENSOZ":"AYBERK_SENSOZ-KEREM_KOSE.json","MIRAY_DUYGULU":"KEREM_KOSE-MIRAY_DUYGULU.json","EMIR_KEREM_ISILDAR":"KEREM_KOSE-EMIR_KEREM_ISILDAR.json","GPT":"KEREM_KOSE-GPT.json","DORUK_OCAL":"KEREM_KOSE-DORUK_OCAL.json","HASAN_ZAFER_BILIR":"KEREM_KOSE-HASAN_ZAFER_BILIR.json","CIHAT_OZLUK":"KEREM_KOSE-CIHAT_OZLUK.json","EDA_GUL_CETINEL":"KEREM_KOSE-EDA_GUL_CETINEL.json","NEVZAT_OGUZHAN_TOPUZ":"KEREM_KOSE-NEVZAT_OGUZHAN_TOPUZ.json","ELIF_NAZ_TURAN":"KEREM_KOSE-ELIF_NAZ_TURAN.json","MEHMET_ALI_CIFCI":"KEREM_KOSE-MEHMET_ALI_CIFCI.json","FATIH_KAGAN_CEBI":"KEREM_KOSE-FATIH_KAGAN_CEBI.json","SEVKET_YESILPEKMEZ":"KEREM_KOSE-SEVKET_YESILPEKMEZ.json","ISMAIL_ERIM_ATAKTURK":"KEREM_KOSE-ISMAIL_ERIM_ATAKTURK.json","BERKE_TURKBAY":"KEREM_KOSE-BERKE_TURKBAY.json","SERKAN_YILMAZ":"SERKAN_YILMAZ-KEREM_KOSE.json","MUHAMMED_EMIN_SEKER":"KEREM_KOSE-MUHAMMED_EMIN_SEKER.json","EYLUL_PIRINCAL":"KEREM_KOSE-EYLUL_PIRINCAL.json","BEGUM_HAMARAT":"KEREM_KOSE-BEGUM_HAMARAT.json","BAHA_ARDA_INALKUT":"KEREM_KOSE-BAHA_ARDA_INALKUT.json","HATICE_SENA_SES":"KEREM_KOSE-HATICE_SENA_SES.json","BORA_YALCIN":"KEREM_KOSE-BORA_YALCIN.json","CLAUDE":"KEREM_KOSE-CLAUDE.json","MEHMET_EREN_GUNER":"KEREM_KOSE-MEHMET_EREN_GUNER.json"},"MEHMET_ALI_CIFCI":{"EGE_KARTAL":"MEHMET_ALI_CIFCI-EGE_KARTAL.json","AYBERK_SENSOZ":"AYBERK_SENSOZ-MEHMET_ALI_CIFCI.json","MIRAY_DUYGULU":"MEHMET_ALI_CIFCI-MIRAY_DUYGULU.json","EMIR_KEREM_ISILDAR":"MEHMET_ALI_CIFCI-EMIR_KEREM_ISILDAR.json","GPT":"MEHMET_ALI_CIFCI-GPT.json","DORUK_OCAL":"MEHMET_ALI_CIFCI-DORUK_OCAL.json","HASAN_ZAFER_BILIR":"MEHMET_ALI_CIFCI-HASAN_ZAFER_BILIR.json","CIHAT_OZLUK":"MEHMET_ALI_CIFCI-CIHAT_OZLUK.json","EDA_GUL_CETINEL":"MEHMET_ALI_CIFCI-EDA_GUL_CETINEL.json","NEVZAT_OGUZHAN_TOPUZ":"MEHMET_ALI_CIFCI-NEVZAT_OGUZHAN_TOPUZ.json","ELIF_NAZ_TURAN":"MEHMET_ALI_CIFCI-ELIF_NAZ_TURAN.json","KEREM_KOSE":"KEREM_KOSE-MEHMET_ALI_CIFCI.json","FATIH_KAGAN_CEBI":"MEHMET_ALI_CIFCI-FATIH_KAGAN_CEBI.json","SEVKET_YESILPEKMEZ":"MEHMET_ALI_CIFCI-SEVKET_YESILPEKMEZ.json","ISMAIL_ERIM_ATAKTURK":"MEHMET_ALI_CIFCI-ISMAIL_ERIM_ATAKTURK.json","BERKE_TURKBAY":"MEHMET_ALI_CIFCI-BERKE_TURKBAY.json","SERKAN_YILMAZ":"SERKAN_YILMAZ-MEHMET_ALI_CIFCI.json","MUHAMMED_EMIN_SEKER":"MEHMET_ALI_CIFCI-MUHAMMED_EMIN_SEKER.json","EYLUL_PIRINCAL":"MEHMET_ALI_CIFCI-EYLUL_PIRINCAL.json","BEGUM_HAMARAT":"MEHMET_ALI_CIFCI-BEGUM_HAMARAT.json","BAHA_ARDA_INALKUT":"MEHMET_ALI_CIFCI-BAHA_ARDA_INALKUT.json","HATICE_SENA_SES":"MEHMET_ALI_CIFCI-HATICE_SENA_SES.json","BORA_YALCIN":"MEHMET_ALI_CIFCI-BORA_YALCIN.json","CLAUDE":"MEHMET_ALI_CIFCI-CLAUDE.json","MEHMET_EREN_GUNER":"MEHMET_ALI_CIFCI-MEHMET_EREN_GUNER.json"},"FATIH_KAGAN_CEBI":{"AYBERK_SENSOZ":"AYBERK_SENSOZ-FATIH_KAGAN_CEBI.json","EGE_KARTAL":"FATIH_KAGAN_CEBI-EGE_KARTAL.json","MIRAY_DUYGULU":"FATIH_KAGAN_CEBI-MIRAY_DUYGULU.json","EMIR_KEREM_ISILDAR":"FATIH_KAGAN_CEBI-EMIR_KEREM_ISILDAR.json","GPT":"FATIH_KAGAN_CEBI-GPT.json","DORUK_OCAL":"FATIH_KAGAN_CEBI-DORUK_OCAL.json","HASAN_ZAFER_BILIR":"FATIH_KAGAN_CEBI-HASAN_ZAFER_BILIR.json","CIHAT_OZLUK":"CIHAT_OZLUK-FATIH_KAGAN_CEBI.json","EDA_GUL_CETINEL":"FATIH_KAGAN_CEBI-EDA_GUL_CETINEL.json","NEVZAT_OGUZHAN_TOPUZ":"FATIH_KAGAN_CEBI-NEVZAT_OGUZHAN_TOPUZ.json","ELIF_NAZ_TURAN":"FATIH_KAGAN_CEBI-ELIF_NAZ_TURAN.json","KEREM_KOSE":"KEREM_KOSE-FATIH_KAGAN_CEBI.json","MEHMET_ALI_CIFCI":"MEHMET_ALI_CIFCI-FATIH_KAGAN_CEBI.json","SEVKET_YESILPEKMEZ":"FATIH_KAGAN_CEBI-SEVKET_YESILPEKMEZ.json","ISMAIL_ERIM_ATAKTURK":"FATIH_KAGAN_CEBI-ISMAIL_ERIM_ATAKTURK.json","SERKAN_YILMAZ":"SERKAN_YILMAZ-FATIH_KAGAN_CEBI.json","BERKE_TURKBAY":"FATIH_KAGAN_CEBI-BERKE_TURKBAY.json","MUHAMMED_EMIN_SEKER":"FATIH_KAGAN_CEBI-MUHAMMED_EMIN_SEKER.json","EYLUL_PIRINCAL":"FATIH_KAGAN_CEBI-EYLUL_PIRINCAL.json","BEGUM_HAMARAT":"FATIH_KAGAN_CEBI-BEGUM_HAMARAT.json","BAHA_ARDA_INALKUT":"FATIH_KAGAN_CEBI-BAHA_ARDA_INALKUT.json","HATICE_SENA_SES":"FATIH_KAGAN_CEBI-HATICE_SENA_SES.json","BORA_YALCIN":"FATIH_KAGAN_CEBI-BORA_YALCIN.json","CLAUDE":"FATIH_KAGAN_CEBI-CLAUDE.json","MEHMET_EREN_GUNER":"FATIH_KAGAN_CEBI-MEHMET_EREN_GUNER.json"},"SEVKET_YESILPEKMEZ":{"EGE_KARTAL":"SEVKET_YESILPEKMEZ-EGE_KARTAL.json","AYBERK_SENSOZ":"AYBERK_SENSOZ-SEVKET_YESILPEKMEZ.json","MIRAY_DUYGULU":"SEVKET_YESILPEKMEZ-MIRAY_DUYGULU.json","EMIR_KEREM_ISILDAR":"SEVKET_YESILPEKMEZ-EMIR_KEREM_ISILDAR.json","GPT":"SEVKET_YESILPEKMEZ-GPT.json","HASAN_ZAFER_BILIR":"SEVKET_YESILPEKMEZ-HASAN_ZAFER_BILIR.json","DORUK_OCAL":"DORUK_OCAL-SEVKET_YESILPEKMEZ.json","CIHAT_OZLUK":"CIHAT_OZLUK-SEVKET_YESILPEKMEZ.json","EDA_GUL_CETINEL":"SEVKET_YESILPEKMEZ-EDA_GUL_CETINEL.json","ELIF_NAZ_TURAN":"SEVKET_YESILPEKMEZ-ELIF_NAZ_TURAN.json","NEVZAT_OGUZHAN_TOPUZ":"SEVKET_YESILPEKMEZ-NEVZAT_OGUZHAN_TOPUZ.json","KEREM_KOSE":"KEREM_KOSE-SEVKET_YESILPEKMEZ.json","MEHMET_ALI_CIFCI":"MEHMET_ALI_CIFCI-SEVKET_YESILPEKMEZ.json","FATIH_KAGAN_CEBI":"FATIH_KAGAN_CEBI-SEVKET_YESILPEKMEZ.json","ISMAIL_ERIM_ATAKTURK":"SEVKET_YESILPEKMEZ-ISMAIL_ERIM_ATAKTURK.json","BERKE_TURKBAY":"SEVKET_YESILPEKMEZ-BERKE_TURKBAY.json","SERKAN_YILMAZ":"SERKAN_YILMAZ-SEVKET_YESILPEKMEZ.json","MUHAMMED_EMIN_SEKER":"SEVKET_YESILPEKMEZ-MUHAMMED_EMIN_SEKER.json","EYLUL_PIRINCAL":"EYLUL_PIRINCAL-SEVKET_YESILPEKMEZ.json","BEGUM_HAMARAT":"SEVKET_YESILPEKMEZ-BEGUM_HAMARAT.json","BAHA_ARDA_INALKUT":"BAHA_ARDA_INALKUT-SEVKET_YESILPEKMEZ.json","HATICE_SENA_SES":"HATICE_SENA_SES-SEVKET_YESILPEKMEZ.json","BORA_YALCIN":"SEVKET_YESILPEKMEZ-BORA_YALCIN.json","CLAUDE":"SEVKET_YESILPEKMEZ-CLAUDE.json","MEHMET_EREN_GUNER":"MEHMET_EREN_GUNER-SEVKET_YESILPEKMEZ.json"},"ISMAIL_ERIM_ATAKTURK":{"EGE_KARTAL":"EGE_KARTAL-ISMAIL_ERIM_ATAKTURK.json","AYBERK_SENSOZ":"AYBERK_SENSOZ-ISMAIL_ERIM_ATAKTURK.json","MIRAY_DUYGULU":"MIRAY_DUYGULU-ISMAIL_ERIM_ATAKTURK.json","EMIR_KEREM_ISILDAR":"EMIR_KEREM_ISILDAR-ISMAIL_ERIM_ATAKTURK.json","GPT":"ISMAIL_ERIM_ATAKTURK-GPT.json","HASAN_ZAFER_BILIR":"HASAN_ZAFER_BILIR-ISMAIL_ERIM_ATAKTURK.json","DORUK_OCAL":"DORUK_OCAL-ISMAIL_ERIM_ATAKTURK.json","CIHAT_OZLUK":"CIHAT_OZLUK-ISMAIL_ERIM_ATAKTURK.json","EDA_GUL_CETINEL":"EDA_GUL_CETINEL-ISMAIL_ERIM_ATAKTURK.json","NEVZAT_OGUZHAN_TOPUZ":"NEVZAT_OGUZHAN_TOPUZ-ISMAIL_ERIM_ATAKTURK.json","ELIF_NAZ_TURAN":"ELIF_NAZ_TURAN-ISMAIL_ERIM_ATAKTURK.json","KEREM_KOSE":"KEREM_KOSE-ISMAIL_ERIM_ATAKTURK.json","MEHMET_ALI_CIFCI":"MEHMET_ALI_CIFCI-ISMAIL_ERIM_ATAKTURK.json","FATIH_KAGAN_CEBI":"FATIH_KAGAN_CEBI-ISMAIL_ERIM_ATAKTURK.json","SEVKET_YESILPEKMEZ":"SEVKET_YESILPEKMEZ-ISMAIL_ERIM_ATAKTURK.json","BERKE_TURKBAY":"BERKE_TURKBAY-ISMAIL_ERIM_ATAKTURK.json","SERKAN_YILMAZ":"SERKAN_YILMAZ-ISMAIL_ERIM_ATAKTURK.json","MUHAMMED_EMIN_SEKER":"MUHAMMED_EMIN_SEKER-ISMAIL_ERIM_ATAKTURK.json","EYLUL_PIRINCAL":"EYLUL_PIRINCAL-ISMAIL_ERIM_ATAKTURK.json","BEGUM_HAMARAT":"BEGUM_HAMARAT-ISMAIL_ERIM_ATAKTURK.json","BAHA_ARDA_INALKUT":"BAHA_ARDA_INALKUT-ISMAIL_ERIM_ATAKTURK.json","HATICE_SENA_SES":"HATICE_SENA_SES-ISMAIL_ERIM_ATAKTURK.json","BORA_YALCIN":"BORA_YALCIN-ISMAIL_ERIM_ATAKTURK.json","CLAUDE":"CLAUDE-ISMAIL_ERIM_ATAKTURK.json","MEHMET_EREN_GUNER":"MEHMET_EREN_GUNER-ISMAIL_ERIM_ATAKTURK.json"},"BERKE_TURKBAY":{"EGE_KARTAL":"BERKE_TURKBAY-EGE_KARTAL.json","AYBERK_SENSOZ":"AYBERK_SENSOZ-BERKE_TURKBAY.json","MIRAY_DUYGULU":"BERKE_TURKBAY-MIRAY_DUYGULU.json","EMIR_KEREM_ISILDAR":"EMIR_KEREM_ISILDAR-BERKE_TURKBAY.json","GPT":"BERKE_TURKBAY-GPT.json","HASAN_ZAFER_BILIR":"HASAN_ZAFER_BILIR-BERKE_TURKBAY.json","DORUK_OCAL":"DORUK_OCAL-BERKE_TURKBAY.json","CIHAT_OZLUK":"CIHAT_OZLUK-BERKE_TURKBAY.json","EDA_GUL_CETINEL":"BERKE_TURKBAY-EDA_GUL_CETINEL.json","NEVZAT_OGUZHAN_TOPUZ":"NEVZAT_OGUZHAN_TOPUZ-BERKE_TURKBAY.json","ELIF_NAZ_TURAN":"ELIF_NAZ_TURAN-BERKE_TURKBAY.json","KEREM_KOSE":"KEREM_KOSE-BERKE_TURKBAY.json","MEHMET_ALI_CIFCI":"MEHMET_ALI_CIFCI-BERKE_TURKBAY.json","FATIH_KAGAN_CEBI":"FATIH_KAGAN_CEBI-BERKE_TURKBAY.json","SEVKET_YESILPEKMEZ":"SEVKET_YESILPEKMEZ-BERKE_TURKBAY.json","ISMAIL_ERIM_ATAKTURK":"BERKE_TURKBAY-ISMAIL_ERIM_ATAKTURK.json","SERKAN_YILMAZ":"SERKAN_YILMAZ-BERKE_TURKBAY.json","MUHAMMED_EMIN_SEKER":"BERKE_TURKBAY-MUHAMMED_EMIN_SEKER.json","EYLUL_PIRINCAL":"EYLUL_PIRINCAL-BERKE_TURKBAY.json","BEGUM_HAMARAT":"BERKE_TURKBAY-BEGUM_HAMARAT.json","BAHA_ARDA_INALKUT":"BAHA_ARDA_INALKUT-BERKE_TURKBAY.json","HATICE_SENA_SES":"HATICE_SENA_SES-BERKE_TURKBAY.json","BORA_YALCIN":"BORA_YALCIN-BERKE_TURKBAY.json","CLAUDE":"BERKE_TURKBAY-CLAUDE.json","MEHMET_EREN_GUNER":"MEHMET_EREN_GUNER-BERKE_TURKBAY.json"},"SERKAN_YILMAZ":{"EGE_KARTAL":"SERKAN_YILMAZ-EGE_KARTAL.json","AYBERK_SENSOZ":"SERKAN_YILMAZ-AYBERK_SENSOZ.json","MIRAY_DUYGULU":"SERKAN_YILMAZ-MIRAY_DUYGULU.json","EMIR_KEREM_ISILDAR":"SERKAN_YILMAZ-EMIR_KEREM_ISILDAR.json","GPT":"SERKAN_YILMAZ-GPT.json","DORUK_OCAL":"SERKAN_YILMAZ-DORUK_OCAL.json","HASAN_ZAFER_BILIR":"SERKAN_YILMAZ-HASAN_ZAFER_BILIR.json","CIHAT_OZLUK":"SERKAN_YILMAZ-CIHAT_OZLUK.json","EDA_GUL_CETINEL":"SERKAN_YILMAZ-EDA_GUL_CETINEL.json","NEVZAT_OGUZHAN_TOPUZ":"SERKAN_YILMAZ-NEVZAT_OGUZHAN_TOPUZ.json","ELIF_NAZ_TURAN":"SERKAN_YILMAZ-ELIF_NAZ_TURAN.json","KEREM_KOSE":"SERKAN_YILMAZ-KEREM_KOSE.json","MEHMET_ALI_CIFCI":"SERKAN_YILMAZ-MEHMET_ALI_CIFCI.json","FATIH_KAGAN_CEBI":"SERKAN_YILMAZ-FATIH_KAGAN_CEBI.json","SEVKET_YESILPEKMEZ":"SERKAN_YILMAZ-SEVKET_YESILPEKMEZ.json","ISMAIL_ERIM_ATAKTURK":"SERKAN_YILMAZ-ISMAIL_ERIM_ATAKTURK.json","BERKE_TURKBAY":"SERKAN_YILMAZ-BERKE_TURKBAY.json","MUHAMMED_EMIN_SEKER":"SERKAN_YILMAZ-MUHAMMED_EMIN_SEKER.json","EYLUL_PIRINCAL":"SERKAN_YILMAZ-EYLUL_PIRINCAL.json","BEGUM_HAMARAT":"SERKAN_YILMAZ-BEGUM_HAMARAT.json","BAHA_ARDA_INALKUT":"SERKAN_YILMAZ-BAHA_ARDA_INALKUT.json","HATICE_SENA_SES":"SERKAN_YILMAZ-HATICE_SENA_SES.json","BORA_YALCIN":"SERKAN_YILMAZ-BORA_YALCIN.json","CLAUDE":"SERKAN_YILMAZ-CLAUDE.json","MEHMET_EREN_GUNER":"SERKAN_YILMAZ-MEHMET_EREN_GUNER.json"},"MUHAMMED_EMIN_SEKER":{"EGE_KARTAL":"MUHAMMED_EMIN_SEKER-EGE_KARTAL.json","AYBERK_SENSOZ":"AYBERK_SENSOZ-MUHAMMED_EMIN_SEKER.json","MIRAY_DUYGULU":"MUHAMMED_EMIN_SEKER-MIRAY_DUYGULU.json","EMIR_KEREM_ISILDAR":"EMIR_KEREM_ISILDAR-MUHAMMED_EMIN_SEKER.json","GPT":"MUHAMMED_EMIN_SEKER-GPT.json","HASAN_ZAFER_BILIR":"HASAN_ZAFER_BILIR-MUHAMMED_EMIN_SEKER.json","DORUK_OCAL":"DORUK_OCAL-MUHAMMED_EMIN_SEKER.json","CIHAT_OZLUK":"CIHAT_OZLUK-MUHAMMED_EMIN_SEKER.json","EDA_GUL_CETINEL":"EDA_GUL_CETINEL-MUHAMMED_EMIN_SEKER.json","ELIF_NAZ_TURAN":"ELIF_NAZ_TURAN-MUHAMMED_EMIN_SEKER.json","NEVZAT_OGUZHAN_TOPUZ":"NEVZAT_OGUZHAN_TOPUZ-MUHAMMED_EMIN_SEKER.json","KEREM_KOSE":"KEREM_KOSE-MUHAMMED_EMIN_SEKER.json","MEHMET_ALI_CIFCI":"MEHMET_ALI_CIFCI-MUHAMMED_EMIN_SEKER.json","FATIH_KAGAN_CEBI":"FATIH_KAGAN_CEBI-MUHAMMED_EMIN_SEKER.json","SEVKET_YESILPEKMEZ":"SEVKET_YESILPEKMEZ-MUHAMMED_EMIN_SEKER.json","ISMAIL_ERIM_ATAKTURK":"MUHAMMED_EMIN_SEKER-ISMAIL_ERIM_ATAKTURK.json","BERKE_TURKBAY":"BERKE_TURKBAY-MUHAMMED_EMIN_SEKER.json","SERKAN_YILMAZ":"SERKAN_YILMAZ-MUHAMMED_EMIN_SEKER.json","EYLUL_PIRINCAL":"EYLUL_PIRINCAL-MUHAMMED_EMIN_SEKER.json","BEGUM_HAMARAT":"BEGUM_HAMARAT-MUHAMMED_EMIN_SEKER.json","BAHA_ARDA_INALKUT":"BAHA_ARDA_INALKUT-MUHAMMED_EMIN_SEKER.json","HATICE_SENA_SES":"HATICE_SENA_SES-MUHAMMED_EMIN_SEKER.json","BORA_YALCIN":"BORA_YALCIN-MUHAMMED_EMIN_SEKER.json","CLAUDE":"MUHAMMED_EMIN_SEKER-CLAUDE.json","MEHMET_EREN_GUNER":"MEHMET_EREN_GUNER-MUHAMMED_EMIN_SEKER.json"},"EYLUL_PIRINCAL":{"EGE_KARTAL":"EYLUL_PIRINCAL-EGE_KARTAL.json","AYBERK_SENSOZ":"AYBERK_SENSOZ-EYLUL_PIRINCAL.json","MIRAY_DUYGULU":"EYLUL_PIRINCAL-MIRAY_DUYGULU.json","EMIR_KEREM_ISILDAR":"EYLUL_PIRINCAL-EMIR_KEREM_ISILDAR.json","GPT":"EYLUL_PIRINCAL-GPT.json","DORUK_OCAL":"DORUK_OCAL-EYLUL_PIRINCAL.json","HASAN_ZAFER_BILIR":"EYLUL_PIRINCAL-HASAN_ZAFER_BILIR.json","CIHAT_OZLUK":"CIHAT_OZLUK-EYLUL_PIRINCAL.json","EDA_GUL_CETINEL":"EYLUL_PIRINCAL-EDA_GUL_CETINEL.json","ELIF_NAZ_TURAN":"EYLUL_PIRINCAL-ELIF_NAZ_TURAN.json","NEVZAT_OGUZHAN_TOPUZ":"EYLUL_PIRINCAL-NEVZAT_OGUZHAN_TOPUZ.json","KEREM_KOSE":"KEREM_KOSE-EYLUL_PIRINCAL.json","MEHMET_ALI_CIFCI":"MEHMET_ALI_CIFCI-EYLUL_PIRINCAL.json","FATIH_KAGAN_CEBI":"FATIH_KAGAN_CEBI-EYLUL_PIRINCAL.json","ISMAIL_ERIM_ATAKTURK":"EYLUL_PIRINCAL-ISMAIL_ERIM_ATAKTURK.json","SEVKET_YESILPEKMEZ":"EYLUL_PIRINCAL-SEVKET_YESILPEKMEZ.json","BERKE_TURKBAY":"EYLUL_PIRINCAL-BERKE_TURKBAY.json","SERKAN_YILMAZ":"SERKAN_YILMAZ-EYLUL_PIRINCAL.json","MUHAMMED_EMIN_SEKER":"EYLUL_PIRINCAL-MUHAMMED_EMIN_SEKER.json","BEGUM_HAMARAT":"EYLUL_PIRINCAL-BEGUM_HAMARAT.json","BAHA_ARDA_INALKUT":"BAHA_ARDA_INALKUT-EYLUL_PIRINCAL.json","HATICE_SENA_SES":"HATICE_SENA_SES-EYLUL_PIRINCAL.json","BORA_YALCIN":"EYLUL_PIRINCAL-BORA_YALCIN.json","CLAUDE":"EYLUL_PIRINCAL-CLAUDE.json","MEHMET_EREN_GUNER":"EYLUL_PIRINCAL-MEHMET_EREN_GUNER.json"},"BEGUM_HAMARAT":{"EGE_KARTAL":"BEGUM_HAMARAT-EGE_KARTAL.json","AYBERK_SENSOZ":"AYBERK_SENSOZ-BEGUM_HAMARAT.json","MIRAY_DUYGULU":"BEGUM_HAMARAT-MIRAY_DUYGULU.json","EMIR_KEREM_ISILDAR":"EMIR_KEREM_ISILDAR-BEGUM_HAMARAT.json","GPT":"BEGUM_HAMARAT-GPT.json","HASAN_ZAFER_BILIR":"HASAN_ZAFER_BILIR-BEGUM_HAMARAT.json","DORUK_OCAL":"DORUK_OCAL-BEGUM_HAMARAT.json","CIHAT_OZLUK":"CIHAT_OZLUK-BEGUM_HAMARAT.json","EDA_GUL_CETINEL":"EDA_GUL_CETINEL-BEGUM_HAMARAT.json","NEVZAT_OGUZHAN_TOPUZ":"NEVZAT_OGUZHAN_TOPUZ-BEGUM_HAMARAT.json","ELIF_NAZ_TURAN":"ELIF_NAZ_TURAN-BEGUM_HAMARAT.json","KEREM_KOSE":"KEREM_KOSE-BEGUM_HAMARAT.json","MEHMET_ALI_CIFCI":"MEHMET_ALI_CIFCI-BEGUM_HAMARAT.json","FATIH_KAGAN_CEBI":"FATIH_KAGAN_CEBI-BEGUM_HAMARAT.json","SEVKET_YESILPEKMEZ":"SEVKET_YESILPEKMEZ-BEGUM_HAMARAT.json","ISMAIL_ERIM_ATAKTURK":"BEGUM_HAMARAT-ISMAIL_ERIM_ATAKTURK.json","BERKE_TURKBAY":"BERKE_TURKBAY-BEGUM_HAMARAT.json","SERKAN_YILMAZ":"SERKAN_YILMAZ-BEGUM_HAMARAT.json","MUHAMMED_EMIN_SEKER":"BEGUM_HAMARAT-MUHAMMED_EMIN_SEKER.json","EYLUL_PIRINCAL":"EYLUL_PIRINCAL-BEGUM_HAMARAT.json","BAHA_ARDA_INALKUT":"BAHA_ARDA_INALKUT-BEGUM_HAMARAT.json","HATICE_SENA_SES":"HATICE_SENA_SES-BEGUM_HAMARAT.json","BORA_YALCIN":"BORA_YALCIN-BEGUM_HAMARAT.json","CLAUDE":"BEGUM_HAMARAT-CLAUDE.json","MEHMET_EREN_GUNER":"MEHMET_EREN_GUNER-BEGUM_HAMARAT.json"},"BAHA_ARDA_INALKUT":{"EGE_KARTAL":"BAHA_ARDA_INALKUT-EGE_KARTAL.json","AYBERK_SENSOZ":"AYBERK_SENSOZ-BAHA_ARDA_INALKUT.json","MIRAY_DUYGULU":"BAHA_ARDA_INALKUT-MIRAY_DUYGULU.json","EMIR_KEREM_ISILDAR":"BAHA_ARDA_INALKUT-EMIR_KEREM_ISILDAR.json","GPT":"BAHA_ARDA_INALKUT-GPT.json","DORUK_OCAL":"BAHA_ARDA_INALKUT-DORUK_OCAL.json","HASAN_ZAFER_BILIR":"BAHA_ARDA_INALKUT-HASAN_ZAFER_BILIR.json","CIHAT_OZLUK":"CIHAT_OZLUK-BAHA_ARDA_INALKUT.json","EDA_GUL_CETINEL":"BAHA_ARDA_INALKUT-EDA_GUL_CETINEL.json","NEVZAT_OGUZHAN_TOPUZ":"BAHA_ARDA_INALKUT-NEVZAT_OGUZHAN_TOPUZ.json","ELIF_NAZ_TURAN":"BAHA_ARDA_INALKUT-ELIF_NAZ_TURAN.json","KEREM_KOSE":"KEREM_KOSE-BAHA_ARDA_INALKUT.json","MEHMET_ALI_CIFCI":"MEHMET_ALI_CIFCI-BAHA_ARDA_INALKUT.json","FATIH_KAGAN_CEBI":"FATIH_KAGAN_CEBI-BAHA_ARDA_INALKUT.json","SEVKET_YESILPEKMEZ":"BAHA_ARDA_INALKUT-SEVKET_YESILPEKMEZ.json","ISMAIL_ERIM_ATAKTURK":"BAHA_ARDA_INALKUT-ISMAIL_ERIM_ATAKTURK.json","SERKAN_YILMAZ":"SERKAN_YILMAZ-BAHA_ARDA_INALKUT.json","BERKE_TURKBAY":"BAHA_ARDA_INALKUT-BERKE_TURKBAY.json","MUHAMMED_EMIN_SEKER":"BAHA_ARDA_INALKUT-MUHAMMED_EMIN_SEKER.json","EYLUL_PIRINCAL":"BAHA_ARDA_INALKUT-EYLUL_PIRINCAL.json","BEGUM_HAMARAT":"BAHA_ARDA_INALKUT-BEGUM_HAMARAT.json","HATICE_SENA_SES":"HATICE_SENA_SES-BAHA_ARDA_INALKUT.json","BORA_YALCIN":"BAHA_ARDA_INALKUT-BORA_YALCIN.json","CLAUDE":"BAHA_ARDA_INALKUT-CLAUDE.json","MEHMET_EREN_GUNER":"BAHA_ARDA_INALKUT-MEHMET_EREN_GUNER.json"},"HATICE_SENA_SES":{"AYBERK_SENSOZ":"AYBERK_SENSOZ-HATICE_SENA_SES.json","EGE_KARTAL":"HATICE_SENA_SES-EGE_KARTAL.json","MIRAY_DUYGULU":"HATICE_SENA_SES-MIRAY_DUYGULU.json","EMIR_KEREM_ISILDAR":"HATICE_SENA_SES-EMIR_KEREM_ISILDAR.json","GPT":"HATICE_SENA_SES-GPT.json","DORUK_OCAL":"HATICE_SENA_SES-DORUK_OCAL.json","HASAN_ZAFER_BILIR":"HATICE_SENA_SES-HASAN_ZAFER_BILIR.json","CIHAT_OZLUK":"CIHAT_OZLUK-HATICE_SENA_SES.json","EDA_GUL_CETINEL":"HATICE_SENA_SES-EDA_GUL_CETINEL.json","NEVZAT_OGUZHAN_TOPUZ":"HATICE_SENA_SES-NEVZAT_OGUZHAN_TOPUZ.json","ELIF_NAZ_TURAN":"HATICE_SENA_SES-ELIF_NAZ_TURAN.json","KEREM_KOSE":"KEREM_KOSE-HATICE_SENA_SES.json","MEHMET_ALI_CIFCI":"MEHMET_ALI_CIFCI-HATICE_SENA_SES.json","FATIH_KAGAN_CEBI":"FATIH_KAGAN_CEBI-HATICE_SENA_SES.json","ISMAIL_ERIM_ATAKTURK":"HATICE_SENA_SES-ISMAIL_ERIM_ATAKTURK.json","SEVKET_YESILPEKMEZ":"HATICE_SENA_SES-SEVKET_YESILPEKMEZ.json","BERKE_TURKBAY":"HATICE_SENA_SES-BERKE_TURKBAY.json","SERKAN_YILMAZ":"SERKAN_YILMAZ-HATICE_SENA_SES.json","MUHAMMED_EMIN_SEKER":"HATICE_SENA_SES-MUHAMMED_EMIN_SEKER.json","EYLUL_PIRINCAL":"HATICE_SENA_SES-EYLUL_PIRINCAL.json","BEGUM_HAMARAT":"HATICE_SENA_SES-BEGUM_HAMARAT.json","BAHA_ARDA_INALKUT":"HATICE_SENA_SES-BAHA_ARDA_INALKUT.json","BORA_YALCIN":"HATICE_SENA_SES-BORA_YALCIN.json","CLAUDE":"HATICE_SENA_SES-CLAUDE.json","MEHMET_EREN_GUNER":"HATICE_SENA_SES-MEHMET_EREN_GUNER.json"},"BORA_YALCIN":{"EGE_KARTAL":"BORA_YALCIN-EGE_KARTAL.json","AYBERK_SENSOZ":"AYBERK_SENSOZ-BORA_YALCIN.json","MIRAY_DUYGULU":"BORA_YALCIN-MIRAY_DUYGULU.json","EMIR_KEREM_ISILDAR":"EMIR_KEREM_ISILDAR-BORA_YALCIN.json","GPT":"BORA_YALCIN-GPT.json","DORUK_OCAL":"DORUK_OCAL-BORA_YALCIN.json","HASAN_ZAFER_BILIR":"HASAN_ZAFER_BILIR-BORA_YALCIN.json","CIHAT_OZLUK":"CIHAT_OZLUK-BORA_YALCIN.json","EDA_GUL_CETINEL":"BORA_YALCIN-EDA_GUL_CETINEL.json","NEVZAT_OGUZHAN_TOPUZ":"NEVZAT_OGUZHAN_TOPUZ-BORA_YALCIN.json","ELIF_NAZ_TURAN":"ELIF_NAZ_TURAN-BORA_YALCIN.json","KEREM_KOSE":"KEREM_KOSE-BORA_YALCIN.json","MEHMET_ALI_CIFCI":"MEHMET_ALI_CIFCI-BORA_YALCIN.json","FATIH_KAGAN_CEBI":"FATIH_KAGAN_CEBI-BORA_YALCIN.json","SEVKET_YESILPEKMEZ":"SEVKET_YESILPEKMEZ-BORA_YALCIN.json","ISMAIL_ERIM_ATAKTURK":"BORA_YALCIN-ISMAIL_ERIM_ATAKTURK.json","BERKE_TURKBAY":"BORA_YALCIN-BERKE_TURKBAY.json","SERKAN_YILMAZ":"SERKAN_YILMAZ-BORA_YALCIN.json","MUHAMMED_EMIN_SEKER":"BORA_YALCIN-MUHAMMED_EMIN_SEKER.json","EYLUL_PIRINCAL":"EYLUL_PIRINCAL-BORA_YALCIN.json","BEGUM_HAMARAT":"BORA_YALCIN-BEGUM_HAMARAT.json","BAHA_ARDA_INALKUT":"BAHA_ARDA_INALKUT-BORA_YALCIN.json","HATICE_SENA_SES":"HATICE_SENA_SES-BORA_YALCIN.json","CLAUDE":"BORA_YALCIN-CLAUDE.json","MEHMET_EREN_GUNER":"MEHMET_EREN_GUNER-BORA_YALCIN.json"},"CLAUDE":{"EGE_KARTAL":"EGE_KARTAL-CLAUDE.json","AYBERK_SENSOZ":"AYBERK_SENSOZ-CLAUDE.json","MIRAY_DUYGULU":"MIRAY_DUYGULU-CLAUDE.json","EMIR_KEREM_ISILDAR":"EMIR_KEREM_ISILDAR-CLAUDE.json","GPT":"CLAUDE-GPT.json","HASAN_ZAFER_BILIR":"HASAN_ZAFER_BILIR-CLAUDE.json","DORUK_OCAL":"DORUK_OCAL-CLAUDE.json","CIHAT_OZLUK":"CIHAT_OZLUK-CLAUDE.json","EDA_GUL_CETINEL":"EDA_GUL_CETINEL-CLAUDE.json","NEVZAT_OGUZHAN_TOPUZ":"NEVZAT_OGUZHAN_TOPUZ-CLAUDE.json","ELIF_NAZ_TURAN":"ELIF_NAZ_TURAN-CLAUDE.json","KEREM_KOSE":"KEREM_KOSE-CLAUDE.json","MEHMET_ALI_CIFCI":"MEHMET_ALI_CIFCI-CLAUDE.json","FATIH_KAGAN_CEBI":"FATIH_KAGAN_CEBI-CLAUDE.json","SEVKET_YESILPEKMEZ":"SEVKET_YESILPEKMEZ-CLAUDE.json","ISMAIL_ERIM_ATAKTURK":"CLAUDE-ISMAIL_ERIM_ATAKTURK.json","BERKE_TURKBAY":"BERKE_TURKBAY-CLAUDE.json","SERKAN_YILMAZ":"SERKAN_YILMAZ-CLAUDE.json","MUHAMMED_EMIN_SEKER":"MUHAMMED_EMIN_SEKER-CLAUDE.json","EYLUL_PIRINCAL":"EYLUL_PIRINCAL-CLAUDE.json","BEGUM_HAMARAT":"BEGUM_HAMARAT-CLAUDE.json","BAHA_ARDA_INALKUT":"BAHA_ARDA_INALKUT-CLAUDE.json","HATICE_SENA_SES":"HATICE_SENA_SES-CLAUDE.json","BORA_YALCIN":"BORA_YALCIN-CLAUDE.json","MEHMET_EREN_GUNER":"MEHMET_EREN_GUNER-CLAUDE.json"},"MEHMET_EREN_GUNER":{"EGE_KARTAL":"MEHMET_EREN_GUNER-EGE_KARTAL.json","AYBERK_SENSOZ":"AYBERK_SENSOZ-MEHMET_EREN_GUNER.json","MIRAY_DUYGULU":"MEHMET_EREN_GUNER-MIRAY_DUYGULU.json","EMIR_KEREM_ISILDAR":"MEHMET_EREN_GUNER-EMIR_KEREM_ISILDAR.json","GPT":"MEHMET_EREN_GUNER-GPT.json","DORUK_OCAL":"DORUK_OCAL-MEHMET_EREN_GUNER.json","HASAN_ZAFER_BILIR":"MEHMET_EREN_GUNER-HASAN_ZAFER_BILIR.json","CIHAT_OZLUK":"CIHAT_OZLUK-MEHMET_EREN_GUNER.json","EDA_GUL_CETINEL":"MEHMET_EREN_GUNER-EDA_GUL_CETINEL.json","NEVZAT_OGUZHAN_TOPUZ":"MEHMET_EREN_GUNER-NEVZAT_OGUZHAN_TOPUZ.json","ELIF_NAZ_TURAN":"MEHMET_EREN_GUNER-ELIF_NAZ_TURAN.json","KEREM_KOSE":"KEREM_KOSE-MEHMET_EREN_GUNER.json","MEHMET_ALI_CIFCI":"MEHMET_ALI_CIFCI-MEHMET_EREN_GUNER.json","FATIH_KAGAN_CEBI":"FATIH_KAGAN_CEBI-MEHMET_EREN_GUNER.json","ISMAIL_ERIM_ATAKTURK":"MEHMET_EREN_GUNER-ISMAIL_ERIM_ATAKTURK.json","SEVKET_YESILPEKMEZ":"MEHMET_EREN_GUNER-SEVKET_YESILPEKMEZ.json","BERKE_TURKBAY":"MEHMET_EREN_GUNER-BERKE_TURKBAY.json","SERKAN_YILMAZ":"SERKAN_YILMAZ-MEHMET_EREN_GUNER.json","MUHAMMED_EMIN_SEKER":"MEHMET_EREN_GUNER-MUHAMMED_EMIN_SEKER.json","EYLUL_PIRINCAL":"EYLUL_PIRINCAL-MEHMET_EREN_GUNER.json","BEGUM_HAMARAT":"MEHMET_EREN_GUNER-BEGUM_HAMARAT.json","BAHA_ARDA_INALKUT":"BAHA_ARDA_INALKUT-MEHMET_EREN_GUNER.json","HATICE_SENA_SES":"HATICE_SENA_SES-MEHMET_EREN_GUNER.json","BORA_YALCIN":"MEHMET_EREN_GUNER-BORA_YALCIN.json","CLAUDE":"MEHMET_EREN_GUNER-CLAUDE.json"}}}