{"fileIndexes":{"AYBERK_SENSOZ":{"AYBERK_SENSOZ/LinkedListQuestions.cpp":{"tokenCount":16}},"EGE_KARTAL":{"EGE_KARTAL/lab1_Ege_Kartal_20230702121.cpp":{"tokenCount":98}},"MIRAY_DUYGULU":{"MIRAY_DUYGULU/LinkedListQuestions.cpp":{"tokenCount":92}},"EMIR_KEREM_ISILDAR":{"EMIR_KEREM_ISILDAR/LinkedListQuestions.cpp":{"tokenCount":56}},"GPT":{"GPT/LinkedListQuestions.cpp":{"tokenCount":131}},"HASAN_ZAFER_BILIR":{"HASAN_ZAFER_BILIR/HasanZaferbilir.cpp.cpp":{"tokenCount":57}},"DORUK_OCAL":{"DORUK_OCAL/LinkedListQuestions.cpp":{"tokenCount":32}},"CIHAT_OZLUK":{"CIHAT_OZLUK/Cihat_Ozluk_lab1.cpp":{"tokenCount":19}},"EDA_GUL_CETINEL":{"EDA_GUL_CETINEL/lab1.cpp":{"tokenCount":81}},"ELIF_NAZ_TURAN":{"ELIF_NAZ_TURAN/LinkedListQuestions.cpp":{"tokenCount":55}},"NEVZAT_OGUZHAN_TOPUZ":{"NEVZAT_OGUZHAN_TOPUZ/LinkedListQuestions.cpp":{"tokenCount":62}},"KEREM_KOSE":{"KEREM_KOSE/LinkedListQuestions.cpp":{"tokenCount":16}},"MEHMET_ALI_CIFCI":{"MEHMET_ALI_CIFCI/LinkedListQuestions.cpp":{"tokenCount":16}},"FATIH_KAGAN_CEBI":{"FATIH_KAGAN_CEBI/LinkedListQuestions.cpp":{"tokenCount":25}},"ISMAIL_ERIM_ATAKTURK":{"ISMAIL_ERIM_ATAKTURK/LinkedListQuestions.cpp":{"tokenCount":112}},"SEVKET_YESILPEKMEZ":{"SEVKET_YESILPEKMEZ/sevket_yesilpekmez.cpp":{"tokenCount":49}},"SERKAN_YILMAZ":{"SERKAN_YILMAZ/LinkedListQuestions.cpp":{"tokenCount":13}},"BERKE_TURKBAY":{"BERKE_TURKBAY/LinkedListQuestions.cpp":{"tokenCount":78}},"MUHAMMED_EMIN_SEKER":{"MUHAMMED_EMIN_SEKER/LinkedListQuestions.cpp":{"tokenCount":82}},"EYLUL_PIRINCAL":{"EYLUL_PIRINCAL/LinkedListQuestions.cpp":{"tokenCount":35}},"BAHA_ARDA_INALKUT":{"BAHA_ARDA_INALKUT/LinkedListQuestions11.cpp":{"tokenCount":26}},"BEGUM_HAMARAT":{"BEGUM_HAMARAT/LinkedListQuestions.cpp":{"tokenCount":82}},"HATICE_SENA_SES":{"HATICE_SENA_SES/HaticeSenaSes-Labwork1.cpp":{"tokenCount":25}},"BORA_YALCIN":{"BORA_YALCIN/LinkedListQuestions.cpp":{"tokenCount":72}},"CLAUDE":{"CLAUDE/LinkedListQuestions.cpp":{"tokenCount":105}},"MEHMET_EREN_GUNER":{"MEHMET_EREN_GUNER/LinkedListQuestions.cpp":{"tokenCount":39}}}}