[{"firstSubmission":"AYBERK_SENSOZ","secondSubmission":"KEREM_KOSE","similarities":{"AVG":1.0,"MAX":1.0,"MAXIMUM_LENGTH":16.0,"LONGEST_MATCH":7.0}},{"firstSubmission":"KEREM_KOSE","secondSubmission":"MEHMET_ALI_CIFCI","similarities":{"AVG":1.0,"MAX":1.0,"MAXIMUM_LENGTH":16.0,"LONGEST_MATCH":7.0}},{"firstSubmission":"AYBERK_SENSOZ","secondSubmission":"MEHMET_ALI_CIFCI","similarities":{"AVG":1.0,"MAX":1.0,"MAXIMUM_LENGTH":16.0,"LONGEST_MATCH":7.0}},{"firstSubmission":"ISMAIL_ERIM_ATAKTURK","secondSubmission":"GPT","similarities":{"AVG":0.8879668049792531,"MAX":0.918918918918919,"MAXIMUM_LENGTH":131.0,"LONGEST_MATCH":43.0}},{"firstSubmission":"KEREM_KOSE","secondSubmission":"CIHAT_OZLUK","similarities":{"AVG":0.8235294117647058,"MAX":1.0,"MAXIMUM_LENGTH":19.0,"LONGEST_MATCH":7.0}},{"firstSubmission":"AYBERK_SENSOZ","secondSubmission":"CIHAT_OZLUK","similarities":{"AVG":0.8235294117647058,"MAX":1.0,"MAXIMUM_LENGTH":19.0,"LONGEST_MATCH":7.0}},{"firstSubmission":"MEHMET_ALI_CIFCI","secondSubmission":"CIHAT_OZLUK","similarities":{"AVG":0.8235294117647058,"MAX":1.0,"MAXIMUM_LENGTH":19.0,"LONGEST_MATCH":7.0}},{"firstSubmission":"NEVZAT_OGUZHAN_TOPUZ","secondSubmission":"BORA_YALCIN","similarities":{"AVG":0.7045454545454546,"MAX":0.7868852459016393,"MAXIMUM_LENGTH":72.0,"LONGEST_MATCH":24.0}},{"firstSubmission":"CLAUDE","secondSubmission":"GPT","similarities":{"AVG":0.7008547008547008,"MAX":0.7884615384615384,"MAXIMUM_LENGTH":131.0,"LONGEST_MATCH":23.0}},{"firstSubmission":"EDA_GUL_CETINEL","secondSubmission":"MUHAMMED_EMIN_SEKER","similarities":{"AVG":0.6832298136645962,"MAX":0.6875,"MAXIMUM_LENGTH":82.0,"LONGEST_MATCH":18.0}},{"firstSubmission":"BEGUM_HAMARAT","secondSubmission":"ISMAIL_ERIM_ATAKTURK","similarities":{"AVG":0.6354166666666666,"MAX":0.7530864197530864,"MAXIMUM_LENGTH":112.0,"LONGEST_MATCH":17.0}},{"firstSubmission":"BORA_YALCIN","secondSubmission":"MIRAY_DUYGULU","similarities":{"AVG":0.6172839506172839,"MAX":0.704225352112676,"MAXIMUM_LENGTH":92.0,"LONGEST_MATCH":14.0}},{"firstSubmission":"SEVKET_YESILPEKMEZ","secondSubmission":"BEGUM_HAMARAT","similarities":{"AVG":0.6046511627906976,"MAX":0.8125,"MAXIMUM_LENGTH":82.0,"LONGEST_MATCH":10.0}},{"firstSubmission":"BORA_YALCIN","secondSubmission":"ISMAIL_ERIM_ATAKTURK","similarities":{"AVG":0.6043956043956044,"MAX":0.7746478873239436,"MAXIMUM_LENGTH":112.0,"LONGEST_MATCH":19.0}},{"firstSubmission":"CLAUDE","secondSubmission":"ISMAIL_ERIM_ATAKTURK","similarities":{"AVG":0.5767441860465117,"MAX":0.5961538461538461,"MAXIMUM_LENGTH":112.0,"LONGEST_MATCH":23.0}},{"firstSubmission":"MUHAMMED_EMIN_SEKER","secondSubmission":"MIRAY_DUYGULU","similarities":{"AVG":0.5465116279069767,"MAX":0.5802469135802469,"MAXIMUM_LENGTH":92.0,"LONGEST_MATCH":19.0}},{"firstSubmission":"EDA_GUL_CETINEL","secondSubmission":"BEGUM_HAMARAT","similarities":{"AVG":0.5093167701863354,"MAX":0.5125,"MAXIMUM_LENGTH":82.0,"LONGEST_MATCH":14.0}},{"firstSubmission":"MUHAMMED_EMIN_SEKER","secondSubmission":"EGE_KARTAL","similarities":{"AVG":0.5056179775280899,"MAX":0.5555555555555556,"MAXIMUM_LENGTH":98.0,"LONGEST_MATCH":17.0}},{"firstSubmission":"EMIR_KEREM_ISILDAR","secondSubmission":"EDA_GUL_CETINEL","similarities":{"AVG":0.5037037037037037,"MAX":0.6181818181818182,"MAXIMUM_LENGTH":81.0,"LONGEST_MATCH":11.0}},{"firstSubmission":"HASAN_ZAFER_BILIR","secondSubmission":"BERKE_TURKBAY","similarities":{"AVG":0.49624060150375937,"MAX":0.5892857142857143,"MAXIMUM_LENGTH":78.0,"LONGEST_MATCH":10.0}},{"firstSubmission":"MIRAY_DUYGULU","secondSubmission":"CLAUDE","similarities":{"AVG":0.49230769230769234,"MAX":0.5,"MAXIMUM_LENGTH":105.0,"LONGEST_MATCH":13.0}},{"firstSubmission":"MIRAY_DUYGULU","secondSubmission":"ISMAIL_ERIM_ATAKTURK","similarities":{"AVG":0.4752475247524752,"MAX":0.5274725274725275,"MAXIMUM_LENGTH":112.0,"LONGEST_MATCH":12.0}},{"firstSubmission":"BEGUM_HAMARAT","secondSubmission":"EGE_KARTAL","similarities":{"AVG":0.47191011235955055,"MAX":0.5185185185185185,"MAXIMUM_LENGTH":98.0,"LONGEST_MATCH":20.0}},{"firstSubmission":"HASAN_ZAFER_BILIR","secondSubmission":"MUHAMMED_EMIN_SEKER","similarities":{"AVG":0.46715328467153283,"MAX":0.5714285714285714,"MAXIMUM_LENGTH":82.0,"LONGEST_MATCH":11.0}},{"firstSubmission":"BORA_YALCIN","secondSubmission":"EDA_GUL_CETINEL","similarities":{"AVG":0.46357615894039733,"MAX":0.49295774647887325,"MAXIMUM_LENGTH":81.0,"LONGEST_MATCH":18.0}},{"firstSubmission":"DORUK_OCAL","secondSubmission":"EYLUL_PIRINCAL","similarities":{"AVG":0.46153846153846156,"MAX":0.4838709677419355,"MAXIMUM_LENGTH":35.0,"LONGEST_MATCH":8.0}},{"firstSubmission":"SEVKET_YESILPEKMEZ","secondSubmission":"HASAN_ZAFER_BILIR","similarities":{"AVG":0.46153846153846156,"MAX":0.5,"MAXIMUM_LENGTH":57.0,"LONGEST_MATCH":11.0}},{"firstSubmission":"EGE_KARTAL","secondSubmission":"ISMAIL_ERIM_ATAKTURK","similarities":{"AVG":0.46153846153846156,"MAX":0.4948453608247423,"MAXIMUM_LENGTH":112.0,"LONGEST_MATCH":17.0}},{"firstSubmission":"EDA_GUL_CETINEL","secondSubmission":"ISMAIL_ERIM_ATAKTURK","similarities":{"AVG":0.4607329842931937,"MAX":0.55,"MAXIMUM_LENGTH":112.0,"LONGEST_MATCH":16.0}},{"firstSubmission":"BORA_YALCIN","secondSubmission":"MUHAMMED_EMIN_SEKER","similarities":{"AVG":0.4605263157894737,"MAX":0.49295774647887325,"MAXIMUM_LENGTH":82.0,"LONGEST_MATCH":21.0}},{"firstSubmission":"BORA_YALCIN","secondSubmission":"BERKE_TURKBAY","similarities":{"AVG":0.4594594594594595,"MAX":0.4788732394366197,"MAXIMUM_LENGTH":78.0,"LONGEST_MATCH":10.0}},{"firstSubmission":"EMIR_KEREM_ISILDAR","secondSubmission":"MUHAMMED_EMIN_SEKER","similarities":{"AVG":0.45588235294117646,"MAX":0.5636363636363636,"MAXIMUM_LENGTH":82.0,"LONGEST_MATCH":11.0}},{"firstSubmission":"MIRAY_DUYGULU","secondSubmission":"EGE_KARTAL","similarities":{"AVG":0.44680851063829785,"MAX":0.46153846153846156,"MAXIMUM_LENGTH":98.0,"LONGEST_MATCH":10.0}},{"firstSubmission":"MUHAMMED_EMIN_SEKER","secondSubmission":"GPT","similarities":{"AVG":0.44549763033175355,"MAX":0.5802469135802469,"MAXIMUM_LENGTH":131.0,"LONGEST_MATCH":11.0}},{"firstSubmission":"BEGUM_HAMARAT","secondSubmission":"GPT","similarities":{"AVG":0.44549763033175355,"MAX":0.5802469135802469,"MAXIMUM_LENGTH":131.0,"LONGEST_MATCH":15.0}},{"firstSubmission":"HASAN_ZAFER_BILIR","secondSubmission":"BORA_YALCIN","similarities":{"AVG":0.4409448818897638,"MAX":0.5,"MAXIMUM_LENGTH":72.0,"LONGEST_MATCH":11.0}},{"firstSubmission":"HASAN_ZAFER_BILIR","secondSubmission":"MIRAY_DUYGULU","similarities":{"AVG":0.43537414965986393,"MAX":0.5714285714285714,"MAXIMUM_LENGTH":92.0,"LONGEST_MATCH":11.0}},{"firstSubmission":"BEGUM_HAMARAT","secondSubmission":"MIRAY_DUYGULU","similarities":{"AVG":0.43023255813953487,"MAX":0.4567901234567901,"MAXIMUM_LENGTH":92.0,"LONGEST_MATCH":10.0}},{"firstSubmission":"HASAN_ZAFER_BILIR","secondSubmission":"EGE_KARTAL","similarities":{"AVG":0.41830065359477125,"MAX":0.5714285714285714,"MAXIMUM_LENGTH":98.0,"LONGEST_MATCH":11.0}},{"firstSubmission":"MUHAMMED_EMIN_SEKER","secondSubmission":"ISMAIL_ERIM_ATAKTURK","similarities":{"AVG":0.4166666666666667,"MAX":0.49382716049382713,"MAXIMUM_LENGTH":112.0,"LONGEST_MATCH":19.0}},{"firstSubmission":"DORUK_OCAL","secondSubmission":"BORA_YALCIN","similarities":{"AVG":0.4117647058823529,"MAX":0.6774193548387096,"MAXIMUM_LENGTH":72.0,"LONGEST_MATCH":8.0}},{"firstSubmission":"BORA_YALCIN","secondSubmission":"EGE_KARTAL","similarities":{"AVG":0.40476190476190477,"MAX":0.4788732394366197,"MAXIMUM_LENGTH":98.0,"LONGEST_MATCH":17.0}},{"firstSubmission":"SEVKET_YESILPEKMEZ","secondSubmission":"MUHAMMED_EMIN_SEKER","similarities":{"AVG":0.40310077519379844,"MAX":0.5416666666666666,"MAXIMUM_LENGTH":82.0,"LONGEST_MATCH":7.0}},{"firstSubmission":"EDA_GUL_CETINEL","secondSubmission":"GPT","similarities":{"AVG":0.4,"MAX":0.525,"MAXIMUM_LENGTH":131.0,"LONGEST_MATCH":11.0}},{"firstSubmission":"EYLUL_PIRINCAL","secondSubmission":"HASAN_ZAFER_BILIR","similarities":{"AVG":0.4,"MAX":0.5294117647058824,"MAXIMUM_LENGTH":57.0,"LONGEST_MATCH":10.0}},{"firstSubmission":"EDA_GUL_CETINEL","secondSubmission":"MIRAY_DUYGULU","similarities":{"AVG":0.39766081871345027,"MAX":0.425,"MAXIMUM_LENGTH":92.0,"LONGEST_MATCH":14.0}},{"firstSubmission":"EMIR_KEREM_ISILDAR","secondSubmission":"HASAN_ZAFER_BILIR","similarities":{"AVG":0.3963963963963964,"MAX":0.4,"MAXIMUM_LENGTH":57.0,"LONGEST_MATCH":12.0}},{"firstSubmission":"HASAN_ZAFER_BILIR","secondSubmission":"ISMAIL_ERIM_ATAKTURK","similarities":{"AVG":0.39520958083832336,"MAX":0.5892857142857143,"MAXIMUM_LENGTH":112.0,"LONGEST_MATCH":11.0}},{"firstSubmission":"BEGUM_HAMARAT","secondSubmission":"MUHAMMED_EMIN_SEKER","similarities":{"AVG":0.3950617283950617,"MAX":0.3950617283950617,"MAXIMUM_LENGTH":82.0,"LONGEST_MATCH":17.0}},{"firstSubmission":"BORA_YALCIN","secondSubmission":"CLAUDE","similarities":{"AVG":0.38857142857142857,"MAX":0.4788732394366197,"MAXIMUM_LENGTH":105.0,"LONGEST_MATCH":12.0}},{"firstSubmission":"HASAN_ZAFER_BILIR","secondSubmission":"EDA_GUL_CETINEL","similarities":{"AVG":0.38235294117647056,"MAX":0.4642857142857143,"MAXIMUM_LENGTH":81.0,"LONGEST_MATCH":9.0}},{"firstSubmission":"BERKE_TURKBAY","secondSubmission":"BEGUM_HAMARAT","similarities":{"AVG":0.379746835443038,"MAX":0.38961038961038963,"MAXIMUM_LENGTH":82.0,"LONGEST_MATCH":10.0}},{"firstSubmission":"HASAN_ZAFER_BILIR","secondSubmission":"BEGUM_HAMARAT","similarities":{"AVG":0.3795620437956204,"MAX":0.4642857142857143,"MAXIMUM_LENGTH":82.0,"LONGEST_MATCH":11.0}},{"firstSubmission":"EGE_KARTAL","secondSubmission":"GPT","similarities":{"AVG":0.3788546255506608,"MAX":0.44329896907216493,"MAXIMUM_LENGTH":131.0,"LONGEST_MATCH":9.0}},{"firstSubmission":"BORA_YALCIN","secondSubmission":"GPT","similarities":{"AVG":0.3781094527363184,"MAX":0.5352112676056338,"MAXIMUM_LENGTH":131.0,"LONGEST_MATCH":9.0}},{"firstSubmission":"MEHMET_EREN_GUNER","secondSubmission":"EDA_GUL_CETINEL","similarities":{"AVG":0.3728813559322034,"MAX":0.5789473684210527,"MAXIMUM_LENGTH":81.0,"LONGEST_MATCH":10.0}},{"firstSubmission":"SEVKET_YESILPEKMEZ","secondSubmission":"ELIF_NAZ_TURAN","similarities":{"AVG":0.37254901960784315,"MAX":0.3958333333333333,"MAXIMUM_LENGTH":55.0,"LONGEST_MATCH":7.0}},{"firstSubmission":"DORUK_OCAL","secondSubmission":"HASAN_ZAFER_BILIR","similarities":{"AVG":0.367816091954023,"MAX":0.5161290322580645,"MAXIMUM_LENGTH":57.0,"LONGEST_MATCH":9.0}},{"firstSubmission":"ELIF_NAZ_TURAN","secondSubmission":"HASAN_ZAFER_BILIR","similarities":{"AVG":0.36363636363636365,"MAX":0.37037037037037035,"MAXIMUM_LENGTH":57.0,"LONGEST_MATCH":8.0}},{"firstSubmission":"MUHAMMED_EMIN_SEKER","secondSubmission":"CLAUDE","similarities":{"AVG":0.3567567567567568,"MAX":0.4074074074074074,"MAXIMUM_LENGTH":105.0,"LONGEST_MATCH":9.0}},{"firstSubmission":"BORA_YALCIN","secondSubmission":"BEGUM_HAMARAT","similarities":{"AVG":0.35526315789473684,"MAX":0.38028169014084506,"MAXIMUM_LENGTH":82.0,"LONGEST_MATCH":17.0}},{"firstSubmission":"SEVKET_YESILPEKMEZ","secondSubmission":"ISMAIL_ERIM_ATAKTURK","similarities":{"AVG":0.3522012578616352,"MAX":0.5833333333333334,"MAXIMUM_LENGTH":112.0,"LONGEST_MATCH":8.0}},{"firstSubmission":"EMIR_KEREM_ISILDAR","secondSubmission":"BORA_YALCIN","similarities":{"AVG":0.3492063492063492,"MAX":0.4,"MAXIMUM_LENGTH":72.0,"LONGEST_MATCH":8.0}},{"firstSubmission":"ELIF_NAZ_TURAN","secondSubmission":"EMIR_KEREM_ISILDAR","similarities":{"AVG":0.3486238532110092,"MAX":0.35185185185185186,"MAXIMUM_LENGTH":56.0,"LONGEST_MATCH":7.0}},{"firstSubmission":"EYLUL_PIRINCAL","secondSubmission":"SEVKET_YESILPEKMEZ","similarities":{"AVG":0.34146341463414637,"MAX":0.4117647058823529,"MAXIMUM_LENGTH":49.0,"LONGEST_MATCH":7.0}},{"firstSubmission":"DORUK_OCAL","secondSubmission":"MUHAMMED_EMIN_SEKER","similarities":{"AVG":0.3392857142857143,"MAX":0.6129032258064516,"MAXIMUM_LENGTH":82.0,"LONGEST_MATCH":7.0}},{"firstSubmission":"SEVKET_YESILPEKMEZ","secondSubmission":"EGE_KARTAL","similarities":{"AVG":0.3310344827586207,"MAX":0.5,"MAXIMUM_LENGTH":98.0,"LONGEST_MATCH":10.0}},{"firstSubmission":"DORUK_OCAL","secondSubmission":"MIRAY_DUYGULU","similarities":{"AVG":0.32786885245901637,"MAX":0.6451612903225806,"MAXIMUM_LENGTH":92.0,"LONGEST_MATCH":7.0}},{"firstSubmission":"MIRAY_DUYGULU","secondSubmission":"GPT","similarities":{"AVG":0.3257918552036199,"MAX":0.3956043956043956,"MAXIMUM_LENGTH":131.0,"LONGEST_MATCH":9.0}},{"firstSubmission":"NEVZAT_OGUZHAN_TOPUZ","secondSubmission":"ISMAIL_ERIM_ATAKTURK","similarities":{"AVG":0.32558139534883723,"MAX":0.45901639344262296,"MAXIMUM_LENGTH":112.0,"LONGEST_MATCH":8.0}},{"firstSubmission":"EYLUL_PIRINCAL","secondSubmission":"BORA_YALCIN","similarities":{"AVG":0.3238095238095238,"MAX":0.5,"MAXIMUM_LENGTH":72.0,"LONGEST_MATCH":10.0}},{"firstSubmission":"EMIR_KEREM_ISILDAR","secondSubmission":"BEGUM_HAMARAT","similarities":{"AVG":0.3235294117647059,"MAX":0.4,"MAXIMUM_LENGTH":82.0,"LONGEST_MATCH":9.0}},{"firstSubmission":"BERKE_TURKBAY","secondSubmission":"ISMAIL_ERIM_ATAKTURK","similarities":{"AVG":0.3191489361702128,"MAX":0.38961038961038963,"MAXIMUM_LENGTH":112.0,"LONGEST_MATCH":10.0}},{"firstSubmission":"BERKE_TURKBAY","secondSubmission":"MUHAMMED_EMIN_SEKER","similarities":{"AVG":0.31645569620253167,"MAX":0.3246753246753247,"MAXIMUM_LENGTH":82.0,"LONGEST_MATCH":10.0}},{"firstSubmission":"EDA_GUL_CETINEL","secondSubmission":"EGE_KARTAL","similarities":{"AVG":0.3163841807909605,"MAX":0.35,"MAXIMUM_LENGTH":98.0,"LONGEST_MATCH":14.0}},{"firstSubmission":"EMIR_KEREM_ISILDAR","secondSubmission":"EGE_KARTAL","similarities":{"AVG":0.3157894736842105,"MAX":0.43636363636363634,"MAXIMUM_LENGTH":98.0,"LONGEST_MATCH":12.0}},{"firstSubmission":"MEHMET_EREN_GUNER","secondSubmission":"BORA_YALCIN","similarities":{"AVG":0.3119266055045872,"MAX":0.4473684210526316,"MAXIMUM_LENGTH":72.0,"LONGEST_MATCH":10.0}},{"firstSubmission":"MEHMET_EREN_GUNER","secondSubmission":"BEGUM_HAMARAT","similarities":{"AVG":0.3025210084033613,"MAX":0.47368421052631576,"MAXIMUM_LENGTH":82.0,"LONGEST_MATCH":11.0}},{"firstSubmission":"BERKE_TURKBAY","secondSubmission":"MIRAY_DUYGULU","similarities":{"AVG":0.2976190476190476,"MAX":0.3246753246753247,"MAXIMUM_LENGTH":92.0,"LONGEST_MATCH":10.0}},{"firstSubmission":"ELIF_NAZ_TURAN","secondSubmission":"NEVZAT_OGUZHAN_TOPUZ","similarities":{"AVG":0.2956521739130435,"MAX":0.3148148148148148,"MAXIMUM_LENGTH":62.0,"LONGEST_MATCH":11.0}},{"firstSubmission":"EYLUL_PIRINCAL","secondSubmission":"MUHAMMED_EMIN_SEKER","similarities":{"AVG":0.2956521739130435,"MAX":0.5,"MAXIMUM_LENGTH":82.0,"LONGEST_MATCH":10.0}},{"firstSubmission":"EYLUL_PIRINCAL","secondSubmission":"BEGUM_HAMARAT","similarities":{"AVG":0.2956521739130435,"MAX":0.5,"MAXIMUM_LENGTH":82.0,"LONGEST_MATCH":10.0}},{"firstSubmission":"EYLUL_PIRINCAL","secondSubmission":"EMIR_KEREM_ISILDAR","similarities":{"AVG":0.29213483146067415,"MAX":0.38235294117647056,"MAXIMUM_LENGTH":56.0,"LONGEST_MATCH":7.0}},{"firstSubmission":"BEGUM_HAMARAT","secondSubmission":"CLAUDE","similarities":{"AVG":0.2918918918918919,"MAX":0.3333333333333333,"MAXIMUM_LENGTH":105.0,"LONGEST_MATCH":8.0}},{"firstSubmission":"EMIR_KEREM_ISILDAR","secondSubmission":"CLAUDE","similarities":{"AVG":0.2893081761006289,"MAX":0.41818181818181815,"MAXIMUM_LENGTH":105.0,"LONGEST_MATCH":9.0}},{"firstSubmission":"ELIF_NAZ_TURAN","secondSubmission":"BORA_YALCIN","similarities":{"AVG":0.288,"MAX":0.3333333333333333,"MAXIMUM_LENGTH":72.0,"LONGEST_MATCH":6.0}},{"firstSubmission":"MEHMET_EREN_GUNER","secondSubmission":"MUHAMMED_EMIN_SEKER","similarities":{"AVG":0.2857142857142857,"MAX":0.4473684210526316,"MAXIMUM_LENGTH":82.0,"LONGEST_MATCH":10.0}},{"firstSubmission":"ELIF_NAZ_TURAN","secondSubmission":"EDA_GUL_CETINEL","similarities":{"AVG":0.2835820895522388,"MAX":0.35185185185185186,"MAXIMUM_LENGTH":81.0,"LONGEST_MATCH":7.0}},{"firstSubmission":"BERKE_TURKBAY","secondSubmission":"EDA_GUL_CETINEL","similarities":{"AVG":0.2802547770700637,"MAX":0.2857142857142857,"MAXIMUM_LENGTH":81.0,"LONGEST_MATCH":8.0}},{"firstSubmission":"MEHMET_EREN_GUNER","secondSubmission":"SEVKET_YESILPEKMEZ","similarities":{"AVG":0.27906976744186046,"MAX":0.3157894736842105,"MAXIMUM_LENGTH":49.0,"LONGEST_MATCH":6.0}},{"firstSubmission":"NEVZAT_OGUZHAN_TOPUZ","secondSubmission":"BERKE_TURKBAY","similarities":{"AVG":0.2753623188405797,"MAX":0.3114754098360656,"MAXIMUM_LENGTH":78.0,"LONGEST_MATCH":7.0}},{"firstSubmission":"ELIF_NAZ_TURAN","secondSubmission":"BERKE_TURKBAY","similarities":{"AVG":0.2748091603053435,"MAX":0.3333333333333333,"MAXIMUM_LENGTH":78.0,"LONGEST_MATCH":6.0}},{"firstSubmission":"ELIF_NAZ_TURAN","secondSubmission":"MUHAMMED_EMIN_SEKER","similarities":{"AVG":0.26666666666666666,"MAX":0.3333333333333333,"MAXIMUM_LENGTH":82.0,"LONGEST_MATCH":6.0}},{"firstSubmission":"MEHMET_EREN_GUNER","secondSubmission":"EGE_KARTAL","similarities":{"AVG":0.26666666666666666,"MAX":0.47368421052631576,"MAXIMUM_LENGTH":98.0,"LONGEST_MATCH":11.0}},{"firstSubmission":"EMIR_KEREM_ISILDAR","secondSubmission":"ISMAIL_ERIM_ATAKTURK","similarities":{"AVG":0.26506024096385544,"MAX":0.4,"MAXIMUM_LENGTH":112.0,"LONGEST_MATCH":9.0}},{"firstSubmission":"MEHMET_EREN_GUNER","secondSubmission":"MIRAY_DUYGULU","similarities":{"AVG":0.26356589147286824,"MAX":0.4473684210526316,"MAXIMUM_LENGTH":92.0,"LONGEST_MATCH":10.0}},{"firstSubmission":"HASAN_ZAFER_BILIR","secondSubmission":"CLAUDE","similarities":{"AVG":0.2625,"MAX":0.375,"MAXIMUM_LENGTH":105.0,"LONGEST_MATCH":8.0}},{"firstSubmission":"EDA_GUL_CETINEL","secondSubmission":"CLAUDE","similarities":{"AVG":0.2608695652173913,"MAX":0.3,"MAXIMUM_LENGTH":105.0,"LONGEST_MATCH":9.0}},{"firstSubmission":"EMIR_KEREM_ISILDAR","secondSubmission":"MIRAY_DUYGULU","similarities":{"AVG":0.2602739726027397,"MAX":0.34545454545454546,"MAXIMUM_LENGTH":92.0,"LONGEST_MATCH":10.0}},{"firstSubmission":"EYLUL_PIRINCAL","secondSubmission":"EGE_KARTAL","similarities":{"AVG":0.2595419847328244,"MAX":0.5,"MAXIMUM_LENGTH":98.0,"LONGEST_MATCH":10.0}},{"firstSubmission":"SEVKET_YESILPEKMEZ","secondSubmission":"EMIR_KEREM_ISILDAR","similarities":{"AVG":0.2524271844660194,"MAX":0.2708333333333333,"MAXIMUM_LENGTH":56.0,"LONGEST_MATCH":7.0}},{"firstSubmission":"EMIR_KEREM_ISILDAR","secondSubmission":"GPT","similarities":{"AVG":0.24864864864864866,"MAX":0.41818181818181815,"MAXIMUM_LENGTH":131.0,"LONGEST_MATCH":9.0}},{"firstSubmission":"ELIF_NAZ_TURAN","secondSubmission":"MIRAY_DUYGULU","similarities":{"AVG":0.2482758620689655,"MAX":0.3333333333333333,"MAXIMUM_LENGTH":92.0,"LONGEST_MATCH":6.0}},{"firstSubmission":"EYLUL_PIRINCAL","secondSubmission":"EDA_GUL_CETINEL","similarities":{"AVG":0.24561403508771928,"MAX":0.4117647058823529,"MAXIMUM_LENGTH":81.0,"LONGEST_MATCH":7.0}},{"firstSubmission":"EMIR_KEREM_ISILDAR","secondSubmission":"BERKE_TURKBAY","similarities":{"AVG":0.24242424242424243,"MAX":0.2909090909090909,"MAXIMUM_LENGTH":78.0,"LONGEST_MATCH":9.0}},{"firstSubmission":"ELIF_NAZ_TURAN","secondSubmission":"ISMAIL_ERIM_ATAKTURK","similarities":{"AVG":0.24242424242424243,"MAX":0.37037037037037035,"MAXIMUM_LENGTH":112.0,"LONGEST_MATCH":8.0}},{"firstSubmission":"EMIR_KEREM_ISILDAR","secondSubmission":"NEVZAT_OGUZHAN_TOPUZ","similarities":{"AVG":0.2413793103448276,"MAX":0.2545454545454545,"MAXIMUM_LENGTH":62.0,"LONGEST_MATCH":8.0}},{"firstSubmission":"FATIH_KAGAN_CEBI","secondSubmission":"EYLUL_PIRINCAL","similarities":{"AVG":0.2413793103448276,"MAX":0.2916666666666667,"MAXIMUM_LENGTH":35.0,"LONGEST_MATCH":7.0}},{"firstSubmission":"EYLUL_PIRINCAL","secondSubmission":"MIRAY_DUYGULU","similarities":{"AVG":0.24,"MAX":0.4411764705882353,"MAXIMUM_LENGTH":92.0,"LONGEST_MATCH":8.0}},{"firstSubmission":"EGE_KARTAL","secondSubmission":"CLAUDE","similarities":{"AVG":0.23880597014925373,"MAX":0.24742268041237114,"MAXIMUM_LENGTH":105.0,"LONGEST_MATCH":9.0}},{"firstSubmission":"SEVKET_YESILPEKMEZ","secondSubmission":"BORA_YALCIN","similarities":{"AVG":0.23529411764705882,"MAX":0.2916666666666667,"MAXIMUM_LENGTH":72.0,"LONGEST_MATCH":8.0}},{"firstSubmission":"EYLUL_PIRINCAL","secondSubmission":"ISMAIL_ERIM_ATAKTURK","similarities":{"AVG":0.23448275862068965,"MAX":0.5,"MAXIMUM_LENGTH":112.0,"LONGEST_MATCH":10.0}},{"firstSubmission":"SEVKET_YESILPEKMEZ","secondSubmission":"EDA_GUL_CETINEL","similarities":{"AVG":0.234375,"MAX":0.3125,"MAXIMUM_LENGTH":81.0,"LONGEST_MATCH":8.0}},{"firstSubmission":"NEVZAT_OGUZHAN_TOPUZ","secondSubmission":"CLAUDE","similarities":{"AVG":0.23030303030303031,"MAX":0.3114754098360656,"MAXIMUM_LENGTH":105.0,"LONGEST_MATCH":7.0}},{"firstSubmission":"MEHMET_EREN_GUNER","secondSubmission":"ISMAIL_ERIM_ATAKTURK","similarities":{"AVG":0.22818791946308725,"MAX":0.4473684210526316,"MAXIMUM_LENGTH":112.0,"LONGEST_MATCH":10.0}},{"firstSubmission":"MEHMET_EREN_GUNER","secondSubmission":"CLAUDE","similarities":{"AVG":0.22535211267605634,"MAX":0.42105263157894735,"MAXIMUM_LENGTH":105.0,"LONGEST_MATCH":16.0}},{"firstSubmission":"HASAN_ZAFER_BILIR","secondSubmission":"NEVZAT_OGUZHAN_TOPUZ","similarities":{"AVG":0.2222222222222222,"MAX":0.23214285714285715,"MAXIMUM_LENGTH":62.0,"LONGEST_MATCH":7.0}},{"firstSubmission":"BERKE_TURKBAY","secondSubmission":"EGE_KARTAL","similarities":{"AVG":0.21839080459770116,"MAX":0.24675324675324675,"MAXIMUM_LENGTH":98.0,"LONGEST_MATCH":11.0}},{"firstSubmission":"DORUK_OCAL","secondSubmission":"EDA_GUL_CETINEL","similarities":{"AVG":0.21621621621621623,"MAX":0.3870967741935484,"MAXIMUM_LENGTH":81.0,"LONGEST_MATCH":6.0}},{"firstSubmission":"SEVKET_YESILPEKMEZ","secondSubmission":"BERKE_TURKBAY","similarities":{"AVG":0.208,"MAX":0.2708333333333333,"MAXIMUM_LENGTH":78.0,"LONGEST_MATCH":7.0}},{"firstSubmission":"EYLUL_PIRINCAL","secondSubmission":"ELIF_NAZ_TURAN","similarities":{"AVG":0.20454545454545456,"MAX":0.2647058823529412,"MAXIMUM_LENGTH":55.0,"LONGEST_MATCH":9.0}},{"firstSubmission":"HASAN_ZAFER_BILIR","secondSubmission":"GPT","similarities":{"AVG":0.20430107526881722,"MAX":0.3392857142857143,"MAXIMUM_LENGTH":131.0,"LONGEST_MATCH":7.0}},{"firstSubmission":"BERKE_TURKBAY","secondSubmission":"GPT","similarities":{"AVG":0.2028985507246377,"MAX":0.2727272727272727,"MAXIMUM_LENGTH":131.0,"LONGEST_MATCH":8.0}},{"firstSubmission":"DORUK_OCAL","secondSubmission":"MEHMET_EREN_GUNER","similarities":{"AVG":0.2028985507246377,"MAX":0.22580645161290322,"MAXIMUM_LENGTH":39.0,"LONGEST_MATCH":7.0}},{"firstSubmission":"DORUK_OCAL","secondSubmission":"SEVKET_YESILPEKMEZ","similarities":{"AVG":0.20253164556962025,"MAX":0.25806451612903225,"MAXIMUM_LENGTH":49.0,"LONGEST_MATCH":8.0}},{"firstSubmission":"EYLUL_PIRINCAL","secondSubmission":"BERKE_TURKBAY","similarities":{"AVG":0.1981981981981982,"MAX":0.3235294117647059,"MAXIMUM_LENGTH":78.0,"LONGEST_MATCH":11.0}},{"firstSubmission":"EYLUL_PIRINCAL","secondSubmission":"MEHMET_EREN_GUNER","similarities":{"AVG":0.19444444444444445,"MAX":0.20588235294117646,"MAXIMUM_LENGTH":39.0,"LONGEST_MATCH":7.0}},{"firstSubmission":"FATIH_KAGAN_CEBI","secondSubmission":"SEVKET_YESILPEKMEZ","similarities":{"AVG":0.19444444444444445,"MAX":0.2916666666666667,"MAXIMUM_LENGTH":49.0,"LONGEST_MATCH":7.0}},{"firstSubmission":"MEHMET_EREN_GUNER","secondSubmission":"GPT","similarities":{"AVG":0.19047619047619047,"MAX":0.42105263157894735,"MAXIMUM_LENGTH":131.0,"LONGEST_MATCH":16.0}},{"firstSubmission":"DORUK_OCAL","secondSubmission":"ELIF_NAZ_TURAN","similarities":{"AVG":0.18823529411764706,"MAX":0.25806451612903225,"MAXIMUM_LENGTH":55.0,"LONGEST_MATCH":8.0}},{"firstSubmission":"NEVZAT_OGUZHAN_TOPUZ","secondSubmission":"EDA_GUL_CETINEL","similarities":{"AVG":0.18439716312056736,"MAX":0.21311475409836064,"MAXIMUM_LENGTH":81.0,"LONGEST_MATCH":7.0}},{"firstSubmission":"NEVZAT_OGUZHAN_TOPUZ","secondSubmission":"MUHAMMED_EMIN_SEKER","similarities":{"AVG":0.18309859154929578,"MAX":0.21311475409836064,"MAXIMUM_LENGTH":82.0,"LONGEST_MATCH":7.0}},{"firstSubmission":"NEVZAT_OGUZHAN_TOPUZ","secondSubmission":"BEGUM_HAMARAT","similarities":{"AVG":0.18309859154929578,"MAX":0.21311475409836064,"MAXIMUM_LENGTH":82.0,"LONGEST_MATCH":7.0}},{"firstSubmission":"DORUK_OCAL","secondSubmission":"ISMAIL_ERIM_ATAKTURK","similarities":{"AVG":0.18309859154929578,"MAX":0.41935483870967744,"MAXIMUM_LENGTH":112.0,"LONGEST_MATCH":7.0}},{"firstSubmission":"NEVZAT_OGUZHAN_TOPUZ","secondSubmission":"MIRAY_DUYGULU","similarities":{"AVG":0.17105263157894737,"MAX":0.21311475409836064,"MAXIMUM_LENGTH":92.0,"LONGEST_MATCH":7.0}},{"firstSubmission":"HATICE_SENA_SES","secondSubmission":"SEVKET_YESILPEKMEZ","similarities":{"AVG":0.16666666666666666,"MAX":0.25,"MAXIMUM_LENGTH":49.0,"LONGEST_MATCH":6.0}},{"firstSubmission":"BERKE_TURKBAY","secondSubmission":"CLAUDE","similarities":{"AVG":0.16574585635359115,"MAX":0.19480519480519481,"MAXIMUM_LENGTH":105.0,"LONGEST_MATCH":8.0}},{"firstSubmission":"NEVZAT_OGUZHAN_TOPUZ","secondSubmission":"EGE_KARTAL","similarities":{"AVG":0.16455696202531644,"MAX":0.21311475409836064,"MAXIMUM_LENGTH":98.0,"LONGEST_MATCH":7.0}},{"firstSubmission":"DORUK_OCAL","secondSubmission":"EMIR_KEREM_ISILDAR","similarities":{"AVG":0.16279069767441862,"MAX":0.22580645161290322,"MAXIMUM_LENGTH":56.0,"LONGEST_MATCH":7.0}},{"firstSubmission":"ELIF_NAZ_TURAN","secondSubmission":"EGE_KARTAL","similarities":{"AVG":0.15894039735099338,"MAX":0.2222222222222222,"MAXIMUM_LENGTH":98.0,"LONGEST_MATCH":6.0}},{"firstSubmission":"HATICE_SENA_SES","secondSubmission":"BEGUM_HAMARAT","similarities":{"AVG":0.1523809523809524,"MAX":0.3333333333333333,"MAXIMUM_LENGTH":82.0,"LONGEST_MATCH":8.0}},{"firstSubmission":"DORUK_OCAL","secondSubmission":"NEVZAT_OGUZHAN_TOPUZ","similarities":{"AVG":0.15217391304347827,"MAX":0.22580645161290322,"MAXIMUM_LENGTH":62.0,"LONGEST_MATCH":7.0}},{"firstSubmission":"MEHMET_EREN_GUNER","secondSubmission":"EMIR_KEREM_ISILDAR","similarities":{"AVG":0.15053763440860216,"MAX":0.18421052631578946,"MAXIMUM_LENGTH":56.0,"LONGEST_MATCH":7.0}},{"firstSubmission":"MEHMET_EREN_GUNER","secondSubmission":"HASAN_ZAFER_BILIR","similarities":{"AVG":0.14893617021276595,"MAX":0.18421052631578946,"MAXIMUM_LENGTH":57.0,"LONGEST_MATCH":7.0}},{"firstSubmission":"HATICE_SENA_SES","secondSubmission":"ISMAIL_ERIM_ATAKTURK","similarities":{"AVG":0.14814814814814814,"MAX":0.4166666666666667,"MAXIMUM_LENGTH":112.0,"LONGEST_MATCH":10.0}},{"firstSubmission":"EYLUL_PIRINCAL","secondSubmission":"NEVZAT_OGUZHAN_TOPUZ","similarities":{"AVG":0.14736842105263157,"MAX":0.20588235294117646,"MAXIMUM_LENGTH":62.0,"LONGEST_MATCH":7.0}},{"firstSubmission":"NEVZAT_OGUZHAN_TOPUZ","secondSubmission":"GPT","similarities":{"AVG":0.14659685863874344,"MAX":0.22950819672131148,"MAXIMUM_LENGTH":131.0,"LONGEST_MATCH":8.0}},{"firstSubmission":"BAHA_ARDA_INALKUT","secondSubmission":"EDA_GUL_CETINEL","similarities":{"AVG":0.14432989690721648,"MAX":0.4117647058823529,"MAXIMUM_LENGTH":81.0,"LONGEST_MATCH":7.0}},{"firstSubmission":"MEHMET_EREN_GUNER","secondSubmission":"NEVZAT_OGUZHAN_TOPUZ","similarities":{"AVG":0.1414141414141414,"MAX":0.18421052631578946,"MAXIMUM_LENGTH":62.0,"LONGEST_MATCH":7.0}},{"firstSubmission":"FATIH_KAGAN_CEBI","secondSubmission":"BEGUM_HAMARAT","similarities":{"AVG":0.13333333333333333,"MAX":0.2916666666666667,"MAXIMUM_LENGTH":82.0,"LONGEST_MATCH":7.0}},{"firstSubmission":"DORUK_OCAL","secondSubmission":"BERKE_TURKBAY","similarities":{"AVG":0.12962962962962962,"MAX":0.22580645161290322,"MAXIMUM_LENGTH":78.0,"LONGEST_MATCH":7.0}},{"firstSubmission":"BAHA_ARDA_INALKUT","secondSubmission":"BERKE_TURKBAY","similarities":{"AVG":0.1276595744680851,"MAX":0.35294117647058826,"MAXIMUM_LENGTH":78.0,"LONGEST_MATCH":6.0}},{"firstSubmission":"DORUK_OCAL","secondSubmission":"BEGUM_HAMARAT","similarities":{"AVG":0.125,"MAX":0.22580645161290322,"MAXIMUM_LENGTH":82.0,"LONGEST_MATCH":7.0}},{"firstSubmission":"DORUK_OCAL","secondSubmission":"EGE_KARTAL","similarities":{"AVG":0.125,"MAX":0.25806451612903225,"MAXIMUM_LENGTH":98.0,"LONGEST_MATCH":8.0}},{"firstSubmission":"MEHMET_EREN_GUNER","secondSubmission":"BERKE_TURKBAY","similarities":{"AVG":0.12173913043478261,"MAX":0.18421052631578946,"MAXIMUM_LENGTH":78.0,"LONGEST_MATCH":7.0}},{"firstSubmission":"FATIH_KAGAN_CEBI","secondSubmission":"BERKE_TURKBAY","similarities":{"AVG":0.1188118811881188,"MAX":0.25,"MAXIMUM_LENGTH":78.0,"LONGEST_MATCH":6.0}},{"firstSubmission":"DORUK_OCAL","secondSubmission":"CLAUDE","similarities":{"AVG":0.11851851851851852,"MAX":0.25806451612903225,"MAXIMUM_LENGTH":105.0,"LONGEST_MATCH":8.0}},{"firstSubmission":"FATIH_KAGAN_CEBI","secondSubmission":"EGE_KARTAL","similarities":{"AVG":0.11570247933884298,"MAX":0.2916666666666667,"MAXIMUM_LENGTH":98.0,"LONGEST_MATCH":7.0}},{"firstSubmission":"ELIF_NAZ_TURAN","secondSubmission":"CLAUDE","similarities":{"AVG":0.11392405063291139,"MAX":0.16666666666666666,"MAXIMUM_LENGTH":105.0,"LONGEST_MATCH":9.0}},{"firstSubmission":"EYLUL_PIRINCAL","secondSubmission":"CLAUDE","similarities":{"AVG":0.10144927536231885,"MAX":0.20588235294117646,"MAXIMUM_LENGTH":105.0,"LONGEST_MATCH":7.0}},{"firstSubmission":"SEVKET_YESILPEKMEZ","secondSubmission":"MIRAY_DUYGULU","similarities":{"AVG":0.10071942446043165,"MAX":0.14583333333333334,"MAXIMUM_LENGTH":92.0,"LONGEST_MATCH":7.0}},{"firstSubmission":"HATICE_SENA_SES","secondSubmission":"CLAUDE","similarities":{"AVG":0.09375,"MAX":0.25,"MAXIMUM_LENGTH":105.0,"LONGEST_MATCH":6.0}},{"firstSubmission":"ELIF_NAZ_TURAN","secondSubmission":"BEGUM_HAMARAT","similarities":{"AVG":0.08888888888888889,"MAX":0.1111111111111111,"MAXIMUM_LENGTH":82.0,"LONGEST_MATCH":6.0}},{"firstSubmission":"ELIF_NAZ_TURAN","secondSubmission":"GPT","similarities":{"AVG":0.08695652173913043,"MAX":0.14814814814814814,"MAXIMUM_LENGTH":131.0,"LONGEST_MATCH":8.0}},{"firstSubmission":"DORUK_OCAL","secondSubmission":"GPT","similarities":{"AVG":0.08695652173913043,"MAX":0.22580645161290322,"MAXIMUM_LENGTH":131.0,"LONGEST_MATCH":7.0}},{"firstSubmission":"EYLUL_PIRINCAL","secondSubmission":"GPT","similarities":{"AVG":0.08536585365853659,"MAX":0.20588235294117646,"MAXIMUM_LENGTH":131.0,"LONGEST_MATCH":7.0}},{"firstSubmission":"SEVKET_YESILPEKMEZ","secondSubmission":"GPT","similarities":{"AVG":0.07865168539325842,"MAX":0.14583333333333334,"MAXIMUM_LENGTH":131.0,"LONGEST_MATCH":7.0}},{"firstSubmission":"HATICE_SENA_SES","secondSubmission":"GPT","similarities":{"AVG":0.07792207792207792,"MAX":0.25,"MAXIMUM_LENGTH":131.0,"LONGEST_MATCH":6.0}},{"firstSubmission":"SERKAN_YILMAZ","secondSubmission":"NEVZAT_OGUZHAN_TOPUZ","similarities":{"AVG":0.0,"MAX":0.0,"MAXIMUM_LENGTH":62.0,"LONGEST_MATCH":0.0}},{"firstSubmission":"SERKAN_YILMAZ","secondSubmission":"BERKE_TURKBAY","similarities":{"AVG":0.0,"MAX":0.0,"MAXIMUM_LENGTH":78.0,"LONGEST_MATCH":0.0}},{"firstSubmission":"SERKAN_YILMAZ","secondSubmission":"MUHAMMED_EMIN_SEKER","similarities":{"AVG":0.0,"MAX":0.0,"MAXIMUM_LENGTH":82.0,"LONGEST_MATCH":0.0}},{"firstSubmission":"SERKAN_YILMAZ","secondSubmission":"HATICE_SENA_SES","similarities":{"AVG":0.0,"MAX":0.0,"MAXIMUM_LENGTH":25.0,"LONGEST_MATCH":0.0}},{"firstSubmission":"SERKAN_YILMAZ","secondSubmission":"ELIF_NAZ_TURAN","similarities":{"AVG":0.0,"MAX":0.0,"MAXIMUM_LENGTH":55.0,"LONGEST_MATCH":0.0}},{"firstSubmission":"SERKAN_YILMAZ","secondSubmission":"EDA_GUL_CETINEL","similarities":{"AVG":0.0,"MAX":0.0,"MAXIMUM_LENGTH":81.0,"LONGEST_MATCH":0.0}},{"firstSubmission":"SERKAN_YILMAZ","secondSubmission":"EMIR_KEREM_ISILDAR","similarities":{"AVG":0.0,"MAX":0.0,"MAXIMUM_LENGTH":56.0,"LONGEST_MATCH":0.0}},{"firstSubmission":"SERKAN_YILMAZ","secondSubmission":"EYLUL_PIRINCAL","similarities":{"AVG":0.0,"MAX":0.0,"MAXIMUM_LENGTH":35.0,"LONGEST_MATCH":0.0}},{"firstSubmission":"SERKAN_YILMAZ","secondSubmission":"SEVKET_YESILPEKMEZ","similarities":{"AVG":0.0,"MAX":0.0,"MAXIMUM_LENGTH":49.0,"LONGEST_MATCH":0.0}},{"firstSubmission":"SERKAN_YILMAZ","secondSubmission":"BEGUM_HAMARAT","similarities":{"AVG":0.0,"MAX":0.0,"MAXIMUM_LENGTH":82.0,"LONGEST_MATCH":0.0}},{"firstSubmission":"SERKAN_YILMAZ","secondSubmission":"FATIH_KAGAN_CEBI","similarities":{"AVG":0.0,"MAX":0.0,"MAXIMUM_LENGTH":25.0,"LONGEST_MATCH":0.0}},{"firstSubmission":"SERKAN_YILMAZ","secondSubmission":"KEREM_KOSE","similarities":{"AVG":0.0,"MAX":0.0,"MAXIMUM_LENGTH":16.0,"LONGEST_MATCH":0.0}},{"firstSubmission":"SERKAN_YILMAZ","secondSubmission":"BAHA_ARDA_INALKUT","similarities":{"AVG":0.0,"MAX":0.0,"MAXIMUM_LENGTH":26.0,"LONGEST_MATCH":0.0}},{"firstSubmission":"SERKAN_YILMAZ","secondSubmission":"AYBERK_SENSOZ","similarities":{"AVG":0.0,"MAX":0.0,"MAXIMUM_LENGTH":16.0,"LONGEST_MATCH":0.0}},{"firstSubmission":"SERKAN_YILMAZ","secondSubmission":"MEHMET_ALI_CIFCI","similarities":{"AVG":0.0,"MAX":0.0,"MAXIMUM_LENGTH":16.0,"LONGEST_MATCH":0.0}},{"firstSubmission":"SERKAN_YILMAZ","secondSubmission":"DORUK_OCAL","similarities":{"AVG":0.0,"MAX":0.0,"MAXIMUM_LENGTH":32.0,"LONGEST_MATCH":0.0}},{"firstSubmission":"SERKAN_YILMAZ","secondSubmission":"GPT","similarities":{"AVG":0.0,"MAX":0.0,"MAXIMUM_LENGTH":131.0,"LONGEST_MATCH":0.0}},{"firstSubmission":"SERKAN_YILMAZ","secondSubmission":"MIRAY_DUYGULU","similarities":{"AVG":0.0,"MAX":0.0,"MAXIMUM_LENGTH":92.0,"LONGEST_MATCH":0.0}},{"firstSubmission":"SERKAN_YILMAZ","secondSubmission":"CLAUDE","similarities":{"AVG":0.0,"MAX":0.0,"MAXIMUM_LENGTH":105.0,"LONGEST_MATCH":0.0}},{"firstSubmission":"SERKAN_YILMAZ","secondSubmission":"MEHMET_EREN_GUNER","similarities":{"AVG":0.0,"MAX":0.0,"MAXIMUM_LENGTH":39.0,"LONGEST_MATCH":0.0}},{"firstSubmission":"SERKAN_YILMAZ","secondSubmission":"EGE_KARTAL","similarities":{"AVG":0.0,"MAX":0.0,"MAXIMUM_LENGTH":98.0,"LONGEST_MATCH":0.0}},{"firstSubmission":"SERKAN_YILMAZ","secondSubmission":"ISMAIL_ERIM_ATAKTURK","similarities":{"AVG":0.0,"MAX":0.0,"MAXIMUM_LENGTH":112.0,"LONGEST_MATCH":0.0}},{"firstSubmission":"SERKAN_YILMAZ","secondSubmission":"BORA_YALCIN","similarities":{"AVG":0.0,"MAX":0.0,"MAXIMUM_LENGTH":72.0,"LONGEST_MATCH":0.0}},{"firstSubmission":"SERKAN_YILMAZ","secondSubmission":"HASAN_ZAFER_BILIR","similarities":{"AVG":0.0,"MAX":0.0,"MAXIMUM_LENGTH":57.0,"LONGEST_MATCH":0.0}},{"firstSubmission":"SERKAN_YILMAZ","secondSubmission":"CIHAT_OZLUK","similarities":{"AVG":0.0,"MAX":0.0,"MAXIMUM_LENGTH":19.0,"LONGEST_MATCH":0.0}},{"firstSubmission":"HATICE_SENA_SES","secondSubmission":"NEVZAT_OGUZHAN_TOPUZ","similarities":{"AVG":0.0,"MAX":0.0,"MAXIMUM_LENGTH":62.0,"LONGEST_MATCH":0.0}},{"firstSubmission":"SEVKET_YESILPEKMEZ","secondSubmission":"NEVZAT_OGUZHAN_TOPUZ","similarities":{"AVG":0.0,"MAX":0.0,"MAXIMUM_LENGTH":62.0,"LONGEST_MATCH":0.0}},{"firstSubmission":"FATIH_KAGAN_CEBI","secondSubmission":"NEVZAT_OGUZHAN_TOPUZ","similarities":{"AVG":0.0,"MAX":0.0,"MAXIMUM_LENGTH":62.0,"LONGEST_MATCH":0.0}},{"firstSubmission":"KEREM_KOSE","secondSubmission":"NEVZAT_OGUZHAN_TOPUZ","similarities":{"AVG":0.0,"MAX":0.0,"MAXIMUM_LENGTH":62.0,"LONGEST_MATCH":0.0}},{"firstSubmission":"BAHA_ARDA_INALKUT","secondSubmission":"NEVZAT_OGUZHAN_TOPUZ","similarities":{"AVG":0.0,"MAX":0.0,"MAXIMUM_LENGTH":62.0,"LONGEST_MATCH":0.0}},{"firstSubmission":"AYBERK_SENSOZ","secondSubmission":"NEVZAT_OGUZHAN_TOPUZ","similarities":{"AVG":0.0,"MAX":0.0,"MAXIMUM_LENGTH":62.0,"LONGEST_MATCH":0.0}},{"firstSubmission":"MEHMET_ALI_CIFCI","secondSubmission":"NEVZAT_OGUZHAN_TOPUZ","similarities":{"AVG":0.0,"MAX":0.0,"MAXIMUM_LENGTH":62.0,"LONGEST_MATCH":0.0}},{"firstSubmission":"CIHAT_OZLUK","secondSubmission":"NEVZAT_OGUZHAN_TOPUZ","similarities":{"AVG":0.0,"MAX":0.0,"MAXIMUM_LENGTH":62.0,"LONGEST_MATCH":0.0}},{"firstSubmission":"HATICE_SENA_SES","secondSubmission":"BERKE_TURKBAY","similarities":{"AVG":0.0,"MAX":0.0,"MAXIMUM_LENGTH":78.0,"LONGEST_MATCH":0.0}},{"firstSubmission":"KEREM_KOSE","secondSubmission":"BERKE_TURKBAY","similarities":{"AVG":0.0,"MAX":0.0,"MAXIMUM_LENGTH":78.0,"LONGEST_MATCH":0.0}},{"firstSubmission":"AYBERK_SENSOZ","secondSubmission":"BERKE_TURKBAY","similarities":{"AVG":0.0,"MAX":0.0,"MAXIMUM_LENGTH":78.0,"LONGEST_MATCH":0.0}},{"firstSubmission":"MEHMET_ALI_CIFCI","secondSubmission":"BERKE_TURKBAY","similarities":{"AVG":0.0,"MAX":0.0,"MAXIMUM_LENGTH":78.0,"LONGEST_MATCH":0.0}},{"firstSubmission":"CIHAT_OZLUK","secondSubmission":"BERKE_TURKBAY","similarities":{"AVG":0.0,"MAX":0.0,"MAXIMUM_LENGTH":78.0,"LONGEST_MATCH":0.0}},{"firstSubmission":"HATICE_SENA_SES","secondSubmission":"MUHAMMED_EMIN_SEKER","similarities":{"AVG":0.0,"MAX":0.0,"MAXIMUM_LENGTH":82.0,"LONGEST_MATCH":0.0}},{"firstSubmission":"FATIH_KAGAN_CEBI","secondSubmission":"MUHAMMED_EMIN_SEKER","similarities":{"AVG":0.0,"MAX":0.0,"MAXIMUM_LENGTH":82.0,"LONGEST_MATCH":0.0}},{"firstSubmission":"KEREM_KOSE","secondSubmission":"MUHAMMED_EMIN_SEKER","similarities":{"AVG":0.0,"MAX":0.0,"MAXIMUM_LENGTH":82.0,"LONGEST_MATCH":0.0}},{"firstSubmission":"BAHA_ARDA_INALKUT","secondSubmission":"MUHAMMED_EMIN_SEKER","similarities":{"AVG":0.0,"MAX":0.0,"MAXIMUM_LENGTH":82.0,"LONGEST_MATCH":0.0}},{"firstSubmission":"AYBERK_SENSOZ","secondSubmission":"MUHAMMED_EMIN_SEKER","similarities":{"AVG":0.0,"MAX":0.0,"MAXIMUM_LENGTH":82.0,"LONGEST_MATCH":0.0}},{"firstSubmission":"MEHMET_ALI_CIFCI","secondSubmission":"MUHAMMED_EMIN_SEKER","similarities":{"AVG":0.0,"MAX":0.0,"MAXIMUM_LENGTH":82.0,"LONGEST_MATCH":0.0}},{"firstSubmission":"CIHAT_OZLUK","secondSubmission":"MUHAMMED_EMIN_SEKER","similarities":{"AVG":0.0,"MAX":0.0,"MAXIMUM_LENGTH":82.0,"LONGEST_MATCH":0.0}},{"firstSubmission":"HATICE_SENA_SES","secondSubmission":"ELIF_NAZ_TURAN","similarities":{"AVG":0.0,"MAX":0.0,"MAXIMUM_LENGTH":55.0,"LONGEST_MATCH":0.0}},{"firstSubmission":"HATICE_SENA_SES","secondSubmission":"EDA_GUL_CETINEL","similarities":{"AVG":0.0,"MAX":0.0,"MAXIMUM_LENGTH":81.0,"LONGEST_MATCH":0.0}},{"firstSubmission":"HATICE_SENA_SES","secondSubmission":"EMIR_KEREM_ISILDAR","similarities":{"AVG":0.0,"MAX":0.0,"MAXIMUM_LENGTH":56.0,"LONGEST_MATCH":0.0}},{"firstSubmission":"HATICE_SENA_SES","secondSubmission":"EYLUL_PIRINCAL","similarities":{"AVG":0.0,"MAX":0.0,"MAXIMUM_LENGTH":35.0,"LONGEST_MATCH":0.0}},{"firstSubmission":"FATIH_KAGAN_CEBI","secondSubmission":"HATICE_SENA_SES","similarities":{"AVG":0.0,"MAX":0.0,"MAXIMUM_LENGTH":25.0,"LONGEST_MATCH":0.0}},{"firstSubmission":"KEREM_KOSE","secondSubmission":"HATICE_SENA_SES","similarities":{"AVG":0.0,"MAX":0.0,"MAXIMUM_LENGTH":25.0,"LONGEST_MATCH":0.0}},{"firstSubmission":"HATICE_SENA_SES","secondSubmission":"BAHA_ARDA_INALKUT","similarities":{"AVG":0.0,"MAX":0.0,"MAXIMUM_LENGTH":26.0,"LONGEST_MATCH":0.0}},{"firstSubmission":"AYBERK_SENSOZ","secondSubmission":"HATICE_SENA_SES","similarities":{"AVG":0.0,"MAX":0.0,"MAXIMUM_LENGTH":25.0,"LONGEST_MATCH":0.0}},{"firstSubmission":"MEHMET_ALI_CIFCI","secondSubmission":"HATICE_SENA_SES","similarities":{"AVG":0.0,"MAX":0.0,"MAXIMUM_LENGTH":25.0,"LONGEST_MATCH":0.0}},{"firstSubmission":"HATICE_SENA_SES","secondSubmission":"DORUK_OCAL","similarities":{"AVG":0.0,"MAX":0.0,"MAXIMUM_LENGTH":32.0,"LONGEST_MATCH":0.0}},{"firstSubmission":"HATICE_SENA_SES","secondSubmission":"MIRAY_DUYGULU","similarities":{"AVG":0.0,"MAX":0.0,"MAXIMUM_LENGTH":92.0,"LONGEST_MATCH":0.0}},{"firstSubmission":"HATICE_SENA_SES","secondSubmission":"MEHMET_EREN_GUNER","similarities":{"AVG":0.0,"MAX":0.0,"MAXIMUM_LENGTH":39.0,"LONGEST_MATCH":0.0}},{"firstSubmission":"HATICE_SENA_SES","secondSubmission":"EGE_KARTAL","similarities":{"AVG":0.0,"MAX":0.0,"MAXIMUM_LENGTH":98.0,"LONGEST_MATCH":0.0}},{"firstSubmission":"HATICE_SENA_SES","secondSubmission":"BORA_YALCIN","similarities":{"AVG":0.0,"MAX":0.0,"MAXIMUM_LENGTH":72.0,"LONGEST_MATCH":0.0}},{"firstSubmission":"HATICE_SENA_SES","secondSubmission":"HASAN_ZAFER_BILIR","similarities":{"AVG":0.0,"MAX":0.0,"MAXIMUM_LENGTH":57.0,"LONGEST_MATCH":0.0}},{"firstSubmission":"CIHAT_OZLUK","secondSubmission":"HATICE_SENA_SES","similarities":{"AVG":0.0,"MAX":0.0,"MAXIMUM_LENGTH":25.0,"LONGEST_MATCH":0.0}},{"firstSubmission":"FATIH_KAGAN_CEBI","secondSubmission":"ELIF_NAZ_TURAN","similarities":{"AVG":0.0,"MAX":0.0,"MAXIMUM_LENGTH":55.0,"LONGEST_MATCH":0.0}},{"firstSubmission":"KEREM_KOSE","secondSubmission":"ELIF_NAZ_TURAN","similarities":{"AVG":0.0,"MAX":0.0,"MAXIMUM_LENGTH":55.0,"LONGEST_MATCH":0.0}},{"firstSubmission":"BAHA_ARDA_INALKUT","secondSubmission":"ELIF_NAZ_TURAN","similarities":{"AVG":0.0,"MAX":0.0,"MAXIMUM_LENGTH":55.0,"LONGEST_MATCH":0.0}},{"firstSubmission":"AYBERK_SENSOZ","secondSubmission":"ELIF_NAZ_TURAN","similarities":{"AVG":0.0,"MAX":0.0,"MAXIMUM_LENGTH":55.0,"LONGEST_MATCH":0.0}},{"firstSubmission":"MEHMET_ALI_CIFCI","secondSubmission":"ELIF_NAZ_TURAN","similarities":{"AVG":0.0,"MAX":0.0,"MAXIMUM_LENGTH":55.0,"LONGEST_MATCH":0.0}},{"firstSubmission":"MEHMET_EREN_GUNER","secondSubmission":"ELIF_NAZ_TURAN","similarities":{"AVG":0.0,"MAX":0.0,"MAXIMUM_LENGTH":55.0,"LONGEST_MATCH":0.0}},{"firstSubmission":"CIHAT_OZLUK","secondSubmission":"ELIF_NAZ_TURAN","similarities":{"AVG":0.0,"MAX":0.0,"MAXIMUM_LENGTH":55.0,"LONGEST_MATCH":0.0}},{"firstSubmission":"FATIH_KAGAN_CEBI","secondSubmission":"EDA_GUL_CETINEL","similarities":{"AVG":0.0,"MAX":0.0,"MAXIMUM_LENGTH":81.0,"LONGEST_MATCH":0.0}},{"firstSubmission":"KEREM_KOSE","secondSubmission":"EDA_GUL_CETINEL","similarities":{"AVG":0.0,"MAX":0.0,"MAXIMUM_LENGTH":81.0,"LONGEST_MATCH":0.0}},{"firstSubmission":"AYBERK_SENSOZ","secondSubmission":"EDA_GUL_CETINEL","similarities":{"AVG":0.0,"MAX":0.0,"MAXIMUM_LENGTH":81.0,"LONGEST_MATCH":0.0}},{"firstSubmission":"MEHMET_ALI_CIFCI","secondSubmission":"EDA_GUL_CETINEL","similarities":{"AVG":0.0,"MAX":0.0,"MAXIMUM_LENGTH":81.0,"LONGEST_MATCH":0.0}},{"firstSubmission":"CIHAT_OZLUK","secondSubmission":"EDA_GUL_CETINEL","similarities":{"AVG":0.0,"MAX":0.0,"MAXIMUM_LENGTH":81.0,"LONGEST_MATCH":0.0}},{"firstSubmission":"FATIH_KAGAN_CEBI","secondSubmission":"EMIR_KEREM_ISILDAR","similarities":{"AVG":0.0,"MAX":0.0,"MAXIMUM_LENGTH":56.0,"LONGEST_MATCH":0.0}},{"firstSubmission":"KEREM_KOSE","secondSubmission":"EMIR_KEREM_ISILDAR","similarities":{"AVG":0.0,"MAX":0.0,"MAXIMUM_LENGTH":56.0,"LONGEST_MATCH":0.0}},{"firstSubmission":"BAHA_ARDA_INALKUT","secondSubmission":"EMIR_KEREM_ISILDAR","similarities":{"AVG":0.0,"MAX":0.0,"MAXIMUM_LENGTH":56.0,"LONGEST_MATCH":0.0}},{"firstSubmission":"AYBERK_SENSOZ","secondSubmission":"EMIR_KEREM_ISILDAR","similarities":{"AVG":0.0,"MAX":0.0,"MAXIMUM_LENGTH":56.0,"LONGEST_MATCH":0.0}},{"firstSubmission":"MEHMET_ALI_CIFCI","secondSubmission":"EMIR_KEREM_ISILDAR","similarities":{"AVG":0.0,"MAX":0.0,"MAXIMUM_LENGTH":56.0,"LONGEST_MATCH":0.0}},{"firstSubmission":"CIHAT_OZLUK","secondSubmission":"EMIR_KEREM_ISILDAR","similarities":{"AVG":0.0,"MAX":0.0,"MAXIMUM_LENGTH":56.0,"LONGEST_MATCH":0.0}},{"firstSubmission":"KEREM_KOSE","secondSubmission":"EYLUL_PIRINCAL","similarities":{"AVG":0.0,"MAX":0.0,"MAXIMUM_LENGTH":35.0,"LONGEST_MATCH":0.0}},{"firstSubmission":"BAHA_ARDA_INALKUT","secondSubmission":"EYLUL_PIRINCAL","similarities":{"AVG":0.0,"MAX":0.0,"MAXIMUM_LENGTH":35.0,"LONGEST_MATCH":0.0}},{"firstSubmission":"AYBERK_SENSOZ","secondSubmission":"EYLUL_PIRINCAL","similarities":{"AVG":0.0,"MAX":0.0,"MAXIMUM_LENGTH":35.0,"LONGEST_MATCH":0.0}},{"firstSubmission":"MEHMET_ALI_CIFCI","secondSubmission":"EYLUL_PIRINCAL","similarities":{"AVG":0.0,"MAX":0.0,"MAXIMUM_LENGTH":35.0,"LONGEST_MATCH":0.0}},{"firstSubmission":"CIHAT_OZLUK","secondSubmission":"EYLUL_PIRINCAL","similarities":{"AVG":0.0,"MAX":0.0,"MAXIMUM_LENGTH":35.0,"LONGEST_MATCH":0.0}},{"firstSubmission":"KEREM_KOSE","secondSubmission":"SEVKET_YESILPEKMEZ","similarities":{"AVG":0.0,"MAX":0.0,"MAXIMUM_LENGTH":49.0,"LONGEST_MATCH":0.0}},{"firstSubmission":"BAHA_ARDA_INALKUT","secondSubmission":"SEVKET_YESILPEKMEZ","similarities":{"AVG":0.0,"MAX":0.0,"MAXIMUM_LENGTH":49.0,"LONGEST_MATCH":0.0}},{"firstSubmission":"AYBERK_SENSOZ","secondSubmission":"SEVKET_YESILPEKMEZ","similarities":{"AVG":0.0,"MAX":0.0,"MAXIMUM_LENGTH":49.0,"LONGEST_MATCH":0.0}},{"firstSubmission":"MEHMET_ALI_CIFCI","secondSubmission":"SEVKET_YESILPEKMEZ","similarities":{"AVG":0.0,"MAX":0.0,"MAXIMUM_LENGTH":49.0,"LONGEST_MATCH":0.0}},{"firstSubmission":"SEVKET_YESILPEKMEZ","secondSubmission":"CLAUDE","similarities":{"AVG":0.0,"MAX":0.0,"MAXIMUM_LENGTH":105.0,"LONGEST_MATCH":0.0}},{"firstSubmission":"CIHAT_OZLUK","secondSubmission":"SEVKET_YESILPEKMEZ","similarities":{"AVG":0.0,"MAX":0.0,"MAXIMUM_LENGTH":49.0,"LONGEST_MATCH":0.0}},{"firstSubmission":"KEREM_KOSE","secondSubmission":"BEGUM_HAMARAT","similarities":{"AVG":0.0,"MAX":0.0,"MAXIMUM_LENGTH":82.0,"LONGEST_MATCH":0.0}},{"firstSubmission":"BAHA_ARDA_INALKUT","secondSubmission":"BEGUM_HAMARAT","similarities":{"AVG":0.0,"MAX":0.0,"MAXIMUM_LENGTH":82.0,"LONGEST_MATCH":0.0}},{"firstSubmission":"AYBERK_SENSOZ","secondSubmission":"BEGUM_HAMARAT","similarities":{"AVG":0.0,"MAX":0.0,"MAXIMUM_LENGTH":82.0,"LONGEST_MATCH":0.0}},{"firstSubmission":"MEHMET_ALI_CIFCI","secondSubmission":"BEGUM_HAMARAT","similarities":{"AVG":0.0,"MAX":0.0,"MAXIMUM_LENGTH":82.0,"LONGEST_MATCH":0.0}},{"firstSubmission":"CIHAT_OZLUK","secondSubmission":"BEGUM_HAMARAT","similarities":{"AVG":0.0,"MAX":0.0,"MAXIMUM_LENGTH":82.0,"LONGEST_MATCH":0.0}},{"firstSubmission":"KEREM_KOSE","secondSubmission":"FATIH_KAGAN_CEBI","similarities":{"AVG":0.0,"MAX":0.0,"MAXIMUM_LENGTH":25.0,"LONGEST_MATCH":0.0}},{"firstSubmission":"FATIH_KAGAN_CEBI","secondSubmission":"BAHA_ARDA_INALKUT","similarities":{"AVG":0.0,"MAX":0.0,"MAXIMUM_LENGTH":26.0,"LONGEST_MATCH":0.0}},{"firstSubmission":"AYBERK_SENSOZ","secondSubmission":"FATIH_KAGAN_CEBI","similarities":{"AVG":0.0,"MAX":0.0,"MAXIMUM_LENGTH":25.0,"LONGEST_MATCH":0.0}},{"firstSubmission":"MEHMET_ALI_CIFCI","secondSubmission":"FATIH_KAGAN_CEBI","similarities":{"AVG":0.0,"MAX":0.0,"MAXIMUM_LENGTH":25.0,"LONGEST_MATCH":0.0}},{"firstSubmission":"FATIH_KAGAN_CEBI","secondSubmission":"DORUK_OCAL","similarities":{"AVG":0.0,"MAX":0.0,"MAXIMUM_LENGTH":32.0,"LONGEST_MATCH":0.0}},{"firstSubmission":"FATIH_KAGAN_CEBI","secondSubmission":"GPT","similarities":{"AVG":0.0,"MAX":0.0,"MAXIMUM_LENGTH":131.0,"LONGEST_MATCH":0.0}},{"firstSubmission":"FATIH_KAGAN_CEBI","secondSubmission":"MIRAY_DUYGULU","similarities":{"AVG":0.0,"MAX":0.0,"MAXIMUM_LENGTH":92.0,"LONGEST_MATCH":0.0}},{"firstSubmission":"FATIH_KAGAN_CEBI","secondSubmission":"CLAUDE","similarities":{"AVG":0.0,"MAX":0.0,"MAXIMUM_LENGTH":105.0,"LONGEST_MATCH":0.0}},{"firstSubmission":"FATIH_KAGAN_CEBI","secondSubmission":"MEHMET_EREN_GUNER","similarities":{"AVG":0.0,"MAX":0.0,"MAXIMUM_LENGTH":39.0,"LONGEST_MATCH":0.0}},{"firstSubmission":"FATIH_KAGAN_CEBI","secondSubmission":"ISMAIL_ERIM_ATAKTURK","similarities":{"AVG":0.0,"MAX":0.0,"MAXIMUM_LENGTH":112.0,"LONGEST_MATCH":0.0}},{"firstSubmission":"FATIH_KAGAN_CEBI","secondSubmission":"BORA_YALCIN","similarities":{"AVG":0.0,"MAX":0.0,"MAXIMUM_LENGTH":72.0,"LONGEST_MATCH":0.0}},{"firstSubmission":"FATIH_KAGAN_CEBI","secondSubmission":"HASAN_ZAFER_BILIR","similarities":{"AVG":0.0,"MAX":0.0,"MAXIMUM_LENGTH":57.0,"LONGEST_MATCH":0.0}},{"firstSubmission":"CIHAT_OZLUK","secondSubmission":"FATIH_KAGAN_CEBI","similarities":{"AVG":0.0,"MAX":0.0,"MAXIMUM_LENGTH":25.0,"LONGEST_MATCH":0.0}},{"firstSubmission":"KEREM_KOSE","secondSubmission":"BAHA_ARDA_INALKUT","similarities":{"AVG":0.0,"MAX":0.0,"MAXIMUM_LENGTH":26.0,"LONGEST_MATCH":0.0}},{"firstSubmission":"KEREM_KOSE","secondSubmission":"DORUK_OCAL","similarities":{"AVG":0.0,"MAX":0.0,"MAXIMUM_LENGTH":32.0,"LONGEST_MATCH":0.0}},{"firstSubmission":"KEREM_KOSE","secondSubmission":"GPT","similarities":{"AVG":0.0,"MAX":0.0,"MAXIMUM_LENGTH":131.0,"LONGEST_MATCH":0.0}},{"firstSubmission":"KEREM_KOSE","secondSubmission":"MIRAY_DUYGULU","similarities":{"AVG":0.0,"MAX":0.0,"MAXIMUM_LENGTH":92.0,"LONGEST_MATCH":0.0}},{"firstSubmission":"KEREM_KOSE","secondSubmission":"CLAUDE","similarities":{"AVG":0.0,"MAX":0.0,"MAXIMUM_LENGTH":105.0,"LONGEST_MATCH":0.0}},{"firstSubmission":"KEREM_KOSE","secondSubmission":"MEHMET_EREN_GUNER","similarities":{"AVG":0.0,"MAX":0.0,"MAXIMUM_LENGTH":39.0,"LONGEST_MATCH":0.0}},{"firstSubmission":"KEREM_KOSE","secondSubmission":"EGE_KARTAL","similarities":{"AVG":0.0,"MAX":0.0,"MAXIMUM_LENGTH":98.0,"LONGEST_MATCH":0.0}},{"firstSubmission":"KEREM_KOSE","secondSubmission":"ISMAIL_ERIM_ATAKTURK","similarities":{"AVG":0.0,"MAX":0.0,"MAXIMUM_LENGTH":112.0,"LONGEST_MATCH":0.0}},{"firstSubmission":"KEREM_KOSE","secondSubmission":"BORA_YALCIN","similarities":{"AVG":0.0,"MAX":0.0,"MAXIMUM_LENGTH":72.0,"LONGEST_MATCH":0.0}},{"firstSubmission":"KEREM_KOSE","secondSubmission":"HASAN_ZAFER_BILIR","similarities":{"AVG":0.0,"MAX":0.0,"MAXIMUM_LENGTH":57.0,"LONGEST_MATCH":0.0}},{"firstSubmission":"AYBERK_SENSOZ","secondSubmission":"BAHA_ARDA_INALKUT","similarities":{"AVG":0.0,"MAX":0.0,"MAXIMUM_LENGTH":26.0,"LONGEST_MATCH":0.0}},{"firstSubmission":"MEHMET_ALI_CIFCI","secondSubmission":"BAHA_ARDA_INALKUT","similarities":{"AVG":0.0,"MAX":0.0,"MAXIMUM_LENGTH":26.0,"LONGEST_MATCH":0.0}},{"firstSubmission":"BAHA_ARDA_INALKUT","secondSubmission":"DORUK_OCAL","similarities":{"AVG":0.0,"MAX":0.0,"MAXIMUM_LENGTH":32.0,"LONGEST_MATCH":0.0}},{"firstSubmission":"BAHA_ARDA_INALKUT","secondSubmission":"GPT","similarities":{"AVG":0.0,"MAX":0.0,"MAXIMUM_LENGTH":131.0,"LONGEST_MATCH":0.0}},{"firstSubmission":"BAHA_ARDA_INALKUT","secondSubmission":"MIRAY_DUYGULU","similarities":{"AVG":0.0,"MAX":0.0,"MAXIMUM_LENGTH":92.0,"LONGEST_MATCH":0.0}},{"firstSubmission":"BAHA_ARDA_INALKUT","secondSubmission":"CLAUDE","similarities":{"AVG":0.0,"MAX":0.0,"MAXIMUM_LENGTH":105.0,"LONGEST_MATCH":0.0}},{"firstSubmission":"BAHA_ARDA_INALKUT","secondSubmission":"MEHMET_EREN_GUNER","similarities":{"AVG":0.0,"MAX":0.0,"MAXIMUM_LENGTH":39.0,"LONGEST_MATCH":0.0}},{"firstSubmission":"BAHA_ARDA_INALKUT","secondSubmission":"EGE_KARTAL","similarities":{"AVG":0.0,"MAX":0.0,"MAXIMUM_LENGTH":98.0,"LONGEST_MATCH":0.0}},{"firstSubmission":"BAHA_ARDA_INALKUT","secondSubmission":"ISMAIL_ERIM_ATAKTURK","similarities":{"AVG":0.0,"MAX":0.0,"MAXIMUM_LENGTH":112.0,"LONGEST_MATCH":0.0}},{"firstSubmission":"BAHA_ARDA_INALKUT","secondSubmission":"BORA_YALCIN","similarities":{"AVG":0.0,"MAX":0.0,"MAXIMUM_LENGTH":72.0,"LONGEST_MATCH":0.0}},{"firstSubmission":"BAHA_ARDA_INALKUT","secondSubmission":"HASAN_ZAFER_BILIR","similarities":{"AVG":0.0,"MAX":0.0,"MAXIMUM_LENGTH":57.0,"LONGEST_MATCH":0.0}},{"firstSubmission":"CIHAT_OZLUK","secondSubmission":"BAHA_ARDA_INALKUT","similarities":{"AVG":0.0,"MAX":0.0,"MAXIMUM_LENGTH":26.0,"LONGEST_MATCH":0.0}},{"firstSubmission":"AYBERK_SENSOZ","secondSubmission":"DORUK_OCAL","similarities":{"AVG":0.0,"MAX":0.0,"MAXIMUM_LENGTH":32.0,"LONGEST_MATCH":0.0}},{"firstSubmission":"AYBERK_SENSOZ","secondSubmission":"GPT","similarities":{"AVG":0.0,"MAX":0.0,"MAXIMUM_LENGTH":131.0,"LONGEST_MATCH":0.0}},{"firstSubmission":"AYBERK_SENSOZ","secondSubmission":"MIRAY_DUYGULU","similarities":{"AVG":0.0,"MAX":0.0,"MAXIMUM_LENGTH":92.0,"LONGEST_MATCH":0.0}},{"firstSubmission":"AYBERK_SENSOZ","secondSubmission":"CLAUDE","similarities":{"AVG":0.0,"MAX":0.0,"MAXIMUM_LENGTH":105.0,"LONGEST_MATCH":0.0}},{"firstSubmission":"AYBERK_SENSOZ","secondSubmission":"MEHMET_EREN_GUNER","similarities":{"AVG":0.0,"MAX":0.0,"MAXIMUM_LENGTH":39.0,"LONGEST_MATCH":0.0}},{"firstSubmission":"AYBERK_SENSOZ","secondSubmission":"EGE_KARTAL","similarities":{"AVG":0.0,"MAX":0.0,"MAXIMUM_LENGTH":98.0,"LONGEST_MATCH":0.0}},{"firstSubmission":"AYBERK_SENSOZ","secondSubmission":"ISMAIL_ERIM_ATAKTURK","similarities":{"AVG":0.0,"MAX":0.0,"MAXIMUM_LENGTH":112.0,"LONGEST_MATCH":0.0}},{"firstSubmission":"AYBERK_SENSOZ","secondSubmission":"BORA_YALCIN","similarities":{"AVG":0.0,"MAX":0.0,"MAXIMUM_LENGTH":72.0,"LONGEST_MATCH":0.0}},{"firstSubmission":"AYBERK_SENSOZ","secondSubmission":"HASAN_ZAFER_BILIR","similarities":{"AVG":0.0,"MAX":0.0,"MAXIMUM_LENGTH":57.0,"LONGEST_MATCH":0.0}},{"firstSubmission":"MEHMET_ALI_CIFCI","secondSubmission":"DORUK_OCAL","similarities":{"AVG":0.0,"MAX":0.0,"MAXIMUM_LENGTH":32.0,"LONGEST_MATCH":0.0}},{"firstSubmission":"MEHMET_ALI_CIFCI","secondSubmission":"GPT","similarities":{"AVG":0.0,"MAX":0.0,"MAXIMUM_LENGTH":131.0,"LONGEST_MATCH":0.0}},{"firstSubmission":"MEHMET_ALI_CIFCI","secondSubmission":"MIRAY_DUYGULU","similarities":{"AVG":0.0,"MAX":0.0,"MAXIMUM_LENGTH":92.0,"LONGEST_MATCH":0.0}},{"firstSubmission":"MEHMET_ALI_CIFCI","secondSubmission":"CLAUDE","similarities":{"AVG":0.0,"MAX":0.0,"MAXIMUM_LENGTH":105.0,"LONGEST_MATCH":0.0}},{"firstSubmission":"MEHMET_ALI_CIFCI","secondSubmission":"MEHMET_EREN_GUNER","similarities":{"AVG":0.0,"MAX":0.0,"MAXIMUM_LENGTH":39.0,"LONGEST_MATCH":0.0}},{"firstSubmission":"MEHMET_ALI_CIFCI","secondSubmission":"EGE_KARTAL","similarities":{"AVG":0.0,"MAX":0.0,"MAXIMUM_LENGTH":98.0,"LONGEST_MATCH":0.0}},{"firstSubmission":"MEHMET_ALI_CIFCI","secondSubmission":"ISMAIL_ERIM_ATAKTURK","similarities":{"AVG":0.0,"MAX":0.0,"MAXIMUM_LENGTH":112.0,"LONGEST_MATCH":0.0}},{"firstSubmission":"MEHMET_ALI_CIFCI","secondSubmission":"BORA_YALCIN","similarities":{"AVG":0.0,"MAX":0.0,"MAXIMUM_LENGTH":72.0,"LONGEST_MATCH":0.0}},{"firstSubmission":"MEHMET_ALI_CIFCI","secondSubmission":"HASAN_ZAFER_BILIR","similarities":{"AVG":0.0,"MAX":0.0,"MAXIMUM_LENGTH":57.0,"LONGEST_MATCH":0.0}},{"firstSubmission":"CIHAT_OZLUK","secondSubmission":"DORUK_OCAL","similarities":{"AVG":0.0,"MAX":0.0,"MAXIMUM_LENGTH":32.0,"LONGEST_MATCH":0.0}},{"firstSubmission":"CIHAT_OZLUK","secondSubmission":"GPT","similarities":{"AVG":0.0,"MAX":0.0,"MAXIMUM_LENGTH":131.0,"LONGEST_MATCH":0.0}},{"firstSubmission":"CIHAT_OZLUK","secondSubmission":"MIRAY_DUYGULU","similarities":{"AVG":0.0,"MAX":0.0,"MAXIMUM_LENGTH":92.0,"LONGEST_MATCH":0.0}},{"firstSubmission":"CIHAT_OZLUK","secondSubmission":"CLAUDE","similarities":{"AVG":0.0,"MAX":0.0,"MAXIMUM_LENGTH":105.0,"LONGEST_MATCH":0.0}},{"firstSubmission":"CIHAT_OZLUK","secondSubmission":"MEHMET_EREN_GUNER","similarities":{"AVG":0.0,"MAX":0.0,"MAXIMUM_LENGTH":39.0,"LONGEST_MATCH":0.0}},{"firstSubmission":"CIHAT_OZLUK","secondSubmission":"EGE_KARTAL","similarities":{"AVG":0.0,"MAX":0.0,"MAXIMUM_LENGTH":98.0,"LONGEST_MATCH":0.0}},{"firstSubmission":"CIHAT_OZLUK","secondSubmission":"ISMAIL_ERIM_ATAKTURK","similarities":{"AVG":0.0,"MAX":0.0,"MAXIMUM_LENGTH":112.0,"LONGEST_MATCH":0.0}},{"firstSubmission":"CIHAT_OZLUK","secondSubmission":"BORA_YALCIN","similarities":{"AVG":0.0,"MAX":0.0,"MAXIMUM_LENGTH":72.0,"LONGEST_MATCH":0.0}},{"firstSubmission":"CIHAT_OZLUK","secondSubmission":"HASAN_ZAFER_BILIR","similarities":{"AVG":0.0,"MAX":0.0,"MAXIMUM_LENGTH":57.0,"LONGEST_MATCH":0.0}}]