[{"averageSimilarity":0.13781565117138203,"strength":0.018401402719200766,"members":["DENIZ_KAYRA_AYDIN","AHMET_ZEKI_IHTIYAROGLU","CEYDA_SENAY","TEMMUZ_AKYOL","EMRE_ERGUL","BORA_ERDEM_ALAN","ALP_DIKMEN","EDHEM_TATAR","AYSE_ALKAN","GPT","SERHAT_YUNUSEMRE_KALPAKLI","DEMIR_OZHAN","ERDAL_DENIZ_OZBEY","CLAUDE","YUSUF_ISA_ZERENUZ","ISMAIL_EFE_YALCINKAYA","OMER_FARUK_GUCER","ALGUHAN_KURULAR","ALP_EMRE_BAYBUGA","HIRANUR_DENIZ","IRMAK_ZEHRA_EMRI","MERTCAN_ARSLAN","EYLUL_COSKUN","EREN_KOCAGOKCEN"]},{"averageSimilarity":0.8283185840707965,"strength":0.018401402719201397,"members":["YUSUF_ERDEM_ALTINSOY","ILAY_FATMA_YAVUZ"]}]