{"submissionIds":{"ALGUHAN_KURULAR":"ALGUHAN_KURULAR","GPT":"GPT","ISMAIL_EFE_YALCINKAYA":"ISMAIL_EFE_YALCINKAYA","HIRANUR_DENIZ":"HIRANUR_DENIZ","EDHEM_TATAR":"EDHEM_TATAR","EREN_KOCAGOKCEN":"EREN_KOCAGOKCEN","BORA_ERDEM_ALAN":"BORA_ERDEM_ALAN","TEMMUZ_AKYOL":"TEMMUZ_AKYOL","IRMAK_ZEHRA_EMRI":"IRMAK_ZEHRA_EMRI","ILAY_FATMA_YAVUZ":"ILAY_FATMA_YAVUZ","EYLUL_COSKUN":"EYLUL_COSKUN","DENIZ_KAYRA_AYDIN":"DENIZ_KAYRA_AYDIN","ALP_EMRE_BAYBUGA":"ALP_EMRE_BAYBUGA","YUSUF_ERDEM_ALTINSOY":"YUSUF_ERDEM_ALTINSOY","AYSE_ALKAN":"AYSE_ALKAN","CEYDA_SENAY":"CEYDA_SENAY","OMER_FARUK_GUCER":"OMER_FARUK_GUCER","MERTCAN_ARSLAN":"MERTCAN_ARSLAN","EMRE_ERGUL":"EMRE_ERGUL","DEMIR_OZHAN":"DEMIR_OZHAN","YUSUF_ISA_ZERENUZ":"YUSUF_ISA_ZERENUZ","ERDAL_DENIZ_OZBEY":"ERDAL_DENIZ_OZBEY","AHMET_ZEKI_IHTIYAROGLU":"AHMET_ZEKI_IHTIYAROGLU","ALP_DIKMEN":"ALP_DIKMEN","CLAUDE":"CLAUDE","SERHAT_YUNUSEMRE_KALPAKLI":"SERHAT_YUNUSEMRE_KALPAKLI"},"submissionIdsToComparisonFileName":{"ALGUHAN_KURULAR":{"GPT":"ALGUHAN_KURULAR-GPT.json","ISMAIL_EFE_YALCINKAYA":"ALGUHAN_KURULAR-ISMAIL_EFE_YALCINKAYA.json","HIRANUR_DENIZ":"HIRANUR_DENIZ-ALGUHAN_KURULAR.json","EDHEM_TATAR":"ALGUHAN_KURULAR-EDHEM_TATAR.json","EREN_KOCAGOKCEN":"EREN_KOCAGOKCEN-ALGUHAN_KURULAR.json","BORA_ERDEM_ALAN":"ALGUHAN_KURULAR-BORA_ERDEM_ALAN.json","TEMMUZ_AKYOL":"ALGUHAN_KURULAR-TEMMUZ_AKYOL.json","IRMAK_ZEHRA_EMRI":"ALGUHAN_KURULAR-IRMAK_ZEHRA_EMRI.json","ILAY_FATMA_YAVUZ":"ALGUHAN_KURULAR-ILAY_FATMA_YAVUZ.json","EYLUL_COSKUN":"EYLUL_COSKUN-ALGUHAN_KURULAR.json","DENIZ_KAYRA_AYDIN":"ALGUHAN_KURULAR-DENIZ_KAYRA_AYDIN.json","ALP_EMRE_BAYBUGA":"ALP_EMRE_BAYBUGA-ALGUHAN_KURULAR.json","YUSUF_ERDEM_ALTINSOY":"ALGUHAN_KURULAR-YUSUF_ERDEM_ALTINSOY.json","AYSE_ALKAN":"ALGUHAN_KURULAR-AYSE_ALKAN.json","CEYDA_SENAY":"ALGUHAN_KURULAR-CEYDA_SENAY.json","OMER_FARUK_GUCER":"ALGUHAN_KURULAR-OMER_FARUK_GUCER.json","MERTCAN_ARSLAN":"MERTCAN_ARSLAN-ALGUHAN_KURULAR.json","EMRE_ERGUL":"ALGUHAN_KURULAR-EMRE_ERGUL.json","DEMIR_OZHAN":"ALGUHAN_KURULAR-DEMIR_OZHAN.json","YUSUF_ISA_ZERENUZ":"ALGUHAN_KURULAR-YUSUF_ISA_ZERENUZ.json","ERDAL_DENIZ_OZBEY":"ALGUHAN_KURULAR-ERDAL_DENIZ_OZBEY.json","AHMET_ZEKI_IHTIYAROGLU":"ALGUHAN_KURULAR-AHMET_ZEKI_IHTIYAROGLU.json","ALP_DIKMEN":"ALGUHAN_KURULAR-ALP_DIKMEN.json","CLAUDE":"ALGUHAN_KURULAR-CLAUDE.json","SERHAT_YUNUSEMRE_KALPAKLI":"ALGUHAN_KURULAR-SERHAT_YUNUSEMRE_KALPAKLI.json"},"GPT":{"ALGUHAN_KURULAR":"ALGUHAN_KURULAR-GPT.json","ISMAIL_EFE_YALCINKAYA":"ISMAIL_EFE_YALCINKAYA-GPT.json","HIRANUR_DENIZ":"HIRANUR_DENIZ-GPT.json","EDHEM_TATAR":"GPT-EDHEM_TATAR.json","EREN_KOCAGOKCEN":"EREN_KOCAGOKCEN-GPT.json","BORA_ERDEM_ALAN":"BORA_ERDEM_ALAN-GPT.json","TEMMUZ_AKYOL":"TEMMUZ_AKYOL-GPT.json","IRMAK_ZEHRA_EMRI":"GPT-IRMAK_ZEHRA_EMRI.json","ILAY_FATMA_YAVUZ":"GPT-ILAY_FATMA_YAVUZ.json","EYLUL_COSKUN":"EYLUL_COSKUN-GPT.json","DENIZ_KAYRA_AYDIN":"DENIZ_KAYRA_AYDIN-GPT.json","ALP_EMRE_BAYBUGA":"ALP_EMRE_BAYBUGA-GPT.json","YUSUF_ERDEM_ALTINSOY":"GPT-YUSUF_ERDEM_ALTINSOY.json","AYSE_ALKAN":"AYSE_ALKAN-GPT.json","CEYDA_SENAY":"CEYDA_SENAY-GPT.json","OMER_FARUK_GUCER":"OMER_FARUK_GUCER-GPT.json","MERTCAN_ARSLAN":"MERTCAN_ARSLAN-GPT.json","EMRE_ERGUL":"EMRE_ERGUL-GPT.json","DEMIR_OZHAN":"DEMIR_OZHAN-GPT.json","YUSUF_ISA_ZERENUZ":"YUSUF_ISA_ZERENUZ-GPT.json","ERDAL_DENIZ_OZBEY":"ERDAL_DENIZ_OZBEY-GPT.json","AHMET_ZEKI_IHTIYAROGLU":"AHMET_ZEKI_IHTIYAROGLU-GPT.json","ALP_DIKMEN":"GPT-ALP_DIKMEN.json","CLAUDE":"GPT-CLAUDE.json","SERHAT_YUNUSEMRE_KALPAKLI":"GPT-SERHAT_YUNUSEMRE_KALPAKLI.json"},"ISMAIL_EFE_YALCINKAYA":{"ALGUHAN_KURULAR":"ALGUHAN_KURULAR-ISMAIL_EFE_YALCINKAYA.json","GPT":"ISMAIL_EFE_YALCINKAYA-GPT.json","HIRANUR_DENIZ":"HIRANUR_DENIZ-ISMAIL_EFE_YALCINKAYA.json","EDHEM_TATAR":"ISMAIL_EFE_YALCINKAYA-EDHEM_TATAR.json","BORA_ERDEM_ALAN":"ISMAIL_EFE_YALCINKAYA-BORA_ERDEM_ALAN.json","EREN_KOCAGOKCEN":"EREN_KOCAGOKCEN-ISMAIL_EFE_YALCINKAYA.json","TEMMUZ_AKYOL":"ISMAIL_EFE_YALCINKAYA-TEMMUZ_AKYOL.json","IRMAK_ZEHRA_EMRI":"ISMAIL_EFE_YALCINKAYA-IRMAK_ZEHRA_EMRI.json","ILAY_FATMA_YAVUZ":"ISMAIL_EFE_YALCINKAYA-ILAY_FATMA_YAVUZ.json","EYLUL_COSKUN":"EYLUL_COSKUN-ISMAIL_EFE_YALCINKAYA.json","DENIZ_KAYRA_AYDIN":"ISMAIL_EFE_YALCINKAYA-DENIZ_KAYRA_AYDIN.json","ALP_EMRE_BAYBUGA":"ALP_EMRE_BAYBUGA-ISMAIL_EFE_YALCINKAYA.json","YUSUF_ERDEM_ALTINSOY":"ISMAIL_EFE_YALCINKAYA-YUSUF_ERDEM_ALTINSOY.json","AYSE_ALKAN":"ISMAIL_EFE_YALCINKAYA-AYSE_ALKAN.json","CEYDA_SENAY":"CEYDA_SENAY-ISMAIL_EFE_YALCINKAYA.json","OMER_FARUK_GUCER":"OMER_FARUK_GUCER-ISMAIL_EFE_YALCINKAYA.json","MERTCAN_ARSLAN":"MERTCAN_ARSLAN-ISMAIL_EFE_YALCINKAYA.json","EMRE_ERGUL":"ISMAIL_EFE_YALCINKAYA-EMRE_ERGUL.json","DEMIR_OZHAN":"ISMAIL_EFE_YALCINKAYA-DEMIR_OZHAN.json","YUSUF_ISA_ZERENUZ":"ISMAIL_EFE_YALCINKAYA-YUSUF_ISA_ZERENUZ.json","ERDAL_DENIZ_OZBEY":"ISMAIL_EFE_YALCINKAYA-ERDAL_DENIZ_OZBEY.json","AHMET_ZEKI_IHTIYAROGLU":"ISMAIL_EFE_YALCINKAYA-AHMET_ZEKI_IHTIYAROGLU.json","CLAUDE":"ISMAIL_EFE_YALCINKAYA-CLAUDE.json","ALP_DIKMEN":"ISMAIL_EFE_YALCINKAYA-ALP_DIKMEN.json","SERHAT_YUNUSEMRE_KALPAKLI":"ISMAIL_EFE_YALCINKAYA-SERHAT_YUNUSEMRE_KALPAKLI.json"},"HIRANUR_DENIZ":{"ALGUHAN_KURULAR":"HIRANUR_DENIZ-ALGUHAN_KURULAR.json","GPT":"HIRANUR_DENIZ-GPT.json","ISMAIL_EFE_YALCINKAYA":"HIRANUR_DENIZ-ISMAIL_EFE_YALCINKAYA.json","EDHEM_TATAR":"HIRANUR_DENIZ-EDHEM_TATAR.json","EREN_KOCAGOKCEN":"EREN_KOCAGOKCEN-HIRANUR_DENIZ.json","BORA_ERDEM_ALAN":"HIRANUR_DENIZ-BORA_ERDEM_ALAN.json","TEMMUZ_AKYOL":"HIRANUR_DENIZ-TEMMUZ_AKYOL.json","IRMAK_ZEHRA_EMRI":"HIRANUR_DENIZ-IRMAK_ZEHRA_EMRI.json","ILAY_FATMA_YAVUZ":"HIRANUR_DENIZ-ILAY_FATMA_YAVUZ.json","EYLUL_COSKUN":"HIRANUR_DENIZ-EYLUL_COSKUN.json","DENIZ_KAYRA_AYDIN":"HIRANUR_DENIZ-DENIZ_KAYRA_AYDIN.json","ALP_EMRE_BAYBUGA":"HIRANUR_DENIZ-ALP_EMRE_BAYBUGA.json","YUSUF_ERDEM_ALTINSOY":"HIRANUR_DENIZ-YUSUF_ERDEM_ALTINSOY.json","AYSE_ALKAN":"HIRANUR_DENIZ-AYSE_ALKAN.json","CEYDA_SENAY":"HIRANUR_DENIZ-CEYDA_SENAY.json","OMER_FARUK_GUCER":"HIRANUR_DENIZ-OMER_FARUK_GUCER.json","MERTCAN_ARSLAN":"MERTCAN_ARSLAN-HIRANUR_DENIZ.json","EMRE_ERGUL":"HIRANUR_DENIZ-EMRE_ERGUL.json","DEMIR_OZHAN":"HIRANUR_DENIZ-DEMIR_OZHAN.json","YUSUF_ISA_ZERENUZ":"HIRANUR_DENIZ-YUSUF_ISA_ZERENUZ.json","ERDAL_DENIZ_OZBEY":"HIRANUR_DENIZ-ERDAL_DENIZ_OZBEY.json","AHMET_ZEKI_IHTIYAROGLU":"HIRANUR_DENIZ-AHMET_ZEKI_IHTIYAROGLU.json","ALP_DIKMEN":"HIRANUR_DENIZ-ALP_DIKMEN.json","CLAUDE":"HIRANUR_DENIZ-CLAUDE.json","SERHAT_YUNUSEMRE_KALPAKLI":"HIRANUR_DENIZ-SERHAT_YUNUSEMRE_KALPAKLI.json"},"EDHEM_TATAR":{"ALGUHAN_KURULAR":"ALGUHAN_KURULAR-EDHEM_TATAR.json","GPT":"GPT-EDHEM_TATAR.json","ISMAIL_EFE_YALCINKAYA":"ISMAIL_EFE_YALCINKAYA-EDHEM_TATAR.json","HIRANUR_DENIZ":"HIRANUR_DENIZ-EDHEM_TATAR.json","BORA_ERDEM_ALAN":"BORA_ERDEM_ALAN-EDHEM_TATAR.json","EREN_KOCAGOKCEN":"EREN_KOCAGOKCEN-EDHEM_TATAR.json","TEMMUZ_AKYOL":"TEMMUZ_AKYOL-EDHEM_TATAR.json","IRMAK_ZEHRA_EMRI":"EDHEM_TATAR-IRMAK_ZEHRA_EMRI.json","ILAY_FATMA_YAVUZ":"EDHEM_TATAR-ILAY_FATMA_YAVUZ.json","EYLUL_COSKUN":"EYLUL_COSKUN-EDHEM_TATAR.json","DENIZ_KAYRA_AYDIN":"DENIZ_KAYRA_AYDIN-EDHEM_TATAR.json","ALP_EMRE_BAYBUGA":"ALP_EMRE_BAYBUGA-EDHEM_TATAR.json","YUSUF_ERDEM_ALTINSOY":"EDHEM_TATAR-YUSUF_ERDEM_ALTINSOY.json","AYSE_ALKAN":"AYSE_ALKAN-EDHEM_TATAR.json","CEYDA_SENAY":"CEYDA_SENAY-EDHEM_TATAR.json","OMER_FARUK_GUCER":"OMER_FARUK_GUCER-EDHEM_TATAR.json","MERTCAN_ARSLAN":"MERTCAN_ARSLAN-EDHEM_TATAR.json","EMRE_ERGUL":"EMRE_ERGUL-EDHEM_TATAR.json","DEMIR_OZHAN":"DEMIR_OZHAN-EDHEM_TATAR.json","YUSUF_ISA_ZERENUZ":"YUSUF_ISA_ZERENUZ-EDHEM_TATAR.json","ERDAL_DENIZ_OZBEY":"ERDAL_DENIZ_OZBEY-EDHEM_TATAR.json","AHMET_ZEKI_IHTIYAROGLU":"AHMET_ZEKI_IHTIYAROGLU-EDHEM_TATAR.json","CLAUDE":"EDHEM_TATAR-CLAUDE.json","ALP_DIKMEN":"ALP_DIKMEN-EDHEM_TATAR.json","SERHAT_YUNUSEMRE_KALPAKLI":"SERHAT_YUNUSEMRE_KALPAKLI-EDHEM_TATAR.json"},"BORA_ERDEM_ALAN":{"ALGUHAN_KURULAR":"ALGUHAN_KURULAR-BORA_ERDEM_ALAN.json","GPT":"BORA_ERDEM_ALAN-GPT.json","ISMAIL_EFE_YALCINKAYA":"ISMAIL_EFE_YALCINKAYA-BORA_ERDEM_ALAN.json","HIRANUR_DENIZ":"HIRANUR_DENIZ-BORA_ERDEM_ALAN.json","EDHEM_TATAR":"BORA_ERDEM_ALAN-EDHEM_TATAR.json","EREN_KOCAGOKCEN":"EREN_KOCAGOKCEN-BORA_ERDEM_ALAN.json","TEMMUZ_AKYOL":"BORA_ERDEM_ALAN-TEMMUZ_AKYOL.json","IRMAK_ZEHRA_EMRI":"BORA_ERDEM_ALAN-IRMAK_ZEHRA_EMRI.json","ILAY_FATMA_YAVUZ":"BORA_ERDEM_ALAN-ILAY_FATMA_YAVUZ.json","EYLUL_COSKUN":"EYLUL_COSKUN-BORA_ERDEM_ALAN.json","DENIZ_KAYRA_AYDIN":"BORA_ERDEM_ALAN-DENIZ_KAYRA_AYDIN.json","ALP_EMRE_BAYBUGA":"ALP_EMRE_BAYBUGA-BORA_ERDEM_ALAN.json","YUSUF_ERDEM_ALTINSOY":"BORA_ERDEM_ALAN-YUSUF_ERDEM_ALTINSOY.json","AYSE_ALKAN":"BORA_ERDEM_ALAN-AYSE_ALKAN.json","CEYDA_SENAY":"CEYDA_SENAY-BORA_ERDEM_ALAN.json","OMER_FARUK_GUCER":"OMER_FARUK_GUCER-BORA_ERDEM_ALAN.json","MERTCAN_ARSLAN":"MERTCAN_ARSLAN-BORA_ERDEM_ALAN.json","EMRE_ERGUL":"BORA_ERDEM_ALAN-EMRE_ERGUL.json","DEMIR_OZHAN":"DEMIR_OZHAN-BORA_ERDEM_ALAN.json","YUSUF_ISA_ZERENUZ":"BORA_ERDEM_ALAN-YUSUF_ISA_ZERENUZ.json","ERDAL_DENIZ_OZBEY":"BORA_ERDEM_ALAN-ERDAL_DENIZ_OZBEY.json","AHMET_ZEKI_IHTIYAROGLU":"BORA_ERDEM_ALAN-AHMET_ZEKI_IHTIYAROGLU.json","CLAUDE":"BORA_ERDEM_ALAN-CLAUDE.json","ALP_DIKMEN":"BORA_ERDEM_ALAN-ALP_DIKMEN.json","SERHAT_YUNUSEMRE_KALPAKLI":"BORA_ERDEM_ALAN-SERHAT_YUNUSEMRE_KALPAKLI.json"},"EREN_KOCAGOKCEN":{"ALGUHAN_KURULAR":"EREN_KOCAGOKCEN-ALGUHAN_KURULAR.json","GPT":"EREN_KOCAGOKCEN-GPT.json","ISMAIL_EFE_YALCINKAYA":"EREN_KOCAGOKCEN-ISMAIL_EFE_YALCINKAYA.json","HIRANUR_DENIZ":"EREN_KOCAGOKCEN-HIRANUR_DENIZ.json","EDHEM_TATAR":"EREN_KOCAGOKCEN-EDHEM_TATAR.json","BORA_ERDEM_ALAN":"EREN_KOCAGOKCEN-BORA_ERDEM_ALAN.json","TEMMUZ_AKYOL":"EREN_KOCAGOKCEN-TEMMUZ_AKYOL.json","IRMAK_ZEHRA_EMRI":"EREN_KOCAGOKCEN-IRMAK_ZEHRA_EMRI.json","ILAY_FATMA_YAVUZ":"EREN_KOCAGOKCEN-ILAY_FATMA_YAVUZ.json","EYLUL_COSKUN":"EREN_KOCAGOKCEN-EYLUL_COSKUN.json","DENIZ_KAYRA_AYDIN":"EREN_KOCAGOKCEN-DENIZ_KAYRA_AYDIN.json","ALP_EMRE_BAYBUGA":"EREN_KOCAGOKCEN-ALP_EMRE_BAYBUGA.json","YUSUF_ERDEM_ALTINSOY":"EREN_KOCAGOKCEN-YUSUF_ERDEM_ALTINSOY.json","AYSE_ALKAN":"EREN_KOCAGOKCEN-AYSE_ALKAN.json","CEYDA_SENAY":"EREN_KOCAGOKCEN-CEYDA_SENAY.json","OMER_FARUK_GUCER":"EREN_KOCAGOKCEN-OMER_FARUK_GUCER.json","MERTCAN_ARSLAN":"EREN_KOCAGOKCEN-MERTCAN_ARSLAN.json","EMRE_ERGUL":"EREN_KOCAGOKCEN-EMRE_ERGUL.json","DEMIR_OZHAN":"EREN_KOCAGOKCEN-DEMIR_OZHAN.json","YUSUF_ISA_ZERENUZ":"EREN_KOCAGOKCEN-YUSUF_ISA_ZERENUZ.json","ERDAL_DENIZ_OZBEY":"EREN_KOCAGOKCEN-ERDAL_DENIZ_OZBEY.json","AHMET_ZEKI_IHTIYAROGLU":"EREN_KOCAGOKCEN-AHMET_ZEKI_IHTIYAROGLU.json","CLAUDE":"EREN_KOCAGOKCEN-CLAUDE.json","ALP_DIKMEN":"EREN_KOCAGOKCEN-ALP_DIKMEN.json","SERHAT_YUNUSEMRE_KALPAKLI":"EREN_KOCAGOKCEN-SERHAT_YUNUSEMRE_KALPAKLI.json"},"TEMMUZ_AKYOL":{"ALGUHAN_KURULAR":"ALGUHAN_KURULAR-TEMMUZ_AKYOL.json","GPT":"TEMMUZ_AKYOL-GPT.json","ISMAIL_EFE_YALCINKAYA":"ISMAIL_EFE_YALCINKAYA-TEMMUZ_AKYOL.json","HIRANUR_DENIZ":"HIRANUR_DENIZ-TEMMUZ_AKYOL.json","EDHEM_TATAR":"TEMMUZ_AKYOL-EDHEM_TATAR.json","BORA_ERDEM_ALAN":"BORA_ERDEM_ALAN-TEMMUZ_AKYOL.json","EREN_KOCAGOKCEN":"EREN_KOCAGOKCEN-TEMMUZ_AKYOL.json","IRMAK_ZEHRA_EMRI":"TEMMUZ_AKYOL-IRMAK_ZEHRA_EMRI.json","ILAY_FATMA_YAVUZ":"TEMMUZ_AKYOL-ILAY_FATMA_YAVUZ.json","EYLUL_COSKUN":"EYLUL_COSKUN-TEMMUZ_AKYOL.json","DENIZ_KAYRA_AYDIN":"DENIZ_KAYRA_AYDIN-TEMMUZ_AKYOL.json","ALP_EMRE_BAYBUGA":"ALP_EMRE_BAYBUGA-TEMMUZ_AKYOL.json","YUSUF_ERDEM_ALTINSOY":"TEMMUZ_AKYOL-YUSUF_ERDEM_ALTINSOY.json","AYSE_ALKAN":"TEMMUZ_AKYOL-AYSE_ALKAN.json","CEYDA_SENAY":"CEYDA_SENAY-TEMMUZ_AKYOL.json","OMER_FARUK_GUCER":"OMER_FARUK_GUCER-TEMMUZ_AKYOL.json","MERTCAN_ARSLAN":"MERTCAN_ARSLAN-TEMMUZ_AKYOL.json","EMRE_ERGUL":"TEMMUZ_AKYOL-EMRE_ERGUL.json","DEMIR_OZHAN":"DEMIR_OZHAN-TEMMUZ_AKYOL.json","YUSUF_ISA_ZERENUZ":"TEMMUZ_AKYOL-YUSUF_ISA_ZERENUZ.json","ERDAL_DENIZ_OZBEY":"TEMMUZ_AKYOL-ERDAL_DENIZ_OZBEY.json","AHMET_ZEKI_IHTIYAROGLU":"TEMMUZ_AKYOL-AHMET_ZEKI_IHTIYAROGLU.json","CLAUDE":"TEMMUZ_AKYOL-CLAUDE.json","ALP_DIKMEN":"TEMMUZ_AKYOL-ALP_DIKMEN.json","SERHAT_YUNUSEMRE_KALPAKLI":"TEMMUZ_AKYOL-SERHAT_YUNUSEMRE_KALPAKLI.json"},"IRMAK_ZEHRA_EMRI":{"ALGUHAN_KURULAR":"ALGUHAN_KURULAR-IRMAK_ZEHRA_EMRI.json","GPT":"GPT-IRMAK_ZEHRA_EMRI.json","ISMAIL_EFE_YALCINKAYA":"ISMAIL_EFE_YALCINKAYA-IRMAK_ZEHRA_EMRI.json","HIRANUR_DENIZ":"HIRANUR_DENIZ-IRMAK_ZEHRA_EMRI.json","EDHEM_TATAR":"EDHEM_TATAR-IRMAK_ZEHRA_EMRI.json","BORA_ERDEM_ALAN":"BORA_ERDEM_ALAN-IRMAK_ZEHRA_EMRI.json","EREN_KOCAGOKCEN":"EREN_KOCAGOKCEN-IRMAK_ZEHRA_EMRI.json","TEMMUZ_AKYOL":"TEMMUZ_AKYOL-IRMAK_ZEHRA_EMRI.json","ILAY_FATMA_YAVUZ":"IRMAK_ZEHRA_EMRI-ILAY_FATMA_YAVUZ.json","EYLUL_COSKUN":"EYLUL_COSKUN-IRMAK_ZEHRA_EMRI.json","DENIZ_KAYRA_AYDIN":"DENIZ_KAYRA_AYDIN-IRMAK_ZEHRA_EMRI.json","ALP_EMRE_BAYBUGA":"ALP_EMRE_BAYBUGA-IRMAK_ZEHRA_EMRI.json","YUSUF_ERDEM_ALTINSOY":"IRMAK_ZEHRA_EMRI-YUSUF_ERDEM_ALTINSOY.json","AYSE_ALKAN":"AYSE_ALKAN-IRMAK_ZEHRA_EMRI.json","CEYDA_SENAY":"CEYDA_SENAY-IRMAK_ZEHRA_EMRI.json","OMER_FARUK_GUCER":"OMER_FARUK_GUCER-IRMAK_ZEHRA_EMRI.json","MERTCAN_ARSLAN":"MERTCAN_ARSLAN-IRMAK_ZEHRA_EMRI.json","EMRE_ERGUL":"EMRE_ERGUL-IRMAK_ZEHRA_EMRI.json","DEMIR_OZHAN":"DEMIR_OZHAN-IRMAK_ZEHRA_EMRI.json","YUSUF_ISA_ZERENUZ":"YUSUF_ISA_ZERENUZ-IRMAK_ZEHRA_EMRI.json","ERDAL_DENIZ_OZBEY":"ERDAL_DENIZ_OZBEY-IRMAK_ZEHRA_EMRI.json","AHMET_ZEKI_IHTIYAROGLU":"AHMET_ZEKI_IHTIYAROGLU-IRMAK_ZEHRA_EMRI.json","ALP_DIKMEN":"ALP_DIKMEN-IRMAK_ZEHRA_EMRI.json","CLAUDE":"CLAUDE-IRMAK_ZEHRA_EMRI.json","SERHAT_YUNUSEMRE_KALPAKLI":"SERHAT_YUNUSEMRE_KALPAKLI-IRMAK_ZEHRA_EMRI.json"},"ILAY_FATMA_YAVUZ":{"ALGUHAN_KURULAR":"ALGUHAN_KURULAR-ILAY_FATMA_YAVUZ.json","GPT":"GPT-ILAY_FATMA_YAVUZ.json","ISMAIL_EFE_YALCINKAYA":"ISMAIL_EFE_YALCINKAYA-ILAY_FATMA_YAVUZ.json","HIRANUR_DENIZ":"HIRANUR_DENIZ-ILAY_FATMA_YAVUZ.json","EDHEM_TATAR":"EDHEM_TATAR-ILAY_FATMA_YAVUZ.json","EREN_KOCAGOKCEN":"EREN_KOCAGOKCEN-ILAY_FATMA_YAVUZ.json","BORA_ERDEM_ALAN":"BORA_ERDEM_ALAN-ILAY_FATMA_YAVUZ.json","TEMMUZ_AKYOL":"TEMMUZ_AKYOL-ILAY_FATMA_YAVUZ.json","IRMAK_ZEHRA_EMRI":"IRMAK_ZEHRA_EMRI-ILAY_FATMA_YAVUZ.json","EYLUL_COSKUN":"EYLUL_COSKUN-ILAY_FATMA_YAVUZ.json","DENIZ_KAYRA_AYDIN":"DENIZ_KAYRA_AYDIN-ILAY_FATMA_YAVUZ.json","ALP_EMRE_BAYBUGA":"ALP_EMRE_BAYBUGA-ILAY_FATMA_YAVUZ.json","YUSUF_ERDEM_ALTINSOY":"YUSUF_ERDEM_ALTINSOY-ILAY_FATMA_YAVUZ.json","AYSE_ALKAN":"AYSE_ALKAN-ILAY_FATMA_YAVUZ.json","CEYDA_SENAY":"CEYDA_SENAY-ILAY_FATMA_YAVUZ.json","OMER_FARUK_GUCER":"OMER_FARUK_GUCER-ILAY_FATMA_YAVUZ.json","MERTCAN_ARSLAN":"MERTCAN_ARSLAN-ILAY_FATMA_YAVUZ.json","EMRE_ERGUL":"EMRE_ERGUL-ILAY_FATMA_YAVUZ.json","DEMIR_OZHAN":"DEMIR_OZHAN-ILAY_FATMA_YAVUZ.json","YUSUF_ISA_ZERENUZ":"YUSUF_ISA_ZERENUZ-ILAY_FATMA_YAVUZ.json","ERDAL_DENIZ_OZBEY":"ERDAL_DENIZ_OZBEY-ILAY_FATMA_YAVUZ.json","AHMET_ZEKI_IHTIYAROGLU":"AHMET_ZEKI_IHTIYAROGLU-ILAY_FATMA_YAVUZ.json","ALP_DIKMEN":"ALP_DIKMEN-ILAY_FATMA_YAVUZ.json","CLAUDE":"CLAUDE-ILAY_FATMA_YAVUZ.json","SERHAT_YUNUSEMRE_KALPAKLI":"SERHAT_YUNUSEMRE_KALPAKLI-ILAY_FATMA_YAVUZ.json"},"EYLUL_COSKUN":{"ALGUHAN_KURULAR":"EYLUL_COSKUN-ALGUHAN_KURULAR.json","GPT":"EYLUL_COSKUN-GPT.json","ISMAIL_EFE_YALCINKAYA":"EYLUL_COSKUN-ISMAIL_EFE_YALCINKAYA.json","HIRANUR_DENIZ":"HIRANUR_DENIZ-EYLUL_COSKUN.json","EDHEM_TATAR":"EYLUL_COSKUN-EDHEM_TATAR.json","BORA_ERDEM_ALAN":"EYLUL_COSKUN-BORA_ERDEM_ALAN.json","EREN_KOCAGOKCEN":"EREN_KOCAGOKCEN-EYLUL_COSKUN.json","TEMMUZ_AKYOL":"EYLUL_COSKUN-TEMMUZ_AKYOL.json","IRMAK_ZEHRA_EMRI":"EYLUL_COSKUN-IRMAK_ZEHRA_EMRI.json","ILAY_FATMA_YAVUZ":"EYLUL_COSKUN-ILAY_FATMA_YAVUZ.json","DENIZ_KAYRA_AYDIN":"EYLUL_COSKUN-DENIZ_KAYRA_AYDIN.json","ALP_EMRE_BAYBUGA":"EYLUL_COSKUN-ALP_EMRE_BAYBUGA.json","YUSUF_ERDEM_ALTINSOY":"EYLUL_COSKUN-YUSUF_ERDEM_ALTINSOY.json","AYSE_ALKAN":"EYLUL_COSKUN-AYSE_ALKAN.json","CEYDA_SENAY":"EYLUL_COSKUN-CEYDA_SENAY.json","OMER_FARUK_GUCER":"EYLUL_COSKUN-OMER_FARUK_GUCER.json","MERTCAN_ARSLAN":"MERTCAN_ARSLAN-EYLUL_COSKUN.json","EMRE_ERGUL":"EYLUL_COSKUN-EMRE_ERGUL.json","DEMIR_OZHAN":"EYLUL_COSKUN-DEMIR_OZHAN.json","YUSUF_ISA_ZERENUZ":"EYLUL_COSKUN-YUSUF_ISA_ZERENUZ.json","ERDAL_DENIZ_OZBEY":"EYLUL_COSKUN-ERDAL_DENIZ_OZBEY.json","AHMET_ZEKI_IHTIYAROGLU":"EYLUL_COSKUN-AHMET_ZEKI_IHTIYAROGLU.json","CLAUDE":"EYLUL_COSKUN-CLAUDE.json","ALP_DIKMEN":"EYLUL_COSKUN-ALP_DIKMEN.json","SERHAT_YUNUSEMRE_KALPAKLI":"EYLUL_COSKUN-SERHAT_YUNUSEMRE_KALPAKLI.json"},"DENIZ_KAYRA_AYDIN":{"ALGUHAN_KURULAR":"ALGUHAN_KURULAR-DENIZ_KAYRA_AYDIN.json","GPT":"DENIZ_KAYRA_AYDIN-GPT.json","ISMAIL_EFE_YALCINKAYA":"ISMAIL_EFE_YALCINKAYA-DENIZ_KAYRA_AYDIN.json","HIRANUR_DENIZ":"HIRANUR_DENIZ-DENIZ_KAYRA_AYDIN.json","EDHEM_TATAR":"DENIZ_KAYRA_AYDIN-EDHEM_TATAR.json","BORA_ERDEM_ALAN":"BORA_ERDEM_ALAN-DENIZ_KAYRA_AYDIN.json","EREN_KOCAGOKCEN":"EREN_KOCAGOKCEN-DENIZ_KAYRA_AYDIN.json","TEMMUZ_AKYOL":"DENIZ_KAYRA_AYDIN-TEMMUZ_AKYOL.json","IRMAK_ZEHRA_EMRI":"DENIZ_KAYRA_AYDIN-IRMAK_ZEHRA_EMRI.json","ILAY_FATMA_YAVUZ":"DENIZ_KAYRA_AYDIN-ILAY_FATMA_YAVUZ.json","EYLUL_COSKUN":"EYLUL_COSKUN-DENIZ_KAYRA_AYDIN.json","ALP_EMRE_BAYBUGA":"ALP_EMRE_BAYBUGA-DENIZ_KAYRA_AYDIN.json","YUSUF_ERDEM_ALTINSOY":"DENIZ_KAYRA_AYDIN-YUSUF_ERDEM_ALTINSOY.json","AYSE_ALKAN":"DENIZ_KAYRA_AYDIN-AYSE_ALKAN.json","CEYDA_SENAY":"CEYDA_SENAY-DENIZ_KAYRA_AYDIN.json","OMER_FARUK_GUCER":"OMER_FARUK_GUCER-DENIZ_KAYRA_AYDIN.json","MERTCAN_ARSLAN":"MERTCAN_ARSLAN-DENIZ_KAYRA_AYDIN.json","EMRE_ERGUL":"DENIZ_KAYRA_AYDIN-EMRE_ERGUL.json","DEMIR_OZHAN":"DEMIR_OZHAN-DENIZ_KAYRA_AYDIN.json","YUSUF_ISA_ZERENUZ":"DENIZ_KAYRA_AYDIN-YUSUF_ISA_ZERENUZ.json","ERDAL_DENIZ_OZBEY":"DENIZ_KAYRA_AYDIN-ERDAL_DENIZ_OZBEY.json","AHMET_ZEKI_IHTIYAROGLU":"DENIZ_KAYRA_AYDIN-AHMET_ZEKI_IHTIYAROGLU.json","CLAUDE":"DENIZ_KAYRA_AYDIN-CLAUDE.json","ALP_DIKMEN":"DENIZ_KAYRA_AYDIN-ALP_DIKMEN.json","SERHAT_YUNUSEMRE_KALPAKLI":"DENIZ_KAYRA_AYDIN-SERHAT_YUNUSEMRE_KALPAKLI.json"},"ALP_EMRE_BAYBUGA":{"ALGUHAN_KURULAR":"ALP_EMRE_BAYBUGA-ALGUHAN_KURULAR.json","GPT":"ALP_EMRE_BAYBUGA-GPT.json","ISMAIL_EFE_YALCINKAYA":"ALP_EMRE_BAYBUGA-ISMAIL_EFE_YALCINKAYA.json","HIRANUR_DENIZ":"HIRANUR_DENIZ-ALP_EMRE_BAYBUGA.json","EDHEM_TATAR":"ALP_EMRE_BAYBUGA-EDHEM_TATAR.json","BORA_ERDEM_ALAN":"ALP_EMRE_BAYBUGA-BORA_ERDEM_ALAN.json","EREN_KOCAGOKCEN":"EREN_KOCAGOKCEN-ALP_EMRE_BAYBUGA.json","TEMMUZ_AKYOL":"ALP_EMRE_BAYBUGA-TEMMUZ_AKYOL.json","IRMAK_ZEHRA_EMRI":"ALP_EMRE_BAYBUGA-IRMAK_ZEHRA_EMRI.json","ILAY_FATMA_YAVUZ":"ALP_EMRE_BAYBUGA-ILAY_FATMA_YAVUZ.json","EYLUL_COSKUN":"EYLUL_COSKUN-ALP_EMRE_BAYBUGA.json","DENIZ_KAYRA_AYDIN":"ALP_EMRE_BAYBUGA-DENIZ_KAYRA_AYDIN.json","YUSUF_ERDEM_ALTINSOY":"ALP_EMRE_BAYBUGA-YUSUF_ERDEM_ALTINSOY.json","AYSE_ALKAN":"ALP_EMRE_BAYBUGA-AYSE_ALKAN.json","CEYDA_SENAY":"ALP_EMRE_BAYBUGA-CEYDA_SENAY.json","OMER_FARUK_GUCER":"ALP_EMRE_BAYBUGA-OMER_FARUK_GUCER.json","MERTCAN_ARSLAN":"MERTCAN_ARSLAN-ALP_EMRE_BAYBUGA.json","EMRE_ERGUL":"ALP_EMRE_BAYBUGA-EMRE_ERGUL.json","DEMIR_OZHAN":"ALP_EMRE_BAYBUGA-DEMIR_OZHAN.json","YUSUF_ISA_ZERENUZ":"ALP_EMRE_BAYBUGA-YUSUF_ISA_ZERENUZ.json","ERDAL_DENIZ_OZBEY":"ALP_EMRE_BAYBUGA-ERDAL_DENIZ_OZBEY.json","AHMET_ZEKI_IHTIYAROGLU":"ALP_EMRE_BAYBUGA-AHMET_ZEKI_IHTIYAROGLU.json","ALP_DIKMEN":"ALP_EMRE_BAYBUGA-ALP_DIKMEN.json","CLAUDE":"ALP_EMRE_BAYBUGA-CLAUDE.json","SERHAT_YUNUSEMRE_KALPAKLI":"ALP_EMRE_BAYBUGA-SERHAT_YUNUSEMRE_KALPAKLI.json"},"YUSUF_ERDEM_ALTINSOY":{"ALGUHAN_KURULAR":"ALGUHAN_KURULAR-YUSUF_ERDEM_ALTINSOY.json","GPT":"GPT-YUSUF_ERDEM_ALTINSOY.json","ISMAIL_EFE_YALCINKAYA":"ISMAIL_EFE_YALCINKAYA-YUSUF_ERDEM_ALTINSOY.json","HIRANUR_DENIZ":"HIRANUR_DENIZ-YUSUF_ERDEM_ALTINSOY.json","EDHEM_TATAR":"EDHEM_TATAR-YUSUF_ERDEM_ALTINSOY.json","EREN_KOCAGOKCEN":"EREN_KOCAGOKCEN-YUSUF_ERDEM_ALTINSOY.json","BORA_ERDEM_ALAN":"BORA_ERDEM_ALAN-YUSUF_ERDEM_ALTINSOY.json","TEMMUZ_AKYOL":"TEMMUZ_AKYOL-YUSUF_ERDEM_ALTINSOY.json","IRMAK_ZEHRA_EMRI":"IRMAK_ZEHRA_EMRI-YUSUF_ERDEM_ALTINSOY.json","ILAY_FATMA_YAVUZ":"YUSUF_ERDEM_ALTINSOY-ILAY_FATMA_YAVUZ.json","EYLUL_COSKUN":"EYLUL_COSKUN-YUSUF_ERDEM_ALTINSOY.json","DENIZ_KAYRA_AYDIN":"DENIZ_KAYRA_AYDIN-YUSUF_ERDEM_ALTINSOY.json","ALP_EMRE_BAYBUGA":"ALP_EMRE_BAYBUGA-YUSUF_ERDEM_ALTINSOY.json","AYSE_ALKAN":"AYSE_ALKAN-YUSUF_ERDEM_ALTINSOY.json","CEYDA_SENAY":"CEYDA_SENAY-YUSUF_ERDEM_ALTINSOY.json","OMER_FARUK_GUCER":"OMER_FARUK_GUCER-YUSUF_ERDEM_ALTINSOY.json","MERTCAN_ARSLAN":"MERTCAN_ARSLAN-YUSUF_ERDEM_ALTINSOY.json","EMRE_ERGUL":"EMRE_ERGUL-YUSUF_ERDEM_ALTINSOY.json","DEMIR_OZHAN":"DEMIR_OZHAN-YUSUF_ERDEM_ALTINSOY.json","YUSUF_ISA_ZERENUZ":"YUSUF_ISA_ZERENUZ-YUSUF_ERDEM_ALTINSOY.json","ERDAL_DENIZ_OZBEY":"ERDAL_DENIZ_OZBEY-YUSUF_ERDEM_ALTINSOY.json","AHMET_ZEKI_IHTIYAROGLU":"AHMET_ZEKI_IHTIYAROGLU-YUSUF_ERDEM_ALTINSOY.json","ALP_DIKMEN":"ALP_DIKMEN-YUSUF_ERDEM_ALTINSOY.json","CLAUDE":"CLAUDE-YUSUF_ERDEM_ALTINSOY.json","SERHAT_YUNUSEMRE_KALPAKLI":"SERHAT_YUNUSEMRE_KALPAKLI-YUSUF_ERDEM_ALTINSOY.json"},"AYSE_ALKAN":{"ALGUHAN_KURULAR":"ALGUHAN_KURULAR-AYSE_ALKAN.json","GPT":"AYSE_ALKAN-GPT.json","ISMAIL_EFE_YALCINKAYA":"ISMAIL_EFE_YALCINKAYA-AYSE_ALKAN.json","HIRANUR_DENIZ":"HIRANUR_DENIZ-AYSE_ALKAN.json","EDHEM_TATAR":"AYSE_ALKAN-EDHEM_TATAR.json","BORA_ERDEM_ALAN":"BORA_ERDEM_ALAN-AYSE_ALKAN.json","EREN_KOCAGOKCEN":"EREN_KOCAGOKCEN-AYSE_ALKAN.json","TEMMUZ_AKYOL":"TEMMUZ_AKYOL-AYSE_ALKAN.json","IRMAK_ZEHRA_EMRI":"AYSE_ALKAN-IRMAK_ZEHRA_EMRI.json","ILAY_FATMA_YAVUZ":"AYSE_ALKAN-ILAY_FATMA_YAVUZ.json","EYLUL_COSKUN":"EYLUL_COSKUN-AYSE_ALKAN.json","DENIZ_KAYRA_AYDIN":"DENIZ_KAYRA_AYDIN-AYSE_ALKAN.json","ALP_EMRE_BAYBUGA":"ALP_EMRE_BAYBUGA-AYSE_ALKAN.json","YUSUF_ERDEM_ALTINSOY":"AYSE_ALKAN-YUSUF_ERDEM_ALTINSOY.json","CEYDA_SENAY":"CEYDA_SENAY-AYSE_ALKAN.json","OMER_FARUK_GUCER":"OMER_FARUK_GUCER-AYSE_ALKAN.json","MERTCAN_ARSLAN":"MERTCAN_ARSLAN-AYSE_ALKAN.json","EMRE_ERGUL":"EMRE_ERGUL-AYSE_ALKAN.json","DEMIR_OZHAN":"DEMIR_OZHAN-AYSE_ALKAN.json","YUSUF_ISA_ZERENUZ":"YUSUF_ISA_ZERENUZ-AYSE_ALKAN.json","ERDAL_DENIZ_OZBEY":"AYSE_ALKAN-ERDAL_DENIZ_OZBEY.json","AHMET_ZEKI_IHTIYAROGLU":"AYSE_ALKAN-AHMET_ZEKI_IHTIYAROGLU.json","ALP_DIKMEN":"AYSE_ALKAN-ALP_DIKMEN.json","CLAUDE":"AYSE_ALKAN-CLAUDE.json","SERHAT_YUNUSEMRE_KALPAKLI":"AYSE_ALKAN-SERHAT_YUNUSEMRE_KALPAKLI.json"},"CEYDA_SENAY":{"ALGUHAN_KURULAR":"ALGUHAN_KURULAR-CEYDA_SENAY.json","GPT":"CEYDA_SENAY-GPT.json","ISMAIL_EFE_YALCINKAYA":"CEYDA_SENAY-ISMAIL_EFE_YALCINKAYA.json","HIRANUR_DENIZ":"HIRANUR_DENIZ-CEYDA_SENAY.json","EDHEM_TATAR":"CEYDA_SENAY-EDHEM_TATAR.json","BORA_ERDEM_ALAN":"CEYDA_SENAY-BORA_ERDEM_ALAN.json","EREN_KOCAGOKCEN":"EREN_KOCAGOKCEN-CEYDA_SENAY.json","TEMMUZ_AKYOL":"CEYDA_SENAY-TEMMUZ_AKYOL.json","IRMAK_ZEHRA_EMRI":"CEYDA_SENAY-IRMAK_ZEHRA_EMRI.json","ILAY_FATMA_YAVUZ":"CEYDA_SENAY-ILAY_FATMA_YAVUZ.json","EYLUL_COSKUN":"EYLUL_COSKUN-CEYDA_SENAY.json","DENIZ_KAYRA_AYDIN":"CEYDA_SENAY-DENIZ_KAYRA_AYDIN.json","ALP_EMRE_BAYBUGA":"ALP_EMRE_BAYBUGA-CEYDA_SENAY.json","YUSUF_ERDEM_ALTINSOY":"CEYDA_SENAY-YUSUF_ERDEM_ALTINSOY.json","AYSE_ALKAN":"CEYDA_SENAY-AYSE_ALKAN.json","OMER_FARUK_GUCER":"OMER_FARUK_GUCER-CEYDA_SENAY.json","MERTCAN_ARSLAN":"MERTCAN_ARSLAN-CEYDA_SENAY.json","EMRE_ERGUL":"CEYDA_SENAY-EMRE_ERGUL.json","DEMIR_OZHAN":"CEYDA_SENAY-DEMIR_OZHAN.json","YUSUF_ISA_ZERENUZ":"CEYDA_SENAY-YUSUF_ISA_ZERENUZ.json","ERDAL_DENIZ_OZBEY":"CEYDA_SENAY-ERDAL_DENIZ_OZBEY.json","AHMET_ZEKI_IHTIYAROGLU":"CEYDA_SENAY-AHMET_ZEKI_IHTIYAROGLU.json","CLAUDE":"CEYDA_SENAY-CLAUDE.json","ALP_DIKMEN":"CEYDA_SENAY-ALP_DIKMEN.json","SERHAT_YUNUSEMRE_KALPAKLI":"CEYDA_SENAY-SERHAT_YUNUSEMRE_KALPAKLI.json"},"OMER_FARUK_GUCER":{"ALGUHAN_KURULAR":"ALGUHAN_KURULAR-OMER_FARUK_GUCER.json","GPT":"OMER_FARUK_GUCER-GPT.json","ISMAIL_EFE_YALCINKAYA":"OMER_FARUK_GUCER-ISMAIL_EFE_YALCINKAYA.json","HIRANUR_DENIZ":"HIRANUR_DENIZ-OMER_FARUK_GUCER.json","EDHEM_TATAR":"OMER_FARUK_GUCER-EDHEM_TATAR.json","BORA_ERDEM_ALAN":"OMER_FARUK_GUCER-BORA_ERDEM_ALAN.json","EREN_KOCAGOKCEN":"EREN_KOCAGOKCEN-OMER_FARUK_GUCER.json","TEMMUZ_AKYOL":"OMER_FARUK_GUCER-TEMMUZ_AKYOL.json","IRMAK_ZEHRA_EMRI":"OMER_FARUK_GUCER-IRMAK_ZEHRA_EMRI.json","ILAY_FATMA_YAVUZ":"OMER_FARUK_GUCER-ILAY_FATMA_YAVUZ.json","EYLUL_COSKUN":"EYLUL_COSKUN-OMER_FARUK_GUCER.json","DENIZ_KAYRA_AYDIN":"OMER_FARUK_GUCER-DENIZ_KAYRA_AYDIN.json","ALP_EMRE_BAYBUGA":"ALP_EMRE_BAYBUGA-OMER_FARUK_GUCER.json","YUSUF_ERDEM_ALTINSOY":"OMER_FARUK_GUCER-YUSUF_ERDEM_ALTINSOY.json","AYSE_ALKAN":"OMER_FARUK_GUCER-AYSE_ALKAN.json","CEYDA_SENAY":"OMER_FARUK_GUCER-CEYDA_SENAY.json","MERTCAN_ARSLAN":"MERTCAN_ARSLAN-OMER_FARUK_GUCER.json","EMRE_ERGUL":"OMER_FARUK_GUCER-EMRE_ERGUL.json","DEMIR_OZHAN":"OMER_FARUK_GUCER-DEMIR_OZHAN.json","YUSUF_ISA_ZERENUZ":"OMER_FARUK_GUCER-YUSUF_ISA_ZERENUZ.json","ERDAL_DENIZ_OZBEY":"OMER_FARUK_GUCER-ERDAL_DENIZ_OZBEY.json","AHMET_ZEKI_IHTIYAROGLU":"OMER_FARUK_GUCER-AHMET_ZEKI_IHTIYAROGLU.json","ALP_DIKMEN":"OMER_FARUK_GUCER-ALP_DIKMEN.json","CLAUDE":"OMER_FARUK_GUCER-CLAUDE.json","SERHAT_YUNUSEMRE_KALPAKLI":"OMER_FARUK_GUCER-SERHAT_YUNUSEMRE_KALPAKLI.json"},"MERTCAN_ARSLAN":{"ALGUHAN_KURULAR":"MERTCAN_ARSLAN-ALGUHAN_KURULAR.json","GPT":"MERTCAN_ARSLAN-GPT.json","ISMAIL_EFE_YALCINKAYA":"MERTCAN_ARSLAN-ISMAIL_EFE_YALCINKAYA.json","HIRANUR_DENIZ":"MERTCAN_ARSLAN-HIRANUR_DENIZ.json","EDHEM_TATAR":"MERTCAN_ARSLAN-EDHEM_TATAR.json","EREN_KOCAGOKCEN":"EREN_KOCAGOKCEN-MERTCAN_ARSLAN.json","BORA_ERDEM_ALAN":"MERTCAN_ARSLAN-BORA_ERDEM_ALAN.json","TEMMUZ_AKYOL":"MERTCAN_ARSLAN-TEMMUZ_AKYOL.json","IRMAK_ZEHRA_EMRI":"MERTCAN_ARSLAN-IRMAK_ZEHRA_EMRI.json","ILAY_FATMA_YAVUZ":"MERTCAN_ARSLAN-ILAY_FATMA_YAVUZ.json","EYLUL_COSKUN":"MERTCAN_ARSLAN-EYLUL_COSKUN.json","DENIZ_KAYRA_AYDIN":"MERTCAN_ARSLAN-DENIZ_KAYRA_AYDIN.json","ALP_EMRE_BAYBUGA":"MERTCAN_ARSLAN-ALP_EMRE_BAYBUGA.json","YUSUF_ERDEM_ALTINSOY":"MERTCAN_ARSLAN-YUSUF_ERDEM_ALTINSOY.json","AYSE_ALKAN":"MERTCAN_ARSLAN-AYSE_ALKAN.json","CEYDA_SENAY":"MERTCAN_ARSLAN-CEYDA_SENAY.json","OMER_FARUK_GUCER":"MERTCAN_ARSLAN-OMER_FARUK_GUCER.json","EMRE_ERGUL":"MERTCAN_ARSLAN-EMRE_ERGUL.json","DEMIR_OZHAN":"MERTCAN_ARSLAN-DEMIR_OZHAN.json","YUSUF_ISA_ZERENUZ":"MERTCAN_ARSLAN-YUSUF_ISA_ZERENUZ.json","ERDAL_DENIZ_OZBEY":"MERTCAN_ARSLAN-ERDAL_DENIZ_OZBEY.json","AHMET_ZEKI_IHTIYAROGLU":"MERTCAN_ARSLAN-AHMET_ZEKI_IHTIYAROGLU.json","ALP_DIKMEN":"MERTCAN_ARSLAN-ALP_DIKMEN.json","CLAUDE":"MERTCAN_ARSLAN-CLAUDE.json","SERHAT_YUNUSEMRE_KALPAKLI":"MERTCAN_ARSLAN-SERHAT_YUNUSEMRE_KALPAKLI.json"},"EMRE_ERGUL":{"ALGUHAN_KURULAR":"ALGUHAN_KURULAR-EMRE_ERGUL.json","GPT":"EMRE_ERGUL-GPT.json","ISMAIL_EFE_YALCINKAYA":"ISMAIL_EFE_YALCINKAYA-EMRE_ERGUL.json","HIRANUR_DENIZ":"HIRANUR_DENIZ-EMRE_ERGUL.json","EDHEM_TATAR":"EMRE_ERGUL-EDHEM_TATAR.json","BORA_ERDEM_ALAN":"BORA_ERDEM_ALAN-EMRE_ERGUL.json","EREN_KOCAGOKCEN":"EREN_KOCAGOKCEN-EMRE_ERGUL.json","TEMMUZ_AKYOL":"TEMMUZ_AKYOL-EMRE_ERGUL.json","IRMAK_ZEHRA_EMRI":"EMRE_ERGUL-IRMAK_ZEHRA_EMRI.json","ILAY_FATMA_YAVUZ":"EMRE_ERGUL-ILAY_FATMA_YAVUZ.json","EYLUL_COSKUN":"EYLUL_COSKUN-EMRE_ERGUL.json","DENIZ_KAYRA_AYDIN":"DENIZ_KAYRA_AYDIN-EMRE_ERGUL.json","ALP_EMRE_BAYBUGA":"ALP_EMRE_BAYBUGA-EMRE_ERGUL.json","YUSUF_ERDEM_ALTINSOY":"EMRE_ERGUL-YUSUF_ERDEM_ALTINSOY.json","AYSE_ALKAN":"EMRE_ERGUL-AYSE_ALKAN.json","CEYDA_SENAY":"CEYDA_SENAY-EMRE_ERGUL.json","OMER_FARUK_GUCER":"OMER_FARUK_GUCER-EMRE_ERGUL.json","MERTCAN_ARSLAN":"MERTCAN_ARSLAN-EMRE_ERGUL.json","DEMIR_OZHAN":"DEMIR_OZHAN-EMRE_ERGUL.json","YUSUF_ISA_ZERENUZ":"YUSUF_ISA_ZERENUZ-EMRE_ERGUL.json","ERDAL_DENIZ_OZBEY":"EMRE_ERGUL-ERDAL_DENIZ_OZBEY.json","AHMET_ZEKI_IHTIYAROGLU":"EMRE_ERGUL-AHMET_ZEKI_IHTIYAROGLU.json","CLAUDE":"EMRE_ERGUL-CLAUDE.json","ALP_DIKMEN":"EMRE_ERGUL-ALP_DIKMEN.json","SERHAT_YUNUSEMRE_KALPAKLI":"EMRE_ERGUL-SERHAT_YUNUSEMRE_KALPAKLI.json"},"DEMIR_OZHAN":{"ALGUHAN_KURULAR":"ALGUHAN_KURULAR-DEMIR_OZHAN.json","GPT":"DEMIR_OZHAN-GPT.json","ISMAIL_EFE_YALCINKAYA":"ISMAIL_EFE_YALCINKAYA-DEMIR_OZHAN.json","HIRANUR_DENIZ":"HIRANUR_DENIZ-DEMIR_OZHAN.json","EDHEM_TATAR":"DEMIR_OZHAN-EDHEM_TATAR.json","BORA_ERDEM_ALAN":"DEMIR_OZHAN-BORA_ERDEM_ALAN.json","EREN_KOCAGOKCEN":"EREN_KOCAGOKCEN-DEMIR_OZHAN.json","TEMMUZ_AKYOL":"DEMIR_OZHAN-TEMMUZ_AKYOL.json","IRMAK_ZEHRA_EMRI":"DEMIR_OZHAN-IRMAK_ZEHRA_EMRI.json","ILAY_FATMA_YAVUZ":"DEMIR_OZHAN-ILAY_FATMA_YAVUZ.json","EYLUL_COSKUN":"EYLUL_COSKUN-DEMIR_OZHAN.json","DENIZ_KAYRA_AYDIN":"DEMIR_OZHAN-DENIZ_KAYRA_AYDIN.json","ALP_EMRE_BAYBUGA":"ALP_EMRE_BAYBUGA-DEMIR_OZHAN.json","YUSUF_ERDEM_ALTINSOY":"DEMIR_OZHAN-YUSUF_ERDEM_ALTINSOY.json","AYSE_ALKAN":"DEMIR_OZHAN-AYSE_ALKAN.json","CEYDA_SENAY":"CEYDA_SENAY-DEMIR_OZHAN.json","OMER_FARUK_GUCER":"OMER_FARUK_GUCER-DEMIR_OZHAN.json","MERTCAN_ARSLAN":"MERTCAN_ARSLAN-DEMIR_OZHAN.json","EMRE_ERGUL":"DEMIR_OZHAN-EMRE_ERGUL.json","YUSUF_ISA_ZERENUZ":"DEMIR_OZHAN-YUSUF_ISA_ZERENUZ.json","ERDAL_DENIZ_OZBEY":"DEMIR_OZHAN-ERDAL_DENIZ_OZBEY.json","AHMET_ZEKI_IHTIYAROGLU":"DEMIR_OZHAN-AHMET_ZEKI_IHTIYAROGLU.json","CLAUDE":"DEMIR_OZHAN-CLAUDE.json","ALP_DIKMEN":"DEMIR_OZHAN-ALP_DIKMEN.json","SERHAT_YUNUSEMRE_KALPAKLI":"DEMIR_OZHAN-SERHAT_YUNUSEMRE_KALPAKLI.json"},"YUSUF_ISA_ZERENUZ":{"ALGUHAN_KURULAR":"ALGUHAN_KURULAR-YUSUF_ISA_ZERENUZ.json","GPT":"YUSUF_ISA_ZERENUZ-GPT.json","ISMAIL_EFE_YALCINKAYA":"ISMAIL_EFE_YALCINKAYA-YUSUF_ISA_ZERENUZ.json","HIRANUR_DENIZ":"HIRANUR_DENIZ-YUSUF_ISA_ZERENUZ.json","EDHEM_TATAR":"YUSUF_ISA_ZERENUZ-EDHEM_TATAR.json","BORA_ERDEM_ALAN":"BORA_ERDEM_ALAN-YUSUF_ISA_ZERENUZ.json","EREN_KOCAGOKCEN":"EREN_KOCAGOKCEN-YUSUF_ISA_ZERENUZ.json","TEMMUZ_AKYOL":"TEMMUZ_AKYOL-YUSUF_ISA_ZERENUZ.json","IRMAK_ZEHRA_EMRI":"YUSUF_ISA_ZERENUZ-IRMAK_ZEHRA_EMRI.json","ILAY_FATMA_YAVUZ":"YUSUF_ISA_ZERENUZ-ILAY_FATMA_YAVUZ.json","EYLUL_COSKUN":"EYLUL_COSKUN-YUSUF_ISA_ZERENUZ.json","DENIZ_KAYRA_AYDIN":"DENIZ_KAYRA_AYDIN-YUSUF_ISA_ZERENUZ.json","ALP_EMRE_BAYBUGA":"ALP_EMRE_BAYBUGA-YUSUF_ISA_ZERENUZ.json","YUSUF_ERDEM_ALTINSOY":"YUSUF_ISA_ZERENUZ-YUSUF_ERDEM_ALTINSOY.json","AYSE_ALKAN":"YUSUF_ISA_ZERENUZ-AYSE_ALKAN.json","CEYDA_SENAY":"CEYDA_SENAY-YUSUF_ISA_ZERENUZ.json","OMER_FARUK_GUCER":"OMER_FARUK_GUCER-YUSUF_ISA_ZERENUZ.json","MERTCAN_ARSLAN":"MERTCAN_ARSLAN-YUSUF_ISA_ZERENUZ.json","EMRE_ERGUL":"YUSUF_ISA_ZERENUZ-EMRE_ERGUL.json","DEMIR_OZHAN":"DEMIR_OZHAN-YUSUF_ISA_ZERENUZ.json","ERDAL_DENIZ_OZBEY":"YUSUF_ISA_ZERENUZ-ERDAL_DENIZ_OZBEY.json","AHMET_ZEKI_IHTIYAROGLU":"YUSUF_ISA_ZERENUZ-AHMET_ZEKI_IHTIYAROGLU.json","CLAUDE":"YUSUF_ISA_ZERENUZ-CLAUDE.json","ALP_DIKMEN":"YUSUF_ISA_ZERENUZ-ALP_DIKMEN.json","SERHAT_YUNUSEMRE_KALPAKLI":"YUSUF_ISA_ZERENUZ-SERHAT_YUNUSEMRE_KALPAKLI.json"},"ERDAL_DENIZ_OZBEY":{"ALGUHAN_KURULAR":"ALGUHAN_KURULAR-ERDAL_DENIZ_OZBEY.json","GPT":"ERDAL_DENIZ_OZBEY-GPT.json","ISMAIL_EFE_YALCINKAYA":"ISMAIL_EFE_YALCINKAYA-ERDAL_DENIZ_OZBEY.json","HIRANUR_DENIZ":"HIRANUR_DENIZ-ERDAL_DENIZ_OZBEY.json","EDHEM_TATAR":"ERDAL_DENIZ_OZBEY-EDHEM_TATAR.json","BORA_ERDEM_ALAN":"BORA_ERDEM_ALAN-ERDAL_DENIZ_OZBEY.json","EREN_KOCAGOKCEN":"EREN_KOCAGOKCEN-ERDAL_DENIZ_OZBEY.json","TEMMUZ_AKYOL":"TEMMUZ_AKYOL-ERDAL_DENIZ_OZBEY.json","IRMAK_ZEHRA_EMRI":"ERDAL_DENIZ_OZBEY-IRMAK_ZEHRA_EMRI.json","ILAY_FATMA_YAVUZ":"ERDAL_DENIZ_OZBEY-ILAY_FATMA_YAVUZ.json","EYLUL_COSKUN":"EYLUL_COSKUN-ERDAL_DENIZ_OZBEY.json","DENIZ_KAYRA_AYDIN":"DENIZ_KAYRA_AYDIN-ERDAL_DENIZ_OZBEY.json","ALP_EMRE_BAYBUGA":"ALP_EMRE_BAYBUGA-ERDAL_DENIZ_OZBEY.json","YUSUF_ERDEM_ALTINSOY":"ERDAL_DENIZ_OZBEY-YUSUF_ERDEM_ALTINSOY.json","AYSE_ALKAN":"AYSE_ALKAN-ERDAL_DENIZ_OZBEY.json","CEYDA_SENAY":"CEYDA_SENAY-ERDAL_DENIZ_OZBEY.json","OMER_FARUK_GUCER":"OMER_FARUK_GUCER-ERDAL_DENIZ_OZBEY.json","MERTCAN_ARSLAN":"MERTCAN_ARSLAN-ERDAL_DENIZ_OZBEY.json","EMRE_ERGUL":"EMRE_ERGUL-ERDAL_DENIZ_OZBEY.json","DEMIR_OZHAN":"DEMIR_OZHAN-ERDAL_DENIZ_OZBEY.json","YUSUF_ISA_ZERENUZ":"YUSUF_ISA_ZERENUZ-ERDAL_DENIZ_OZBEY.json","AHMET_ZEKI_IHTIYAROGLU":"ERDAL_DENIZ_OZBEY-AHMET_ZEKI_IHTIYAROGLU.json","ALP_DIKMEN":"ERDAL_DENIZ_OZBEY-ALP_DIKMEN.json","CLAUDE":"ERDAL_DENIZ_OZBEY-CLAUDE.json","SERHAT_YUNUSEMRE_KALPAKLI":"ERDAL_DENIZ_OZBEY-SERHAT_YUNUSEMRE_KALPAKLI.json"},"AHMET_ZEKI_IHTIYAROGLU":{"ALGUHAN_KURULAR":"ALGUHAN_KURULAR-AHMET_ZEKI_IHTIYAROGLU.json","GPT":"AHMET_ZEKI_IHTIYAROGLU-GPT.json","ISMAIL_EFE_YALCINKAYA":"ISMAIL_EFE_YALCINKAYA-AHMET_ZEKI_IHTIYAROGLU.json","HIRANUR_DENIZ":"HIRANUR_DENIZ-AHMET_ZEKI_IHTIYAROGLU.json","EDHEM_TATAR":"AHMET_ZEKI_IHTIYAROGLU-EDHEM_TATAR.json","BORA_ERDEM_ALAN":"BORA_ERDEM_ALAN-AHMET_ZEKI_IHTIYAROGLU.json","EREN_KOCAGOKCEN":"EREN_KOCAGOKCEN-AHMET_ZEKI_IHTIYAROGLU.json","TEMMUZ_AKYOL":"TEMMUZ_AKYOL-AHMET_ZEKI_IHTIYAROGLU.json","IRMAK_ZEHRA_EMRI":"AHMET_ZEKI_IHTIYAROGLU-IRMAK_ZEHRA_EMRI.json","ILAY_FATMA_YAVUZ":"AHMET_ZEKI_IHTIYAROGLU-ILAY_FATMA_YAVUZ.json","EYLUL_COSKUN":"EYLUL_COSKUN-AHMET_ZEKI_IHTIYAROGLU.json","DENIZ_KAYRA_AYDIN":"DENIZ_KAYRA_AYDIN-AHMET_ZEKI_IHTIYAROGLU.json","ALP_EMRE_BAYBUGA":"ALP_EMRE_BAYBUGA-AHMET_ZEKI_IHTIYAROGLU.json","YUSUF_ERDEM_ALTINSOY":"AHMET_ZEKI_IHTIYAROGLU-YUSUF_ERDEM_ALTINSOY.json","AYSE_ALKAN":"AYSE_ALKAN-AHMET_ZEKI_IHTIYAROGLU.json","CEYDA_SENAY":"CEYDA_SENAY-AHMET_ZEKI_IHTIYAROGLU.json","OMER_FARUK_GUCER":"OMER_FARUK_GUCER-AHMET_ZEKI_IHTIYAROGLU.json","MERTCAN_ARSLAN":"MERTCAN_ARSLAN-AHMET_ZEKI_IHTIYAROGLU.json","EMRE_ERGUL":"EMRE_ERGUL-AHMET_ZEKI_IHTIYAROGLU.json","DEMIR_OZHAN":"DEMIR_OZHAN-AHMET_ZEKI_IHTIYAROGLU.json","YUSUF_ISA_ZERENUZ":"YUSUF_ISA_ZERENUZ-AHMET_ZEKI_IHTIYAROGLU.json","ERDAL_DENIZ_OZBEY":"ERDAL_DENIZ_OZBEY-AHMET_ZEKI_IHTIYAROGLU.json","CLAUDE":"AHMET_ZEKI_IHTIYAROGLU-CLAUDE.json","ALP_DIKMEN":"AHMET_ZEKI_IHTIYAROGLU-ALP_DIKMEN.json","SERHAT_YUNUSEMRE_KALPAKLI":"AHMET_ZEKI_IHTIYAROGLU-SERHAT_YUNUSEMRE_KALPAKLI.json"},"ALP_DIKMEN":{"ALGUHAN_KURULAR":"ALGUHAN_KURULAR-ALP_DIKMEN.json","GPT":"GPT-ALP_DIKMEN.json","ISMAIL_EFE_YALCINKAYA":"ISMAIL_EFE_YALCINKAYA-ALP_DIKMEN.json","HIRANUR_DENIZ":"HIRANUR_DENIZ-ALP_DIKMEN.json","EDHEM_TATAR":"ALP_DIKMEN-EDHEM_TATAR.json","BORA_ERDEM_ALAN":"BORA_ERDEM_ALAN-ALP_DIKMEN.json","EREN_KOCAGOKCEN":"EREN_KOCAGOKCEN-ALP_DIKMEN.json","TEMMUZ_AKYOL":"TEMMUZ_AKYOL-ALP_DIKMEN.json","IRMAK_ZEHRA_EMRI":"ALP_DIKMEN-IRMAK_ZEHRA_EMRI.json","ILAY_FATMA_YAVUZ":"ALP_DIKMEN-ILAY_FATMA_YAVUZ.json","EYLUL_COSKUN":"EYLUL_COSKUN-ALP_DIKMEN.json","DENIZ_KAYRA_AYDIN":"DENIZ_KAYRA_AYDIN-ALP_DIKMEN.json","ALP_EMRE_BAYBUGA":"ALP_EMRE_BAYBUGA-ALP_DIKMEN.json","YUSUF_ERDEM_ALTINSOY":"ALP_DIKMEN-YUSUF_ERDEM_ALTINSOY.json","AYSE_ALKAN":"AYSE_ALKAN-ALP_DIKMEN.json","CEYDA_SENAY":"CEYDA_SENAY-ALP_DIKMEN.json","OMER_FARUK_GUCER":"OMER_FARUK_GUCER-ALP_DIKMEN.json","MERTCAN_ARSLAN":"MERTCAN_ARSLAN-ALP_DIKMEN.json","EMRE_ERGUL":"EMRE_ERGUL-ALP_DIKMEN.json","DEMIR_OZHAN":"DEMIR_OZHAN-ALP_DIKMEN.json","YUSUF_ISA_ZERENUZ":"YUSUF_ISA_ZERENUZ-ALP_DIKMEN.json","ERDAL_DENIZ_OZBEY":"ERDAL_DENIZ_OZBEY-ALP_DIKMEN.json","AHMET_ZEKI_IHTIYAROGLU":"AHMET_ZEKI_IHTIYAROGLU-ALP_DIKMEN.json","CLAUDE":"ALP_DIKMEN-CLAUDE.json","SERHAT_YUNUSEMRE_KALPAKLI":"ALP_DIKMEN-SERHAT_YUNUSEMRE_KALPAKLI.json"},"CLAUDE":{"ALGUHAN_KURULAR":"ALGUHAN_KURULAR-CLAUDE.json","GPT":"GPT-CLAUDE.json","ISMAIL_EFE_YALCINKAYA":"ISMAIL_EFE_YALCINKAYA-CLAUDE.json","HIRANUR_DENIZ":"HIRANUR_DENIZ-CLAUDE.json","EDHEM_TATAR":"EDHEM_TATAR-CLAUDE.json","BORA_ERDEM_ALAN":"BORA_ERDEM_ALAN-CLAUDE.json","EREN_KOCAGOKCEN":"EREN_KOCAGOKCEN-CLAUDE.json","TEMMUZ_AKYOL":"TEMMUZ_AKYOL-CLAUDE.json","IRMAK_ZEHRA_EMRI":"CLAUDE-IRMAK_ZEHRA_EMRI.json","ILAY_FATMA_YAVUZ":"CLAUDE-ILAY_FATMA_YAVUZ.json","EYLUL_COSKUN":"EYLUL_COSKUN-CLAUDE.json","DENIZ_KAYRA_AYDIN":"DENIZ_KAYRA_AYDIN-CLAUDE.json","ALP_EMRE_BAYBUGA":"ALP_EMRE_BAYBUGA-CLAUDE.json","YUSUF_ERDEM_ALTINSOY":"CLAUDE-YUSUF_ERDEM_ALTINSOY.json","AYSE_ALKAN":"AYSE_ALKAN-CLAUDE.json","CEYDA_SENAY":"CEYDA_SENAY-CLAUDE.json","OMER_FARUK_GUCER":"OMER_FARUK_GUCER-CLAUDE.json","MERTCAN_ARSLAN":"MERTCAN_ARSLAN-CLAUDE.json","EMRE_ERGUL":"EMRE_ERGUL-CLAUDE.json","DEMIR_OZHAN":"DEMIR_OZHAN-CLAUDE.json","YUSUF_ISA_ZERENUZ":"YUSUF_ISA_ZERENUZ-CLAUDE.json","ERDAL_DENIZ_OZBEY":"ERDAL_DENIZ_OZBEY-CLAUDE.json","AHMET_ZEKI_IHTIYAROGLU":"AHMET_ZEKI_IHTIYAROGLU-CLAUDE.json","ALP_DIKMEN":"ALP_DIKMEN-CLAUDE.json","SERHAT_YUNUSEMRE_KALPAKLI":"SERHAT_YUNUSEMRE_KALPAKLI-CLAUDE.json"},"SERHAT_YUNUSEMRE_KALPAKLI":{"ALGUHAN_KURULAR":"ALGUHAN_KURULAR-SERHAT_YUNUSEMRE_KALPAKLI.json","GPT":"GPT-SERHAT_YUNUSEMRE_KALPAKLI.json","ISMAIL_EFE_YALCINKAYA":"ISMAIL_EFE_YALCINKAYA-SERHAT_YUNUSEMRE_KALPAKLI.json","HIRANUR_DENIZ":"HIRANUR_DENIZ-SERHAT_YUNUSEMRE_KALPAKLI.json","EDHEM_TATAR":"SERHAT_YUNUSEMRE_KALPAKLI-EDHEM_TATAR.json","BORA_ERDEM_ALAN":"BORA_ERDEM_ALAN-SERHAT_YUNUSEMRE_KALPAKLI.json","EREN_KOCAGOKCEN":"EREN_KOCAGOKCEN-SERHAT_YUNUSEMRE_KALPAKLI.json","TEMMUZ_AKYOL":"TEMMUZ_AKYOL-SERHAT_YUNUSEMRE_KALPAKLI.json","IRMAK_ZEHRA_EMRI":"SERHAT_YUNUSEMRE_KALPAKLI-IRMAK_ZEHRA_EMRI.json","ILAY_FATMA_YAVUZ":"SERHAT_YUNUSEMRE_KALPAKLI-ILAY_FATMA_YAVUZ.json","EYLUL_COSKUN":"EYLUL_COSKUN-SERHAT_YUNUSEMRE_KALPAKLI.json","DENIZ_KAYRA_AYDIN":"DENIZ_KAYRA_AYDIN-SERHAT_YUNUSEMRE_KALPAKLI.json","ALP_EMRE_BAYBUGA":"ALP_EMRE_BAYBUGA-SERHAT_YUNUSEMRE_KALPAKLI.json","YUSUF_ERDEM_ALTINSOY":"SERHAT_YUNUSEMRE_KALPAKLI-YUSUF_ERDEM_ALTINSOY.json","AYSE_ALKAN":"AYSE_ALKAN-SERHAT_YUNUSEMRE_KALPAKLI.json","CEYDA_SENAY":"CEYDA_SENAY-SERHAT_YUNUSEMRE_KALPAKLI.json","OMER_FARUK_GUCER":"OMER_FARUK_GUCER-SERHAT_YUNUSEMRE_KALPAKLI.json","MERTCAN_ARSLAN":"MERTCAN_ARSLAN-SERHAT_YUNUSEMRE_KALPAKLI.json","EMRE_ERGUL":"EMRE_ERGUL-SERHAT_YUNUSEMRE_KALPAKLI.json","DEMIR_OZHAN":"DEMIR_OZHAN-SERHAT_YUNUSEMRE_KALPAKLI.json","YUSUF_ISA_ZERENUZ":"YUSUF_ISA_ZERENUZ-SERHAT_YUNUSEMRE_KALPAKLI.json","ERDAL_DENIZ_OZBEY":"ERDAL_DENIZ_OZBEY-SERHAT_YUNUSEMRE_KALPAKLI.json","AHMET_ZEKI_IHTIYAROGLU":"AHMET_ZEKI_IHTIYAROGLU-SERHAT_YUNUSEMRE_KALPAKLI.json","CLAUDE":"SERHAT_YUNUSEMRE_KALPAKLI-CLAUDE.json","ALP_DIKMEN":"ALP_DIKMEN-SERHAT_YUNUSEMRE_KALPAKLI.json"}}}