{"fileIndexes":{"ALGUHAN_KURULAR":{"ALGUHAN_KURULAR/StackQuestionsMember.tpp":{"tokenCount":47}},"GPT":{"GPT/StackQuestionsNonMember.cpp":{"tokenCount":31},"GPT/StackQuestionsNonMember.tpp":{"tokenCount":23},"GPT/StackQuestionsMember.tpp":{"tokenCount":46}},"ISMAIL_EFE_YALCINKAYA":{"ISMAIL_EFE_YALCINKAYA/StackQuestionsMember.tpp":{"tokenCount":31},"ISMAIL_EFE_YALCINKAYA/StackQuestionsNonMember.tpp":{"tokenCount":28}},"HIRANUR_DENIZ":{"HIRANUR_DENIZ/StackQuestionsMember.tpp":{"tokenCount":14},"HIRANUR_DENIZ/StackQuestionsNonMember.tpp":{"tokenCount":21}},"EDHEM_TATAR":{"EDHEM_TATAR/StackQuestionsNonMember.tpp":{"tokenCount":75},"EDHEM_TATAR/StackQuestionsNonMember.cpp":{"tokenCount":4},"EDHEM_TATAR/StackQuestionsMember.tpp":{"tokenCount":61}},"EREN_KOCAGOKCEN":{"EREN_KOCAGOKCEN/StackQuestionsMember.tpp":{"tokenCount":22}},"BORA_ERDEM_ALAN":{"BORA_ERDEM_ALAN/StackQuestionsNonMember.tpp":{"tokenCount":22},"BORA_ERDEM_ALAN/StackQuestionsMember.tpp":{"tokenCount":47}},"TEMMUZ_AKYOL":{"TEMMUZ_AKYOL/StackQuestionsMember.tpp":{"tokenCount":51},"TEMMUZ_AKYOL/StackQuestionsNonMember.tpp":{"tokenCount":22}},"IRMAK_ZEHRA_EMRI":{"IRMAK_ZEHRA_EMRI/StackQuestionsNonMember.tpp":{"tokenCount":26},"IRMAK_ZEHRA_EMRI/main.cpp":{"tokenCount":149},"IRMAK_ZEHRA_EMRI/StackQuestionsMember.tpp":{"tokenCount":10}},"ILAY_FATMA_YAVUZ":{"ILAY_FATMA_YAVUZ/StackQuestionsMember.tpp":{"tokenCount":41},"ILAY_FATMA_YAVUZ/StackQuestionsNonMember.cpp":{"tokenCount":4},"ILAY_FATMA_YAVUZ/StackQuestionsNonMember.tpp":{"tokenCount":8},"ILAY_FATMA_YAVUZ/Stack.tpp":{"tokenCount":279}},"EYLUL_COSKUN":{"EYLUL_COSKUN/StackQuestionsMember.tpp":{"tokenCount":36}},"DENIZ_KAYRA_AYDIN":{"DENIZ_KAYRA_AYDIN/StackQuestionsNonMember.tpp":{"tokenCount":27},"DENIZ_KAYRA_AYDIN/StackQuestionsMember.tpp":{"tokenCount":44}},"ALP_EMRE_BAYBUGA":{"ALP_EMRE_BAYBUGA/StackQuestionsMember.tpp":{"tokenCount":43},"ALP_EMRE_BAYBUGA/StackQuestionsNonMember.tpp":{"tokenCount":2}},"YUSUF_ERDEM_ALTINSOY":{"YUSUF_ERDEM_ALTINSOY/StackQuestionsMember.tpp":{"tokenCount":7},"YUSUF_ERDEM_ALTINSOY/Stack.tpp":{"tokenCount":235},"YUSUF_ERDEM_ALTINSOY/StackQuestionsNonMember.cpp":{"tokenCount":4}},"AYSE_ALKAN":{"AYSE_ALKAN/StackQuestionsMember.tpp":{"tokenCount":50},"AYSE_ALKAN/StackQuestionsNonMember.cpp":{"tokenCount":37}},"CEYDA_SENAY":{"CEYDA_SENAY/StackQuestionsNonMember.cpp":{"tokenCount":4},"CEYDA_SENAY/StackQuestionsNonMember.tpp":{"tokenCount":17},"CEYDA_SENAY/StackQuestionsMember.tpp":{"tokenCount":38}},"OMER_FARUK_GUCER":{"OMER_FARUK_GUCER/StackQuestionsMember.tpp":{"tokenCount":16},"OMER_FARUK_GUCER/StackQuestionsNonMember.cpp":{"tokenCount":10},"OMER_FARUK_GUCER/StackQuestionsNonMember.tpp":{"tokenCount":21}},"MERTCAN_ARSLAN":{"MERTCAN_ARSLAN/StackQuestionsMember.tpp":{"tokenCount":30}},"EMRE_ERGUL":{"EMRE_ERGUL/StackQuestionsMember.tpp":{"tokenCount":53},"EMRE_ERGUL/StackQuestionsNonMember.cpp":{"tokenCount":4},"EMRE_ERGUL/StackQuestionsNonMember.tpp":{"tokenCount":22}},"DEMIR_OZHAN":{"DEMIR_OZHAN/StackQuestionsNonMember.tpp":{"tokenCount":24},"DEMIR_OZHAN/StackQuestionsNonMember.cpp":{"tokenCount":4},"DEMIR_OZHAN/StackQuestionsMember.tpp":{"tokenCount":33}},"YUSUF_ISA_ZERENUZ":{"YUSUF_ISA_ZERENUZ/StackQuestionsNonMember.tpp":{"tokenCount":22},"YUSUF_ISA_ZERENUZ/StackQuestionsMember.tpp":{"tokenCount":56}},"ERDAL_DENIZ_OZBEY":{"ERDAL_DENIZ_OZBEY/question 4.cpp":{"tokenCount":37},"ERDAL_DENIZ_OZBEY/question 1 and 2.tpp":{"tokenCount":34},"ERDAL_DENIZ_OZBEY/question 3.tpp":{"tokenCount":16}},"AHMET_ZEKI_IHTIYAROGLU":{"AHMET_ZEKI_IHTIYAROGLU/StackQuestionsMember.tpp":{"tokenCount":61},"AHMET_ZEKI_IHTIYAROGLU/StackQuestionsNonMember.tpp":{"tokenCount":28}},"ALP_DIKMEN":{"ALP_DIKMEN/StackQuestionsNonMember.tpp":{"tokenCount":21},"ALP_DIKMEN/StackQuestionsNonMember.cpp":{"tokenCount":47},"ALP_DIKMEN/StackQuestionsMember.tpp":{"tokenCount":41}},"CLAUDE":{"CLAUDE/StackQuestionsNonMember.cpp":{"tokenCount":42},"CLAUDE/StackQuestionsNonMember.tpp":{"tokenCount":35},"CLAUDE/StackQuestionsMember.tpp":{"tokenCount":65}},"SERHAT_YUNUSEMRE_KALPAKLI":{"SERHAT_YUNUSEMRE_KALPAKLI/StackQuestionsNonMember.cpp":{"tokenCount":37},"SERHAT_YUNUSEMRE_KALPAKLI/StackQuestionsNonMember.tpp":{"tokenCount":22},"SERHAT_YUNUSEMRE_KALPAKLI/StackQuestionsMember.tpp":{"tokenCount":50}}}}