[{"firstSubmission":"YUSUF_ERDEM_ALTINSOY","secondSubmission":"ILAY_FATMA_YAVUZ","similarities":{"AVG":0.8283185840707965,"MAX":0.9873417721518988,"MAXIMUM_LENGTH":332.0,"LONGEST_MATCH":228.0}},{"firstSubmission":"DENIZ_KAYRA_AYDIN","secondSubmission":"AHMET_ZEKI_IHTIYAROGLU","similarities":{"AVG":0.782051282051282,"MAX":0.7931034482758621,"MAXIMUM_LENGTH":89.0,"LONGEST_MATCH":19.0}},{"firstSubmission":"CEYDA_SENAY","secondSubmission":"TEMMUZ_AKYOL","similarities":{"AVG":0.7480314960629921,"MAX":0.75,"MAXIMUM_LENGTH":73.0,"LONGEST_MATCH":22.0}},{"firstSubmission":"TEMMUZ_AKYOL","secondSubmission":"EMRE_ERGUL","similarities":{"AVG":0.6530612244897959,"MAX":0.676056338028169,"MAXIMUM_LENGTH":79.0,"LONGEST_MATCH":21.0}},{"firstSubmission":"CEYDA_SENAY","secondSubmission":"EMRE_ERGUL","similarities":{"AVG":0.6212121212121212,"MAX":0.625,"MAXIMUM_LENGTH":79.0,"LONGEST_MATCH":21.0}},{"firstSubmission":"BORA_ERDEM_ALAN","secondSubmission":"EMRE_ERGUL","similarities":{"AVG":0.6013986013986014,"MAX":0.6417910447761194,"MAXIMUM_LENGTH":79.0,"LONGEST_MATCH":21.0}},{"firstSubmission":"DENIZ_KAYRA_AYDIN","secondSubmission":"ALP_DIKMEN","similarities":{"AVG":0.5942857142857143,"MAX":0.7536231884057971,"MAXIMUM_LENGTH":109.0,"LONGEST_MATCH":32.0}},{"firstSubmission":"BORA_ERDEM_ALAN","secondSubmission":"TEMMUZ_AKYOL","similarities":{"AVG":0.5797101449275363,"MAX":0.5970149253731343,"MAXIMUM_LENGTH":73.0,"LONGEST_MATCH":21.0}},{"firstSubmission":"DENIZ_KAYRA_AYDIN","secondSubmission":"EMRE_ERGUL","similarities":{"AVG":0.5655172413793104,"MAX":0.5942028985507246,"MAXIMUM_LENGTH":79.0,"LONGEST_MATCH":9.0}},{"firstSubmission":"DENIZ_KAYRA_AYDIN","secondSubmission":"EDHEM_TATAR","similarities":{"AVG":0.558252427184466,"MAX":0.7101449275362319,"MAXIMUM_LENGTH":140.0,"LONGEST_MATCH":43.0}},{"firstSubmission":"AHMET_ZEKI_IHTIYAROGLU","secondSubmission":"ALP_DIKMEN","similarities":{"AVG":0.5544041450777202,"MAX":0.6091954022988506,"MAXIMUM_LENGTH":109.0,"LONGEST_MATCH":17.0}},{"firstSubmission":"AYSE_ALKAN","secondSubmission":"GPT","similarities":{"AVG":0.5494505494505495,"MAX":0.5882352941176471,"MAXIMUM_LENGTH":100.0,"LONGEST_MATCH":17.0}},{"firstSubmission":"DENIZ_KAYRA_AYDIN","secondSubmission":"SERHAT_YUNUSEMRE_KALPAKLI","similarities":{"AVG":0.5314285714285715,"MAX":0.6376811594202898,"MAXIMUM_LENGTH":109.0,"LONGEST_MATCH":13.0}},{"firstSubmission":"DENIZ_KAYRA_AYDIN","secondSubmission":"TEMMUZ_AKYOL","similarities":{"AVG":0.5285714285714286,"MAX":0.5362318840579711,"MAXIMUM_LENGTH":73.0,"LONGEST_MATCH":13.0}},{"firstSubmission":"DEMIR_OZHAN","secondSubmission":"EMRE_ERGUL","similarities":{"AVG":0.5223880597014925,"MAX":0.603448275862069,"MAXIMUM_LENGTH":79.0,"LONGEST_MATCH":15.0}},{"firstSubmission":"ERDAL_DENIZ_OZBEY","secondSubmission":"CLAUDE","similarities":{"AVG":0.4977578475336323,"MAX":0.6190476190476191,"MAXIMUM_LENGTH":142.0,"LONGEST_MATCH":12.0}},{"firstSubmission":"TEMMUZ_AKYOL","secondSubmission":"ALP_DIKMEN","similarities":{"AVG":0.4745762711864407,"MAX":0.5915492957746479,"MAXIMUM_LENGTH":109.0,"LONGEST_MATCH":13.0}},{"firstSubmission":"EMRE_ERGUL","secondSubmission":"ALP_DIKMEN","similarities":{"AVG":0.43956043956043955,"MAX":0.5263157894736842,"MAXIMUM_LENGTH":109.0,"LONGEST_MATCH":11.0}},{"firstSubmission":"DEMIR_OZHAN","secondSubmission":"TEMMUZ_AKYOL","similarities":{"AVG":0.43410852713178294,"MAX":0.4827586206896552,"MAXIMUM_LENGTH":73.0,"LONGEST_MATCH":14.0}},{"firstSubmission":"BORA_ERDEM_ALAN","secondSubmission":"YUSUF_ISA_ZERENUZ","similarities":{"AVG":0.4195804195804196,"MAX":0.44776119402985076,"MAXIMUM_LENGTH":78.0,"LONGEST_MATCH":21.0}},{"firstSubmission":"BORA_ERDEM_ALAN","secondSubmission":"DENIZ_KAYRA_AYDIN","similarities":{"AVG":0.39705882352941174,"MAX":0.40298507462686567,"MAXIMUM_LENGTH":71.0,"LONGEST_MATCH":21.0}},{"firstSubmission":"AYSE_ALKAN","secondSubmission":"CLAUDE","similarities":{"AVG":0.39285714285714285,"MAX":0.5176470588235295,"MAXIMUM_LENGTH":142.0,"LONGEST_MATCH":11.0}},{"firstSubmission":"CEYDA_SENAY","secondSubmission":"ISMAIL_EFE_YALCINKAYA","similarities":{"AVG":0.3893805309734513,"MAX":0.39285714285714285,"MAXIMUM_LENGTH":59.0,"LONGEST_MATCH":11.0}},{"firstSubmission":"TEMMUZ_AKYOL","secondSubmission":"CLAUDE","similarities":{"AVG":0.38095238095238093,"MAX":0.5633802816901409,"MAXIMUM_LENGTH":142.0,"LONGEST_MATCH":10.0}},{"firstSubmission":"TEMMUZ_AKYOL","secondSubmission":"YUSUF_ISA_ZERENUZ","similarities":{"AVG":0.38095238095238093,"MAX":0.39436619718309857,"MAXIMUM_LENGTH":78.0,"LONGEST_MATCH":13.0}},{"firstSubmission":"DEMIR_OZHAN","secondSubmission":"ALP_DIKMEN","similarities":{"AVG":0.3780487804878049,"MAX":0.5344827586206896,"MAXIMUM_LENGTH":109.0,"LONGEST_MATCH":11.0}},{"firstSubmission":"DENIZ_KAYRA_AYDIN","secondSubmission":"YUSUF_ISA_ZERENUZ","similarities":{"AVG":0.3724137931034483,"MAX":0.391304347826087,"MAXIMUM_LENGTH":78.0,"LONGEST_MATCH":21.0}},{"firstSubmission":"BORA_ERDEM_ALAN","secondSubmission":"ALP_DIKMEN","similarities":{"AVG":0.3699421965317919,"MAX":0.47761194029850745,"MAXIMUM_LENGTH":109.0,"LONGEST_MATCH":21.0}},{"firstSubmission":"OMER_FARUK_GUCER","secondSubmission":"GPT","similarities":{"AVG":0.36879432624113473,"MAX":0.5909090909090909,"MAXIMUM_LENGTH":100.0,"LONGEST_MATCH":16.0}},{"firstSubmission":"GPT","secondSubmission":"CLAUDE","similarities":{"AVG":0.3644067796610169,"MAX":0.44329896907216493,"MAXIMUM_LENGTH":142.0,"LONGEST_MATCH":14.0}},{"firstSubmission":"TEMMUZ_AKYOL","secondSubmission":"AYSE_ALKAN","similarities":{"AVG":0.34615384615384615,"MAX":0.38028169014084506,"MAXIMUM_LENGTH":87.0,"LONGEST_MATCH":12.0}},{"firstSubmission":"ALGUHAN_KURULAR","secondSubmission":"EDHEM_TATAR","similarities":{"AVG":0.33879781420765026,"MAX":0.6739130434782609,"MAXIMUM_LENGTH":140.0,"LONGEST_MATCH":9.0}},{"firstSubmission":"DEMIR_OZHAN","secondSubmission":"BORA_ERDEM_ALAN","similarities":{"AVG":0.336,"MAX":0.3620689655172414,"MAXIMUM_LENGTH":69.0,"LONGEST_MATCH":14.0}},{"firstSubmission":"AHMET_ZEKI_IHTIYAROGLU","secondSubmission":"SERHAT_YUNUSEMRE_KALPAKLI","similarities":{"AVG":0.3316062176165803,"MAX":0.367816091954023,"MAXIMUM_LENGTH":109.0,"LONGEST_MATCH":12.0}},{"firstSubmission":"YUSUF_ISA_ZERENUZ","secondSubmission":"ALP_DIKMEN","similarities":{"AVG":0.32967032967032966,"MAX":0.39473684210526316,"MAXIMUM_LENGTH":109.0,"LONGEST_MATCH":21.0}},{"firstSubmission":"TEMMUZ_AKYOL","secondSubmission":"SERHAT_YUNUSEMRE_KALPAKLI","similarities":{"AVG":0.327683615819209,"MAX":0.4084507042253521,"MAXIMUM_LENGTH":109.0,"LONGEST_MATCH":21.0}},{"firstSubmission":"CEYDA_SENAY","secondSubmission":"DEMIR_OZHAN","similarities":{"AVG":0.3157894736842105,"MAX":0.32142857142857145,"MAXIMUM_LENGTH":61.0,"LONGEST_MATCH":10.0}},{"firstSubmission":"BORA_ERDEM_ALAN","secondSubmission":"SERHAT_YUNUSEMRE_KALPAKLI","similarities":{"AVG":0.31213872832369943,"MAX":0.40298507462686567,"MAXIMUM_LENGTH":109.0,"LONGEST_MATCH":21.0}},{"firstSubmission":"DENIZ_KAYRA_AYDIN","secondSubmission":"CLAUDE","similarities":{"AVG":0.3076923076923077,"MAX":0.463768115942029,"MAXIMUM_LENGTH":142.0,"LONGEST_MATCH":13.0}},{"firstSubmission":"YUSUF_ISA_ZERENUZ","secondSubmission":"EMRE_ERGUL","similarities":{"AVG":0.3026315789473684,"MAX":0.3026315789473684,"MAXIMUM_LENGTH":79.0,"LONGEST_MATCH":9.0}},{"firstSubmission":"ALP_EMRE_BAYBUGA","secondSubmission":"EMRE_ERGUL","similarities":{"AVG":0.3025210084033613,"MAX":0.4186046511627907,"MAXIMUM_LENGTH":79.0,"LONGEST_MATCH":12.0}},{"firstSubmission":"BORA_ERDEM_ALAN","secondSubmission":"CLAUDE","similarities":{"AVG":0.30097087378640774,"MAX":0.4626865671641791,"MAXIMUM_LENGTH":142.0,"LONGEST_MATCH":11.0}},{"firstSubmission":"EMRE_ERGUL","secondSubmission":"SERHAT_YUNUSEMRE_KALPAKLI","similarities":{"AVG":0.2967032967032967,"MAX":0.35526315789473684,"MAXIMUM_LENGTH":109.0,"LONGEST_MATCH":21.0}},{"firstSubmission":"HIRANUR_DENIZ","secondSubmission":"CEYDA_SENAY","similarities":{"AVG":0.29213483146067415,"MAX":0.3939393939393939,"MAXIMUM_LENGTH":59.0,"LONGEST_MATCH":7.0}},{"firstSubmission":"ALGUHAN_KURULAR","secondSubmission":"OMER_FARUK_GUCER","similarities":{"AVG":0.28888888888888886,"MAX":0.29545454545454547,"MAXIMUM_LENGTH":47.0,"LONGEST_MATCH":7.0}},{"firstSubmission":"BORA_ERDEM_ALAN","secondSubmission":"ERDAL_DENIZ_OZBEY","similarities":{"AVG":0.2781456953642384,"MAX":0.31343283582089554,"MAXIMUM_LENGTH":87.0,"LONGEST_MATCH":8.0}},{"firstSubmission":"ALGUHAN_KURULAR","secondSubmission":"CEYDA_SENAY","similarities":{"AVG":0.27450980392156865,"MAX":0.30434782608695654,"MAXIMUM_LENGTH":59.0,"LONGEST_MATCH":8.0}},{"firstSubmission":"ALGUHAN_KURULAR","secondSubmission":"TEMMUZ_AKYOL","similarities":{"AVG":0.27350427350427353,"MAX":0.34782608695652173,"MAXIMUM_LENGTH":73.0,"LONGEST_MATCH":9.0}},{"firstSubmission":"TEMMUZ_AKYOL","secondSubmission":"AHMET_ZEKI_IHTIYAROGLU","similarities":{"AVG":0.26582278481012656,"MAX":0.29577464788732394,"MAXIMUM_LENGTH":89.0,"LONGEST_MATCH":9.0}},{"firstSubmission":"ALGUHAN_KURULAR","secondSubmission":"AYSE_ALKAN","similarities":{"AVG":0.2595419847328244,"MAX":0.3695652173913043,"MAXIMUM_LENGTH":87.0,"LONGEST_MATCH":11.0}},{"firstSubmission":"DEMIR_OZHAN","secondSubmission":"SERHAT_YUNUSEMRE_KALPAKLI","similarities":{"AVG":0.25609756097560976,"MAX":0.3620689655172414,"MAXIMUM_LENGTH":109.0,"LONGEST_MATCH":14.0}},{"firstSubmission":"DEMIR_OZHAN","secondSubmission":"DENIZ_KAYRA_AYDIN","similarities":{"AVG":0.25196850393700787,"MAX":0.27586206896551724,"MAXIMUM_LENGTH":71.0,"LONGEST_MATCH":9.0}},{"firstSubmission":"ALGUHAN_KURULAR","secondSubmission":"GPT","similarities":{"AVG":0.2517482517482518,"MAX":0.391304347826087,"MAXIMUM_LENGTH":100.0,"LONGEST_MATCH":12.0}},{"firstSubmission":"ALP_DIKMEN","secondSubmission":"SERHAT_YUNUSEMRE_KALPAKLI","similarities":{"AVG":0.24528301886792453,"MAX":0.24528301886792453,"MAXIMUM_LENGTH":109.0,"LONGEST_MATCH":11.0}},{"firstSubmission":"ALP_DIKMEN","secondSubmission":"CLAUDE","similarities":{"AVG":0.24489795918367346,"MAX":0.2830188679245283,"MAXIMUM_LENGTH":142.0,"LONGEST_MATCH":10.0}},{"firstSubmission":"CEYDA_SENAY","secondSubmission":"ERDAL_DENIZ_OZBEY","similarities":{"AVG":0.24285714285714285,"MAX":0.30357142857142855,"MAXIMUM_LENGTH":87.0,"LONGEST_MATCH":11.0}},{"firstSubmission":"CEYDA_SENAY","secondSubmission":"DENIZ_KAYRA_AYDIN","similarities":{"AVG":0.24,"MAX":0.26785714285714285,"MAXIMUM_LENGTH":71.0,"LONGEST_MATCH":8.0}},{"firstSubmission":"DEMIR_OZHAN","secondSubmission":"YUSUF_ISA_ZERENUZ","similarities":{"AVG":0.23880597014925373,"MAX":0.27586206896551724,"MAXIMUM_LENGTH":78.0,"LONGEST_MATCH":9.0}},{"firstSubmission":"BORA_ERDEM_ALAN","secondSubmission":"AHMET_ZEKI_IHTIYAROGLU","similarities":{"AVG":0.23376623376623376,"MAX":0.26865671641791045,"MAXIMUM_LENGTH":89.0,"LONGEST_MATCH":6.0}},{"firstSubmission":"ISMAIL_EFE_YALCINKAYA","secondSubmission":"DENIZ_KAYRA_AYDIN","similarities":{"AVG":0.2222222222222222,"MAX":0.24561403508771928,"MAXIMUM_LENGTH":71.0,"LONGEST_MATCH":8.0}},{"firstSubmission":"YUSUF_ISA_ZERENUZ","secondSubmission":"AHMET_ZEKI_IHTIYAROGLU","similarities":{"AVG":0.22085889570552147,"MAX":0.23684210526315788,"MAXIMUM_LENGTH":89.0,"LONGEST_MATCH":6.0}},{"firstSubmission":"ALP_EMRE_BAYBUGA","secondSubmission":"BORA_ERDEM_ALAN","similarities":{"AVG":0.21818181818181817,"MAX":0.27906976744186046,"MAXIMUM_LENGTH":69.0,"LONGEST_MATCH":6.0}},{"firstSubmission":"TEMMUZ_AKYOL","secondSubmission":"GPT","similarities":{"AVG":0.21428571428571427,"MAX":0.2535211267605634,"MAXIMUM_LENGTH":100.0,"LONGEST_MATCH":9.0}},{"firstSubmission":"CEYDA_SENAY","secondSubmission":"YUSUF_ISA_ZERENUZ","similarities":{"AVG":0.21212121212121213,"MAX":0.25,"MAXIMUM_LENGTH":78.0,"LONGEST_MATCH":8.0}},{"firstSubmission":"EMRE_ERGUL","secondSubmission":"CLAUDE","similarities":{"AVG":0.20465116279069767,"MAX":0.2894736842105263,"MAXIMUM_LENGTH":142.0,"LONGEST_MATCH":8.0}},{"firstSubmission":"ALP_EMRE_BAYBUGA","secondSubmission":"CLAUDE","similarities":{"AVG":0.1978021978021978,"MAX":0.4186046511627907,"MAXIMUM_LENGTH":142.0,"LONGEST_MATCH":6.0}},{"firstSubmission":"TEMMUZ_AKYOL","secondSubmission":"IRMAK_ZEHRA_EMRI","similarities":{"AVG":0.18972332015810275,"MAX":0.3380281690140845,"MAXIMUM_LENGTH":185.0,"LONGEST_MATCH":6.0}},{"firstSubmission":"OMER_FARUK_GUCER","secondSubmission":"SERHAT_YUNUSEMRE_KALPAKLI","similarities":{"AVG":0.18666666666666668,"MAX":0.3181818181818182,"MAXIMUM_LENGTH":109.0,"LONGEST_MATCH":8.0}},{"firstSubmission":"EMRE_ERGUL","secondSubmission":"AYSE_ALKAN","similarities":{"AVG":0.18633540372670807,"MAX":0.19736842105263158,"MAXIMUM_LENGTH":87.0,"LONGEST_MATCH":8.0}},{"firstSubmission":"YUSUF_ISA_ZERENUZ","secondSubmission":"CLAUDE","similarities":{"AVG":0.18604651162790697,"MAX":0.2631578947368421,"MAXIMUM_LENGTH":142.0,"LONGEST_MATCH":7.0}},{"firstSubmission":"CEYDA_SENAY","secondSubmission":"ALP_DIKMEN","similarities":{"AVG":0.18518518518518517,"MAX":0.26785714285714285,"MAXIMUM_LENGTH":109.0,"LONGEST_MATCH":8.0}},{"firstSubmission":"OMER_FARUK_GUCER","secondSubmission":"AHMET_ZEKI_IHTIYAROGLU","similarities":{"AVG":0.183206106870229,"MAX":0.2727272727272727,"MAXIMUM_LENGTH":89.0,"LONGEST_MATCH":6.0}},{"firstSubmission":"CEYDA_SENAY","secondSubmission":"AHMET_ZEKI_IHTIYAROGLU","similarities":{"AVG":0.18181818181818182,"MAX":0.23214285714285715,"MAXIMUM_LENGTH":89.0,"LONGEST_MATCH":7.0}},{"firstSubmission":"ISMAIL_EFE_YALCINKAYA","secondSubmission":"AHMET_ZEKI_IHTIYAROGLU","similarities":{"AVG":0.18055555555555555,"MAX":0.22807017543859648,"MAXIMUM_LENGTH":89.0,"LONGEST_MATCH":7.0}},{"firstSubmission":"SERHAT_YUNUSEMRE_KALPAKLI","secondSubmission":"IRMAK_ZEHRA_EMRI","similarities":{"AVG":0.18055555555555555,"MAX":0.24528301886792453,"MAXIMUM_LENGTH":185.0,"LONGEST_MATCH":7.0}},{"firstSubmission":"AHMET_ZEKI_IHTIYAROGLU","secondSubmission":"EDHEM_TATAR","similarities":{"AVG":0.17857142857142858,"MAX":0.22988505747126436,"MAXIMUM_LENGTH":140.0,"LONGEST_MATCH":7.0}},{"firstSubmission":"BORA_ERDEM_ALAN","secondSubmission":"EDHEM_TATAR","similarities":{"AVG":0.17647058823529413,"MAX":0.26865671641791045,"MAXIMUM_LENGTH":140.0,"LONGEST_MATCH":6.0}},{"firstSubmission":"ISMAIL_EFE_YALCINKAYA","secondSubmission":"ALP_DIKMEN","similarities":{"AVG":0.17177914110429449,"MAX":0.24561403508771928,"MAXIMUM_LENGTH":109.0,"LONGEST_MATCH":8.0}},{"firstSubmission":"BORA_ERDEM_ALAN","secondSubmission":"AYSE_ALKAN","similarities":{"AVG":0.17105263157894737,"MAX":0.19402985074626866,"MAXIMUM_LENGTH":87.0,"LONGEST_MATCH":7.0}},{"firstSubmission":"ISMAIL_EFE_YALCINKAYA","secondSubmission":"GPT","similarities":{"AVG":0.16883116883116883,"MAX":0.22807017543859648,"MAXIMUM_LENGTH":100.0,"LONGEST_MATCH":7.0}},{"firstSubmission":"DENIZ_KAYRA_AYDIN","secondSubmission":"AYSE_ALKAN","similarities":{"AVG":0.16883116883116883,"MAX":0.18840579710144928,"MAXIMUM_LENGTH":87.0,"LONGEST_MATCH":7.0}},{"firstSubmission":"AYSE_ALKAN","secondSubmission":"ALP_DIKMEN","similarities":{"AVG":0.16753926701570682,"MAX":0.18823529411764706,"MAXIMUM_LENGTH":109.0,"LONGEST_MATCH":9.0}},{"firstSubmission":"MERTCAN_ARSLAN","secondSubmission":"CLAUDE","similarities":{"AVG":0.16666666666666666,"MAX":0.4827586206896552,"MAXIMUM_LENGTH":142.0,"LONGEST_MATCH":8.0}},{"firstSubmission":"MERTCAN_ARSLAN","secondSubmission":"CEYDA_SENAY","similarities":{"AVG":0.16470588235294117,"MAX":0.2413793103448276,"MAXIMUM_LENGTH":59.0,"LONGEST_MATCH":7.0}},{"firstSubmission":"SERHAT_YUNUSEMRE_KALPAKLI","secondSubmission":"CLAUDE","similarities":{"AVG":0.16326530612244897,"MAX":0.18867924528301888,"MAXIMUM_LENGTH":142.0,"LONGEST_MATCH":7.0}},{"firstSubmission":"YUSUF_ISA_ZERENUZ","secondSubmission":"AYSE_ALKAN","similarities":{"AVG":0.16149068322981366,"MAX":0.17105263157894737,"MAXIMUM_LENGTH":87.0,"LONGEST_MATCH":7.0}},{"firstSubmission":"MERTCAN_ARSLAN","secondSubmission":"ALGUHAN_KURULAR","similarities":{"AVG":0.16,"MAX":0.20689655172413793,"MAXIMUM_LENGTH":47.0,"LONGEST_MATCH":6.0}},{"firstSubmission":"MERTCAN_ARSLAN","secondSubmission":"TEMMUZ_AKYOL","similarities":{"AVG":0.16,"MAX":0.27586206896551724,"MAXIMUM_LENGTH":73.0,"LONGEST_MATCH":8.0}},{"firstSubmission":"DENIZ_KAYRA_AYDIN","secondSubmission":"IRMAK_ZEHRA_EMRI","similarities":{"AVG":0.1593625498007968,"MAX":0.2898550724637681,"MAXIMUM_LENGTH":185.0,"LONGEST_MATCH":7.0}},{"firstSubmission":"ALP_EMRE_BAYBUGA","secondSubmission":"DEMIR_OZHAN","similarities":{"AVG":0.15841584158415842,"MAX":0.18604651162790697,"MAXIMUM_LENGTH":61.0,"LONGEST_MATCH":8.0}},{"firstSubmission":"OMER_FARUK_GUCER","secondSubmission":"DEMIR_OZHAN","similarities":{"AVG":0.1568627450980392,"MAX":0.18181818181818182,"MAXIMUM_LENGTH":61.0,"LONGEST_MATCH":8.0}},{"firstSubmission":"AHMET_ZEKI_IHTIYAROGLU","secondSubmission":"IRMAK_ZEHRA_EMRI","similarities":{"AVG":0.15613382899628253,"MAX":0.2413793103448276,"MAXIMUM_LENGTH":185.0,"LONGEST_MATCH":9.0}},{"firstSubmission":"ISMAIL_EFE_YALCINKAYA","secondSubmission":"ERDAL_DENIZ_OZBEY","similarities":{"AVG":0.15602836879432624,"MAX":0.19298245614035087,"MAXIMUM_LENGTH":87.0,"LONGEST_MATCH":11.0}},{"firstSubmission":"HIRANUR_DENIZ","secondSubmission":"OMER_FARUK_GUCER","similarities":{"AVG":0.15584415584415584,"MAX":0.18181818181818182,"MAXIMUM_LENGTH":47.0,"LONGEST_MATCH":6.0}},{"firstSubmission":"HIRANUR_DENIZ","secondSubmission":"ISMAIL_EFE_YALCINKAYA","similarities":{"AVG":0.15555555555555556,"MAX":0.21212121212121213,"MAXIMUM_LENGTH":59.0,"LONGEST_MATCH":7.0}},{"firstSubmission":"CEYDA_SENAY","secondSubmission":"EDHEM_TATAR","similarities":{"AVG":0.15544041450777202,"MAX":0.26785714285714285,"MAXIMUM_LENGTH":140.0,"LONGEST_MATCH":9.0}},{"firstSubmission":"ERDAL_DENIZ_OZBEY","secondSubmission":"GPT","similarities":{"AVG":0.15469613259668508,"MAX":0.16666666666666666,"MAXIMUM_LENGTH":100.0,"LONGEST_MATCH":8.0}},{"firstSubmission":"EYLUL_COSKUN","secondSubmission":"ALGUHAN_KURULAR","similarities":{"AVG":0.14814814814814814,"MAX":0.17142857142857143,"MAXIMUM_LENGTH":47.0,"LONGEST_MATCH":6.0}},{"firstSubmission":"ALP_DIKMEN","secondSubmission":"EDHEM_TATAR","similarities":{"AVG":0.14814814814814814,"MAX":0.16981132075471697,"MAXIMUM_LENGTH":140.0,"LONGEST_MATCH":6.0}},{"firstSubmission":"BORA_ERDEM_ALAN","secondSubmission":"IRMAK_ZEHRA_EMRI","similarities":{"AVG":0.14457831325301204,"MAX":0.26865671641791045,"MAXIMUM_LENGTH":185.0,"LONGEST_MATCH":6.0}},{"firstSubmission":"ALP_EMRE_BAYBUGA","secondSubmission":"EDHEM_TATAR","similarities":{"AVG":0.14444444444444443,"MAX":0.3023255813953488,"MAXIMUM_LENGTH":140.0,"LONGEST_MATCH":7.0}},{"firstSubmission":"OMER_FARUK_GUCER","secondSubmission":"BORA_ERDEM_ALAN","similarities":{"AVG":0.14414414414414414,"MAX":0.18181818181818182,"MAXIMUM_LENGTH":69.0,"LONGEST_MATCH":8.0}},{"firstSubmission":"ALP_EMRE_BAYBUGA","secondSubmission":"DENIZ_KAYRA_AYDIN","similarities":{"AVG":0.14285714285714285,"MAX":0.18604651162790697,"MAXIMUM_LENGTH":71.0,"LONGEST_MATCH":8.0}},{"firstSubmission":"DEMIR_OZHAN","secondSubmission":"CLAUDE","similarities":{"AVG":0.14213197969543148,"MAX":0.2413793103448276,"MAXIMUM_LENGTH":142.0,"LONGEST_MATCH":7.0}},{"firstSubmission":"OMER_FARUK_GUCER","secondSubmission":"CLAUDE","similarities":{"AVG":0.14207650273224043,"MAX":0.29545454545454547,"MAXIMUM_LENGTH":142.0,"LONGEST_MATCH":7.0}},{"firstSubmission":"ALP_EMRE_BAYBUGA","secondSubmission":"CEYDA_SENAY","similarities":{"AVG":0.1414141414141414,"MAX":0.16279069767441862,"MAXIMUM_LENGTH":59.0,"LONGEST_MATCH":7.0}},{"firstSubmission":"OMER_FARUK_GUCER","secondSubmission":"TEMMUZ_AKYOL","similarities":{"AVG":0.1391304347826087,"MAX":0.18181818181818182,"MAXIMUM_LENGTH":73.0,"LONGEST_MATCH":8.0}},{"firstSubmission":"GPT","secondSubmission":"ILAY_FATMA_YAVUZ","similarities":{"AVG":0.13647058823529412,"MAX":0.29896907216494845,"MAXIMUM_LENGTH":332.0,"LONGEST_MATCH":11.0}},{"firstSubmission":"OMER_FARUK_GUCER","secondSubmission":"EMRE_ERGUL","similarities":{"AVG":0.13333333333333333,"MAX":0.18181818181818182,"MAXIMUM_LENGTH":79.0,"LONGEST_MATCH":8.0}},{"firstSubmission":"MERTCAN_ARSLAN","secondSubmission":"YUSUF_ISA_ZERENUZ","similarities":{"AVG":0.13333333333333333,"MAX":0.2413793103448276,"MAXIMUM_LENGTH":78.0,"LONGEST_MATCH":7.0}},{"firstSubmission":"OMER_FARUK_GUCER","secondSubmission":"YUSUF_ISA_ZERENUZ","similarities":{"AVG":0.13333333333333333,"MAX":0.18181818181818182,"MAXIMUM_LENGTH":78.0,"LONGEST_MATCH":8.0}},{"firstSubmission":"AHMET_ZEKI_IHTIYAROGLU","secondSubmission":"GPT","similarities":{"AVG":0.13043478260869565,"MAX":0.13793103448275862,"MAXIMUM_LENGTH":100.0,"LONGEST_MATCH":6.0}},{"firstSubmission":"CEYDA_SENAY","secondSubmission":"BORA_ERDEM_ALAN","similarities":{"AVG":0.13008130081300814,"MAX":0.14285714285714285,"MAXIMUM_LENGTH":69.0,"LONGEST_MATCH":8.0}},{"firstSubmission":"ALGUHAN_KURULAR","secondSubmission":"CLAUDE","similarities":{"AVG":0.12972972972972974,"MAX":0.2608695652173913,"MAXIMUM_LENGTH":142.0,"LONGEST_MATCH":12.0}},{"firstSubmission":"ISMAIL_EFE_YALCINKAYA","secondSubmission":"BORA_ERDEM_ALAN","similarities":{"AVG":0.12903225806451613,"MAX":0.14035087719298245,"MAXIMUM_LENGTH":69.0,"LONGEST_MATCH":8.0}},{"firstSubmission":"TEMMUZ_AKYOL","secondSubmission":"ILAY_FATMA_YAVUZ","similarities":{"AVG":0.12531328320802004,"MAX":0.352112676056338,"MAXIMUM_LENGTH":332.0,"LONGEST_MATCH":17.0}},{"firstSubmission":"ISMAIL_EFE_YALCINKAYA","secondSubmission":"TEMMUZ_AKYOL","similarities":{"AVG":0.125,"MAX":0.14035087719298245,"MAXIMUM_LENGTH":73.0,"LONGEST_MATCH":8.0}},{"firstSubmission":"CLAUDE","secondSubmission":"IRMAK_ZEHRA_EMRI","similarities":{"AVG":0.12461059190031153,"MAX":0.14388489208633093,"MAXIMUM_LENGTH":185.0,"LONGEST_MATCH":8.0}},{"firstSubmission":"ALP_EMRE_BAYBUGA","secondSubmission":"IRMAK_ZEHRA_EMRI","similarities":{"AVG":0.12444444444444444,"MAX":0.32558139534883723,"MAXIMUM_LENGTH":185.0,"LONGEST_MATCH":7.0}},{"firstSubmission":"CEYDA_SENAY","secondSubmission":"CLAUDE","similarities":{"AVG":0.12307692307692308,"MAX":0.21428571428571427,"MAXIMUM_LENGTH":142.0,"LONGEST_MATCH":6.0}},{"firstSubmission":"MERTCAN_ARSLAN","secondSubmission":"DENIZ_KAYRA_AYDIN","similarities":{"AVG":0.12244897959183673,"MAX":0.20689655172413793,"MAXIMUM_LENGTH":71.0,"LONGEST_MATCH":6.0}},{"firstSubmission":"ALGUHAN_KURULAR","secondSubmission":"DENIZ_KAYRA_AYDIN","similarities":{"AVG":0.12173913043478261,"MAX":0.15217391304347827,"MAXIMUM_LENGTH":71.0,"LONGEST_MATCH":7.0}},{"firstSubmission":"MERTCAN_ARSLAN","secondSubmission":"AHMET_ZEKI_IHTIYAROGLU","similarities":{"AVG":0.1206896551724138,"MAX":0.2413793103448276,"MAXIMUM_LENGTH":89.0,"LONGEST_MATCH":7.0}},{"firstSubmission":"ISMAIL_EFE_YALCINKAYA","secondSubmission":"YUSUF_ISA_ZERENUZ","similarities":{"AVG":0.12030075187969924,"MAX":0.14035087719298245,"MAXIMUM_LENGTH":78.0,"LONGEST_MATCH":8.0}},{"firstSubmission":"OMER_FARUK_GUCER","secondSubmission":"CEYDA_SENAY","similarities":{"AVG":0.12,"MAX":0.13636363636363635,"MAXIMUM_LENGTH":59.0,"LONGEST_MATCH":6.0}},{"firstSubmission":"OMER_FARUK_GUCER","secondSubmission":"ISMAIL_EFE_YALCINKAYA","similarities":{"AVG":0.1188118811881188,"MAX":0.13636363636363635,"MAXIMUM_LENGTH":59.0,"LONGEST_MATCH":6.0}},{"firstSubmission":"EYLUL_COSKUN","secondSubmission":"BORA_ERDEM_ALAN","similarities":{"AVG":0.11764705882352941,"MAX":0.17142857142857143,"MAXIMUM_LENGTH":69.0,"LONGEST_MATCH":6.0}},{"firstSubmission":"AYSE_ALKAN","secondSubmission":"EDHEM_TATAR","similarities":{"AVG":0.11711711711711711,"MAX":0.15294117647058825,"MAXIMUM_LENGTH":140.0,"LONGEST_MATCH":7.0}},{"firstSubmission":"CLAUDE","secondSubmission":"YUSUF_ERDEM_ALTINSOY","similarities":{"AVG":0.11702127659574468,"MAX":0.15827338129496402,"MAXIMUM_LENGTH":246.0,"LONGEST_MATCH":9.0}},{"firstSubmission":"HIRANUR_DENIZ","secondSubmission":"AHMET_ZEKI_IHTIYAROGLU","similarities":{"AVG":0.11666666666666667,"MAX":0.21212121212121213,"MAXIMUM_LENGTH":89.0,"LONGEST_MATCH":7.0}},{"firstSubmission":"TEMMUZ_AKYOL","secondSubmission":"EDHEM_TATAR","similarities":{"AVG":0.11538461538461539,"MAX":0.16901408450704225,"MAXIMUM_LENGTH":140.0,"LONGEST_MATCH":6.0}},{"firstSubmission":"OMER_FARUK_GUCER","secondSubmission":"IRMAK_ZEHRA_EMRI","similarities":{"AVG":0.11504424778761062,"MAX":0.29545454545454547,"MAXIMUM_LENGTH":185.0,"LONGEST_MATCH":7.0}},{"firstSubmission":"YUSUF_ISA_ZERENUZ","secondSubmission":"EDHEM_TATAR","similarities":{"AVG":0.11267605633802817,"MAX":0.15789473684210525,"MAXIMUM_LENGTH":140.0,"LONGEST_MATCH":6.0}},{"firstSubmission":"CLAUDE","secondSubmission":"ILAY_FATMA_YAVUZ","similarities":{"AVG":0.11134903640256959,"MAX":0.18705035971223022,"MAXIMUM_LENGTH":332.0,"LONGEST_MATCH":11.0}},{"firstSubmission":"GPT","secondSubmission":"EDHEM_TATAR","similarities":{"AVG":0.1111111111111111,"MAX":0.13402061855670103,"MAXIMUM_LENGTH":140.0,"LONGEST_MATCH":7.0}},{"firstSubmission":"ERDAL_DENIZ_OZBEY","secondSubmission":"EDHEM_TATAR","similarities":{"AVG":0.1085972850678733,"MAX":0.14285714285714285,"MAXIMUM_LENGTH":140.0,"LONGEST_MATCH":6.0}},{"firstSubmission":"MERTCAN_ARSLAN","secondSubmission":"EDHEM_TATAR","similarities":{"AVG":0.10843373493975904,"MAX":0.3103448275862069,"MAXIMUM_LENGTH":140.0,"LONGEST_MATCH":9.0}},{"firstSubmission":"OMER_FARUK_GUCER","secondSubmission":"ALP_DIKMEN","similarities":{"AVG":0.10666666666666667,"MAX":0.18181818181818182,"MAXIMUM_LENGTH":109.0,"LONGEST_MATCH":8.0}},{"firstSubmission":"OMER_FARUK_GUCER","secondSubmission":"DENIZ_KAYRA_AYDIN","similarities":{"AVG":0.10619469026548672,"MAX":0.13636363636363635,"MAXIMUM_LENGTH":71.0,"LONGEST_MATCH":6.0}},{"firstSubmission":"ALP_EMRE_BAYBUGA","secondSubmission":"TEMMUZ_AKYOL","similarities":{"AVG":0.10526315789473684,"MAX":0.13953488372093023,"MAXIMUM_LENGTH":73.0,"LONGEST_MATCH":6.0}},{"firstSubmission":"DENIZ_KAYRA_AYDIN","secondSubmission":"ERDAL_DENIZ_OZBEY","similarities":{"AVG":0.10457516339869281,"MAX":0.11594202898550725,"MAXIMUM_LENGTH":87.0,"LONGEST_MATCH":8.0}},{"firstSubmission":"ISMAIL_EFE_YALCINKAYA","secondSubmission":"DEMIR_OZHAN","similarities":{"AVG":0.10434782608695652,"MAX":0.10526315789473684,"MAXIMUM_LENGTH":61.0,"LONGEST_MATCH":6.0}},{"firstSubmission":"MERTCAN_ARSLAN","secondSubmission":"ALP_DIKMEN","similarities":{"AVG":0.1037037037037037,"MAX":0.2413793103448276,"MAXIMUM_LENGTH":109.0,"LONGEST_MATCH":7.0}},{"firstSubmission":"TEMMUZ_AKYOL","secondSubmission":"ERDAL_DENIZ_OZBEY","similarities":{"AVG":0.1032258064516129,"MAX":0.11267605633802817,"MAXIMUM_LENGTH":87.0,"LONGEST_MATCH":8.0}},{"firstSubmission":"HIRANUR_DENIZ","secondSubmission":"ERDAL_DENIZ_OZBEY","similarities":{"AVG":0.10256410256410256,"MAX":0.18181818181818182,"MAXIMUM_LENGTH":87.0,"LONGEST_MATCH":6.0}},{"firstSubmission":"IRMAK_ZEHRA_EMRI","secondSubmission":"ILAY_FATMA_YAVUZ","similarities":{"AVG":0.10196078431372549,"MAX":0.14285714285714285,"MAXIMUM_LENGTH":332.0,"LONGEST_MATCH":10.0}},{"firstSubmission":"ALP_EMRE_BAYBUGA","secondSubmission":"YUSUF_ISA_ZERENUZ","similarities":{"AVG":0.10084033613445378,"MAX":0.13953488372093023,"MAXIMUM_LENGTH":78.0,"LONGEST_MATCH":6.0}},{"firstSubmission":"YUSUF_ISA_ZERENUZ","secondSubmission":"ERDAL_DENIZ_OZBEY","similarities":{"AVG":0.1,"MAX":0.10526315789473684,"MAXIMUM_LENGTH":87.0,"LONGEST_MATCH":8.0}},{"firstSubmission":"DEMIR_OZHAN","secondSubmission":"IRMAK_ZEHRA_EMRI","similarities":{"AVG":0.1,"MAX":0.20689655172413793,"MAXIMUM_LENGTH":185.0,"LONGEST_MATCH":6.0}},{"firstSubmission":"YUSUF_ISA_ZERENUZ","secondSubmission":"SERHAT_YUNUSEMRE_KALPAKLI","similarities":{"AVG":0.0989010989010989,"MAX":0.11842105263157894,"MAXIMUM_LENGTH":109.0,"LONGEST_MATCH":9.0}},{"firstSubmission":"DEMIR_OZHAN","secondSubmission":"AYSE_ALKAN","similarities":{"AVG":0.0979020979020979,"MAX":0.1206896551724138,"MAXIMUM_LENGTH":87.0,"LONGEST_MATCH":7.0}},{"firstSubmission":"TEMMUZ_AKYOL","secondSubmission":"YUSUF_ERDEM_ALTINSOY","similarities":{"AVG":0.09740259740259741,"MAX":0.2112676056338028,"MAXIMUM_LENGTH":246.0,"LONGEST_MATCH":8.0}},{"firstSubmission":"GPT","secondSubmission":"YUSUF_ERDEM_ALTINSOY","similarities":{"AVG":0.09580838323353294,"MAX":0.16494845360824742,"MAXIMUM_LENGTH":246.0,"LONGEST_MATCH":9.0}},{"firstSubmission":"IRMAK_ZEHRA_EMRI","secondSubmission":"YUSUF_ERDEM_ALTINSOY","similarities":{"AVG":0.0954653937947494,"MAX":0.10989010989010989,"MAXIMUM_LENGTH":246.0,"LONGEST_MATCH":10.0}},{"firstSubmission":"AYSE_ALKAN","secondSubmission":"ERDAL_DENIZ_OZBEY","similarities":{"AVG":0.09467455621301775,"MAX":0.09523809523809523,"MAXIMUM_LENGTH":87.0,"LONGEST_MATCH":8.0}},{"firstSubmission":"AYSE_ALKAN","secondSubmission":"SERHAT_YUNUSEMRE_KALPAKLI","similarities":{"AVG":0.09424083769633508,"MAX":0.10588235294117647,"MAXIMUM_LENGTH":109.0,"LONGEST_MATCH":9.0}},{"firstSubmission":"ALP_EMRE_BAYBUGA","secondSubmission":"AYSE_ALKAN","similarities":{"AVG":0.09375,"MAX":0.13953488372093023,"MAXIMUM_LENGTH":87.0,"LONGEST_MATCH":6.0}},{"firstSubmission":"OMER_FARUK_GUCER","secondSubmission":"AYSE_ALKAN","similarities":{"AVG":0.09302325581395349,"MAX":0.13636363636363635,"MAXIMUM_LENGTH":87.0,"LONGEST_MATCH":6.0}},{"firstSubmission":"ALP_EMRE_BAYBUGA","secondSubmission":"AHMET_ZEKI_IHTIYAROGLU","similarities":{"AVG":0.09230769230769231,"MAX":0.13953488372093023,"MAXIMUM_LENGTH":89.0,"LONGEST_MATCH":6.0}},{"firstSubmission":"HIRANUR_DENIZ","secondSubmission":"GPT","similarities":{"AVG":0.09230769230769231,"MAX":0.18181818181818182,"MAXIMUM_LENGTH":100.0,"LONGEST_MATCH":6.0}},{"firstSubmission":"ALGUHAN_KURULAR","secondSubmission":"ALP_DIKMEN","similarities":{"AVG":0.09210526315789473,"MAX":0.15217391304347827,"MAXIMUM_LENGTH":109.0,"LONGEST_MATCH":7.0}},{"firstSubmission":"AHMET_ZEKI_IHTIYAROGLU","secondSubmission":"ILAY_FATMA_YAVUZ","similarities":{"AVG":0.09156626506024096,"MAX":0.21839080459770116,"MAXIMUM_LENGTH":332.0,"LONGEST_MATCH":7.0}},{"firstSubmission":"ALGUHAN_KURULAR","secondSubmission":"ILAY_FATMA_YAVUZ","similarities":{"AVG":0.09090909090909091,"MAX":0.3695652173913043,"MAXIMUM_LENGTH":332.0,"LONGEST_MATCH":10.0}},{"firstSubmission":"ISMAIL_EFE_YALCINKAYA","secondSubmission":"EMRE_ERGUL","similarities":{"AVG":0.09022556390977443,"MAX":0.10526315789473684,"MAXIMUM_LENGTH":79.0,"LONGEST_MATCH":6.0}},{"firstSubmission":"MERTCAN_ARSLAN","secondSubmission":"SERHAT_YUNUSEMRE_KALPAKLI","similarities":{"AVG":0.08888888888888889,"MAX":0.20689655172413793,"MAXIMUM_LENGTH":109.0,"LONGEST_MATCH":6.0}},{"firstSubmission":"AYSE_ALKAN","secondSubmission":"ILAY_FATMA_YAVUZ","similarities":{"AVG":0.08716707021791767,"MAX":0.21176470588235294,"MAXIMUM_LENGTH":332.0,"LONGEST_MATCH":9.0}},{"firstSubmission":"EDHEM_TATAR","secondSubmission":"CLAUDE","similarities":{"AVG":0.08695652173913043,"MAX":0.08759124087591241,"MAXIMUM_LENGTH":142.0,"LONGEST_MATCH":6.0}},{"firstSubmission":"CEYDA_SENAY","secondSubmission":"SERHAT_YUNUSEMRE_KALPAKLI","similarities":{"AVG":0.08641975308641975,"MAX":0.125,"MAXIMUM_LENGTH":109.0,"LONGEST_MATCH":7.0}},{"firstSubmission":"GPT","secondSubmission":"IRMAK_ZEHRA_EMRI","similarities":{"AVG":0.08602150537634409,"MAX":0.12371134020618557,"MAXIMUM_LENGTH":185.0,"LONGEST_MATCH":6.0}},{"firstSubmission":"ALP_EMRE_BAYBUGA","secondSubmission":"GPT","similarities":{"AVG":0.08571428571428572,"MAX":0.13953488372093023,"MAXIMUM_LENGTH":100.0,"LONGEST_MATCH":6.0}},{"firstSubmission":"ERDAL_DENIZ_OZBEY","secondSubmission":"ALP_DIKMEN","similarities":{"AVG":0.08421052631578947,"MAX":0.09523809523809523,"MAXIMUM_LENGTH":109.0,"LONGEST_MATCH":8.0}},{"firstSubmission":"ALP_DIKMEN","secondSubmission":"IRMAK_ZEHRA_EMRI","similarities":{"AVG":0.08333333333333333,"MAX":0.11320754716981132,"MAXIMUM_LENGTH":185.0,"LONGEST_MATCH":6.0}},{"firstSubmission":"DEMIR_OZHAN","secondSubmission":"AHMET_ZEKI_IHTIYAROGLU","similarities":{"AVG":0.08275862068965517,"MAX":0.10344827586206896,"MAXIMUM_LENGTH":89.0,"LONGEST_MATCH":6.0}},{"firstSubmission":"ALP_EMRE_BAYBUGA","secondSubmission":"ALP_DIKMEN","similarities":{"AVG":0.08053691275167785,"MAX":0.13953488372093023,"MAXIMUM_LENGTH":109.0,"LONGEST_MATCH":6.0}},{"firstSubmission":"AHMET_ZEKI_IHTIYAROGLU","secondSubmission":"YUSUF_ERDEM_ALTINSOY","similarities":{"AVG":0.08024691358024691,"MAX":0.14942528735632185,"MAXIMUM_LENGTH":246.0,"LONGEST_MATCH":7.0}},{"firstSubmission":"CEYDA_SENAY","secondSubmission":"GPT","similarities":{"AVG":0.0784313725490196,"MAX":0.10714285714285714,"MAXIMUM_LENGTH":100.0,"LONGEST_MATCH":6.0}},{"firstSubmission":"OMER_FARUK_GUCER","secondSubmission":"EDHEM_TATAR","similarities":{"AVG":0.07734806629834254,"MAX":0.1590909090909091,"MAXIMUM_LENGTH":140.0,"LONGEST_MATCH":7.0}},{"firstSubmission":"YUSUF_ISA_ZERENUZ","secondSubmission":"YUSUF_ERDEM_ALTINSOY","similarities":{"AVG":0.07667731629392971,"MAX":0.15789473684210525,"MAXIMUM_LENGTH":246.0,"LONGEST_MATCH":6.0}},{"firstSubmission":"EREN_KOCAGOKCEN","secondSubmission":"EDHEM_TATAR","similarities":{"AVG":0.0759493670886076,"MAX":0.2857142857142857,"MAXIMUM_LENGTH":140.0,"LONGEST_MATCH":6.0}},{"firstSubmission":"EMRE_ERGUL","secondSubmission":"AHMET_ZEKI_IHTIYAROGLU","similarities":{"AVG":0.0736196319018405,"MAX":0.07894736842105263,"MAXIMUM_LENGTH":89.0,"LONGEST_MATCH":6.0}},{"firstSubmission":"HIRANUR_DENIZ","secondSubmission":"EDHEM_TATAR","similarities":{"AVG":0.07058823529411765,"MAX":0.18181818181818182,"MAXIMUM_LENGTH":140.0,"LONGEST_MATCH":6.0}},{"firstSubmission":"ERDAL_DENIZ_OZBEY","secondSubmission":"AHMET_ZEKI_IHTIYAROGLU","similarities":{"AVG":0.07017543859649122,"MAX":0.07142857142857142,"MAXIMUM_LENGTH":89.0,"LONGEST_MATCH":6.0}},{"firstSubmission":"HIRANUR_DENIZ","secondSubmission":"CLAUDE","similarities":{"AVG":0.06976744186046512,"MAX":0.18181818181818182,"MAXIMUM_LENGTH":142.0,"LONGEST_MATCH":6.0}},{"firstSubmission":"EYLUL_COSKUN","secondSubmission":"EDHEM_TATAR","similarities":{"AVG":0.06976744186046512,"MAX":0.17142857142857143,"MAXIMUM_LENGTH":140.0,"LONGEST_MATCH":6.0}},{"firstSubmission":"ERDAL_DENIZ_OZBEY","secondSubmission":"SERHAT_YUNUSEMRE_KALPAKLI","similarities":{"AVG":0.06315789473684211,"MAX":0.07142857142857142,"MAXIMUM_LENGTH":109.0,"LONGEST_MATCH":6.0}},{"firstSubmission":"ISMAIL_EFE_YALCINKAYA","secondSubmission":"EDHEM_TATAR","similarities":{"AVG":0.061855670103092786,"MAX":0.10526315789473684,"MAXIMUM_LENGTH":140.0,"LONGEST_MATCH":6.0}},{"firstSubmission":"ISMAIL_EFE_YALCINKAYA","secondSubmission":"CLAUDE","similarities":{"AVG":0.061224489795918366,"MAX":0.10526315789473684,"MAXIMUM_LENGTH":142.0,"LONGEST_MATCH":6.0}},{"firstSubmission":"YUSUF_ISA_ZERENUZ","secondSubmission":"ILAY_FATMA_YAVUZ","similarities":{"AVG":0.0594059405940594,"MAX":0.15789473684210525,"MAXIMUM_LENGTH":332.0,"LONGEST_MATCH":6.0}},{"firstSubmission":"HIRANUR_DENIZ","secondSubmission":"YUSUF_ERDEM_ALTINSOY","similarities":{"AVG":0.05925925925925926,"MAX":0.24242424242424243,"MAXIMUM_LENGTH":246.0,"LONGEST_MATCH":8.0}},{"firstSubmission":"MERTCAN_ARSLAN","secondSubmission":"IRMAK_ZEHRA_EMRI","similarities":{"AVG":0.05687203791469194,"MAX":0.20689655172413793,"MAXIMUM_LENGTH":185.0,"LONGEST_MATCH":6.0}},{"firstSubmission":"EMRE_ERGUL","secondSubmission":"EDHEM_TATAR","similarities":{"AVG":0.056338028169014086,"MAX":0.07894736842105263,"MAXIMUM_LENGTH":140.0,"LONGEST_MATCH":6.0}},{"firstSubmission":"EDHEM_TATAR","secondSubmission":"ILAY_FATMA_YAVUZ","similarities":{"AVG":0.05591397849462366,"MAX":0.0948905109489051,"MAXIMUM_LENGTH":332.0,"LONGEST_MATCH":7.0}},{"firstSubmission":"EMRE_ERGUL","secondSubmission":"IRMAK_ZEHRA_EMRI","similarities":{"AVG":0.05426356589147287,"MAX":0.09210526315789473,"MAXIMUM_LENGTH":185.0,"LONGEST_MATCH":7.0}},{"firstSubmission":"ALGUHAN_KURULAR","secondSubmission":"IRMAK_ZEHRA_EMRI","similarities":{"AVG":0.05263157894736842,"MAX":0.13043478260869565,"MAXIMUM_LENGTH":185.0,"LONGEST_MATCH":6.0}},{"firstSubmission":"ALGUHAN_KURULAR","secondSubmission":"YUSUF_ERDEM_ALTINSOY","similarities":{"AVG":0.04946996466431095,"MAX":0.15217391304347827,"MAXIMUM_LENGTH":246.0,"LONGEST_MATCH":7.0}},{"firstSubmission":"DEMIR_OZHAN","secondSubmission":"YUSUF_ERDEM_ALTINSOY","similarities":{"AVG":0.04745762711864407,"MAX":0.1206896551724138,"MAXIMUM_LENGTH":246.0,"LONGEST_MATCH":7.0}},{"firstSubmission":"YUSUF_ISA_ZERENUZ","secondSubmission":"IRMAK_ZEHRA_EMRI","similarities":{"AVG":0.046511627906976744,"MAX":0.07894736842105263,"MAXIMUM_LENGTH":185.0,"LONGEST_MATCH":6.0}},{"firstSubmission":"AYSE_ALKAN","secondSubmission":"IRMAK_ZEHRA_EMRI","similarities":{"AVG":0.0449438202247191,"MAX":0.07058823529411765,"MAXIMUM_LENGTH":185.0,"LONGEST_MATCH":6.0}},{"firstSubmission":"HIRANUR_DENIZ","secondSubmission":"ILAY_FATMA_YAVUZ","similarities":{"AVG":0.0443213296398892,"MAX":0.24242424242424243,"MAXIMUM_LENGTH":332.0,"LONGEST_MATCH":8.0}},{"firstSubmission":"ERDAL_DENIZ_OZBEY","secondSubmission":"YUSUF_ERDEM_ALTINSOY","similarities":{"AVG":0.04361370716510903,"MAX":0.08333333333333333,"MAXIMUM_LENGTH":246.0,"LONGEST_MATCH":7.0}},{"firstSubmission":"AYSE_ALKAN","secondSubmission":"YUSUF_ERDEM_ALTINSOY","similarities":{"AVG":0.043478260869565216,"MAX":0.08235294117647059,"MAXIMUM_LENGTH":246.0,"LONGEST_MATCH":7.0}},{"firstSubmission":"EDHEM_TATAR","secondSubmission":"IRMAK_ZEHRA_EMRI","similarities":{"AVG":0.03761755485893417,"MAX":0.043795620437956206,"MAXIMUM_LENGTH":185.0,"LONGEST_MATCH":6.0}},{"firstSubmission":"DEMIR_OZHAN","secondSubmission":"ILAY_FATMA_YAVUZ","similarities":{"AVG":0.03626943005181347,"MAX":0.1206896551724138,"MAXIMUM_LENGTH":332.0,"LONGEST_MATCH":7.0}},{"firstSubmission":"ERDAL_DENIZ_OZBEY","secondSubmission":"ILAY_FATMA_YAVUZ","similarities":{"AVG":0.03398058252427184,"MAX":0.08333333333333333,"MAXIMUM_LENGTH":332.0,"LONGEST_MATCH":7.0}},{"firstSubmission":"MERTCAN_ARSLAN","secondSubmission":"ILAY_FATMA_YAVUZ","similarities":{"AVG":0.03361344537815126,"MAX":0.20689655172413793,"MAXIMUM_LENGTH":332.0,"LONGEST_MATCH":6.0}},{"firstSubmission":"ALP_EMRE_BAYBUGA","secondSubmission":"ILAY_FATMA_YAVUZ","similarities":{"AVG":0.03234501347708895,"MAX":0.13953488372093023,"MAXIMUM_LENGTH":332.0,"LONGEST_MATCH":6.0}},{"firstSubmission":"ALP_DIKMEN","secondSubmission":"ILAY_FATMA_YAVUZ","similarities":{"AVG":0.03225806451612903,"MAX":0.0660377358490566,"MAXIMUM_LENGTH":332.0,"LONGEST_MATCH":7.0}},{"firstSubmission":"CEYDA_SENAY","secondSubmission":"ILAY_FATMA_YAVUZ","similarities":{"AVG":0.03125,"MAX":0.10714285714285714,"MAXIMUM_LENGTH":332.0,"LONGEST_MATCH":6.0}},{"firstSubmission":"MERTCAN_ARSLAN","secondSubmission":"EMRE_ERGUL","similarities":{"AVG":0.0,"MAX":0.0,"MAXIMUM_LENGTH":79.0,"LONGEST_MATCH":0.0}},{"firstSubmission":"ALGUHAN_KURULAR","secondSubmission":"EMRE_ERGUL","similarities":{"AVG":0.0,"MAX":0.0,"MAXIMUM_LENGTH":79.0,"LONGEST_MATCH":0.0}},{"firstSubmission":"EREN_KOCAGOKCEN","secondSubmission":"EMRE_ERGUL","similarities":{"AVG":0.0,"MAX":0.0,"MAXIMUM_LENGTH":79.0,"LONGEST_MATCH":0.0}},{"firstSubmission":"EYLUL_COSKUN","secondSubmission":"EMRE_ERGUL","similarities":{"AVG":0.0,"MAX":0.0,"MAXIMUM_LENGTH":79.0,"LONGEST_MATCH":0.0}},{"firstSubmission":"EMRE_ERGUL","secondSubmission":"ILAY_FATMA_YAVUZ","similarities":{"AVG":0.0,"MAX":0.0,"MAXIMUM_LENGTH":332.0,"LONGEST_MATCH":0.0}},{"firstSubmission":"EMRE_ERGUL","secondSubmission":"YUSUF_ERDEM_ALTINSOY","similarities":{"AVG":0.0,"MAX":0.0,"MAXIMUM_LENGTH":246.0,"LONGEST_MATCH":0.0}},{"firstSubmission":"EMRE_ERGUL","secondSubmission":"ERDAL_DENIZ_OZBEY","similarities":{"AVG":0.0,"MAX":0.0,"MAXIMUM_LENGTH":87.0,"LONGEST_MATCH":0.0}},{"firstSubmission":"EMRE_ERGUL","secondSubmission":"GPT","similarities":{"AVG":0.0,"MAX":0.0,"MAXIMUM_LENGTH":100.0,"LONGEST_MATCH":0.0}},{"firstSubmission":"HIRANUR_DENIZ","secondSubmission":"EMRE_ERGUL","similarities":{"AVG":0.0,"MAX":0.0,"MAXIMUM_LENGTH":79.0,"LONGEST_MATCH":0.0}},{"firstSubmission":"MERTCAN_ARSLAN","secondSubmission":"ISMAIL_EFE_YALCINKAYA","similarities":{"AVG":0.0,"MAX":0.0,"MAXIMUM_LENGTH":59.0,"LONGEST_MATCH":0.0}},{"firstSubmission":"EREN_KOCAGOKCEN","secondSubmission":"MERTCAN_ARSLAN","similarities":{"AVG":0.0,"MAX":0.0,"MAXIMUM_LENGTH":30.0,"LONGEST_MATCH":0.0}},{"firstSubmission":"MERTCAN_ARSLAN","secondSubmission":"AYSE_ALKAN","similarities":{"AVG":0.0,"MAX":0.0,"MAXIMUM_LENGTH":87.0,"LONGEST_MATCH":0.0}},{"firstSubmission":"MERTCAN_ARSLAN","secondSubmission":"EYLUL_COSKUN","similarities":{"AVG":0.0,"MAX":0.0,"MAXIMUM_LENGTH":36.0,"LONGEST_MATCH":0.0}},{"firstSubmission":"MERTCAN_ARSLAN","secondSubmission":"ALP_EMRE_BAYBUGA","similarities":{"AVG":0.0,"MAX":0.0,"MAXIMUM_LENGTH":45.0,"LONGEST_MATCH":0.0}},{"firstSubmission":"MERTCAN_ARSLAN","secondSubmission":"BORA_ERDEM_ALAN","similarities":{"AVG":0.0,"MAX":0.0,"MAXIMUM_LENGTH":69.0,"LONGEST_MATCH":0.0}},{"firstSubmission":"MERTCAN_ARSLAN","secondSubmission":"YUSUF_ERDEM_ALTINSOY","similarities":{"AVG":0.0,"MAX":0.0,"MAXIMUM_LENGTH":246.0,"LONGEST_MATCH":0.0}},{"firstSubmission":"MERTCAN_ARSLAN","secondSubmission":"ERDAL_DENIZ_OZBEY","similarities":{"AVG":0.0,"MAX":0.0,"MAXIMUM_LENGTH":87.0,"LONGEST_MATCH":0.0}},{"firstSubmission":"MERTCAN_ARSLAN","secondSubmission":"OMER_FARUK_GUCER","similarities":{"AVG":0.0,"MAX":0.0,"MAXIMUM_LENGTH":47.0,"LONGEST_MATCH":0.0}},{"firstSubmission":"MERTCAN_ARSLAN","secondSubmission":"GPT","similarities":{"AVG":0.0,"MAX":0.0,"MAXIMUM_LENGTH":100.0,"LONGEST_MATCH":0.0}},{"firstSubmission":"MERTCAN_ARSLAN","secondSubmission":"DEMIR_OZHAN","similarities":{"AVG":0.0,"MAX":0.0,"MAXIMUM_LENGTH":61.0,"LONGEST_MATCH":0.0}},{"firstSubmission":"MERTCAN_ARSLAN","secondSubmission":"HIRANUR_DENIZ","similarities":{"AVG":0.0,"MAX":0.0,"MAXIMUM_LENGTH":35.0,"LONGEST_MATCH":0.0}},{"firstSubmission":"ALGUHAN_KURULAR","secondSubmission":"ISMAIL_EFE_YALCINKAYA","similarities":{"AVG":0.0,"MAX":0.0,"MAXIMUM_LENGTH":59.0,"LONGEST_MATCH":0.0}},{"firstSubmission":"ALGUHAN_KURULAR","secondSubmission":"SERHAT_YUNUSEMRE_KALPAKLI","similarities":{"AVG":0.0,"MAX":0.0,"MAXIMUM_LENGTH":109.0,"LONGEST_MATCH":0.0}},{"firstSubmission":"EREN_KOCAGOKCEN","secondSubmission":"ALGUHAN_KURULAR","similarities":{"AVG":0.0,"MAX":0.0,"MAXIMUM_LENGTH":47.0,"LONGEST_MATCH":0.0}},{"firstSubmission":"ALGUHAN_KURULAR","secondSubmission":"YUSUF_ISA_ZERENUZ","similarities":{"AVG":0.0,"MAX":0.0,"MAXIMUM_LENGTH":78.0,"LONGEST_MATCH":0.0}},{"firstSubmission":"ALGUHAN_KURULAR","secondSubmission":"AHMET_ZEKI_IHTIYAROGLU","similarities":{"AVG":0.0,"MAX":0.0,"MAXIMUM_LENGTH":89.0,"LONGEST_MATCH":0.0}},{"firstSubmission":"ALP_EMRE_BAYBUGA","secondSubmission":"ALGUHAN_KURULAR","similarities":{"AVG":0.0,"MAX":0.0,"MAXIMUM_LENGTH":47.0,"LONGEST_MATCH":0.0}},{"firstSubmission":"ALGUHAN_KURULAR","secondSubmission":"BORA_ERDEM_ALAN","similarities":{"AVG":0.0,"MAX":0.0,"MAXIMUM_LENGTH":69.0,"LONGEST_MATCH":0.0}},{"firstSubmission":"ALGUHAN_KURULAR","secondSubmission":"ERDAL_DENIZ_OZBEY","similarities":{"AVG":0.0,"MAX":0.0,"MAXIMUM_LENGTH":87.0,"LONGEST_MATCH":0.0}},{"firstSubmission":"ALGUHAN_KURULAR","secondSubmission":"DEMIR_OZHAN","similarities":{"AVG":0.0,"MAX":0.0,"MAXIMUM_LENGTH":61.0,"LONGEST_MATCH":0.0}},{"firstSubmission":"HIRANUR_DENIZ","secondSubmission":"ALGUHAN_KURULAR","similarities":{"AVG":0.0,"MAX":0.0,"MAXIMUM_LENGTH":47.0,"LONGEST_MATCH":0.0}},{"firstSubmission":"ISMAIL_EFE_YALCINKAYA","secondSubmission":"SERHAT_YUNUSEMRE_KALPAKLI","similarities":{"AVG":0.0,"MAX":0.0,"MAXIMUM_LENGTH":109.0,"LONGEST_MATCH":0.0}},{"firstSubmission":"EREN_KOCAGOKCEN","secondSubmission":"ISMAIL_EFE_YALCINKAYA","similarities":{"AVG":0.0,"MAX":0.0,"MAXIMUM_LENGTH":59.0,"LONGEST_MATCH":0.0}},{"firstSubmission":"ISMAIL_EFE_YALCINKAYA","secondSubmission":"AYSE_ALKAN","similarities":{"AVG":0.0,"MAX":0.0,"MAXIMUM_LENGTH":87.0,"LONGEST_MATCH":0.0}},{"firstSubmission":"EYLUL_COSKUN","secondSubmission":"ISMAIL_EFE_YALCINKAYA","similarities":{"AVG":0.0,"MAX":0.0,"MAXIMUM_LENGTH":59.0,"LONGEST_MATCH":0.0}},{"firstSubmission":"ISMAIL_EFE_YALCINKAYA","secondSubmission":"IRMAK_ZEHRA_EMRI","similarities":{"AVG":0.0,"MAX":0.0,"MAXIMUM_LENGTH":185.0,"LONGEST_MATCH":0.0}},{"firstSubmission":"ALP_EMRE_BAYBUGA","secondSubmission":"ISMAIL_EFE_YALCINKAYA","similarities":{"AVG":0.0,"MAX":0.0,"MAXIMUM_LENGTH":59.0,"LONGEST_MATCH":0.0}},{"firstSubmission":"ISMAIL_EFE_YALCINKAYA","secondSubmission":"ILAY_FATMA_YAVUZ","similarities":{"AVG":0.0,"MAX":0.0,"MAXIMUM_LENGTH":332.0,"LONGEST_MATCH":0.0}},{"firstSubmission":"ISMAIL_EFE_YALCINKAYA","secondSubmission":"YUSUF_ERDEM_ALTINSOY","similarities":{"AVG":0.0,"MAX":0.0,"MAXIMUM_LENGTH":246.0,"LONGEST_MATCH":0.0}},{"firstSubmission":"EREN_KOCAGOKCEN","secondSubmission":"ALP_DIKMEN","similarities":{"AVG":0.0,"MAX":0.0,"MAXIMUM_LENGTH":109.0,"LONGEST_MATCH":0.0}},{"firstSubmission":"EYLUL_COSKUN","secondSubmission":"ALP_DIKMEN","similarities":{"AVG":0.0,"MAX":0.0,"MAXIMUM_LENGTH":109.0,"LONGEST_MATCH":0.0}},{"firstSubmission":"ALP_DIKMEN","secondSubmission":"YUSUF_ERDEM_ALTINSOY","similarities":{"AVG":0.0,"MAX":0.0,"MAXIMUM_LENGTH":246.0,"LONGEST_MATCH":0.0}},{"firstSubmission":"GPT","secondSubmission":"ALP_DIKMEN","similarities":{"AVG":0.0,"MAX":0.0,"MAXIMUM_LENGTH":109.0,"LONGEST_MATCH":0.0}},{"firstSubmission":"HIRANUR_DENIZ","secondSubmission":"ALP_DIKMEN","similarities":{"AVG":0.0,"MAX":0.0,"MAXIMUM_LENGTH":109.0,"LONGEST_MATCH":0.0}},{"firstSubmission":"EREN_KOCAGOKCEN","secondSubmission":"SERHAT_YUNUSEMRE_KALPAKLI","similarities":{"AVG":0.0,"MAX":0.0,"MAXIMUM_LENGTH":109.0,"LONGEST_MATCH":0.0}},{"firstSubmission":"EYLUL_COSKUN","secondSubmission":"SERHAT_YUNUSEMRE_KALPAKLI","similarities":{"AVG":0.0,"MAX":0.0,"MAXIMUM_LENGTH":109.0,"LONGEST_MATCH":0.0}},{"firstSubmission":"SERHAT_YUNUSEMRE_KALPAKLI","secondSubmission":"EDHEM_TATAR","similarities":{"AVG":0.0,"MAX":0.0,"MAXIMUM_LENGTH":140.0,"LONGEST_MATCH":0.0}},{"firstSubmission":"ALP_EMRE_BAYBUGA","secondSubmission":"SERHAT_YUNUSEMRE_KALPAKLI","similarities":{"AVG":0.0,"MAX":0.0,"MAXIMUM_LENGTH":109.0,"LONGEST_MATCH":0.0}},{"firstSubmission":"SERHAT_YUNUSEMRE_KALPAKLI","secondSubmission":"ILAY_FATMA_YAVUZ","similarities":{"AVG":0.0,"MAX":0.0,"MAXIMUM_LENGTH":332.0,"LONGEST_MATCH":0.0}},{"firstSubmission":"SERHAT_YUNUSEMRE_KALPAKLI","secondSubmission":"YUSUF_ERDEM_ALTINSOY","similarities":{"AVG":0.0,"MAX":0.0,"MAXIMUM_LENGTH":246.0,"LONGEST_MATCH":0.0}},{"firstSubmission":"GPT","secondSubmission":"SERHAT_YUNUSEMRE_KALPAKLI","similarities":{"AVG":0.0,"MAX":0.0,"MAXIMUM_LENGTH":109.0,"LONGEST_MATCH":0.0}},{"firstSubmission":"HIRANUR_DENIZ","secondSubmission":"SERHAT_YUNUSEMRE_KALPAKLI","similarities":{"AVG":0.0,"MAX":0.0,"MAXIMUM_LENGTH":109.0,"LONGEST_MATCH":0.0}},{"firstSubmission":"EREN_KOCAGOKCEN","secondSubmission":"TEMMUZ_AKYOL","similarities":{"AVG":0.0,"MAX":0.0,"MAXIMUM_LENGTH":73.0,"LONGEST_MATCH":0.0}},{"firstSubmission":"EYLUL_COSKUN","secondSubmission":"TEMMUZ_AKYOL","similarities":{"AVG":0.0,"MAX":0.0,"MAXIMUM_LENGTH":73.0,"LONGEST_MATCH":0.0}},{"firstSubmission":"HIRANUR_DENIZ","secondSubmission":"TEMMUZ_AKYOL","similarities":{"AVG":0.0,"MAX":0.0,"MAXIMUM_LENGTH":73.0,"LONGEST_MATCH":0.0}},{"firstSubmission":"EREN_KOCAGOKCEN","secondSubmission":"CLAUDE","similarities":{"AVG":0.0,"MAX":0.0,"MAXIMUM_LENGTH":142.0,"LONGEST_MATCH":0.0}},{"firstSubmission":"EYLUL_COSKUN","secondSubmission":"CLAUDE","similarities":{"AVG":0.0,"MAX":0.0,"MAXIMUM_LENGTH":142.0,"LONGEST_MATCH":0.0}},{"firstSubmission":"AHMET_ZEKI_IHTIYAROGLU","secondSubmission":"CLAUDE","similarities":{"AVG":0.0,"MAX":0.0,"MAXIMUM_LENGTH":142.0,"LONGEST_MATCH":0.0}},{"firstSubmission":"EREN_KOCAGOKCEN","secondSubmission":"AYSE_ALKAN","similarities":{"AVG":0.0,"MAX":0.0,"MAXIMUM_LENGTH":87.0,"LONGEST_MATCH":0.0}},{"firstSubmission":"EREN_KOCAGOKCEN","secondSubmission":"EYLUL_COSKUN","similarities":{"AVG":0.0,"MAX":0.0,"MAXIMUM_LENGTH":36.0,"LONGEST_MATCH":0.0}},{"firstSubmission":"EREN_KOCAGOKCEN","secondSubmission":"YUSUF_ISA_ZERENUZ","similarities":{"AVG":0.0,"MAX":0.0,"MAXIMUM_LENGTH":78.0,"LONGEST_MATCH":0.0}},{"firstSubmission":"EREN_KOCAGOKCEN","secondSubmission":"AHMET_ZEKI_IHTIYAROGLU","similarities":{"AVG":0.0,"MAX":0.0,"MAXIMUM_LENGTH":89.0,"LONGEST_MATCH":0.0}},{"firstSubmission":"EREN_KOCAGOKCEN","secondSubmission":"IRMAK_ZEHRA_EMRI","similarities":{"AVG":0.0,"MAX":0.0,"MAXIMUM_LENGTH":185.0,"LONGEST_MATCH":0.0}},{"firstSubmission":"EREN_KOCAGOKCEN","secondSubmission":"ALP_EMRE_BAYBUGA","similarities":{"AVG":0.0,"MAX":0.0,"MAXIMUM_LENGTH":45.0,"LONGEST_MATCH":0.0}},{"firstSubmission":"EREN_KOCAGOKCEN","secondSubmission":"BORA_ERDEM_ALAN","similarities":{"AVG":0.0,"MAX":0.0,"MAXIMUM_LENGTH":69.0,"LONGEST_MATCH":0.0}},{"firstSubmission":"EREN_KOCAGOKCEN","secondSubmission":"ILAY_FATMA_YAVUZ","similarities":{"AVG":0.0,"MAX":0.0,"MAXIMUM_LENGTH":332.0,"LONGEST_MATCH":0.0}},{"firstSubmission":"EREN_KOCAGOKCEN","secondSubmission":"YUSUF_ERDEM_ALTINSOY","similarities":{"AVG":0.0,"MAX":0.0,"MAXIMUM_LENGTH":246.0,"LONGEST_MATCH":0.0}},{"firstSubmission":"EREN_KOCAGOKCEN","secondSubmission":"DENIZ_KAYRA_AYDIN","similarities":{"AVG":0.0,"MAX":0.0,"MAXIMUM_LENGTH":71.0,"LONGEST_MATCH":0.0}},{"firstSubmission":"EREN_KOCAGOKCEN","secondSubmission":"CEYDA_SENAY","similarities":{"AVG":0.0,"MAX":0.0,"MAXIMUM_LENGTH":59.0,"LONGEST_MATCH":0.0}},{"firstSubmission":"EREN_KOCAGOKCEN","secondSubmission":"ERDAL_DENIZ_OZBEY","similarities":{"AVG":0.0,"MAX":0.0,"MAXIMUM_LENGTH":87.0,"LONGEST_MATCH":0.0}},{"firstSubmission":"EREN_KOCAGOKCEN","secondSubmission":"OMER_FARUK_GUCER","similarities":{"AVG":0.0,"MAX":0.0,"MAXIMUM_LENGTH":47.0,"LONGEST_MATCH":0.0}},{"firstSubmission":"EREN_KOCAGOKCEN","secondSubmission":"GPT","similarities":{"AVG":0.0,"MAX":0.0,"MAXIMUM_LENGTH":100.0,"LONGEST_MATCH":0.0}},{"firstSubmission":"EREN_KOCAGOKCEN","secondSubmission":"DEMIR_OZHAN","similarities":{"AVG":0.0,"MAX":0.0,"MAXIMUM_LENGTH":61.0,"LONGEST_MATCH":0.0}},{"firstSubmission":"EREN_KOCAGOKCEN","secondSubmission":"HIRANUR_DENIZ","similarities":{"AVG":0.0,"MAX":0.0,"MAXIMUM_LENGTH":35.0,"LONGEST_MATCH":0.0}},{"firstSubmission":"EYLUL_COSKUN","secondSubmission":"AYSE_ALKAN","similarities":{"AVG":0.0,"MAX":0.0,"MAXIMUM_LENGTH":87.0,"LONGEST_MATCH":0.0}},{"firstSubmission":"AYSE_ALKAN","secondSubmission":"AHMET_ZEKI_IHTIYAROGLU","similarities":{"AVG":0.0,"MAX":0.0,"MAXIMUM_LENGTH":89.0,"LONGEST_MATCH":0.0}},{"firstSubmission":"CEYDA_SENAY","secondSubmission":"AYSE_ALKAN","similarities":{"AVG":0.0,"MAX":0.0,"MAXIMUM_LENGTH":87.0,"LONGEST_MATCH":0.0}},{"firstSubmission":"HIRANUR_DENIZ","secondSubmission":"AYSE_ALKAN","similarities":{"AVG":0.0,"MAX":0.0,"MAXIMUM_LENGTH":87.0,"LONGEST_MATCH":0.0}},{"firstSubmission":"EYLUL_COSKUN","secondSubmission":"YUSUF_ISA_ZERENUZ","similarities":{"AVG":0.0,"MAX":0.0,"MAXIMUM_LENGTH":78.0,"LONGEST_MATCH":0.0}},{"firstSubmission":"EYLUL_COSKUN","secondSubmission":"AHMET_ZEKI_IHTIYAROGLU","similarities":{"AVG":0.0,"MAX":0.0,"MAXIMUM_LENGTH":89.0,"LONGEST_MATCH":0.0}},{"firstSubmission":"EYLUL_COSKUN","secondSubmission":"IRMAK_ZEHRA_EMRI","similarities":{"AVG":0.0,"MAX":0.0,"MAXIMUM_LENGTH":185.0,"LONGEST_MATCH":0.0}},{"firstSubmission":"EYLUL_COSKUN","secondSubmission":"ALP_EMRE_BAYBUGA","similarities":{"AVG":0.0,"MAX":0.0,"MAXIMUM_LENGTH":45.0,"LONGEST_MATCH":0.0}},{"firstSubmission":"EYLUL_COSKUN","secondSubmission":"ILAY_FATMA_YAVUZ","similarities":{"AVG":0.0,"MAX":0.0,"MAXIMUM_LENGTH":332.0,"LONGEST_MATCH":0.0}},{"firstSubmission":"EYLUL_COSKUN","secondSubmission":"YUSUF_ERDEM_ALTINSOY","similarities":{"AVG":0.0,"MAX":0.0,"MAXIMUM_LENGTH":246.0,"LONGEST_MATCH":0.0}},{"firstSubmission":"EYLUL_COSKUN","secondSubmission":"DENIZ_KAYRA_AYDIN","similarities":{"AVG":0.0,"MAX":0.0,"MAXIMUM_LENGTH":71.0,"LONGEST_MATCH":0.0}},{"firstSubmission":"EYLUL_COSKUN","secondSubmission":"CEYDA_SENAY","similarities":{"AVG":0.0,"MAX":0.0,"MAXIMUM_LENGTH":59.0,"LONGEST_MATCH":0.0}},{"firstSubmission":"EYLUL_COSKUN","secondSubmission":"ERDAL_DENIZ_OZBEY","similarities":{"AVG":0.0,"MAX":0.0,"MAXIMUM_LENGTH":87.0,"LONGEST_MATCH":0.0}},{"firstSubmission":"EYLUL_COSKUN","secondSubmission":"OMER_FARUK_GUCER","similarities":{"AVG":0.0,"MAX":0.0,"MAXIMUM_LENGTH":47.0,"LONGEST_MATCH":0.0}},{"firstSubmission":"EYLUL_COSKUN","secondSubmission":"GPT","similarities":{"AVG":0.0,"MAX":0.0,"MAXIMUM_LENGTH":100.0,"LONGEST_MATCH":0.0}},{"firstSubmission":"EYLUL_COSKUN","secondSubmission":"DEMIR_OZHAN","similarities":{"AVG":0.0,"MAX":0.0,"MAXIMUM_LENGTH":61.0,"LONGEST_MATCH":0.0}},{"firstSubmission":"HIRANUR_DENIZ","secondSubmission":"EYLUL_COSKUN","similarities":{"AVG":0.0,"MAX":0.0,"MAXIMUM_LENGTH":36.0,"LONGEST_MATCH":0.0}},{"firstSubmission":"EDHEM_TATAR","secondSubmission":"YUSUF_ERDEM_ALTINSOY","similarities":{"AVG":0.0,"MAX":0.0,"MAXIMUM_LENGTH":246.0,"LONGEST_MATCH":0.0}},{"firstSubmission":"DEMIR_OZHAN","secondSubmission":"EDHEM_TATAR","similarities":{"AVG":0.0,"MAX":0.0,"MAXIMUM_LENGTH":140.0,"LONGEST_MATCH":0.0}},{"firstSubmission":"YUSUF_ISA_ZERENUZ","secondSubmission":"GPT","similarities":{"AVG":0.0,"MAX":0.0,"MAXIMUM_LENGTH":100.0,"LONGEST_MATCH":0.0}},{"firstSubmission":"HIRANUR_DENIZ","secondSubmission":"YUSUF_ISA_ZERENUZ","similarities":{"AVG":0.0,"MAX":0.0,"MAXIMUM_LENGTH":78.0,"LONGEST_MATCH":0.0}},{"firstSubmission":"CEYDA_SENAY","secondSubmission":"IRMAK_ZEHRA_EMRI","similarities":{"AVG":0.0,"MAX":0.0,"MAXIMUM_LENGTH":185.0,"LONGEST_MATCH":0.0}},{"firstSubmission":"ERDAL_DENIZ_OZBEY","secondSubmission":"IRMAK_ZEHRA_EMRI","similarities":{"AVG":0.0,"MAX":0.0,"MAXIMUM_LENGTH":185.0,"LONGEST_MATCH":0.0}},{"firstSubmission":"HIRANUR_DENIZ","secondSubmission":"IRMAK_ZEHRA_EMRI","similarities":{"AVG":0.0,"MAX":0.0,"MAXIMUM_LENGTH":185.0,"LONGEST_MATCH":0.0}},{"firstSubmission":"ALP_EMRE_BAYBUGA","secondSubmission":"YUSUF_ERDEM_ALTINSOY","similarities":{"AVG":0.0,"MAX":0.0,"MAXIMUM_LENGTH":246.0,"LONGEST_MATCH":0.0}},{"firstSubmission":"ALP_EMRE_BAYBUGA","secondSubmission":"ERDAL_DENIZ_OZBEY","similarities":{"AVG":0.0,"MAX":0.0,"MAXIMUM_LENGTH":87.0,"LONGEST_MATCH":0.0}},{"firstSubmission":"ALP_EMRE_BAYBUGA","secondSubmission":"OMER_FARUK_GUCER","similarities":{"AVG":0.0,"MAX":0.0,"MAXIMUM_LENGTH":47.0,"LONGEST_MATCH":0.0}},{"firstSubmission":"HIRANUR_DENIZ","secondSubmission":"ALP_EMRE_BAYBUGA","similarities":{"AVG":0.0,"MAX":0.0,"MAXIMUM_LENGTH":45.0,"LONGEST_MATCH":0.0}},{"firstSubmission":"BORA_ERDEM_ALAN","secondSubmission":"ILAY_FATMA_YAVUZ","similarities":{"AVG":0.0,"MAX":0.0,"MAXIMUM_LENGTH":332.0,"LONGEST_MATCH":0.0}},{"firstSubmission":"BORA_ERDEM_ALAN","secondSubmission":"YUSUF_ERDEM_ALTINSOY","similarities":{"AVG":0.0,"MAX":0.0,"MAXIMUM_LENGTH":246.0,"LONGEST_MATCH":0.0}},{"firstSubmission":"BORA_ERDEM_ALAN","secondSubmission":"GPT","similarities":{"AVG":0.0,"MAX":0.0,"MAXIMUM_LENGTH":100.0,"LONGEST_MATCH":0.0}},{"firstSubmission":"HIRANUR_DENIZ","secondSubmission":"BORA_ERDEM_ALAN","similarities":{"AVG":0.0,"MAX":0.0,"MAXIMUM_LENGTH":69.0,"LONGEST_MATCH":0.0}},{"firstSubmission":"DENIZ_KAYRA_AYDIN","secondSubmission":"ILAY_FATMA_YAVUZ","similarities":{"AVG":0.0,"MAX":0.0,"MAXIMUM_LENGTH":332.0,"LONGEST_MATCH":0.0}},{"firstSubmission":"OMER_FARUK_GUCER","secondSubmission":"ILAY_FATMA_YAVUZ","similarities":{"AVG":0.0,"MAX":0.0,"MAXIMUM_LENGTH":332.0,"LONGEST_MATCH":0.0}},{"firstSubmission":"DENIZ_KAYRA_AYDIN","secondSubmission":"YUSUF_ERDEM_ALTINSOY","similarities":{"AVG":0.0,"MAX":0.0,"MAXIMUM_LENGTH":246.0,"LONGEST_MATCH":0.0}},{"firstSubmission":"CEYDA_SENAY","secondSubmission":"YUSUF_ERDEM_ALTINSOY","similarities":{"AVG":0.0,"MAX":0.0,"MAXIMUM_LENGTH":246.0,"LONGEST_MATCH":0.0}},{"firstSubmission":"OMER_FARUK_GUCER","secondSubmission":"YUSUF_ERDEM_ALTINSOY","similarities":{"AVG":0.0,"MAX":0.0,"MAXIMUM_LENGTH":246.0,"LONGEST_MATCH":0.0}},{"firstSubmission":"DENIZ_KAYRA_AYDIN","secondSubmission":"GPT","similarities":{"AVG":0.0,"MAX":0.0,"MAXIMUM_LENGTH":100.0,"LONGEST_MATCH":0.0}},{"firstSubmission":"HIRANUR_DENIZ","secondSubmission":"DENIZ_KAYRA_AYDIN","similarities":{"AVG":0.0,"MAX":0.0,"MAXIMUM_LENGTH":71.0,"LONGEST_MATCH":0.0}},{"firstSubmission":"OMER_FARUK_GUCER","secondSubmission":"ERDAL_DENIZ_OZBEY","similarities":{"AVG":0.0,"MAX":0.0,"MAXIMUM_LENGTH":87.0,"LONGEST_MATCH":0.0}},{"firstSubmission":"DEMIR_OZHAN","secondSubmission":"ERDAL_DENIZ_OZBEY","similarities":{"AVG":0.0,"MAX":0.0,"MAXIMUM_LENGTH":87.0,"LONGEST_MATCH":0.0}},{"firstSubmission":"DEMIR_OZHAN","secondSubmission":"GPT","similarities":{"AVG":0.0,"MAX":0.0,"MAXIMUM_LENGTH":100.0,"LONGEST_MATCH":0.0}},{"firstSubmission":"HIRANUR_DENIZ","secondSubmission":"DEMIR_OZHAN","similarities":{"AVG":0.0,"MAX":0.0,"MAXIMUM_LENGTH":61.0,"LONGEST_MATCH":0.0}}]