{"firstSubmissionId":"AHMET_ZEKI_IHTIYAROGLU","secondSubmissionId":"BORA_ERDEM_ALAN","similarities":{"AVG":0.3442622950819672,"MAX":0.3442622950819672,"MAXIMUM_LENGTH":62.0,"LONGEST_MATCH":9.0},"matches":[{"firstFileName":"AHMET_ZEKI_IHTIYAROGLU/LinkedListQuestions.cpp","secondFileName":"BORA_ERDEM_ALAN/LinkedListQuestions.cpp","startInFirst":{"line":59,"column":0,"tokenListIndex":45},"endInFirst":{"line":69,"column":5,"tokenListIndex":53},"startInSecond":{"line":56,"column":0,"tokenListIndex":48},"endInSecond":{"line":65,"column":19,"tokenListIndex":56},"lengthOfFirst":9,"lengthOfSecond":9},{"firstFileName":"AHMET_ZEKI_IHTIYAROGLU/LinkedListQuestions.cpp","secondFileName":"BORA_ERDEM_ALAN/LinkedListQuestions.cpp","startInFirst":{"line":9,"column":0,"tokenListIndex":0},"endInFirst":{"line":14,"column":9,"tokenListIndex":5},"startInSecond":{"line":9,"column":0,"tokenListIndex":0},"endInSecond":{"line":10,"column":8,"tokenListIndex":5},"lengthOfFirst":6,"lengthOfSecond":6},{"firstFileName":"AHMET_ZEKI_IHTIYAROGLU/LinkedListQuestions.cpp","secondFileName":"BORA_ERDEM_ALAN/LinkedListQuestions.cpp","startInFirst":{"line":28,"column":0,"tokenListIndex":21},"endInFirst":{"line":33,"column":1,"tokenListIndex":26},"startInSecond":{"line":33,"column":0,"tokenListIndex":30},"endInSecond":{"line":38,"column":14,"tokenListIndex":35},"lengthOfFirst":6,"lengthOfSecond":6}],"firstSimilarity":0.3442622950819672,"secondSimilarity":0.3442622950819672}