{"firstSubmissionId":"AHMET_ZEKI_IHTIYAROGLU","secondSubmissionId":"CEYDA_SENAY","similarities":{"AVG":0.4444444444444444,"MAX":0.45901639344262296,"MAXIMUM_LENGTH":66.0,"LONGEST_MATCH":8.0},"matches":[{"firstFileName":"AHMET_ZEKI_IHTIYAROGLU/LinkedListQuestions.cpp","secondFileName":"CEYDA_SENAY/LinkedListQuestions.cpp","startInFirst":{"line":9,"column":0,"tokenListIndex":0},"endInFirst":{"line":15,"column":8,"tokenListIndex":7},"startInSecond":{"line":9,"column":0,"tokenListIndex":0},"endInSecond":{"line":14,"column":5,"tokenListIndex":7},"lengthOfFirst":8,"lengthOfSecond":8},{"firstFileName":"AHMET_ZEKI_IHTIYAROGLU/LinkedListQuestions.cpp","secondFileName":"CEYDA_SENAY/LinkedListQuestions.cpp","startInFirst":{"line":26,"column":4,"tokenListIndex":19},"endInFirst":{"line":32,"column":56,"tokenListIndex":25},"startInSecond":{"line":21,"column":7,"tokenListIndex":14},"endInSecond":{"line":31,"column":56,"tokenListIndex":20},"lengthOfFirst":7,"lengthOfSecond":7},{"firstFileName":"AHMET_ZEKI_IHTIYAROGLU/LinkedListQuestions.cpp","secondFileName":"CEYDA_SENAY/LinkedListQuestions.cpp","startInFirst":{"line":53,"column":4,"tokenListIndex":41},"endInFirst":{"line":63,"column":20,"tokenListIndex":47},"startInSecond":{"line":40,"column":6,"tokenListIndex":29},"endInSecond":{"line":48,"column":28,"tokenListIndex":35},"lengthOfFirst":7,"lengthOfSecond":7},{"firstFileName":"AHMET_ZEKI_IHTIYAROGLU/LinkedListQuestions.cpp","secondFileName":"CEYDA_SENAY/LinkedListQuestions.cpp","startInFirst":{"line":71,"column":1,"tokenListIndex":55},"endInFirst":{"line":73,"column":1,"tokenListIndex":60},"startInSecond":{"line":58,"column":4,"tokenListIndex":43},"endInSecond":{"line":66,"column":3,"tokenListIndex":48},"lengthOfFirst":6,"lengthOfSecond":6}],"firstSimilarity":0.45901639344262296,"secondSimilarity":0.4307692307692308}