{"firstSubmissionId":"AHMET_ZEKI_IHTIYAROGLU","secondSubmissionId":"DEMIR_OZHAN","similarities":{"AVG":0.38666666666666666,"MAX":0.47540983606557374,"MAXIMUM_LENGTH":90.0,"LONGEST_MATCH":8.0},"matches":[{"firstFileName":"AHMET_ZEKI_IHTIYAROGLU/LinkedListQuestions.cpp","secondFileName":"DEMIR_OZHAN/LinkedListQuestions.cpp","startInFirst":{"line":9,"column":0,"tokenListIndex":0},"endInFirst":{"line":15,"column":8,"tokenListIndex":7},"startInSecond":{"line":9,"column":0,"tokenListIndex":0},"endInSecond":{"line":11,"column":6,"tokenListIndex":7},"lengthOfFirst":8,"lengthOfSecond":8},{"firstFileName":"AHMET_ZEKI_IHTIYAROGLU/LinkedListQuestions.cpp","secondFileName":"DEMIR_OZHAN/LinkedListQuestions.cpp","startInFirst":{"line":26,"column":4,"tokenListIndex":19},"endInFirst":{"line":33,"column":1,"tokenListIndex":26},"startInSecond":{"line":49,"column":2,"tokenListIndex":39},"endInSecond":{"line":56,"column":9,"tokenListIndex":46},"lengthOfFirst":8,"lengthOfSecond":8},{"firstFileName":"AHMET_ZEKI_IHTIYAROGLU/LinkedListQuestions.cpp","secondFileName":"DEMIR_OZHAN/LinkedListQuestions.cpp","startInFirst":{"line":54,"column":4,"tokenListIndex":42},"endInFirst":{"line":64,"column":1,"tokenListIndex":48},"startInSecond":{"line":31,"column":1,"tokenListIndex":24},"endInSecond":{"line":38,"column":39,"tokenListIndex":30},"lengthOfFirst":7,"lengthOfSecond":7},{"firstFileName":"AHMET_ZEKI_IHTIYAROGLU/LinkedListQuestions.cpp","secondFileName":"DEMIR_OZHAN/LinkedListQuestions.cpp","startInFirst":{"line":11,"column":1,"tokenListIndex":9},"endInFirst":{"line":20,"column":8,"tokenListIndex":14},"startInSecond":{"line":21,"column":2,"tokenListIndex":15},"endInSecond":{"line":27,"column":4,"tokenListIndex":20},"lengthOfFirst":6,"lengthOfSecond":6}],"firstSimilarity":0.47540983606557374,"secondSimilarity":0.3258426966292135}