{"firstSubmissionId":"AHMET_ZEKI_IHTIYAROGLU","secondSubmissionId":"MERTCAN_ARSLAN","similarities":{"AVG":0.3157894736842105,"MAX":0.3442622950819672,"MAXIMUM_LENGTH":73.0,"LONGEST_MATCH":7.0},"matches":[{"firstFileName":"AHMET_ZEKI_IHTIYAROGLU/LinkedListQuestions.cpp","secondFileName":"MERTCAN_ARSLAN/LinkedListQuestions.cpp","startInFirst":{"line":9,"column":43,"tokenListIndex":2},"endInFirst":{"line":15,"column":8,"tokenListIndex":8},"startInSecond":{"line":43,"column":26,"tokenListIndex":36},"endInSecond":{"line":46,"column":10,"tokenListIndex":42},"lengthOfFirst":7,"lengthOfSecond":7},{"firstFileName":"AHMET_ZEKI_IHTIYAROGLU/LinkedListQuestions.cpp","secondFileName":"MERTCAN_ARSLAN/LinkedListQuestions.cpp","startInFirst":{"line":39,"column":4,"tokenListIndex":31},"endInFirst":{"line":46,"column":2,"tokenListIndex":37},"startInSecond":{"line":20,"column":3,"tokenListIndex":13},"endInSecond":{"line":26,"column":56,"tokenListIndex":19},"lengthOfFirst":7,"lengthOfSecond":7},{"firstFileName":"AHMET_ZEKI_IHTIYAROGLU/LinkedListQuestions.cpp","secondFileName":"MERTCAN_ARSLAN/LinkedListQuestions.cpp","startInFirst":{"line":59,"column":0,"tokenListIndex":45},"endInFirst":{"line":65,"column":8,"tokenListIndex":51},"startInSecond":{"line":65,"column":0,"tokenListIndex":58},"endInSecond":{"line":72,"column":8,"tokenListIndex":64},"lengthOfFirst":7,"lengthOfSecond":7}],"firstSimilarity":0.3442622950819672,"secondSimilarity":0.2916666666666667}