{"firstSubmissionId":"AHMET_ZEKI_IHTIYAROGLU","secondSubmissionId":"ERDAL_DENIZ_OZBEY","similarities":{"AVG":0.2898550724637681,"MAX":0.32786885245901637,"MAXIMUM_LENGTH":78.0,"LONGEST_MATCH":8.0},"matches":[{"firstFileName":"AHMET_ZEKI_IHTIYAROGLU/LinkedListQuestions.cpp","secondFileName":"ERDAL_DENIZ_OZBEY/LinkedListQuestions.cpp","startInFirst":{"line":26,"column":4,"tokenListIndex":19},"endInFirst":{"line":33,"column":1,"tokenListIndex":26},"startInSecond":{"line":23,"column":4,"tokenListIndex":21},"endInSecond":{"line":30,"column":31,"tokenListIndex":28},"lengthOfFirst":8,"lengthOfSecond":8},{"firstFileName":"AHMET_ZEKI_IHTIYAROGLU/LinkedListQuestions.cpp","secondFileName":"ERDAL_DENIZ_OZBEY/LinkedListQuestions.cpp","startInFirst":{"line":9,"column":0,"tokenListIndex":0},"endInFirst":{"line":14,"column":9,"tokenListIndex":5},"startInSecond":{"line":9,"column":0,"tokenListIndex":0},"endInSecond":{"line":10,"column":9,"tokenListIndex":5},"lengthOfFirst":6,"lengthOfSecond":6},{"firstFileName":"AHMET_ZEKI_IHTIYAROGLU/LinkedListQuestions.cpp","secondFileName":"ERDAL_DENIZ_OZBEY/LinkedListQuestions.cpp","startInFirst":{"line":56,"column":2,"tokenListIndex":43},"endInFirst":{"line":64,"column":1,"tokenListIndex":48},"startInSecond":{"line":39,"column":1,"tokenListIndex":34},"endInSecond":{"line":45,"column":47,"tokenListIndex":39},"lengthOfFirst":6,"lengthOfSecond":6}],"firstSimilarity":0.32786885245901637,"secondSimilarity":0.2597402597402597}