{"firstSubmissionId":"AHMET_ZEKI_IHTIYAROGLU","secondSubmissionId":"IRMAK_ZEHRA_EMRI","similarities":{"AVG":0.4,"MAX":0.4426229508196721,"MAXIMUM_LENGTH":75.0,"LONGEST_MATCH":12.0},"matches":[{"firstFileName":"AHMET_ZEKI_IHTIYAROGLU/LinkedListQuestions.cpp","secondFileName":"IRMAK_ZEHRA_EMRI/LinkedListQuestions.cpp","startInFirst":{"line":46,"column":2,"tokenListIndex":37},"endInFirst":{"line":64,"column":1,"tokenListIndex":48},"startInSecond":{"line":39,"column":0,"tokenListIndex":33},"endInSecond":{"line":51,"column":47,"tokenListIndex":44},"lengthOfFirst":12,"lengthOfSecond":12},{"firstFileName":"AHMET_ZEKI_IHTIYAROGLU/LinkedListQuestions.cpp","secondFileName":"IRMAK_ZEHRA_EMRI/LinkedListQuestions.cpp","startInFirst":{"line":9,"column":0,"tokenListIndex":0},"endInFirst":{"line":15,"column":8,"tokenListIndex":7},"startInSecond":{"line":9,"column":0,"tokenListIndex":0},"endInSecond":{"line":13,"column":6,"tokenListIndex":7},"lengthOfFirst":8,"lengthOfSecond":8},{"firstFileName":"AHMET_ZEKI_IHTIYAROGLU/LinkedListQuestions.cpp","secondFileName":"IRMAK_ZEHRA_EMRI/LinkedListQuestions.cpp","startInFirst":{"line":26,"column":4,"tokenListIndex":19},"endInFirst":{"line":32,"column":56,"tokenListIndex":25},"startInSecond":{"line":28,"column":2,"tokenListIndex":23},"endInSecond":{"line":34,"column":56,"tokenListIndex":29},"lengthOfFirst":7,"lengthOfSecond":7}],"firstSimilarity":0.4426229508196721,"secondSimilarity":0.36486486486486486}