{"firstSubmissionId":"AHMET_ZEKI_IHTIYAROGLU","secondSubmissionId":"SERHAT_YUNUSEMRE_KALPAKLI","similarities":{"AVG":0.3458646616541353,"MAX":0.3770491803278688,"MAXIMUM_LENGTH":73.0,"LONGEST_MATCH":9.0},"matches":[{"firstFileName":"AHMET_ZEKI_IHTIYAROGLU/LinkedListQuestions.cpp","secondFileName":"SERHAT_YUNUSEMRE_KALPAKLI/LinkedListQuestions.cpp","startInFirst":{"line":36,"column":5,"tokenListIndex":29},"endInFirst":{"line":46,"column":2,"tokenListIndex":37},"startInSecond":{"line":17,"column":2,"tokenListIndex":12},"endInSecond":{"line":26,"column":56,"tokenListIndex":20},"lengthOfFirst":9,"lengthOfSecond":9},{"firstFileName":"AHMET_ZEKI_IHTIYAROGLU/LinkedListQuestions.cpp","secondFileName":"SERHAT_YUNUSEMRE_KALPAKLI/LinkedListQuestions.cpp","startInFirst":{"line":27,"column":1,"tokenListIndex":20},"endInFirst":{"line":33,"column":1,"tokenListIndex":26},"startInSecond":{"line":39,"column":3,"tokenListIndex":30},"endInSecond":{"line":46,"column":8,"tokenListIndex":36},"lengthOfFirst":7,"lengthOfSecond":7},{"firstFileName":"AHMET_ZEKI_IHTIYAROGLU/LinkedListQuestions.cpp","secondFileName":"SERHAT_YUNUSEMRE_KALPAKLI/LinkedListQuestions.cpp","startInFirst":{"line":59,"column":0,"tokenListIndex":45},"endInFirst":{"line":65,"column":8,"tokenListIndex":51},"startInSecond":{"line":71,"column":0,"tokenListIndex":58},"endInSecond":{"line":77,"column":9,"tokenListIndex":64},"lengthOfFirst":7,"lengthOfSecond":7}],"firstSimilarity":0.3770491803278688,"secondSimilarity":0.3194444444444444}