{"firstSubmissionId":"AHMET_ZEKI_IHTIYAROGLU","secondSubmissionId":"ALGUHAN_KURULAR","similarities":{"AVG":0.484375,"MAX":0.5081967213114754,"MAXIMUM_LENGTH":68.0,"LONGEST_MATCH":10.0},"matches":[{"firstFileName":"AHMET_ZEKI_IHTIYAROGLU/LinkedListQuestions.cpp","secondFileName":"ALGUHAN_KURULAR/LinkedListQuestions.cpp","startInFirst":{"line":24,"column":6,"tokenListIndex":17},"endInFirst":{"line":33,"column":1,"tokenListIndex":26},"startInSecond":{"line":35,"column":2,"tokenListIndex":31},"endInSecond":{"line":43,"column":9,"tokenListIndex":40},"lengthOfFirst":10,"lengthOfSecond":10},{"firstFileName":"AHMET_ZEKI_IHTIYAROGLU/LinkedListQuestions.cpp","secondFileName":"ALGUHAN_KURULAR/LinkedListQuestions.cpp","startInFirst":{"line":59,"column":0,"tokenListIndex":45},"endInFirst":{"line":69,"column":5,"tokenListIndex":53},"startInSecond":{"line":71,"column":0,"tokenListIndex":55},"endInSecond":{"line":81,"column":3,"tokenListIndex":63},"lengthOfFirst":9,"lengthOfSecond":9},{"firstFileName":"AHMET_ZEKI_IHTIYAROGLU/LinkedListQuestions.cpp","secondFileName":"ALGUHAN_KURULAR/LinkedListQuestions.cpp","startInFirst":{"line":9,"column":0,"tokenListIndex":0},"endInFirst":{"line":14,"column":9,"tokenListIndex":5},"startInSecond":{"line":9,"column":0,"tokenListIndex":0},"endInSecond":{"line":10,"column":9,"tokenListIndex":5},"lengthOfFirst":6,"lengthOfSecond":6},{"firstFileName":"AHMET_ZEKI_IHTIYAROGLU/LinkedListQuestions.cpp","secondFileName":"ALGUHAN_KURULAR/LinkedListQuestions.cpp","startInFirst":{"line":45,"column":26,"tokenListIndex":35},"endInFirst":{"line":50,"column":4,"tokenListIndex":40},"startInSecond":{"line":27,"column":39,"tokenListIndex":23},"endInSecond":{"line":30,"column":3,"tokenListIndex":28},"lengthOfFirst":6,"lengthOfSecond":6}],"firstSimilarity":0.5081967213114754,"secondSimilarity":0.4626865671641791}