{"firstSubmissionId":"AHMET_ZEKI_IHTIYAROGLU","secondSubmissionId":"EDHEM_TATAR","similarities":{"AVG":0.2535211267605634,"MAX":0.29508196721311475,"MAXIMUM_LENGTH":82.0,"LONGEST_MATCH":10.0},"matches":[{"firstFileName":"AHMET_ZEKI_IHTIYAROGLU/LinkedListQuestions.cpp","secondFileName":"EDHEM_TATAR/LinkedListQuestions.cpp","startInFirst":{"line":36,"column":5,"tokenListIndex":29},"endInFirst":{"line":46,"column":9,"tokenListIndex":38},"startInSecond":{"line":42,"column":3,"tokenListIndex":31},"endInSecond":{"line":51,"column":10,"tokenListIndex":40},"lengthOfFirst":10,"lengthOfSecond":10},{"firstFileName":"AHMET_ZEKI_IHTIYAROGLU/LinkedListQuestions.cpp","secondFileName":"EDHEM_TATAR/LinkedListQuestions.cpp","startInFirst":{"line":9,"column":0,"tokenListIndex":0},"endInFirst":{"line":15,"column":8,"tokenListIndex":7},"startInSecond":{"line":26,"column":0,"tokenListIndex":15},"endInSecond":{"line":30,"column":6,"tokenListIndex":22},"lengthOfFirst":8,"lengthOfSecond":8}],"firstSimilarity":0.29508196721311475,"secondSimilarity":0.2222222222222222}