{"firstSubmissionId":"AHMET_ZEKI_IHTIYAROGLU","secondSubmissionId":"SUDE_ATANSAY","similarities":{"AVG":0.25196850393700787,"MAX":0.26229508196721313,"MAXIMUM_LENGTH":67.0,"LONGEST_MATCH":9.0},"matches":[{"firstFileName":"AHMET_ZEKI_IHTIYAROGLU/LinkedListQuestions.cpp","secondFileName":"SUDE_ATANSAY/LinkedListQuestions.cpp","startInFirst":{"line":59,"column":0,"tokenListIndex":45},"endInFirst":{"line":69,"column":5,"tokenListIndex":53},"startInSecond":{"line":64,"column":2,"tokenListIndex":54},"endInSecond":{"line":75,"column":5,"tokenListIndex":62},"lengthOfFirst":9,"lengthOfSecond":9},{"firstFileName":"AHMET_ZEKI_IHTIYAROGLU/LinkedListQuestions.cpp","secondFileName":"SUDE_ATANSAY/LinkedListQuestions.cpp","startInFirst":{"line":26,"column":4,"tokenListIndex":19},"endInFirst":{"line":32,"column":56,"tokenListIndex":25},"startInSecond":{"line":22,"column":3,"tokenListIndex":17},"endInSecond":{"line":29,"column":56,"tokenListIndex":23},"lengthOfFirst":7,"lengthOfSecond":7}],"firstSimilarity":0.26229508196721313,"secondSimilarity":0.24242424242424243}