{"firstSubmissionId":"AHMET_ZEKI_IHTIYAROGLU","secondSubmissionId":"YUSUF_ERDEM_ALTINSOY","similarities":{"AVG":0.35658914728682173,"MAX":0.3770491803278688,"MAXIMUM_LENGTH":69.0,"LONGEST_MATCH":8.0},"matches":[{"firstFileName":"AHMET_ZEKI_IHTIYAROGLU/LinkedListQuestions.cpp","secondFileName":"YUSUF_ERDEM_ALTINSOY/LinkedListQuestions.cpp","startInFirst":{"line":9,"column":0,"tokenListIndex":0},"endInFirst":{"line":15,"column":8,"tokenListIndex":7},"startInSecond":{"line":9,"column":0,"tokenListIndex":0},"endInSecond":{"line":13,"column":8,"tokenListIndex":7},"lengthOfFirst":8,"lengthOfSecond":8},{"firstFileName":"AHMET_ZEKI_IHTIYAROGLU/LinkedListQuestions.cpp","secondFileName":"YUSUF_ERDEM_ALTINSOY/LinkedListQuestions.cpp","startInFirst":{"line":26,"column":4,"tokenListIndex":19},"endInFirst":{"line":33,"column":1,"tokenListIndex":26},"startInSecond":{"line":42,"column":3,"tokenListIndex":31},"endInSecond":{"line":50,"column":6,"tokenListIndex":38},"lengthOfFirst":8,"lengthOfSecond":8},{"firstFileName":"AHMET_ZEKI_IHTIYAROGLU/LinkedListQuestions.cpp","secondFileName":"YUSUF_ERDEM_ALTINSOY/LinkedListQuestions.cpp","startInFirst":{"line":59,"column":0,"tokenListIndex":45},"endInFirst":{"line":65,"column":8,"tokenListIndex":51},"startInSecond":{"line":64,"column":0,"tokenListIndex":50},"endInSecond":{"line":70,"column":6,"tokenListIndex":56},"lengthOfFirst":7,"lengthOfSecond":7}],"firstSimilarity":0.3770491803278688,"secondSimilarity":0.3382352941176471}