{"firstSubmissionId":"AHMET_ZEKI_IHTIYAROGLU","secondSubmissionId":"ISMAIL_EFE_YALCINKAYA","similarities":{"AVG":0.3770491803278688,"MAX":0.3770491803278688,"MAXIMUM_LENGTH":62.0,"LONGEST_MATCH":8.0},"matches":[{"firstFileName":"AHMET_ZEKI_IHTIYAROGLU/LinkedListQuestions.cpp","secondFileName":"ISMAIL_EFE_YALCINKAYA/LinkedListQuestions.cpp","startInFirst":{"line":9,"column":0,"tokenListIndex":0},"endInFirst":{"line":15,"column":8,"tokenListIndex":7},"startInSecond":{"line":6,"column":0,"tokenListIndex":0},"endInSecond":{"line":8,"column":9,"tokenListIndex":7},"lengthOfFirst":8,"lengthOfSecond":8},{"firstFileName":"AHMET_ZEKI_IHTIYAROGLU/LinkedListQuestions.cpp","secondFileName":"ISMAIL_EFE_YALCINKAYA/LinkedListQuestions.cpp","startInFirst":{"line":53,"column":4,"tokenListIndex":41},"endInFirst":{"line":64,"column":1,"tokenListIndex":48},"startInSecond":{"line":27,"column":4,"tokenListIndex":26},"endInSecond":{"line":34,"column":47,"tokenListIndex":33},"lengthOfFirst":8,"lengthOfSecond":8},{"firstFileName":"AHMET_ZEKI_IHTIYAROGLU/LinkedListQuestions.cpp","secondFileName":"ISMAIL_EFE_YALCINKAYA/LinkedListQuestions.cpp","startInFirst":{"line":26,"column":4,"tokenListIndex":19},"endInFirst":{"line":32,"column":56,"tokenListIndex":25},"startInSecond":{"line":16,"column":2,"tokenListIndex":14},"endInSecond":{"line":21,"column":56,"tokenListIndex":20},"lengthOfFirst":7,"lengthOfSecond":7}],"firstSimilarity":0.3770491803278688,"secondSimilarity":0.3770491803278688}