{"firstSubmissionId":"AHMET_ZEKI_IHTIYAROGLU","secondSubmissionId":"EMRE_ERGUL","similarities":{"AVG":0.4148148148148148,"MAX":0.45901639344262296,"MAXIMUM_LENGTH":75.0,"LONGEST_MATCH":11.0},"matches":[{"firstFileName":"AHMET_ZEKI_IHTIYAROGLU/LinkedListQuestions.cpp","secondFileName":"EMRE_ERGUL/LinkedListQuestions.cpp","startInFirst":{"line":41,"column":0,"tokenListIndex":33},"endInFirst":{"line":56,"column":2,"tokenListIndex":43},"startInSecond":{"line":37,"column":0,"tokenListIndex":33},"endInSecond":{"line":50,"column":1,"tokenListIndex":43},"lengthOfFirst":11,"lengthOfSecond":11},{"firstFileName":"AHMET_ZEKI_IHTIYAROGLU/LinkedListQuestions.cpp","secondFileName":"EMRE_ERGUL/LinkedListQuestions.cpp","startInFirst":{"line":59,"column":0,"tokenListIndex":45},"endInFirst":{"line":69,"column":5,"tokenListIndex":53},"startInSecond":{"line":51,"column":0,"tokenListIndex":44},"endInSecond":{"line":59,"column":2,"tokenListIndex":52},"lengthOfFirst":9,"lengthOfSecond":9},{"firstFileName":"AHMET_ZEKI_IHTIYAROGLU/LinkedListQuestions.cpp","secondFileName":"EMRE_ERGUL/LinkedListQuestions.cpp","startInFirst":{"line":9,"column":0,"tokenListIndex":0},"endInFirst":{"line":15,"column":8,"tokenListIndex":7},"startInSecond":{"line":9,"column":0,"tokenListIndex":0},"endInSecond":{"line":11,"column":5,"tokenListIndex":7},"lengthOfFirst":8,"lengthOfSecond":8}],"firstSimilarity":0.45901639344262296,"secondSimilarity":0.3783783783783784}