{"firstSubmissionId":"AHMET_ZEKI_IHTIYAROGLU","secondSubmissionId":"EGE_HURIEL","similarities":{"AVG":0.22950819672131148,"MAX":0.22950819672131148,"MAXIMUM_LENGTH":62.0,"LONGEST_MATCH":8.0},"matches":[{"firstFileName":"AHMET_ZEKI_IHTIYAROGLU/LinkedListQuestions.cpp","secondFileName":"EGE_HURIEL/LinkedListQuestions.cpp","startInFirst":{"line":26,"column":4,"tokenListIndex":19},"endInFirst":{"line":33,"column":1,"tokenListIndex":26},"startInSecond":{"line":32,"column":2,"tokenListIndex":29},"endInSecond":{"line":40,"column":6,"tokenListIndex":36},"lengthOfFirst":8,"lengthOfSecond":8},{"firstFileName":"AHMET_ZEKI_IHTIYAROGLU/LinkedListQuestions.cpp","secondFileName":"EGE_HURIEL/LinkedListQuestions.cpp","startInFirst":{"line":9,"column":0,"tokenListIndex":0},"endInFirst":{"line":14,"column":9,"tokenListIndex":5},"startInSecond":{"line":23,"column":0,"tokenListIndex":18},"endInSecond":{"line":25,"column":6,"tokenListIndex":23},"lengthOfFirst":6,"lengthOfSecond":6}],"firstSimilarity":0.22950819672131148,"secondSimilarity":0.22950819672131148}