{"firstSubmissionId":"ALGUHAN_KURULAR","secondSubmissionId":"MERTCAN_ARSLAN","similarities":{"AVG":0.7050359712230215,"MAX":0.7083333333333334,"MAXIMUM_LENGTH":73.0,"LONGEST_MATCH":21.0},"matches":[{"firstFileName":"ALGUHAN_KURULAR/LinkedListQuestions.cpp","secondFileName":"MERTCAN_ARSLAN/LinkedListQuestions.cpp","startInFirst":{"line":21,"column":2,"tokenListIndex":17},"endInFirst":{"line":28,"column":9,"tokenListIndex":26},"startInSecond":{"line":20,"column":3,"tokenListIndex":13},"endInSecond":{"line":27,"column":8,"tokenListIndex":21},"lengthOfFirst":10,"lengthOfSecond":9},{"firstFileName":"ALGUHAN_KURULAR/LinkedListQuestions.cpp","secondFileName":"MERTCAN_ARSLAN/LinkedListQuestions.cpp","startInFirst":{"line":30,"column":3,"tokenListIndex":28},"endInFirst":{"line":56,"column":14,"tokenListIndex":48},"startInSecond":{"line":30,"column":5,"tokenListIndex":27},"endInSecond":{"line":54,"column":5,"tokenListIndex":50},"lengthOfFirst":21,"lengthOfSecond":24},{"firstFileName":"ALGUHAN_KURULAR/LinkedListQuestions.cpp","secondFileName":"MERTCAN_ARSLAN/LinkedListQuestions.cpp","startInFirst":{"line":66,"column":3,"tokenListIndex":51},"endInFirst":{"line":89,"column":0,"tokenListIndex":66},"startInSecond":{"line":58,"column":6,"tokenListIndex":54},"endInSecond":{"line":87,"column":0,"tokenListIndex":71},"lengthOfFirst":16,"lengthOfSecond":18}],"firstSimilarity":0.7014925373134329,"secondSimilarity":0.7083333333333334}