{"firstSubmissionId":"ALGUHAN_KURULAR","secondSubmissionId":"EDHEM_TATAR","similarities":{"AVG":0.33783783783783783,"MAX":0.373134328358209,"MAXIMUM_LENGTH":82.0,"LONGEST_MATCH":10.0},"matches":[{"firstFileName":"ALGUHAN_KURULAR/LinkedListQuestions.cpp","secondFileName":"EDHEM_TATAR/LinkedListQuestions.cpp","startInFirst":{"line":38,"column":0,"tokenListIndex":35},"endInFirst":{"line":50,"column":3,"tokenListIndex":44},"startInSecond":{"line":45,"column":0,"tokenListIndex":35},"endInSecond":{"line":55,"column":3,"tokenListIndex":44},"lengthOfFirst":10,"lengthOfSecond":10},{"firstFileName":"ALGUHAN_KURULAR/LinkedListQuestions.cpp","secondFileName":"EDHEM_TATAR/LinkedListQuestions.cpp","startInFirst":{"line":12,"column":2,"tokenListIndex":6},"endInFirst":{"line":15,"column":26,"tokenListIndex":13},"startInSecond":{"line":11,"column":2,"tokenListIndex":4},"endInSecond":{"line":16,"column":28,"tokenListIndex":11},"lengthOfFirst":8,"lengthOfSecond":8},{"firstFileName":"ALGUHAN_KURULAR/LinkedListQuestions.cpp","secondFileName":"EDHEM_TATAR/LinkedListQuestions.cpp","startInFirst":{"line":23,"column":0,"tokenListIndex":20},"endInFirst":{"line":28,"column":9,"tokenListIndex":26},"startInSecond":{"line":22,"column":0,"tokenListIndex":14},"endInSecond":{"line":28,"column":10,"tokenListIndex":20},"lengthOfFirst":7,"lengthOfSecond":7}],"firstSimilarity":0.373134328358209,"secondSimilarity":0.30864197530864196}