{"firstSubmissionId":"ALGUHAN_KURULAR","secondSubmissionId":"EMRE_ERGUL","similarities":{"AVG":0.624113475177305,"MAX":0.6567164179104478,"MAXIMUM_LENGTH":75.0,"LONGEST_MATCH":14.0},"matches":[{"firstFileName":"ALGUHAN_KURULAR/LinkedListQuestions.cpp","secondFileName":"EMRE_ERGUL/LinkedListQuestions.cpp","startInFirst":{"line":66,"column":17,"tokenListIndex":52},"endInFirst":{"line":86,"column":2,"tokenListIndex":65},"startInSecond":{"line":48,"column":2,"tokenListIndex":41},"endInSecond":{"line":61,"column":1,"tokenListIndex":54},"lengthOfFirst":14,"lengthOfSecond":14},{"firstFileName":"ALGUHAN_KURULAR/LinkedListQuestions.cpp","secondFileName":"EMRE_ERGUL/LinkedListQuestions.cpp","startInFirst":{"line":23,"column":0,"tokenListIndex":20},"endInFirst":{"line":32,"column":4,"tokenListIndex":29},"startInSecond":{"line":23,"column":0,"tokenListIndex":19},"endInSecond":{"line":32,"column":3,"tokenListIndex":28},"lengthOfFirst":10,"lengthOfSecond":10},{"firstFileName":"ALGUHAN_KURULAR/LinkedListQuestions.cpp","secondFileName":"EMRE_ERGUL/LinkedListQuestions.cpp","startInFirst":{"line":36,"column":2,"tokenListIndex":33},"endInFirst":{"line":43,"column":9,"tokenListIndex":40},"startInSecond":{"line":35,"column":1,"tokenListIndex":31},"endInSecond":{"line":42,"column":8,"tokenListIndex":38},"lengthOfFirst":8,"lengthOfSecond":8},{"firstFileName":"ALGUHAN_KURULAR/LinkedListQuestions.cpp","secondFileName":"EMRE_ERGUL/LinkedListQuestions.cpp","startInFirst":{"line":9,"column":0,"tokenListIndex":0},"endInFirst":{"line":10,"column":9,"tokenListIndex":5},"startInSecond":{"line":9,"column":0,"tokenListIndex":0},"endInSecond":{"line":10,"column":8,"tokenListIndex":5},"lengthOfFirst":6,"lengthOfSecond":6},{"firstFileName":"ALGUHAN_KURULAR/LinkedListQuestions.cpp","secondFileName":"EMRE_ERGUL/LinkedListQuestions.cpp","startInFirst":{"line":13,"column":3,"tokenListIndex":8},"endInFirst":{"line":15,"column":26,"tokenListIndex":13},"startInSecond":{"line":63,"column":2,"tokenListIndex":56},"endInSecond":{"line":65,"column":32,"tokenListIndex":61},"lengthOfFirst":6,"lengthOfSecond":6}],"firstSimilarity":0.6567164179104478,"secondSimilarity":0.5945945945945946}