{"firstSubmissionId":"ALGUHAN_KURULAR","secondSubmissionId":"ERDAL_DENIZ_OZBEY","similarities":{"AVG":0.3055555555555556,"MAX":0.3283582089552239,"MAXIMUM_LENGTH":78.0,"LONGEST_MATCH":8.0},"matches":[{"firstFileName":"ALGUHAN_KURULAR/LinkedListQuestions.cpp","secondFileName":"ERDAL_DENIZ_OZBEY/LinkedListQuestions.cpp","startInFirst":{"line":36,"column":2,"tokenListIndex":33},"endInFirst":{"line":43,"column":9,"tokenListIndex":40},"startInSecond":{"line":23,"column":4,"tokenListIndex":21},"endInSecond":{"line":30,"column":31,"tokenListIndex":28},"lengthOfFirst":8,"lengthOfSecond":8},{"firstFileName":"ALGUHAN_KURULAR/LinkedListQuestions.cpp","secondFileName":"ERDAL_DENIZ_OZBEY/LinkedListQuestions.cpp","startInFirst":{"line":77,"column":2,"tokenListIndex":58},"endInFirst":{"line":86,"column":2,"tokenListIndex":65},"startInSecond":{"line":73,"column":5,"tokenListIndex":67},"endInSecond":{"line":80,"column":2,"tokenListIndex":74},"lengthOfFirst":8,"lengthOfSecond":8},{"firstFileName":"ALGUHAN_KURULAR/LinkedListQuestions.cpp","secondFileName":"ERDAL_DENIZ_OZBEY/LinkedListQuestions.cpp","startInFirst":{"line":9,"column":0,"tokenListIndex":0},"endInFirst":{"line":10,"column":9,"tokenListIndex":5},"startInSecond":{"line":9,"column":0,"tokenListIndex":0},"endInSecond":{"line":10,"column":9,"tokenListIndex":5},"lengthOfFirst":6,"lengthOfSecond":6}],"firstSimilarity":0.3283582089552239,"secondSimilarity":0.2857142857142857}