{"firstSubmissionId":"ALGUHAN_KURULAR","secondSubmissionId":"YUSUF_ERDEM_ALTINSOY","similarities":{"AVG":0.4,"MAX":0.40298507462686567,"MAXIMUM_LENGTH":69.0,"LONGEST_MATCH":12.0},"matches":[{"firstFileName":"ALGUHAN_KURULAR/LinkedListQuestions.cpp","secondFileName":"YUSUF_ERDEM_ALTINSOY/LinkedListQuestions.cpp","startInFirst":{"line":36,"column":2,"tokenListIndex":33},"endInFirst":{"line":50,"column":3,"tokenListIndex":44},"startInSecond":{"line":42,"column":3,"tokenListIndex":31},"endInSecond":{"line":54,"column":2,"tokenListIndex":42},"lengthOfFirst":12,"lengthOfSecond":12},{"firstFileName":"ALGUHAN_KURULAR/LinkedListQuestions.cpp","secondFileName":"YUSUF_ERDEM_ALTINSOY/LinkedListQuestions.cpp","startInFirst":{"line":67,"column":3,"tokenListIndex":53},"endInFirst":{"line":78,"column":9,"tokenListIndex":61},"startInSecond":{"line":60,"column":2,"tokenListIndex":48},"endInSecond":{"line":70,"column":6,"tokenListIndex":56},"lengthOfFirst":9,"lengthOfSecond":9},{"firstFileName":"ALGUHAN_KURULAR/LinkedListQuestions.cpp","secondFileName":"YUSUF_ERDEM_ALTINSOY/LinkedListQuestions.cpp","startInFirst":{"line":9,"column":0,"tokenListIndex":0},"endInFirst":{"line":10,"column":9,"tokenListIndex":5},"startInSecond":{"line":9,"column":0,"tokenListIndex":0},"endInSecond":{"line":11,"column":6,"tokenListIndex":5},"lengthOfFirst":6,"lengthOfSecond":6}],"firstSimilarity":0.40298507462686567,"secondSimilarity":0.39705882352941174}