{"firstSubmissionId":"ALGUHAN_KURULAR","secondSubmissionId":"IRMAK_ZEHRA_EMRI","similarities":{"AVG":0.3546099290780142,"MAX":0.373134328358209,"MAXIMUM_LENGTH":75.0,"LONGEST_MATCH":12.0},"matches":[{"firstFileName":"ALGUHAN_KURULAR/LinkedListQuestions.cpp","secondFileName":"IRMAK_ZEHRA_EMRI/LinkedListQuestions.cpp","startInFirst":{"line":36,"column":2,"tokenListIndex":33},"endInFirst":{"line":50,"column":3,"tokenListIndex":44},"startInSecond":{"line":45,"column":0,"tokenListIndex":39},"endInSecond":{"line":58,"column":3,"tokenListIndex":50},"lengthOfFirst":12,"lengthOfSecond":12},{"firstFileName":"ALGUHAN_KURULAR/LinkedListQuestions.cpp","secondFileName":"IRMAK_ZEHRA_EMRI/LinkedListQuestions.cpp","startInFirst":{"line":71,"column":0,"tokenListIndex":55},"endInFirst":{"line":78,"column":9,"tokenListIndex":61},"startInSecond":{"line":67,"column":0,"tokenListIndex":57},"endInSecond":{"line":75,"column":9,"tokenListIndex":63},"lengthOfFirst":7,"lengthOfSecond":7},{"firstFileName":"ALGUHAN_KURULAR/LinkedListQuestions.cpp","secondFileName":"IRMAK_ZEHRA_EMRI/LinkedListQuestions.cpp","startInFirst":{"line":9,"column":0,"tokenListIndex":0},"endInFirst":{"line":10,"column":9,"tokenListIndex":5},"startInSecond":{"line":9,"column":0,"tokenListIndex":0},"endInSecond":{"line":12,"column":9,"tokenListIndex":5},"lengthOfFirst":6,"lengthOfSecond":6}],"firstSimilarity":0.373134328358209,"secondSimilarity":0.33783783783783783}