{"firstSubmissionId":"ALGUHAN_KURULAR","secondSubmissionId":"SERHAT_YUNUSEMRE_KALPAKLI","similarities":{"AVG":0.4172661870503597,"MAX":0.43283582089552236,"MAXIMUM_LENGTH":73.0,"LONGEST_MATCH":12.0},"matches":[{"firstFileName":"ALGUHAN_KURULAR/LinkedListQuestions.cpp","secondFileName":"SERHAT_YUNUSEMRE_KALPAKLI/LinkedListQuestions.cpp","startInFirst":{"line":37,"column":2,"tokenListIndex":34},"endInFirst":{"line":51,"column":4,"tokenListIndex":45},"startInSecond":{"line":39,"column":3,"tokenListIndex":30},"endInSecond":{"line":50,"column":4,"tokenListIndex":41},"lengthOfFirst":12,"lengthOfSecond":12},{"firstFileName":"ALGUHAN_KURULAR/LinkedListQuestions.cpp","secondFileName":"SERHAT_YUNUSEMRE_KALPAKLI/LinkedListQuestions.cpp","startInFirst":{"line":77,"column":2,"tokenListIndex":58},"endInFirst":{"line":89,"column":0,"tokenListIndex":66},"startInSecond":{"line":77,"column":2,"tokenListIndex":63},"endInSecond":{"line":90,"column":0,"tokenListIndex":71},"lengthOfFirst":9,"lengthOfSecond":9},{"firstFileName":"ALGUHAN_KURULAR/LinkedListQuestions.cpp","secondFileName":"SERHAT_YUNUSEMRE_KALPAKLI/LinkedListQuestions.cpp","startInFirst":{"line":9,"column":0,"tokenListIndex":0},"endInFirst":{"line":12,"column":13,"tokenListIndex":7},"startInSecond":{"line":26,"column":0,"tokenListIndex":17},"endInSecond":{"line":28,"column":6,"tokenListIndex":24},"lengthOfFirst":8,"lengthOfSecond":8}],"firstSimilarity":0.43283582089552236,"secondSimilarity":0.4027777777777778}