{"firstSubmissionId":"ALGUHAN_KURULAR","secondSubmissionId":"DEMIR_OZHAN","similarities":{"AVG":0.48717948717948717,"MAX":0.5671641791044776,"MAXIMUM_LENGTH":90.0,"LONGEST_MATCH":13.0},"matches":[{"firstFileName":"ALGUHAN_KURULAR/LinkedListQuestions.cpp","secondFileName":"DEMIR_OZHAN/LinkedListQuestions.cpp","startInFirst":{"line":36,"column":2,"tokenListIndex":33},"endInFirst":{"line":51,"column":4,"tokenListIndex":45},"startInSecond":{"line":49,"column":2,"tokenListIndex":39},"endInSecond":{"line":63,"column":4,"tokenListIndex":51},"lengthOfFirst":13,"lengthOfSecond":13},{"firstFileName":"ALGUHAN_KURULAR/LinkedListQuestions.cpp","secondFileName":"DEMIR_OZHAN/LinkedListQuestions.cpp","startInFirst":{"line":23,"column":0,"tokenListIndex":20},"endInFirst":{"line":32,"column":4,"tokenListIndex":29},"startInSecond":{"line":34,"column":0,"tokenListIndex":27},"endInSecond":{"line":45,"column":4,"tokenListIndex":36},"lengthOfFirst":10,"lengthOfSecond":10},{"firstFileName":"ALGUHAN_KURULAR/LinkedListQuestions.cpp","secondFileName":"DEMIR_OZHAN/LinkedListQuestions.cpp","startInFirst":{"line":77,"column":2,"tokenListIndex":58},"endInFirst":{"line":89,"column":0,"tokenListIndex":66},"startInSecond":{"line":104,"column":2,"tokenListIndex":80},"endInSecond":{"line":120,"column":0,"tokenListIndex":88},"lengthOfFirst":9,"lengthOfSecond":9},{"firstFileName":"ALGUHAN_KURULAR/LinkedListQuestions.cpp","secondFileName":"DEMIR_OZHAN/LinkedListQuestions.cpp","startInFirst":{"line":9,"column":0,"tokenListIndex":0},"endInFirst":{"line":10,"column":9,"tokenListIndex":5},"startInSecond":{"line":9,"column":0,"tokenListIndex":0},"endInSecond":{"line":10,"column":9,"tokenListIndex":5},"lengthOfFirst":6,"lengthOfSecond":6}],"firstSimilarity":0.5671641791044776,"secondSimilarity":0.42696629213483145}