{"firstSubmissionId":"ALP_DIKMEN","secondSubmissionId":"EDHEM_TATAR","similarities":{"AVG":0.4,"MAX":0.4745762711864407,"MAXIMUM_LENGTH":82.0,"LONGEST_MATCH":13.0},"matches":[{"firstFileName":"ALP_DIKMEN/LinkedListQuestions.cpp","secondFileName":"EDHEM_TATAR/LinkedListQuestions.cpp","startInFirst":{"line":17,"column":4,"tokenListIndex":6},"endInFirst":{"line":32,"column":8,"tokenListIndex":18},"startInSecond":{"line":16,"column":2,"tokenListIndex":8},"endInSecond":{"line":28,"column":10,"tokenListIndex":20},"lengthOfFirst":13,"lengthOfSecond":13},{"firstFileName":"ALP_DIKMEN/LinkedListQuestions.cpp","secondFileName":"EDHEM_TATAR/LinkedListQuestions.cpp","startInFirst":{"line":46,"column":0,"tokenListIndex":26},"endInFirst":{"line":53,"column":9,"tokenListIndex":33},"startInSecond":{"line":45,"column":0,"tokenListIndex":35},"endInSecond":{"line":52,"column":6,"tokenListIndex":42},"lengthOfFirst":8,"lengthOfSecond":8},{"firstFileName":"ALP_DIKMEN/LinkedListQuestions.cpp","secondFileName":"EDHEM_TATAR/LinkedListQuestions.cpp","startInFirst":{"line":74,"column":15,"tokenListIndex":45},"endInFirst":{"line":85,"column":2,"tokenListIndex":51},"startInSecond":{"line":70,"column":4,"tokenListIndex":64},"endInSecond":{"line":80,"column":3,"tokenListIndex":70},"lengthOfFirst":7,"lengthOfSecond":7}],"firstSimilarity":0.4745762711864407,"secondSimilarity":0.345679012345679}