{"firstSubmissionId":"ALP_DIKMEN","secondSubmissionId":"YUSUF_ERDEM_ALTINSOY","similarities":{"AVG":0.4566929133858268,"MAX":0.4915254237288136,"MAXIMUM_LENGTH":69.0,"LONGEST_MATCH":17.0},"matches":[{"firstFileName":"ALP_DIKMEN/LinkedListQuestions.cpp","secondFileName":"YUSUF_ERDEM_ALTINSOY/LinkedListQuestions.cpp","startInFirst":{"line":32,"column":1,"tokenListIndex":17},"endInFirst":{"line":53,"column":9,"tokenListIndex":33},"startInSecond":{"line":34,"column":3,"tokenListIndex":24},"endInSecond":{"line":51,"column":8,"tokenListIndex":40},"lengthOfFirst":17,"lengthOfSecond":17},{"firstFileName":"ALP_DIKMEN/LinkedListQuestions.cpp","secondFileName":"YUSUF_ERDEM_ALTINSOY/LinkedListQuestions.cpp","startInFirst":{"line":9,"column":0,"tokenListIndex":0},"endInFirst":{"line":13,"column":11,"tokenListIndex":5},"startInSecond":{"line":9,"column":0,"tokenListIndex":0},"endInSecond":{"line":11,"column":6,"tokenListIndex":5},"lengthOfFirst":6,"lengthOfSecond":6},{"firstFileName":"ALP_DIKMEN/LinkedListQuestions.cpp","secondFileName":"YUSUF_ERDEM_ALTINSOY/LinkedListQuestions.cpp","startInFirst":{"line":24,"column":4,"tokenListIndex":11},"endInFirst":{"line":30,"column":56,"tokenListIndex":16},"startInSecond":{"line":23,"column":1,"tokenListIndex":15},"endInSecond":{"line":28,"column":56,"tokenListIndex":20},"lengthOfFirst":6,"lengthOfSecond":6}],"firstSimilarity":0.4915254237288136,"secondSimilarity":0.4264705882352941}