{"firstSubmissionId":"ALP_DIKMEN","secondSubmissionId":"SUDE_ATANSAY","similarities":{"AVG":0.4,"MAX":0.423728813559322,"MAXIMUM_LENGTH":67.0,"LONGEST_MATCH":19.0},"matches":[{"firstFileName":"ALP_DIKMEN/LinkedListQuestions.cpp","secondFileName":"SUDE_ATANSAY/LinkedListQuestions.cpp","startInFirst":{"line":24,"column":4,"tokenListIndex":11},"endInFirst":{"line":50,"column":47,"tokenListIndex":29},"startInSecond":{"line":23,"column":1,"tokenListIndex":18},"endInSecond":{"line":45,"column":47,"tokenListIndex":36},"lengthOfFirst":19,"lengthOfSecond":19},{"firstFileName":"ALP_DIKMEN/LinkedListQuestions.cpp","secondFileName":"SUDE_ATANSAY/LinkedListQuestions.cpp","startInFirst":{"line":84,"column":3,"tokenListIndex":50},"endInFirst":{"line":93,"column":20,"tokenListIndex":55},"startInSecond":{"line":61,"column":4,"tokenListIndex":51},"endInSecond":{"line":69,"column":20,"tokenListIndex":56},"lengthOfFirst":6,"lengthOfSecond":6}],"firstSimilarity":0.423728813559322,"secondSimilarity":0.3787878787878788}