{"firstSubmissionId":"ALP_DIKMEN","secondSubmissionId":"BORA_ERDEM_ALAN","similarities":{"AVG":0.3333333333333333,"MAX":0.3389830508474576,"MAXIMUM_LENGTH":62.0,"LONGEST_MATCH":7.0},"matches":[{"firstFileName":"ALP_DIKMEN/LinkedListQuestions.cpp","secondFileName":"BORA_ERDEM_ALAN/LinkedListQuestions.cpp","startInFirst":{"line":9,"column":0,"tokenListIndex":0},"endInFirst":{"line":17,"column":4,"tokenListIndex":6},"startInSecond":{"line":9,"column":0,"tokenListIndex":0},"endInSecond":{"line":12,"column":1,"tokenListIndex":6},"lengthOfFirst":7,"lengthOfSecond":7},{"firstFileName":"ALP_DIKMEN/LinkedListQuestions.cpp","secondFileName":"BORA_ERDEM_ALAN/LinkedListQuestions.cpp","startInFirst":{"line":26,"column":0,"tokenListIndex":12},"endInFirst":{"line":32,"column":8,"tokenListIndex":18},"startInSecond":{"line":20,"column":0,"tokenListIndex":15},"endInSecond":{"line":25,"column":14,"tokenListIndex":21},"lengthOfFirst":7,"lengthOfSecond":7},{"firstFileName":"ALP_DIKMEN/LinkedListQuestions.cpp","secondFileName":"BORA_ERDEM_ALAN/LinkedListQuestions.cpp","startInFirst":{"line":46,"column":0,"tokenListIndex":26},"endInFirst":{"line":52,"column":9,"tokenListIndex":31},"startInSecond":{"line":33,"column":0,"tokenListIndex":30},"endInSecond":{"line":38,"column":14,"tokenListIndex":35},"lengthOfFirst":6,"lengthOfSecond":6}],"firstSimilarity":0.3389830508474576,"secondSimilarity":0.32786885245901637}