{"firstSubmissionId":"ALP_DIKMEN","secondSubmissionId":"MERTCAN_ARSLAN","similarities":{"AVG":0.42748091603053434,"MAX":0.4745762711864407,"MAXIMUM_LENGTH":73.0,"LONGEST_MATCH":11.0},"matches":[{"firstFileName":"ALP_DIKMEN/LinkedListQuestions.cpp","secondFileName":"MERTCAN_ARSLAN/LinkedListQuestions.cpp","startInFirst":{"line":44,"column":1,"tokenListIndex":25},"endInFirst":{"line":54,"column":9,"tokenListIndex":35},"startInSecond":{"line":38,"column":3,"tokenListIndex":33},"endInSecond":{"line":46,"column":10,"tokenListIndex":43},"lengthOfFirst":11,"lengthOfSecond":11},{"firstFileName":"ALP_DIKMEN/LinkedListQuestions.cpp","secondFileName":"MERTCAN_ARSLAN/LinkedListQuestions.cpp","startInFirst":{"line":9,"column":0,"tokenListIndex":0},"endInFirst":{"line":17,"column":15,"tokenListIndex":8},"startInSecond":{"line":26,"column":0,"tokenListIndex":16},"endInSecond":{"line":28,"column":12,"tokenListIndex":24},"lengthOfFirst":9,"lengthOfSecond":9},{"firstFileName":"ALP_DIKMEN/LinkedListQuestions.cpp","secondFileName":"MERTCAN_ARSLAN/LinkedListQuestions.cpp","startInFirst":{"line":70,"column":2,"tokenListIndex":43},"endInFirst":{"line":84,"column":3,"tokenListIndex":50},"startInSecond":{"line":47,"column":3,"tokenListIndex":44},"endInSecond":{"line":55,"column":5,"tokenListIndex":51},"lengthOfFirst":8,"lengthOfSecond":8}],"firstSimilarity":0.4745762711864407,"secondSimilarity":0.3888888888888889}