{"firstSubmissionId":"ALP_DIKMEN","secondSubmissionId":"EMRE_ERGUL","similarities":{"AVG":0.39097744360902253,"MAX":0.4406779661016949,"MAXIMUM_LENGTH":75.0,"LONGEST_MATCH":20.0},"matches":[{"firstFileName":"ALP_DIKMEN/LinkedListQuestions.cpp","secondFileName":"EMRE_ERGUL/LinkedListQuestions.cpp","startInFirst":{"line":26,"column":0,"tokenListIndex":12},"endInFirst":{"line":52,"column":9,"tokenListIndex":31},"startInSecond":{"line":23,"column":0,"tokenListIndex":19},"endInSecond":{"line":42,"column":8,"tokenListIndex":38},"lengthOfFirst":20,"lengthOfSecond":20},{"firstFileName":"ALP_DIKMEN/LinkedListQuestions.cpp","secondFileName":"EMRE_ERGUL/LinkedListQuestions.cpp","startInFirst":{"line":9,"column":0,"tokenListIndex":0},"endInFirst":{"line":13,"column":11,"tokenListIndex":5},"startInSecond":{"line":9,"column":0,"tokenListIndex":0},"endInSecond":{"line":10,"column":8,"tokenListIndex":5},"lengthOfFirst":6,"lengthOfSecond":6}],"firstSimilarity":0.4406779661016949,"secondSimilarity":0.35135135135135137}