{"firstSubmissionId":"ALP_DIKMEN","secondSubmissionId":"DENIZ_KAYRA_AYDIN","similarities":{"AVG":0.3559322033898305,"MAX":0.3559322033898305,"MAXIMUM_LENGTH":60.0,"LONGEST_MATCH":8.0},"matches":[{"firstFileName":"ALP_DIKMEN/LinkedListQuestions.cpp","secondFileName":"DENIZ_KAYRA_AYDIN/LinkedListQuestions.cpp","startInFirst":{"line":24,"column":4,"tokenListIndex":11},"endInFirst":{"line":32,"column":8,"tokenListIndex":18},"startInSecond":{"line":23,"column":4,"tokenListIndex":15},"endInSecond":{"line":31,"column":14,"tokenListIndex":22},"lengthOfFirst":8,"lengthOfSecond":8},{"firstFileName":"ALP_DIKMEN/LinkedListQuestions.cpp","secondFileName":"DENIZ_KAYRA_AYDIN/LinkedListQuestions.cpp","startInFirst":{"line":44,"column":1,"tokenListIndex":25},"endInFirst":{"line":52,"column":9,"tokenListIndex":31},"startInSecond":{"line":38,"column":4,"tokenListIndex":30},"endInSecond":{"line":46,"column":11,"tokenListIndex":36},"lengthOfFirst":7,"lengthOfSecond":7},{"firstFileName":"ALP_DIKMEN/LinkedListQuestions.cpp","secondFileName":"DENIZ_KAYRA_AYDIN/LinkedListQuestions.cpp","startInFirst":{"line":9,"column":0,"tokenListIndex":0},"endInFirst":{"line":13,"column":11,"tokenListIndex":5},"startInSecond":{"line":9,"column":0,"tokenListIndex":0},"endInSecond":{"line":11,"column":12,"tokenListIndex":5},"lengthOfFirst":6,"lengthOfSecond":6}],"firstSimilarity":0.3559322033898305,"secondSimilarity":0.3559322033898305}