{"firstSubmissionId":"ALP_DIKMEN","secondSubmissionId":"SERHAT_YUNUSEMRE_KALPAKLI","similarities":{"AVG":0.4580152671755725,"MAX":0.5084745762711864,"MAXIMUM_LENGTH":73.0,"LONGEST_MATCH":9.0},"matches":[{"firstFileName":"ALP_DIKMEN/LinkedListQuestions.cpp","secondFileName":"SERHAT_YUNUSEMRE_KALPAKLI/LinkedListQuestions.cpp","startInFirst":{"line":44,"column":1,"tokenListIndex":25},"endInFirst":{"line":53,"column":9,"tokenListIndex":33},"startInSecond":{"line":39,"column":3,"tokenListIndex":30},"endInSecond":{"line":47,"column":8,"tokenListIndex":38},"lengthOfFirst":9,"lengthOfSecond":9},{"firstFileName":"ALP_DIKMEN/LinkedListQuestions.cpp","secondFileName":"SERHAT_YUNUSEMRE_KALPAKLI/LinkedListQuestions.cpp","startInFirst":{"line":81,"column":2,"tokenListIndex":48},"endInFirst":{"line":93,"column":20,"tokenListIndex":55},"startInSecond":{"line":65,"column":1,"tokenListIndex":53},"endInSecond":{"line":75,"column":20,"tokenListIndex":60},"lengthOfFirst":8,"lengthOfSecond":8},{"firstFileName":"ALP_DIKMEN/LinkedListQuestions.cpp","secondFileName":"SERHAT_YUNUSEMRE_KALPAKLI/LinkedListQuestions.cpp","startInFirst":{"line":26,"column":0,"tokenListIndex":12},"endInFirst":{"line":32,"column":8,"tokenListIndex":18},"startInSecond":{"line":22,"column":0,"tokenListIndex":16},"endInSecond":{"line":27,"column":8,"tokenListIndex":22},"lengthOfFirst":7,"lengthOfSecond":7},{"firstFileName":"ALP_DIKMEN/LinkedListQuestions.cpp","secondFileName":"SERHAT_YUNUSEMRE_KALPAKLI/LinkedListQuestions.cpp","startInFirst":{"line":17,"column":4,"tokenListIndex":6},"endInFirst":{"line":24,"column":4,"tokenListIndex":11},"startInSecond":{"line":13,"column":2,"tokenListIndex":7},"endInSecond":{"line":17,"column":2,"tokenListIndex":12},"lengthOfFirst":6,"lengthOfSecond":6}],"firstSimilarity":0.5084745762711864,"secondSimilarity":0.4166666666666667}