{"firstSubmissionId":"ALP_DIKMEN","secondSubmissionId":"EGE_HURIEL","similarities":{"AVG":0.4,"MAX":0.4067796610169492,"MAXIMUM_LENGTH":62.0,"LONGEST_MATCH":24.0},"matches":[{"firstFileName":"ALP_DIKMEN/LinkedListQuestions.cpp","secondFileName":"EGE_HURIEL/LinkedListQuestions.cpp","startInFirst":{"line":17,"column":15,"tokenListIndex":8},"endInFirst":{"line":52,"column":9,"tokenListIndex":31},"startInSecond":{"line":15,"column":34,"tokenListIndex":13},"endInSecond":{"line":40,"column":6,"tokenListIndex":36},"lengthOfFirst":24,"lengthOfSecond":24}],"firstSimilarity":0.4067796610169492,"secondSimilarity":0.39344262295081966}