{"firstSubmissionId":"ALP_DIKMEN","secondSubmissionId":"CEYDA_SENAY","similarities":{"AVG":0.3870967741935484,"MAX":0.4067796610169492,"MAXIMUM_LENGTH":66.0,"LONGEST_MATCH":12.0},"matches":[{"firstFileName":"ALP_DIKMEN/LinkedListQuestions.cpp","secondFileName":"CEYDA_SENAY/LinkedListQuestions.cpp","startInFirst":{"line":32,"column":1,"tokenListIndex":17},"endInFirst":{"line":50,"column":26,"tokenListIndex":28},"startInSecond":{"line":35,"column":4,"tokenListIndex":24},"endInSecond":{"line":48,"column":28,"tokenListIndex":35},"lengthOfFirst":12,"lengthOfSecond":12},{"firstFileName":"ALP_DIKMEN/LinkedListQuestions.cpp","secondFileName":"CEYDA_SENAY/LinkedListQuestions.cpp","startInFirst":{"line":9,"column":0,"tokenListIndex":0},"endInFirst":{"line":13,"column":11,"tokenListIndex":5},"startInSecond":{"line":9,"column":0,"tokenListIndex":0},"endInSecond":{"line":13,"column":11,"tokenListIndex":5},"lengthOfFirst":6,"lengthOfSecond":6},{"firstFileName":"ALP_DIKMEN/LinkedListQuestions.cpp","secondFileName":"CEYDA_SENAY/LinkedListQuestions.cpp","startInFirst":{"line":24,"column":4,"tokenListIndex":11},"endInFirst":{"line":30,"column":56,"tokenListIndex":16},"startInSecond":{"line":23,"column":3,"tokenListIndex":15},"endInSecond":{"line":31,"column":56,"tokenListIndex":20},"lengthOfFirst":6,"lengthOfSecond":6}],"firstSimilarity":0.4067796610169492,"secondSimilarity":0.36923076923076925}