{"firstSubmissionId":"ALP_DIKMEN","secondSubmissionId":"ERDAL_DENIZ_OZBEY","similarities":{"AVG":0.39705882352941174,"MAX":0.4576271186440678,"MAXIMUM_LENGTH":78.0,"LONGEST_MATCH":9.0},"matches":[{"firstFileName":"ALP_DIKMEN/LinkedListQuestions.cpp","secondFileName":"ERDAL_DENIZ_OZBEY/LinkedListQuestions.cpp","startInFirst":{"line":41,"column":2,"tokenListIndex":23},"endInFirst":{"line":52,"column":9,"tokenListIndex":31},"startInSecond":{"line":22,"column":8,"tokenListIndex":20},"endInSecond":{"line":30,"column":31,"tokenListIndex":28},"lengthOfFirst":9,"lengthOfSecond":9},{"firstFileName":"ALP_DIKMEN/LinkedListQuestions.cpp","secondFileName":"ERDAL_DENIZ_OZBEY/LinkedListQuestions.cpp","startInFirst":{"line":9,"column":0,"tokenListIndex":0},"endInFirst":{"line":13,"column":11,"tokenListIndex":5},"startInSecond":{"line":9,"column":0,"tokenListIndex":0},"endInSecond":{"line":10,"column":9,"tokenListIndex":5},"lengthOfFirst":6,"lengthOfSecond":6},{"firstFileName":"ALP_DIKMEN/LinkedListQuestions.cpp","secondFileName":"ERDAL_DENIZ_OZBEY/LinkedListQuestions.cpp","startInFirst":{"line":32,"column":1,"tokenListIndex":17},"endInFirst":{"line":39,"column":2,"tokenListIndex":22},"startInSecond":{"line":15,"column":4,"tokenListIndex":13},"endInSecond":{"line":20,"column":8,"tokenListIndex":18},"lengthOfFirst":6,"lengthOfSecond":6},{"firstFileName":"ALP_DIKMEN/LinkedListQuestions.cpp","secondFileName":"ERDAL_DENIZ_OZBEY/LinkedListQuestions.cpp","startInFirst":{"line":84,"column":3,"tokenListIndex":50},"endInFirst":{"line":93,"column":20,"tokenListIndex":55},"startInSecond":{"line":61,"column":12,"tokenListIndex":56},"endInSecond":{"line":67,"column":20,"tokenListIndex":61},"lengthOfFirst":6,"lengthOfSecond":6}],"firstSimilarity":0.4576271186440678,"secondSimilarity":0.35064935064935066}