{"firstSubmissionId":"ALP_DIKMEN","secondSubmissionId":"AHMET_ZEKI_IHTIYAROGLU","similarities":{"AVG":0.43333333333333335,"MAX":0.4406779661016949,"MAXIMUM_LENGTH":62.0,"LONGEST_MATCH":8.0},"matches":[{"firstFileName":"ALP_DIKMEN/LinkedListQuestions.cpp","secondFileName":"AHMET_ZEKI_IHTIYAROGLU/LinkedListQuestions.cpp","startInFirst":{"line":39,"column":2,"tokenListIndex":22},"endInFirst":{"line":50,"column":47,"tokenListIndex":29},"startInSecond":{"line":53,"column":4,"tokenListIndex":41},"endInSecond":{"line":64,"column":1,"tokenListIndex":48},"lengthOfFirst":8,"lengthOfSecond":8},{"firstFileName":"ALP_DIKMEN/LinkedListQuestions.cpp","secondFileName":"AHMET_ZEKI_IHTIYAROGLU/LinkedListQuestions.cpp","startInFirst":{"line":9,"column":0,"tokenListIndex":0},"endInFirst":{"line":13,"column":11,"tokenListIndex":5},"startInSecond":{"line":9,"column":0,"tokenListIndex":0},"endInSecond":{"line":14,"column":9,"tokenListIndex":5},"lengthOfFirst":6,"lengthOfSecond":6},{"firstFileName":"ALP_DIKMEN/LinkedListQuestions.cpp","secondFileName":"AHMET_ZEKI_IHTIYAROGLU/LinkedListQuestions.cpp","startInFirst":{"line":24,"column":4,"tokenListIndex":11},"endInFirst":{"line":30,"column":56,"tokenListIndex":16},"startInSecond":{"line":27,"column":1,"tokenListIndex":20},"endInSecond":{"line":32,"column":56,"tokenListIndex":25},"lengthOfFirst":6,"lengthOfSecond":6},{"firstFileName":"ALP_DIKMEN/LinkedListQuestions.cpp","secondFileName":"AHMET_ZEKI_IHTIYAROGLU/LinkedListQuestions.cpp","startInFirst":{"line":77,"column":5,"tokenListIndex":47},"endInFirst":{"line":87,"column":2,"tokenListIndex":52},"startInSecond":{"line":20,"column":8,"tokenListIndex":14},"endInSecond":{"line":26,"column":4,"tokenListIndex":19},"lengthOfFirst":6,"lengthOfSecond":6}],"firstSimilarity":0.4406779661016949,"secondSimilarity":0.4262295081967213}