{"firstSubmissionId":"ALP_DIKMEN","secondSubmissionId":"IRMAK_ZEHRA_EMRI","similarities":{"AVG":0.3609022556390977,"MAX":0.4067796610169492,"MAXIMUM_LENGTH":75.0,"LONGEST_MATCH":12.0},"matches":[{"firstFileName":"ALP_DIKMEN/LinkedListQuestions.cpp","secondFileName":"IRMAK_ZEHRA_EMRI/LinkedListQuestions.cpp","startInFirst":{"line":39,"column":2,"tokenListIndex":22},"endInFirst":{"line":53,"column":9,"tokenListIndex":33},"startInSecond":{"line":43,"column":1,"tokenListIndex":37},"endInSecond":{"line":55,"column":9,"tokenListIndex":48},"lengthOfFirst":12,"lengthOfSecond":12},{"firstFileName":"ALP_DIKMEN/LinkedListQuestions.cpp","secondFileName":"IRMAK_ZEHRA_EMRI/LinkedListQuestions.cpp","startInFirst":{"line":9,"column":0,"tokenListIndex":0},"endInFirst":{"line":13,"column":11,"tokenListIndex":5},"startInSecond":{"line":9,"column":0,"tokenListIndex":0},"endInSecond":{"line":12,"column":9,"tokenListIndex":5},"lengthOfFirst":6,"lengthOfSecond":6},{"firstFileName":"ALP_DIKMEN/LinkedListQuestions.cpp","secondFileName":"IRMAK_ZEHRA_EMRI/LinkedListQuestions.cpp","startInFirst":{"line":24,"column":4,"tokenListIndex":11},"endInFirst":{"line":30,"column":56,"tokenListIndex":16},"startInSecond":{"line":29,"column":2,"tokenListIndex":24},"endInSecond":{"line":34,"column":56,"tokenListIndex":29},"lengthOfFirst":6,"lengthOfSecond":6}],"firstSimilarity":0.4067796610169492,"secondSimilarity":0.32432432432432434}