{"firstSubmissionId":"ALP_DIKMEN","secondSubmissionId":"DEMIR_OZHAN","similarities":{"AVG":0.5,"MAX":0.6271186440677966,"MAXIMUM_LENGTH":90.0,"LONGEST_MATCH":23.0},"matches":[{"firstFileName":"ALP_DIKMEN/LinkedListQuestions.cpp","secondFileName":"DEMIR_OZHAN/LinkedListQuestions.cpp","startInFirst":{"line":24,"column":4,"tokenListIndex":11},"endInFirst":{"line":53,"column":9,"tokenListIndex":33},"startInSecond":{"line":33,"column":2,"tokenListIndex":26},"endInSecond":{"line":57,"column":9,"tokenListIndex":48},"lengthOfFirst":23,"lengthOfSecond":23},{"firstFileName":"ALP_DIKMEN/LinkedListQuestions.cpp","secondFileName":"DEMIR_OZHAN/LinkedListQuestions.cpp","startInFirst":{"line":81,"column":2,"tokenListIndex":48},"endInFirst":{"line":93,"column":20,"tokenListIndex":55},"startInSecond":{"line":87,"column":1,"tokenListIndex":69},"endInSecond":{"line":97,"column":20,"tokenListIndex":76},"lengthOfFirst":8,"lengthOfSecond":8},{"firstFileName":"ALP_DIKMEN/LinkedListQuestions.cpp","secondFileName":"DEMIR_OZHAN/LinkedListQuestions.cpp","startInFirst":{"line":9,"column":0,"tokenListIndex":0},"endInFirst":{"line":13,"column":11,"tokenListIndex":5},"startInSecond":{"line":9,"column":0,"tokenListIndex":0},"endInSecond":{"line":10,"column":9,"tokenListIndex":5},"lengthOfFirst":6,"lengthOfSecond":6}],"firstSimilarity":0.6271186440677966,"secondSimilarity":0.4157303370786517}