{"firstSubmissionId":"ALP_DIKMEN","secondSubmissionId":"ISMAIL_EFE_YALCINKAYA","similarities":{"AVG":0.5166666666666667,"MAX":0.5254237288135594,"MAXIMUM_LENGTH":62.0,"LONGEST_MATCH":19.0},"matches":[{"firstFileName":"ALP_DIKMEN/LinkedListQuestions.cpp","secondFileName":"ISMAIL_EFE_YALCINKAYA/LinkedListQuestions.cpp","startInFirst":{"line":24,"column":4,"tokenListIndex":11},"endInFirst":{"line":50,"column":47,"tokenListIndex":29},"startInSecond":{"line":17,"column":2,"tokenListIndex":15},"endInSecond":{"line":34,"column":47,"tokenListIndex":33},"lengthOfFirst":19,"lengthOfSecond":19},{"firstFileName":"ALP_DIKMEN/LinkedListQuestions.cpp","secondFileName":"ISMAIL_EFE_YALCINKAYA/LinkedListQuestions.cpp","startInFirst":{"line":9,"column":0,"tokenListIndex":0},"endInFirst":{"line":13,"column":11,"tokenListIndex":5},"startInSecond":{"line":6,"column":0,"tokenListIndex":0},"endInSecond":{"line":7,"column":7,"tokenListIndex":5},"lengthOfFirst":6,"lengthOfSecond":6},{"firstFileName":"ALP_DIKMEN/LinkedListQuestions.cpp","secondFileName":"ISMAIL_EFE_YALCINKAYA/LinkedListQuestions.cpp","startInFirst":{"line":84,"column":3,"tokenListIndex":50},"endInFirst":{"line":93,"column":20,"tokenListIndex":55},"startInSecond":{"line":48,"column":6,"tokenListIndex":47},"endInSecond":{"line":54,"column":20,"tokenListIndex":52},"lengthOfFirst":6,"lengthOfSecond":6}],"firstSimilarity":0.5254237288135594,"secondSimilarity":0.5081967213114754}