{"firstSubmissionId":"ALP_DIKMEN","secondSubmissionId":"ALGUHAN_KURULAR","similarities":{"AVG":0.4126984126984127,"MAX":0.4406779661016949,"MAXIMUM_LENGTH":68.0,"LONGEST_MATCH":10.0},"matches":[{"firstFileName":"ALP_DIKMEN/LinkedListQuestions.cpp","secondFileName":"ALGUHAN_KURULAR/LinkedListQuestions.cpp","startInFirst":{"line":26,"column":0,"tokenListIndex":12},"endInFirst":{"line":38,"column":3,"tokenListIndex":21},"startInSecond":{"line":23,"column":0,"tokenListIndex":20},"endInSecond":{"line":32,"column":4,"tokenListIndex":29},"lengthOfFirst":10,"lengthOfSecond":10},{"firstFileName":"ALP_DIKMEN/LinkedListQuestions.cpp","secondFileName":"ALGUHAN_KURULAR/LinkedListQuestions.cpp","startInFirst":{"line":42,"column":1,"tokenListIndex":24},"endInFirst":{"line":53,"column":9,"tokenListIndex":33},"startInSecond":{"line":36,"column":2,"tokenListIndex":33},"endInSecond":{"line":44,"column":9,"tokenListIndex":42},"lengthOfFirst":10,"lengthOfSecond":10},{"firstFileName":"ALP_DIKMEN/LinkedListQuestions.cpp","secondFileName":"ALGUHAN_KURULAR/LinkedListQuestions.cpp","startInFirst":{"line":9,"column":0,"tokenListIndex":0},"endInFirst":{"line":13,"column":11,"tokenListIndex":5},"startInSecond":{"line":9,"column":0,"tokenListIndex":0},"endInSecond":{"line":10,"column":9,"tokenListIndex":5},"lengthOfFirst":6,"lengthOfSecond":6}],"firstSimilarity":0.4406779661016949,"secondSimilarity":0.3880597014925373}