{"firstSubmissionId":"AYSE_ALKAN","secondSubmissionId":"ALGUHAN_KURULAR","similarities":{"AVG":0.3368421052631579,"MAX":0.5714285714285714,"MAXIMUM_LENGTH":68.0,"LONGEST_MATCH":10.0},"matches":[{"firstFileName":"AYSE_ALKAN/LinkedListQuestions.cpp","secondFileName":"ALGUHAN_KURULAR/LinkedListQuestions.cpp","startInFirst":{"line":22,"column":16,"tokenListIndex":13},"endInFirst":{"line":35,"column":2,"tokenListIndex":22},"startInSecond":{"line":23,"column":0,"tokenListIndex":20},"endInSecond":{"line":32,"column":4,"tokenListIndex":29},"lengthOfFirst":10,"lengthOfSecond":10},{"firstFileName":"AYSE_ALKAN/LinkedListQuestions.cpp","secondFileName":"ALGUHAN_KURULAR/LinkedListQuestions.cpp","startInFirst":{"line":9,"column":0,"tokenListIndex":0},"endInFirst":{"line":11,"column":9,"tokenListIndex":5},"startInSecond":{"line":9,"column":0,"tokenListIndex":0},"endInSecond":{"line":10,"column":9,"tokenListIndex":5},"lengthOfFirst":6,"lengthOfSecond":6}],"firstSimilarity":0.5714285714285714,"secondSimilarity":0.23880597014925373}