{"firstSubmissionId":"AYSE_ALKAN","secondSubmissionId":"DEMIR_OZHAN","similarities":{"AVG":0.3076923076923077,"MAX":0.6428571428571429,"MAXIMUM_LENGTH":90.0,"LONGEST_MATCH":18.0},"matches":[{"firstFileName":"AYSE_ALKAN/LinkedListQuestions.cpp","secondFileName":"DEMIR_OZHAN/LinkedListQuestions.cpp","startInFirst":{"line":9,"column":0,"tokenListIndex":0},"endInFirst":{"line":27,"column":56,"tokenListIndex":17},"startInSecond":{"line":38,"column":0,"tokenListIndex":28},"endInSecond":{"line":56,"column":2,"tokenListIndex":45},"lengthOfFirst":18,"lengthOfSecond":18}],"firstSimilarity":0.6428571428571429,"secondSimilarity":0.20224719101123595}