{"firstSubmissionId":"AYSE_ALKAN","secondSubmissionId":"EGE_HURIEL","similarities":{"AVG":0.4044943820224719,"MAX":0.6428571428571429,"MAXIMUM_LENGTH":62.0,"LONGEST_MATCH":18.0},"matches":[{"firstFileName":"AYSE_ALKAN/LinkedListQuestions.cpp","secondFileName":"EGE_HURIEL/LinkedListQuestions.cpp","startInFirst":{"line":9,"column":0,"tokenListIndex":0},"endInFirst":{"line":27,"column":56,"tokenListIndex":17},"startInSecond":{"line":23,"column":0,"tokenListIndex":18},"endInSecond":{"line":40,"column":2,"tokenListIndex":35},"lengthOfFirst":18,"lengthOfSecond":18}],"firstSimilarity":0.6428571428571429,"secondSimilarity":0.29508196721311475}