{"firstSubmissionId":"AYSE_ALKAN","secondSubmissionId":"YUSUF_ISA_ZERENUZ","similarities":{"AVG":0.45,"MAX":0.6428571428571429,"MAXIMUM_LENGTH":53.0,"LONGEST_MATCH":10.0},"matches":[{"firstFileName":"AYSE_ALKAN/LinkedListQuestions.cpp","secondFileName":"YUSUF_ISA_ZERENUZ/LinkedListQuestions.cpp","startInFirst":{"line":22,"column":16,"tokenListIndex":13},"endInFirst":{"line":35,"column":2,"tokenListIndex":22},"startInSecond":{"line":21,"column":0,"tokenListIndex":14},"endInSecond":{"line":31,"column":4,"tokenListIndex":23},"lengthOfFirst":10,"lengthOfSecond":10},{"firstFileName":"AYSE_ALKAN/LinkedListQuestions.cpp","secondFileName":"YUSUF_ISA_ZERENUZ/LinkedListQuestions.cpp","startInFirst":{"line":9,"column":0,"tokenListIndex":0},"endInFirst":{"line":15,"column":2,"tokenListIndex":7},"startInSecond":{"line":9,"column":0,"tokenListIndex":0},"endInSecond":{"line":13,"column":3,"tokenListIndex":7},"lengthOfFirst":8,"lengthOfSecond":8}],"firstSimilarity":0.6428571428571429,"secondSimilarity":0.34615384615384615}