{"firstSubmissionId":"AYSE_ALKAN","secondSubmissionId":"MERTCAN_ARSLAN","similarities":{"AVG":0.14,"MAX":0.25,"MAXIMUM_LENGTH":73.0,"LONGEST_MATCH":7.0},"matches":[{"firstFileName":"AYSE_ALKAN/LinkedListQuestions.cpp","secondFileName":"MERTCAN_ARSLAN/LinkedListQuestions.cpp","startInFirst":{"line":22,"column":16,"tokenListIndex":13},"endInFirst":{"line":30,"column":9,"tokenListIndex":19},"startInSecond":{"line":22,"column":0,"tokenListIndex":15},"endInSecond":{"line":27,"column":8,"tokenListIndex":21},"lengthOfFirst":7,"lengthOfSecond":7}],"firstSimilarity":0.25,"secondSimilarity":0.09722222222222222}