{"firstSubmissionId":"AYSE_ALKAN","secondSubmissionId":"OMER_FARUK_GUCER","similarities":{"AVG":0.27906976744186046,"MAX":0.42857142857142855,"MAXIMUM_LENGTH":59.0,"LONGEST_MATCH":6.0},"matches":[{"firstFileName":"AYSE_ALKAN/LinkedListQuestions.cpp","secondFileName":"OMER_FARUK_GUCER/LinkedListQuestions.cpp","startInFirst":{"line":9,"column":0,"tokenListIndex":0},"endInFirst":{"line":11,"column":9,"tokenListIndex":5},"startInSecond":{"line":9,"column":0,"tokenListIndex":0},"endInSecond":{"line":12,"column":11,"tokenListIndex":5},"lengthOfFirst":6,"lengthOfSecond":6},{"firstFileName":"AYSE_ALKAN/LinkedListQuestions.cpp","secondFileName":"OMER_FARUK_GUCER/LinkedListQuestions.cpp","startInFirst":{"line":22,"column":2,"tokenListIndex":12},"endInFirst":{"line":27,"column":56,"tokenListIndex":17},"startInSecond":{"line":21,"column":4,"tokenListIndex":15},"endInSecond":{"line":27,"column":56,"tokenListIndex":20},"lengthOfFirst":6,"lengthOfSecond":6}],"firstSimilarity":0.42857142857142855,"secondSimilarity":0.20689655172413793}