{"firstSubmissionId":"AYSE_ALKAN","secondSubmissionId":"SUDE_ATANSAY","similarities":{"AVG":0.5106382978723404,"MAX":0.8571428571428571,"MAXIMUM_LENGTH":67.0,"LONGEST_MATCH":18.0},"matches":[{"firstFileName":"AYSE_ALKAN/LinkedListQuestions.cpp","secondFileName":"SUDE_ATANSAY/LinkedListQuestions.cpp","startInFirst":{"line":19,"column":0,"tokenListIndex":10},"endInFirst":{"line":40,"column":16,"tokenListIndex":27},"startInSecond":{"line":21,"column":4,"tokenListIndex":16},"endInSecond":{"line":39,"column":2,"tokenListIndex":33},"lengthOfFirst":18,"lengthOfSecond":18},{"firstFileName":"AYSE_ALKAN/LinkedListQuestions.cpp","secondFileName":"SUDE_ATANSAY/LinkedListQuestions.cpp","startInFirst":{"line":11,"column":2,"tokenListIndex":4},"endInFirst":{"line":18,"column":0,"tokenListIndex":9},"startInSecond":{"line":13,"column":2,"tokenListIndex":9},"endInSecond":{"line":19,"column":5,"tokenListIndex":14},"lengthOfFirst":6,"lengthOfSecond":6}],"firstSimilarity":0.8571428571428571,"secondSimilarity":0.36363636363636365}