{"firstSubmissionId":"AYSE_ALKAN","secondSubmissionId":"AHMET_ZEKI_IHTIYAROGLU","similarities":{"AVG":0.3146067415730337,"MAX":0.5,"MAXIMUM_LENGTH":62.0,"LONGEST_MATCH":8.0},"matches":[{"firstFileName":"AYSE_ALKAN/LinkedListQuestions.cpp","secondFileName":"AHMET_ZEKI_IHTIYAROGLU/LinkedListQuestions.cpp","startInFirst":{"line":18,"column":0,"tokenListIndex":9},"endInFirst":{"line":27,"column":39,"tokenListIndex":16},"startInSecond":{"line":53,"column":4,"tokenListIndex":41},"endInSecond":{"line":64,"column":1,"tokenListIndex":48},"lengthOfFirst":8,"lengthOfSecond":8},{"firstFileName":"AYSE_ALKAN/LinkedListQuestions.cpp","secondFileName":"AHMET_ZEKI_IHTIYAROGLU/LinkedListQuestions.cpp","startInFirst":{"line":9,"column":0,"tokenListIndex":0},"endInFirst":{"line":11,"column":9,"tokenListIndex":5},"startInSecond":{"line":9,"column":0,"tokenListIndex":0},"endInSecond":{"line":14,"column":9,"tokenListIndex":5},"lengthOfFirst":6,"lengthOfSecond":6}],"firstSimilarity":0.5,"secondSimilarity":0.22950819672131148}