{"firstSubmissionId":"AYSE_ALKAN","secondSubmissionId":"ISMAIL_EFE_YALCINKAYA","similarities":{"AVG":0.5393258426966292,"MAX":0.8571428571428571,"MAXIMUM_LENGTH":62.0,"LONGEST_MATCH":18.0},"matches":[{"firstFileName":"AYSE_ALKAN/LinkedListQuestions.cpp","secondFileName":"ISMAIL_EFE_YALCINKAYA/LinkedListQuestions.cpp","startInFirst":{"line":19,"column":0,"tokenListIndex":10},"endInFirst":{"line":40,"column":16,"tokenListIndex":27},"startInSecond":{"line":15,"column":4,"tokenListIndex":13},"endInSecond":{"line":31,"column":0,"tokenListIndex":30},"lengthOfFirst":18,"lengthOfSecond":18},{"firstFileName":"AYSE_ALKAN/LinkedListQuestions.cpp","secondFileName":"ISMAIL_EFE_YALCINKAYA/LinkedListQuestions.cpp","startInFirst":{"line":9,"column":0,"tokenListIndex":0},"endInFirst":{"line":11,"column":9,"tokenListIndex":5},"startInSecond":{"line":6,"column":0,"tokenListIndex":0},"endInSecond":{"line":7,"column":7,"tokenListIndex":5},"lengthOfFirst":6,"lengthOfSecond":6}],"firstSimilarity":0.8571428571428571,"secondSimilarity":0.39344262295081966}