{"firstSubmissionId":"AYSE_ALKAN","secondSubmissionId":"EDHEM_TATAR","similarities":{"AVG":0.14678899082568808,"MAX":0.2857142857142857,"MAXIMUM_LENGTH":82.0,"LONGEST_MATCH":8.0},"matches":[{"firstFileName":"AYSE_ALKAN/LinkedListQuestions.cpp","secondFileName":"EDHEM_TATAR/LinkedListQuestions.cpp","startInFirst":{"line":22,"column":2,"tokenListIndex":12},"endInFirst":{"line":30,"column":9,"tokenListIndex":19},"startInSecond":{"line":21,"column":2,"tokenListIndex":13},"endInSecond":{"line":28,"column":10,"tokenListIndex":20},"lengthOfFirst":8,"lengthOfSecond":8}],"firstSimilarity":0.2857142857142857,"secondSimilarity":0.09876543209876543}