{"firstSubmissionId":"AYSE_ALKAN","secondSubmissionId":"YUSUF_ERDEM_ALTINSOY","similarities":{"AVG":0.2916666666666667,"MAX":0.5,"MAXIMUM_LENGTH":69.0,"LONGEST_MATCH":14.0},"matches":[{"firstFileName":"AYSE_ALKAN/LinkedListQuestions.cpp","secondFileName":"YUSUF_ERDEM_ALTINSOY/LinkedListQuestions.cpp","startInFirst":{"line":11,"column":2,"tokenListIndex":4},"endInFirst":{"line":27,"column":56,"tokenListIndex":17},"startInSecond":{"line":34,"column":3,"tokenListIndex":24},"endInSecond":{"line":50,"column":1,"tokenListIndex":37},"lengthOfFirst":14,"lengthOfSecond":14}],"firstSimilarity":0.5,"secondSimilarity":0.20588235294117646}