{"firstSubmissionId":"AYSE_ALKAN","secondSubmissionId":"HIRANUR_DENIZ","similarities":{"AVG":0.5333333333333333,"MAX":0.7142857142857143,"MAXIMUM_LENGTH":48.0,"LONGEST_MATCH":13.0},"matches":[{"firstFileName":"AYSE_ALKAN/LinkedListQuestions.cpp","secondFileName":"HIRANUR_DENIZ/LinkedListQuestions.cpp","startInFirst":{"line":18,"column":0,"tokenListIndex":9},"endInFirst":{"line":33,"column":2,"tokenListIndex":21},"startInSecond":{"line":40,"column":3,"tokenListIndex":27},"endInSecond":{"line":54,"column":3,"tokenListIndex":39},"lengthOfFirst":13,"lengthOfSecond":13},{"firstFileName":"AYSE_ALKAN/LinkedListQuestions.cpp","secondFileName":"HIRANUR_DENIZ/LinkedListQuestions.cpp","startInFirst":{"line":9,"column":16,"tokenListIndex":1},"endInFirst":{"line":15,"column":2,"tokenListIndex":7},"startInSecond":{"line":28,"column":39,"tokenListIndex":20},"endInSecond":{"line":35,"column":3,"tokenListIndex":26},"lengthOfFirst":7,"lengthOfSecond":7}],"firstSimilarity":0.7142857142857143,"secondSimilarity":0.425531914893617}