{"firstSubmissionId":"AYSE_ALKAN","secondSubmissionId":"EMRE_ERGUL","similarities":{"AVG":0.35294117647058826,"MAX":0.6428571428571429,"MAXIMUM_LENGTH":75.0,"LONGEST_MATCH":18.0},"matches":[{"firstFileName":"AYSE_ALKAN/LinkedListQuestions.cpp","secondFileName":"EMRE_ERGUL/LinkedListQuestions.cpp","startInFirst":{"line":9,"column":0,"tokenListIndex":0},"endInFirst":{"line":27,"column":56,"tokenListIndex":17},"startInSecond":{"line":27,"column":0,"tokenListIndex":20},"endInSecond":{"line":42,"column":1,"tokenListIndex":37},"lengthOfFirst":18,"lengthOfSecond":18}],"firstSimilarity":0.6428571428571429,"secondSimilarity":0.24324324324324326}