{"firstSubmissionId":"AYSE_ALKAN","secondSubmissionId":"EYLUL_COSKUN","similarities":{"AVG":0.4444444444444444,"MAX":0.6428571428571429,"MAXIMUM_LENGTH":54.0,"LONGEST_MATCH":12.0},"matches":[{"firstFileName":"AYSE_ALKAN/LinkedListQuestions.cpp","secondFileName":"EYLUL_COSKUN/LinkedListQuestions.cpp","startInFirst":{"line":21,"column":2,"tokenListIndex":11},"endInFirst":{"line":35,"column":2,"tokenListIndex":22},"startInSecond":{"line":22,"column":2,"tokenListIndex":15},"endInSecond":{"line":36,"column":7,"tokenListIndex":26},"lengthOfFirst":12,"lengthOfSecond":12},{"firstFileName":"AYSE_ALKAN/LinkedListQuestions.cpp","secondFileName":"EYLUL_COSKUN/LinkedListQuestions.cpp","startInFirst":{"line":9,"column":0,"tokenListIndex":0},"endInFirst":{"line":11,"column":9,"tokenListIndex":5},"startInSecond":{"line":9,"column":0,"tokenListIndex":0},"endInSecond":{"line":12,"column":9,"tokenListIndex":5},"lengthOfFirst":6,"lengthOfSecond":6}],"firstSimilarity":0.6428571428571429,"secondSimilarity":0.33962264150943394}