{"firstSubmissionId":"AYSE_ALKAN","secondSubmissionId":"BORA_ERDEM_ALAN","similarities":{"AVG":0.29213483146067415,"MAX":0.4642857142857143,"MAXIMUM_LENGTH":62.0,"LONGEST_MATCH":7.0},"matches":[{"firstFileName":"AYSE_ALKAN/LinkedListQuestions.cpp","secondFileName":"BORA_ERDEM_ALAN/LinkedListQuestions.cpp","startInFirst":{"line":22,"column":16,"tokenListIndex":13},"endInFirst":{"line":30,"column":9,"tokenListIndex":19},"startInSecond":{"line":20,"column":0,"tokenListIndex":15},"endInSecond":{"line":25,"column":14,"tokenListIndex":21},"lengthOfFirst":7,"lengthOfSecond":7},{"firstFileName":"AYSE_ALKAN/LinkedListQuestions.cpp","secondFileName":"BORA_ERDEM_ALAN/LinkedListQuestions.cpp","startInFirst":{"line":9,"column":0,"tokenListIndex":0},"endInFirst":{"line":11,"column":9,"tokenListIndex":5},"startInSecond":{"line":9,"column":0,"tokenListIndex":0},"endInSecond":{"line":10,"column":8,"tokenListIndex":5},"lengthOfFirst":6,"lengthOfSecond":6}],"firstSimilarity":0.4642857142857143,"secondSimilarity":0.21311475409836064}