{"firstSubmissionId":"AYSE_ALKAN","secondSubmissionId":"IRMAK_ZEHRA_EMRI","similarities":{"AVG":0.29411764705882354,"MAX":0.5357142857142857,"MAXIMUM_LENGTH":75.0,"LONGEST_MATCH":9.0},"matches":[{"firstFileName":"AYSE_ALKAN/LinkedListQuestions.cpp","secondFileName":"IRMAK_ZEHRA_EMRI/LinkedListQuestions.cpp","startInFirst":{"line":18,"column":0,"tokenListIndex":9},"endInFirst":{"line":27,"column":56,"tokenListIndex":17},"startInSecond":{"line":43,"column":1,"tokenListIndex":37},"endInSecond":{"line":54,"column":2,"tokenListIndex":45},"lengthOfFirst":9,"lengthOfSecond":9},{"firstFileName":"AYSE_ALKAN/LinkedListQuestions.cpp","secondFileName":"IRMAK_ZEHRA_EMRI/LinkedListQuestions.cpp","startInFirst":{"line":9,"column":0,"tokenListIndex":0},"endInFirst":{"line":11,"column":9,"tokenListIndex":5},"startInSecond":{"line":9,"column":0,"tokenListIndex":0},"endInSecond":{"line":12,"column":9,"tokenListIndex":5},"lengthOfFirst":6,"lengthOfSecond":6}],"firstSimilarity":0.5357142857142857,"secondSimilarity":0.20270270270270271}