{"firstSubmissionId":"AYSE_ALKAN","secondSubmissionId":"CEYDA_SENAY","similarities":{"AVG":0.40860215053763443,"MAX":0.6785714285714286,"MAXIMUM_LENGTH":66.0,"LONGEST_MATCH":12.0},"matches":[{"firstFileName":"AYSE_ALKAN/LinkedListQuestions.cpp","secondFileName":"CEYDA_SENAY/LinkedListQuestions.cpp","startInFirst":{"line":11,"column":2,"tokenListIndex":4},"endInFirst":{"line":27,"column":18,"tokenListIndex":15},"startInSecond":{"line":35,"column":4,"tokenListIndex":24},"endInSecond":{"line":48,"column":28,"tokenListIndex":35},"lengthOfFirst":12,"lengthOfSecond":12},{"firstFileName":"AYSE_ALKAN/LinkedListQuestions.cpp","secondFileName":"CEYDA_SENAY/LinkedListQuestions.cpp","startInFirst":{"line":30,"column":2,"tokenListIndex":18},"endInFirst":{"line":37,"column":0,"tokenListIndex":24},"startInSecond":{"line":14,"column":1,"tokenListIndex":6},"endInSecond":{"line":19,"column":8,"tokenListIndex":12},"lengthOfFirst":7,"lengthOfSecond":7}],"firstSimilarity":0.6785714285714286,"secondSimilarity":0.2923076923076923}