{"firstSubmissionId":"AYSE_ALKAN","secondSubmissionId":"DENIZ_KAYRA_AYDIN","similarities":{"AVG":0.3218390804597701,"MAX":0.5,"MAXIMUM_LENGTH":60.0,"LONGEST_MATCH":8.0},"matches":[{"firstFileName":"AYSE_ALKAN/LinkedListQuestions.cpp","secondFileName":"DENIZ_KAYRA_AYDIN/LinkedListQuestions.cpp","startInFirst":{"line":22,"column":2,"tokenListIndex":12},"endInFirst":{"line":30,"column":9,"tokenListIndex":19},"startInSecond":{"line":23,"column":4,"tokenListIndex":15},"endInSecond":{"line":31,"column":14,"tokenListIndex":22},"lengthOfFirst":8,"lengthOfSecond":8},{"firstFileName":"AYSE_ALKAN/LinkedListQuestions.cpp","secondFileName":"DENIZ_KAYRA_AYDIN/LinkedListQuestions.cpp","startInFirst":{"line":9,"column":0,"tokenListIndex":0},"endInFirst":{"line":11,"column":9,"tokenListIndex":5},"startInSecond":{"line":9,"column":0,"tokenListIndex":0},"endInSecond":{"line":11,"column":12,"tokenListIndex":5},"lengthOfFirst":6,"lengthOfSecond":6}],"firstSimilarity":0.5,"secondSimilarity":0.23728813559322035}