{"firstSubmissionId":"AYSE_ALKAN","secondSubmissionId":"ERDAL_DENIZ_OZBEY","similarities":{"AVG":0.4,"MAX":0.75,"MAXIMUM_LENGTH":78.0,"LONGEST_MATCH":8.0},"matches":[{"firstFileName":"AYSE_ALKAN/LinkedListQuestions.cpp","secondFileName":"ERDAL_DENIZ_OZBEY/LinkedListQuestions.cpp","startInFirst":{"line":19,"column":0,"tokenListIndex":10},"endInFirst":{"line":27,"column":56,"tokenListIndex":17},"startInSecond":{"line":22,"column":8,"tokenListIndex":20},"endInSecond":{"line":29,"column":56,"tokenListIndex":27},"lengthOfFirst":8,"lengthOfSecond":8},{"firstFileName":"AYSE_ALKAN/LinkedListQuestions.cpp","secondFileName":"ERDAL_DENIZ_OZBEY/LinkedListQuestions.cpp","startInFirst":{"line":30,"column":2,"tokenListIndex":18},"endInFirst":{"line":37,"column":0,"tokenListIndex":24},"startInSecond":{"line":15,"column":4,"tokenListIndex":13},"endInSecond":{"line":21,"column":8,"tokenListIndex":19},"lengthOfFirst":7,"lengthOfSecond":7},{"firstFileName":"AYSE_ALKAN/LinkedListQuestions.cpp","secondFileName":"ERDAL_DENIZ_OZBEY/LinkedListQuestions.cpp","startInFirst":{"line":9,"column":0,"tokenListIndex":0},"endInFirst":{"line":11,"column":9,"tokenListIndex":5},"startInSecond":{"line":9,"column":0,"tokenListIndex":0},"endInSecond":{"line":10,"column":9,"tokenListIndex":5},"lengthOfFirst":6,"lengthOfSecond":6}],"firstSimilarity":0.75,"secondSimilarity":0.2727272727272727}