{"firstSubmissionId":"AYSE_ALKAN","secondSubmissionId":"ALP_DIKMEN","similarities":{"AVG":0.41379310344827586,"MAX":0.6428571428571429,"MAXIMUM_LENGTH":60.0,"LONGEST_MATCH":18.0},"matches":[{"firstFileName":"AYSE_ALKAN/LinkedListQuestions.cpp","secondFileName":"ALP_DIKMEN/LinkedListQuestions.cpp","startInFirst":{"line":9,"column":0,"tokenListIndex":0},"endInFirst":{"line":27,"column":56,"tokenListIndex":17},"startInSecond":{"line":30,"column":0,"tokenListIndex":13},"endInSecond":{"line":52,"column":2,"tokenListIndex":30},"lengthOfFirst":18,"lengthOfSecond":18}],"firstSimilarity":0.6428571428571429,"secondSimilarity":0.3050847457627119}