{"firstSubmissionId":"BORA_ERDEM_ALAN","secondSubmissionId":"MERTCAN_ARSLAN","similarities":{"AVG":0.3157894736842105,"MAX":0.3442622950819672,"MAXIMUM_LENGTH":73.0,"LONGEST_MATCH":8.0},"matches":[{"firstFileName":"BORA_ERDEM_ALAN/LinkedListQuestions.cpp","secondFileName":"MERTCAN_ARSLAN/LinkedListQuestions.cpp","startInFirst":{"line":20,"column":0,"tokenListIndex":15},"endInFirst":{"line":26,"column":1,"tokenListIndex":22},"startInSecond":{"line":22,"column":0,"tokenListIndex":15},"endInSecond":{"line":28,"column":3,"tokenListIndex":22},"lengthOfFirst":8,"lengthOfSecond":8},{"firstFileName":"BORA_ERDEM_ALAN/LinkedListQuestions.cpp","secondFileName":"MERTCAN_ARSLAN/LinkedListQuestions.cpp","startInFirst":{"line":56,"column":0,"tokenListIndex":48},"endInFirst":{"line":61,"column":9,"tokenListIndex":54},"startInSecond":{"line":65,"column":0,"tokenListIndex":58},"endInSecond":{"line":72,"column":8,"tokenListIndex":64},"lengthOfFirst":7,"lengthOfSecond":7},{"firstFileName":"BORA_ERDEM_ALAN/LinkedListQuestions.cpp","secondFileName":"MERTCAN_ARSLAN/LinkedListQuestions.cpp","startInFirst":{"line":33,"column":0,"tokenListIndex":30},"endInFirst":{"line":38,"column":14,"tokenListIndex":35},"startInSecond":{"line":39,"column":0,"tokenListIndex":34},"endInSecond":{"line":44,"column":10,"tokenListIndex":39},"lengthOfFirst":6,"lengthOfSecond":6}],"firstSimilarity":0.3442622950819672,"secondSimilarity":0.2916666666666667}