{"firstSubmissionId":"BORA_ERDEM_ALAN","secondSubmissionId":"EMRE_ERGUL","similarities":{"AVG":0.42962962962962964,"MAX":0.47540983606557374,"MAXIMUM_LENGTH":75.0,"LONGEST_MATCH":10.0},"matches":[{"firstFileName":"BORA_ERDEM_ALAN/LinkedListQuestions.cpp","secondFileName":"EMRE_ERGUL/LinkedListQuestions.cpp","startInFirst":{"line":56,"column":0,"tokenListIndex":48},"endInFirst":{"line":66,"column":3,"tokenListIndex":57},"startInSecond":{"line":51,"column":0,"tokenListIndex":44},"endInSecond":{"line":60,"column":2,"tokenListIndex":53},"lengthOfFirst":10,"lengthOfSecond":10},{"firstFileName":"BORA_ERDEM_ALAN/LinkedListQuestions.cpp","secondFileName":"EMRE_ERGUL/LinkedListQuestions.cpp","startInFirst":{"line":20,"column":0,"tokenListIndex":15},"endInFirst":{"line":25,"column":14,"tokenListIndex":21},"startInSecond":{"line":23,"column":0,"tokenListIndex":19},"endInSecond":{"line":28,"column":8,"tokenListIndex":25},"lengthOfFirst":7,"lengthOfSecond":7},{"firstFileName":"BORA_ERDEM_ALAN/LinkedListQuestions.cpp","secondFileName":"EMRE_ERGUL/LinkedListQuestions.cpp","startInFirst":{"line":9,"column":0,"tokenListIndex":0},"endInFirst":{"line":10,"column":8,"tokenListIndex":5},"startInSecond":{"line":9,"column":0,"tokenListIndex":0},"endInSecond":{"line":10,"column":8,"tokenListIndex":5},"lengthOfFirst":6,"lengthOfSecond":6},{"firstFileName":"BORA_ERDEM_ALAN/LinkedListQuestions.cpp","secondFileName":"EMRE_ERGUL/LinkedListQuestions.cpp","startInFirst":{"line":33,"column":0,"tokenListIndex":30},"endInFirst":{"line":38,"column":14,"tokenListIndex":35},"startInSecond":{"line":37,"column":0,"tokenListIndex":33},"endInSecond":{"line":42,"column":8,"tokenListIndex":38},"lengthOfFirst":6,"lengthOfSecond":6}],"firstSimilarity":0.47540983606557374,"secondSimilarity":0.3918918918918919}