{"firstSubmissionId":"BORA_ERDEM_ALAN","secondSubmissionId":"EDHEM_TATAR","similarities":{"AVG":0.18309859154929578,"MAX":0.21311475409836064,"MAXIMUM_LENGTH":82.0,"LONGEST_MATCH":7.0},"matches":[{"firstFileName":"BORA_ERDEM_ALAN/LinkedListQuestions.cpp","secondFileName":"EDHEM_TATAR/LinkedListQuestions.cpp","startInFirst":{"line":20,"column":0,"tokenListIndex":15},"endInFirst":{"line":25,"column":14,"tokenListIndex":21},"startInSecond":{"line":22,"column":0,"tokenListIndex":14},"endInSecond":{"line":28,"column":10,"tokenListIndex":20},"lengthOfFirst":7,"lengthOfSecond":7},{"firstFileName":"BORA_ERDEM_ALAN/LinkedListQuestions.cpp","secondFileName":"EDHEM_TATAR/LinkedListQuestions.cpp","startInFirst":{"line":33,"column":0,"tokenListIndex":30},"endInFirst":{"line":38,"column":14,"tokenListIndex":35},"startInSecond":{"line":45,"column":0,"tokenListIndex":35},"endInSecond":{"line":51,"column":10,"tokenListIndex":40},"lengthOfFirst":6,"lengthOfSecond":6}],"firstSimilarity":0.21311475409836064,"secondSimilarity":0.16049382716049382}