{"firstSubmissionId":"BORA_ERDEM_ALAN","secondSubmissionId":"SUDE_ATANSAY","similarities":{"AVG":0.2677165354330709,"MAX":0.2786885245901639,"MAXIMUM_LENGTH":67.0,"LONGEST_MATCH":10.0},"matches":[{"firstFileName":"BORA_ERDEM_ALAN/LinkedListQuestions.cpp","secondFileName":"SUDE_ATANSAY/LinkedListQuestions.cpp","startInFirst":{"line":56,"column":0,"tokenListIndex":48},"endInFirst":{"line":66,"column":3,"tokenListIndex":57},"startInSecond":{"line":64,"column":2,"tokenListIndex":54},"endInSecond":{"line":78,"column":5,"tokenListIndex":63},"lengthOfFirst":10,"lengthOfSecond":10},{"firstFileName":"BORA_ERDEM_ALAN/LinkedListQuestions.cpp","secondFileName":"SUDE_ATANSAY/LinkedListQuestions.cpp","startInFirst":{"line":20,"column":0,"tokenListIndex":15},"endInFirst":{"line":25,"column":14,"tokenListIndex":21},"startInSecond":{"line":24,"column":0,"tokenListIndex":19},"endInSecond":{"line":30,"column":7,"tokenListIndex":25},"lengthOfFirst":7,"lengthOfSecond":7}],"firstSimilarity":0.2786885245901639,"secondSimilarity":0.25757575757575757}