{"firstSubmissionId":"BORA_ERDEM_ALAN","secondSubmissionId":"CEYDA_SENAY","similarities":{"AVG":0.09523809523809523,"MAX":0.09836065573770492,"MAXIMUM_LENGTH":66.0,"LONGEST_MATCH":6.0},"matches":[{"firstFileName":"BORA_ERDEM_ALAN/LinkedListQuestions.cpp","secondFileName":"CEYDA_SENAY/LinkedListQuestions.cpp","startInFirst":{"line":9,"column":0,"tokenListIndex":0},"endInFirst":{"line":10,"column":8,"tokenListIndex":5},"startInSecond":{"line":9,"column":0,"tokenListIndex":0},"endInSecond":{"line":13,"column":11,"tokenListIndex":5},"lengthOfFirst":6,"lengthOfSecond":6}],"firstSimilarity":0.09836065573770492,"secondSimilarity":0.09230769230769231}