{"firstSubmissionId":"BORA_ERDEM_ALAN","secondSubmissionId":"IRMAK_ZEHRA_EMRI","similarities":{"AVG":0.2962962962962963,"MAX":0.32786885245901637,"MAXIMUM_LENGTH":75.0,"LONGEST_MATCH":8.0},"matches":[{"firstFileName":"BORA_ERDEM_ALAN/LinkedListQuestions.cpp","secondFileName":"IRMAK_ZEHRA_EMRI/LinkedListQuestions.cpp","startInFirst":{"line":60,"column":2,"tokenListIndex":51},"endInFirst":{"line":67,"column":3,"tokenListIndex":58},"startInSecond":{"line":75,"column":2,"tokenListIndex":62},"endInSecond":{"line":82,"column":13,"tokenListIndex":69},"lengthOfFirst":8,"lengthOfSecond":8},{"firstFileName":"BORA_ERDEM_ALAN/LinkedListQuestions.cpp","secondFileName":"IRMAK_ZEHRA_EMRI/LinkedListQuestions.cpp","startInFirst":{"line":9,"column":0,"tokenListIndex":0},"endInFirst":{"line":10,"column":8,"tokenListIndex":5},"startInSecond":{"line":9,"column":0,"tokenListIndex":0},"endInSecond":{"line":12,"column":9,"tokenListIndex":5},"lengthOfFirst":6,"lengthOfSecond":6},{"firstFileName":"BORA_ERDEM_ALAN/LinkedListQuestions.cpp","secondFileName":"IRMAK_ZEHRA_EMRI/LinkedListQuestions.cpp","startInFirst":{"line":33,"column":0,"tokenListIndex":30},"endInFirst":{"line":38,"column":14,"tokenListIndex":35},"startInSecond":{"line":47,"column":0,"tokenListIndex":41},"endInSecond":{"line":54,"column":9,"tokenListIndex":46},"lengthOfFirst":6,"lengthOfSecond":6}],"firstSimilarity":0.32786885245901637,"secondSimilarity":0.2702702702702703}