{"firstSubmissionId":"BORA_ERDEM_ALAN","secondSubmissionId":"YUSUF_ERDEM_ALTINSOY","similarities":{"AVG":0.21705426356589147,"MAX":0.22950819672131148,"MAXIMUM_LENGTH":69.0,"LONGEST_MATCH":8.0},"matches":[{"firstFileName":"BORA_ERDEM_ALAN/LinkedListQuestions.cpp","secondFileName":"YUSUF_ERDEM_ALTINSOY/LinkedListQuestions.cpp","startInFirst":{"line":59,"column":20,"tokenListIndex":50},"endInFirst":{"line":66,"column":3,"tokenListIndex":57},"startInSecond":{"line":9,"column":57,"tokenListIndex":3},"endInSecond":{"line":17,"column":2,"tokenListIndex":10},"lengthOfFirst":8,"lengthOfSecond":8},{"firstFileName":"BORA_ERDEM_ALAN/LinkedListQuestions.cpp","secondFileName":"YUSUF_ERDEM_ALTINSOY/LinkedListQuestions.cpp","startInFirst":{"line":33,"column":0,"tokenListIndex":30},"endInFirst":{"line":38,"column":14,"tokenListIndex":35},"startInSecond":{"line":44,"column":0,"tokenListIndex":33},"endInSecond":{"line":50,"column":6,"tokenListIndex":38},"lengthOfFirst":6,"lengthOfSecond":6}],"firstSimilarity":0.22950819672131148,"secondSimilarity":0.20588235294117646}