{"firstSubmissionId":"BORA_ERDEM_ALAN","secondSubmissionId":"EGE_HURIEL","similarities":{"AVG":0.21311475409836064,"MAX":0.21311475409836064,"MAXIMUM_LENGTH":62.0,"LONGEST_MATCH":7.0},"matches":[{"firstFileName":"BORA_ERDEM_ALAN/LinkedListQuestions.cpp","secondFileName":"EGE_HURIEL/LinkedListQuestions.cpp","startInFirst":{"line":20,"column":0,"tokenListIndex":15},"endInFirst":{"line":25,"column":14,"tokenListIndex":21},"startInSecond":{"line":19,"column":0,"tokenListIndex":17},"endInSecond":{"line":25,"column":6,"tokenListIndex":23},"lengthOfFirst":7,"lengthOfSecond":7},{"firstFileName":"BORA_ERDEM_ALAN/LinkedListQuestions.cpp","secondFileName":"EGE_HURIEL/LinkedListQuestions.cpp","startInFirst":{"line":33,"column":0,"tokenListIndex":30},"endInFirst":{"line":38,"column":14,"tokenListIndex":35},"startInSecond":{"line":34,"column":0,"tokenListIndex":31},"endInSecond":{"line":40,"column":6,"tokenListIndex":36},"lengthOfFirst":6,"lengthOfSecond":6}],"firstSimilarity":0.21311475409836064,"secondSimilarity":0.21311475409836064}