{"firstSubmissionId":"BORA_ERDEM_ALAN","secondSubmissionId":"ALGUHAN_KURULAR","similarities":{"AVG":0.5625,"MAX":0.5901639344262295,"MAXIMUM_LENGTH":68.0,"LONGEST_MATCH":10.0},"matches":[{"firstFileName":"BORA_ERDEM_ALAN/LinkedListQuestions.cpp","secondFileName":"ALGUHAN_KURULAR/LinkedListQuestions.cpp","startInFirst":{"line":56,"column":0,"tokenListIndex":48},"endInFirst":{"line":66,"column":3,"tokenListIndex":57},"startInSecond":{"line":71,"column":0,"tokenListIndex":55},"endInSecond":{"line":84,"column":3,"tokenListIndex":64},"lengthOfFirst":10,"lengthOfSecond":10},{"firstFileName":"BORA_ERDEM_ALAN/LinkedListQuestions.cpp","secondFileName":"ALGUHAN_KURULAR/LinkedListQuestions.cpp","startInFirst":{"line":18,"column":1,"tokenListIndex":14},"endInFirst":{"line":25,"column":14,"tokenListIndex":21},"startInSecond":{"line":22,"column":2,"tokenListIndex":19},"endInSecond":{"line":28,"column":9,"tokenListIndex":26},"lengthOfFirst":8,"lengthOfSecond":8},{"firstFileName":"BORA_ERDEM_ALAN/LinkedListQuestions.cpp","secondFileName":"ALGUHAN_KURULAR/LinkedListQuestions.cpp","startInFirst":{"line":9,"column":0,"tokenListIndex":0},"endInFirst":{"line":10,"column":8,"tokenListIndex":5},"startInSecond":{"line":9,"column":0,"tokenListIndex":0},"endInSecond":{"line":10,"column":9,"tokenListIndex":5},"lengthOfFirst":6,"lengthOfSecond":6},{"firstFileName":"BORA_ERDEM_ALAN/LinkedListQuestions.cpp","secondFileName":"ALGUHAN_KURULAR/LinkedListQuestions.cpp","startInFirst":{"line":33,"column":0,"tokenListIndex":30},"endInFirst":{"line":38,"column":14,"tokenListIndex":35},"startInSecond":{"line":38,"column":0,"tokenListIndex":35},"endInSecond":{"line":43,"column":9,"tokenListIndex":40},"lengthOfFirst":6,"lengthOfSecond":6},{"firstFileName":"BORA_ERDEM_ALAN/LinkedListQuestions.cpp","secondFileName":"ALGUHAN_KURULAR/LinkedListQuestions.cpp","startInFirst":{"line":44,"column":3,"tokenListIndex":41},"endInFirst":{"line":54,"column":2,"tokenListIndex":46},"startInSecond":{"line":54,"column":2,"tokenListIndex":47},"endInSecond":{"line":66,"column":17,"tokenListIndex":52},"lengthOfFirst":6,"lengthOfSecond":6}],"firstSimilarity":0.5901639344262295,"secondSimilarity":0.5373134328358209}