{"firstSubmissionId":"BORA_ERDEM_ALAN","secondSubmissionId":"ERDAL_DENIZ_OZBEY","similarities":{"AVG":0.2753623188405797,"MAX":0.3114754098360656,"MAXIMUM_LENGTH":78.0,"LONGEST_MATCH":7.0},"matches":[{"firstFileName":"BORA_ERDEM_ALAN/LinkedListQuestions.cpp","secondFileName":"ERDAL_DENIZ_OZBEY/LinkedListQuestions.cpp","startInFirst":{"line":60,"column":2,"tokenListIndex":51},"endInFirst":{"line":66,"column":3,"tokenListIndex":57},"startInSecond":{"line":73,"column":5,"tokenListIndex":67},"endInSecond":{"line":79,"column":9,"tokenListIndex":73},"lengthOfFirst":7,"lengthOfSecond":7},{"firstFileName":"BORA_ERDEM_ALAN/LinkedListQuestions.cpp","secondFileName":"ERDAL_DENIZ_OZBEY/LinkedListQuestions.cpp","startInFirst":{"line":9,"column":0,"tokenListIndex":0},"endInFirst":{"line":10,"column":8,"tokenListIndex":5},"startInSecond":{"line":9,"column":0,"tokenListIndex":0},"endInSecond":{"line":10,"column":9,"tokenListIndex":5},"lengthOfFirst":6,"lengthOfSecond":6},{"firstFileName":"BORA_ERDEM_ALAN/LinkedListQuestions.cpp","secondFileName":"ERDAL_DENIZ_OZBEY/LinkedListQuestions.cpp","startInFirst":{"line":33,"column":0,"tokenListIndex":30},"endInFirst":{"line":38,"column":14,"tokenListIndex":35},"startInSecond":{"line":25,"column":0,"tokenListIndex":23},"endInSecond":{"line":30,"column":31,"tokenListIndex":28},"lengthOfFirst":6,"lengthOfSecond":6}],"firstSimilarity":0.3114754098360656,"secondSimilarity":0.24675324675324675}