{"firstSubmissionId":"BORA_ERDEM_ALAN","secondSubmissionId":"DEMIR_OZHAN","similarities":{"AVG":0.3466666666666667,"MAX":0.4262295081967213,"MAXIMUM_LENGTH":90.0,"LONGEST_MATCH":7.0},"matches":[{"firstFileName":"BORA_ERDEM_ALAN/LinkedListQuestions.cpp","secondFileName":"DEMIR_OZHAN/LinkedListQuestions.cpp","startInFirst":{"line":20,"column":0,"tokenListIndex":15},"endInFirst":{"line":25,"column":14,"tokenListIndex":21},"startInSecond":{"line":34,"column":0,"tokenListIndex":27},"endInSecond":{"line":39,"column":9,"tokenListIndex":33},"lengthOfFirst":7,"lengthOfSecond":7},{"firstFileName":"BORA_ERDEM_ALAN/LinkedListQuestions.cpp","secondFileName":"DEMIR_OZHAN/LinkedListQuestions.cpp","startInFirst":{"line":60,"column":2,"tokenListIndex":51},"endInFirst":{"line":66,"column":3,"tokenListIndex":57},"startInSecond":{"line":104,"column":2,"tokenListIndex":80},"endInSecond":{"line":111,"column":3,"tokenListIndex":86},"lengthOfFirst":7,"lengthOfSecond":7},{"firstFileName":"BORA_ERDEM_ALAN/LinkedListQuestions.cpp","secondFileName":"DEMIR_OZHAN/LinkedListQuestions.cpp","startInFirst":{"line":9,"column":0,"tokenListIndex":0},"endInFirst":{"line":10,"column":8,"tokenListIndex":5},"startInSecond":{"line":9,"column":0,"tokenListIndex":0},"endInSecond":{"line":10,"column":9,"tokenListIndex":5},"lengthOfFirst":6,"lengthOfSecond":6},{"firstFileName":"BORA_ERDEM_ALAN/LinkedListQuestions.cpp","secondFileName":"DEMIR_OZHAN/LinkedListQuestions.cpp","startInFirst":{"line":33,"column":0,"tokenListIndex":30},"endInFirst":{"line":38,"column":14,"tokenListIndex":35},"startInSecond":{"line":51,"column":0,"tokenListIndex":41},"endInSecond":{"line":56,"column":9,"tokenListIndex":46},"lengthOfFirst":6,"lengthOfSecond":6}],"firstSimilarity":0.4262295081967213,"secondSimilarity":0.29213483146067415}