{"firstSubmissionId":"BORA_ERDEM_ALAN","secondSubmissionId":"ISMAIL_EFE_YALCINKAYA","similarities":{"AVG":0.21311475409836064,"MAX":0.21311475409836064,"MAXIMUM_LENGTH":62.0,"LONGEST_MATCH":7.0},"matches":[{"firstFileName":"BORA_ERDEM_ALAN/LinkedListQuestions.cpp","secondFileName":"ISMAIL_EFE_YALCINKAYA/LinkedListQuestions.cpp","startInFirst":{"line":20,"column":0,"tokenListIndex":15},"endInFirst":{"line":25,"column":14,"tokenListIndex":21},"startInSecond":{"line":18,"column":0,"tokenListIndex":16},"endInSecond":{"line":22,"column":7,"tokenListIndex":22},"lengthOfFirst":7,"lengthOfSecond":7},{"firstFileName":"BORA_ERDEM_ALAN/LinkedListQuestions.cpp","secondFileName":"ISMAIL_EFE_YALCINKAYA/LinkedListQuestions.cpp","startInFirst":{"line":9,"column":0,"tokenListIndex":0},"endInFirst":{"line":10,"column":8,"tokenListIndex":5},"startInSecond":{"line":6,"column":0,"tokenListIndex":0},"endInSecond":{"line":7,"column":7,"tokenListIndex":5},"lengthOfFirst":6,"lengthOfSecond":6}],"firstSimilarity":0.21311475409836064,"secondSimilarity":0.21311475409836064}