{"firstSubmissionId":"CEYDA_SENAY","secondSubmissionId":"ALGUHAN_KURULAR","similarities":{"AVG":0.24242424242424243,"MAX":0.24615384615384617,"MAXIMUM_LENGTH":68.0,"LONGEST_MATCH":8.0},"matches":[{"firstFileName":"CEYDA_SENAY/LinkedListQuestions.cpp","secondFileName":"ALGUHAN_KURULAR/LinkedListQuestions.cpp","startInFirst":{"line":9,"column":43,"tokenListIndex":2},"endInFirst":{"line":16,"column":2,"tokenListIndex":9},"startInSecond":{"line":42,"column":26,"tokenListIndex":37},"endInSecond":{"line":50,"column":3,"tokenListIndex":44},"lengthOfFirst":8,"lengthOfSecond":8},{"firstFileName":"CEYDA_SENAY/LinkedListQuestions.cpp","secondFileName":"ALGUHAN_KURULAR/LinkedListQuestions.cpp","startInFirst":{"line":52,"column":4,"tokenListIndex":39},"endInFirst":{"line":58,"column":41,"tokenListIndex":46},"startInSecond":{"line":12,"column":2,"tokenListIndex":6},"endInSecond":{"line":15,"column":26,"tokenListIndex":13},"lengthOfFirst":8,"lengthOfSecond":8}],"firstSimilarity":0.24615384615384617,"secondSimilarity":0.23880597014925373}