{"firstSubmissionId":"CEYDA_SENAY","secondSubmissionId":"YUSUF_ERDEM_ALTINSOY","similarities":{"AVG":0.40601503759398494,"MAX":0.4153846153846154,"MAXIMUM_LENGTH":69.0,"LONGEST_MATCH":12.0},"matches":[{"firstFileName":"CEYDA_SENAY/LinkedListQuestions.cpp","secondFileName":"YUSUF_ERDEM_ALTINSOY/LinkedListQuestions.cpp","startInFirst":{"line":35,"column":4,"tokenListIndex":24},"endInFirst":{"line":48,"column":28,"tokenListIndex":35},"startInSecond":{"line":34,"column":3,"tokenListIndex":24},"endInSecond":{"line":49,"column":26,"tokenListIndex":35},"lengthOfFirst":12,"lengthOfSecond":12},{"firstFileName":"CEYDA_SENAY/LinkedListQuestions.cpp","secondFileName":"YUSUF_ERDEM_ALTINSOY/LinkedListQuestions.cpp","startInFirst":{"line":9,"column":0,"tokenListIndex":0},"endInFirst":{"line":15,"column":1,"tokenListIndex":8},"startInSecond":{"line":9,"column":0,"tokenListIndex":0},"endInSecond":{"line":15,"column":1,"tokenListIndex":8},"lengthOfFirst":9,"lengthOfSecond":9},{"firstFileName":"CEYDA_SENAY/LinkedListQuestions.cpp","secondFileName":"YUSUF_ERDEM_ALTINSOY/LinkedListQuestions.cpp","startInFirst":{"line":23,"column":3,"tokenListIndex":15},"endInFirst":{"line":31,"column":56,"tokenListIndex":20},"startInSecond":{"line":23,"column":1,"tokenListIndex":15},"endInSecond":{"line":28,"column":56,"tokenListIndex":20},"lengthOfFirst":6,"lengthOfSecond":6}],"firstSimilarity":0.4153846153846154,"secondSimilarity":0.39705882352941174}