{"firstSubmissionId":"CEYDA_SENAY","secondSubmissionId":"SUDE_ATANSAY","similarities":{"AVG":0.44274809160305345,"MAX":0.4461538461538462,"MAXIMUM_LENGTH":67.0,"LONGEST_MATCH":17.0},"matches":[{"firstFileName":"CEYDA_SENAY/LinkedListQuestions.cpp","secondFileName":"SUDE_ATANSAY/LinkedListQuestions.cpp","startInFirst":{"line":13,"column":4,"tokenListIndex":4},"endInFirst":{"line":31,"column":56,"tokenListIndex":20},"startInSecond":{"line":12,"column":2,"tokenListIndex":7},"endInSecond":{"line":29,"column":56,"tokenListIndex":23},"lengthOfFirst":17,"lengthOfSecond":17},{"firstFileName":"CEYDA_SENAY/LinkedListQuestions.cpp","secondFileName":"SUDE_ATANSAY/LinkedListQuestions.cpp","startInFirst":{"line":35,"column":4,"tokenListIndex":24},"endInFirst":{"line":48,"column":28,"tokenListIndex":35},"startInSecond":{"line":30,"column":2,"tokenListIndex":24},"endInSecond":{"line":45,"column":26,"tokenListIndex":35},"lengthOfFirst":12,"lengthOfSecond":12}],"firstSimilarity":0.4461538461538462,"secondSimilarity":0.4393939393939394}