{"firstSubmissionId":"CEYDA_SENAY","secondSubmissionId":"MERTCAN_ARSLAN","similarities":{"AVG":0.17518248175182483,"MAX":0.18461538461538463,"MAXIMUM_LENGTH":73.0,"LONGEST_MATCH":6.0},"matches":[{"firstFileName":"CEYDA_SENAY/LinkedListQuestions.cpp","secondFileName":"MERTCAN_ARSLAN/LinkedListQuestions.cpp","startInFirst":{"line":9,"column":0,"tokenListIndex":0},"endInFirst":{"line":13,"column":11,"tokenListIndex":5},"startInSecond":{"line":26,"column":0,"tokenListIndex":16},"endInSecond":{"line":27,"column":8,"tokenListIndex":21},"lengthOfFirst":6,"lengthOfSecond":6},{"firstFileName":"CEYDA_SENAY/LinkedListQuestions.cpp","secondFileName":"MERTCAN_ARSLAN/LinkedListQuestions.cpp","startInFirst":{"line":23,"column":3,"tokenListIndex":15},"endInFirst":{"line":31,"column":56,"tokenListIndex":20},"startInSecond":{"line":38,"column":3,"tokenListIndex":33},"endInSecond":{"line":44,"column":3,"tokenListIndex":38},"lengthOfFirst":6,"lengthOfSecond":6}],"firstSimilarity":0.18461538461538463,"secondSimilarity":0.16666666666666666}