{"firstSubmissionId":"CEYDA_SENAY","secondSubmissionId":"IRMAK_ZEHRA_EMRI","similarities":{"AVG":0.3597122302158273,"MAX":0.38461538461538464,"MAXIMUM_LENGTH":75.0,"LONGEST_MATCH":10.0},"matches":[{"firstFileName":"CEYDA_SENAY/LinkedListQuestions.cpp","secondFileName":"IRMAK_ZEHRA_EMRI/LinkedListQuestions.cpp","startInFirst":{"line":18,"column":8,"tokenListIndex":11},"endInFirst":{"line":31,"column":56,"tokenListIndex":20},"startInSecond":{"line":25,"column":3,"tokenListIndex":20},"endInSecond":{"line":34,"column":56,"tokenListIndex":29},"lengthOfFirst":10,"lengthOfSecond":10},{"firstFileName":"CEYDA_SENAY/LinkedListQuestions.cpp","secondFileName":"IRMAK_ZEHRA_EMRI/LinkedListQuestions.cpp","startInFirst":{"line":9,"column":0,"tokenListIndex":0},"endInFirst":{"line":14,"column":5,"tokenListIndex":7},"startInSecond":{"line":9,"column":0,"tokenListIndex":0},"endInSecond":{"line":13,"column":6,"tokenListIndex":7},"lengthOfFirst":8,"lengthOfSecond":8},{"firstFileName":"CEYDA_SENAY/LinkedListQuestions.cpp","secondFileName":"IRMAK_ZEHRA_EMRI/LinkedListQuestions.cpp","startInFirst":{"line":40,"column":6,"tokenListIndex":29},"endInFirst":{"line":48,"column":28,"tokenListIndex":35},"startInSecond":{"line":43,"column":1,"tokenListIndex":37},"endInSecond":{"line":51,"column":26,"tokenListIndex":43},"lengthOfFirst":7,"lengthOfSecond":7}],"firstSimilarity":0.38461538461538464,"secondSimilarity":0.33783783783783783}