{"firstSubmissionId":"CEYDA_SENAY","secondSubmissionId":"ERDAL_DENIZ_OZBEY","similarities":{"AVG":0.39436619718309857,"MAX":0.4307692307692308,"MAXIMUM_LENGTH":78.0,"LONGEST_MATCH":15.0},"matches":[{"firstFileName":"CEYDA_SENAY/LinkedListQuestions.cpp","secondFileName":"ERDAL_DENIZ_OZBEY/LinkedListQuestions.cpp","startInFirst":{"line":14,"column":1,"tokenListIndex":6},"endInFirst":{"line":31,"column":56,"tokenListIndex":20},"startInSecond":{"line":15,"column":4,"tokenListIndex":13},"endInSecond":{"line":29,"column":56,"tokenListIndex":27},"lengthOfFirst":15,"lengthOfSecond":15},{"firstFileName":"CEYDA_SENAY/LinkedListQuestions.cpp","secondFileName":"ERDAL_DENIZ_OZBEY/LinkedListQuestions.cpp","startInFirst":{"line":66,"column":3,"tokenListIndex":48},"endInFirst":{"line":71,"column":4,"tokenListIndex":54},"startInSecond":{"line":41,"column":0,"tokenListIndex":36},"endInSecond":{"line":48,"column":4,"tokenListIndex":42},"lengthOfFirst":7,"lengthOfSecond":7},{"firstFileName":"CEYDA_SENAY/LinkedListQuestions.cpp","secondFileName":"ERDAL_DENIZ_OZBEY/LinkedListQuestions.cpp","startInFirst":{"line":9,"column":0,"tokenListIndex":0},"endInFirst":{"line":13,"column":11,"tokenListIndex":5},"startInSecond":{"line":9,"column":0,"tokenListIndex":0},"endInSecond":{"line":10,"column":9,"tokenListIndex":5},"lengthOfFirst":6,"lengthOfSecond":6}],"firstSimilarity":0.4307692307692308,"secondSimilarity":0.36363636363636365}