{"firstSubmissionId":"CEYDA_SENAY","secondSubmissionId":"DEMIR_OZHAN","similarities":{"AVG":0.4025974025974026,"MAX":0.47692307692307695,"MAXIMUM_LENGTH":90.0,"LONGEST_MATCH":12.0},"matches":[{"firstFileName":"CEYDA_SENAY/LinkedListQuestions.cpp","secondFileName":"DEMIR_OZHAN/LinkedListQuestions.cpp","startInFirst":{"line":35,"column":4,"tokenListIndex":24},"endInFirst":{"line":48,"column":28,"tokenListIndex":35},"startInSecond":{"line":39,"column":2,"tokenListIndex":32},"endInSecond":{"line":55,"column":26,"tokenListIndex":43},"lengthOfFirst":12,"lengthOfSecond":12},{"firstFileName":"CEYDA_SENAY/LinkedListQuestions.cpp","secondFileName":"DEMIR_OZHAN/LinkedListQuestions.cpp","startInFirst":{"line":17,"column":12,"tokenListIndex":10},"endInFirst":{"line":31,"column":56,"tokenListIndex":20},"startInSecond":{"line":28,"column":4,"tokenListIndex":21},"endInSecond":{"line":38,"column":56,"tokenListIndex":31},"lengthOfFirst":11,"lengthOfSecond":11},{"firstFileName":"CEYDA_SENAY/LinkedListQuestions.cpp","secondFileName":"DEMIR_OZHAN/LinkedListQuestions.cpp","startInFirst":{"line":9,"column":0,"tokenListIndex":0},"endInFirst":{"line":14,"column":5,"tokenListIndex":7},"startInSecond":{"line":9,"column":0,"tokenListIndex":0},"endInSecond":{"line":11,"column":6,"tokenListIndex":7},"lengthOfFirst":8,"lengthOfSecond":8}],"firstSimilarity":0.47692307692307695,"secondSimilarity":0.34831460674157305}