{"firstSubmissionId":"CEYDA_SENAY","secondSubmissionId":"EMRE_ERGUL","similarities":{"AVG":0.38848920863309355,"MAX":0.4153846153846154,"MAXIMUM_LENGTH":75.0,"LONGEST_MATCH":12.0},"matches":[{"firstFileName":"CEYDA_SENAY/LinkedListQuestions.cpp","secondFileName":"EMRE_ERGUL/LinkedListQuestions.cpp","startInFirst":{"line":35,"column":4,"tokenListIndex":24},"endInFirst":{"line":48,"column":28,"tokenListIndex":35},"startInSecond":{"line":28,"column":1,"tokenListIndex":24},"endInSecond":{"line":41,"column":26,"tokenListIndex":35},"lengthOfFirst":12,"lengthOfSecond":12},{"firstFileName":"CEYDA_SENAY/LinkedListQuestions.cpp","secondFileName":"EMRE_ERGUL/LinkedListQuestions.cpp","startInFirst":{"line":9,"column":0,"tokenListIndex":0},"endInFirst":{"line":15,"column":1,"tokenListIndex":8},"startInSecond":{"line":9,"column":0,"tokenListIndex":0},"endInSecond":{"line":12,"column":1,"tokenListIndex":8},"lengthOfFirst":9,"lengthOfSecond":9},{"firstFileName":"CEYDA_SENAY/LinkedListQuestions.cpp","secondFileName":"EMRE_ERGUL/LinkedListQuestions.cpp","startInFirst":{"line":54,"column":7,"tokenListIndex":41},"endInFirst":{"line":58,"column":41,"tokenListIndex":46},"startInSecond":{"line":63,"column":2,"tokenListIndex":56},"endInSecond":{"line":65,"column":32,"tokenListIndex":61},"lengthOfFirst":6,"lengthOfSecond":6}],"firstSimilarity":0.4153846153846154,"secondSimilarity":0.36486486486486486}