{"firstSubmissionId":"CEYDA_SENAY","secondSubmissionId":"EDHEM_TATAR","similarities":{"AVG":0.2602739726027397,"MAX":0.2923076923076923,"MAXIMUM_LENGTH":82.0,"LONGEST_MATCH":10.0},"matches":[{"firstFileName":"CEYDA_SENAY/LinkedListQuestions.cpp","secondFileName":"EDHEM_TATAR/LinkedListQuestions.cpp","startInFirst":{"line":9,"column":0,"tokenListIndex":0},"endInFirst":{"line":16,"column":2,"tokenListIndex":9},"startInSecond":{"line":26,"column":0,"tokenListIndex":15},"endInSecond":{"line":33,"column":3,"tokenListIndex":24},"lengthOfFirst":10,"lengthOfSecond":10},{"firstFileName":"CEYDA_SENAY/LinkedListQuestions.cpp","secondFileName":"EDHEM_TATAR/LinkedListQuestions.cpp","startInFirst":{"line":52,"column":4,"tokenListIndex":39},"endInFirst":{"line":60,"column":4,"tokenListIndex":47},"startInSecond":{"line":11,"column":2,"tokenListIndex":4},"endInSecond":{"line":18,"column":2,"tokenListIndex":12},"lengthOfFirst":9,"lengthOfSecond":9}],"firstSimilarity":0.2923076923076923,"secondSimilarity":0.2345679012345679}