{"firstSubmissionId":"CEYDA_SENAY","secondSubmissionId":"SERHAT_YUNUSEMRE_KALPAKLI","similarities":{"AVG":0.11678832116788321,"MAX":0.12307692307692308,"MAXIMUM_LENGTH":73.0,"LONGEST_MATCH":8.0},"matches":[{"firstFileName":"CEYDA_SENAY/LinkedListQuestions.cpp","secondFileName":"SERHAT_YUNUSEMRE_KALPAKLI/LinkedListQuestions.cpp","startInFirst":{"line":9,"column":43,"tokenListIndex":2},"endInFirst":{"line":16,"column":2,"tokenListIndex":9},"startInSecond":{"line":45,"column":26,"tokenListIndex":33},"endInSecond":{"line":49,"column":3,"tokenListIndex":40},"lengthOfFirst":8,"lengthOfSecond":8}],"firstSimilarity":0.12307692307692308,"secondSimilarity":0.1111111111111111}