{"firstSubmissionId":"DENIZ_KAYRA_AYDIN","secondSubmissionId":"SUDE_ATANSAY","similarities":{"AVG":0.32,"MAX":0.3389830508474576,"MAXIMUM_LENGTH":67.0,"LONGEST_MATCH":12.0},"matches":[{"firstFileName":"DENIZ_KAYRA_AYDIN/LinkedListQuestions.cpp","secondFileName":"SUDE_ATANSAY/LinkedListQuestions.cpp","startInFirst":{"line":62,"column":0,"tokenListIndex":47},"endInFirst":{"line":81,"column":0,"tokenListIndex":58},"startInSecond":{"line":64,"column":2,"tokenListIndex":54},"endInSecond":{"line":82,"column":0,"tokenListIndex":65},"lengthOfFirst":12,"lengthOfSecond":12},{"firstFileName":"DENIZ_KAYRA_AYDIN/LinkedListQuestions.cpp","secondFileName":"SUDE_ATANSAY/LinkedListQuestions.cpp","startInFirst":{"line":23,"column":4,"tokenListIndex":15},"endInFirst":{"line":31,"column":14,"tokenListIndex":22},"startInSecond":{"line":23,"column":1,"tokenListIndex":18},"endInSecond":{"line":30,"column":7,"tokenListIndex":25},"lengthOfFirst":8,"lengthOfSecond":8}],"firstSimilarity":0.3389830508474576,"secondSimilarity":0.30303030303030304}