{"firstSubmissionId":"DENIZ_KAYRA_AYDIN","secondSubmissionId":"BORA_ERDEM_ALAN","similarities":{"AVG":1.0,"MAX":1.0,"MAXIMUM_LENGTH":62.0,"LONGEST_MATCH":59.0},"matches":[{"firstFileName":"DENIZ_KAYRA_AYDIN/LinkedListQuestions.cpp","secondFileName":"BORA_ERDEM_ALAN/LinkedListQuestions.cpp","startInFirst":{"line":9,"column":0,"tokenListIndex":0},"endInFirst":{"line":81,"column":0,"tokenListIndex":58},"startInSecond":{"line":9,"column":0,"tokenListIndex":0},"endInSecond":{"line":69,"column":0,"tokenListIndex":60},"lengthOfFirst":59,"lengthOfSecond":61}],"firstSimilarity":1.0,"secondSimilarity":1.0}