{"firstSubmissionId":"DENIZ_KAYRA_AYDIN","secondSubmissionId":"ALGUHAN_KURULAR","similarities":{"AVG":0.4126984126984127,"MAX":0.4406779661016949,"MAXIMUM_LENGTH":68.0,"LONGEST_MATCH":12.0},"matches":[{"firstFileName":"DENIZ_KAYRA_AYDIN/LinkedListQuestions.cpp","secondFileName":"ALGUHAN_KURULAR/LinkedListQuestions.cpp","startInFirst":{"line":62,"column":0,"tokenListIndex":47},"endInFirst":{"line":81,"column":0,"tokenListIndex":58},"startInSecond":{"line":71,"column":0,"tokenListIndex":55},"endInSecond":{"line":89,"column":0,"tokenListIndex":66},"lengthOfFirst":12,"lengthOfSecond":12},{"firstFileName":"DENIZ_KAYRA_AYDIN/LinkedListQuestions.cpp","secondFileName":"ALGUHAN_KURULAR/LinkedListQuestions.cpp","startInFirst":{"line":9,"column":43,"tokenListIndex":2},"endInFirst":{"line":14,"column":4,"tokenListIndex":8},"startInSecond":{"line":42,"column":26,"tokenListIndex":37},"endInSecond":{"line":48,"column":2,"tokenListIndex":43},"lengthOfFirst":7,"lengthOfSecond":7},{"firstFileName":"DENIZ_KAYRA_AYDIN/LinkedListQuestions.cpp","secondFileName":"ALGUHAN_KURULAR/LinkedListQuestions.cpp","startInFirst":{"line":24,"column":0,"tokenListIndex":16},"endInFirst":{"line":31,"column":14,"tokenListIndex":22},"startInSecond":{"line":23,"column":0,"tokenListIndex":20},"endInSecond":{"line":28,"column":9,"tokenListIndex":26},"lengthOfFirst":7,"lengthOfSecond":7}],"firstSimilarity":0.4406779661016949,"secondSimilarity":0.3880597014925373}