{"firstSubmissionId":"DENIZ_KAYRA_AYDIN","secondSubmissionId":"EDHEM_TATAR","similarities":{"AVG":0.21428571428571427,"MAX":0.2542372881355932,"MAXIMUM_LENGTH":82.0,"LONGEST_MATCH":9.0},"matches":[{"firstFileName":"DENIZ_KAYRA_AYDIN/LinkedListQuestions.cpp","secondFileName":"EDHEM_TATAR/LinkedListQuestions.cpp","startInFirst":{"line":9,"column":0,"tokenListIndex":0},"endInFirst":{"line":14,"column":4,"tokenListIndex":8},"startInSecond":{"line":26,"column":0,"tokenListIndex":15},"endInSecond":{"line":32,"column":2,"tokenListIndex":23},"lengthOfFirst":9,"lengthOfSecond":9},{"firstFileName":"DENIZ_KAYRA_AYDIN/LinkedListQuestions.cpp","secondFileName":"EDHEM_TATAR/LinkedListQuestions.cpp","startInFirst":{"line":39,"column":0,"tokenListIndex":31},"endInFirst":{"line":46,"column":11,"tokenListIndex":36},"startInSecond":{"line":45,"column":0,"tokenListIndex":35},"endInSecond":{"line":51,"column":10,"tokenListIndex":40},"lengthOfFirst":6,"lengthOfSecond":6}],"firstSimilarity":0.2542372881355932,"secondSimilarity":0.18518518518518517}