{"firstSubmissionId":"DENIZ_KAYRA_AYDIN","secondSubmissionId":"ISMAIL_EFE_YALCINKAYA","similarities":{"AVG":0.2833333333333333,"MAX":0.288135593220339,"MAXIMUM_LENGTH":62.0,"LONGEST_MATCH":9.0},"matches":[{"firstFileName":"DENIZ_KAYRA_AYDIN/LinkedListQuestions.cpp","secondFileName":"ISMAIL_EFE_YALCINKAYA/LinkedListQuestions.cpp","startInFirst":{"line":9,"column":0,"tokenListIndex":0},"endInFirst":{"line":14,"column":4,"tokenListIndex":8},"startInSecond":{"line":6,"column":0,"tokenListIndex":0},"endInSecond":{"line":9,"column":2,"tokenListIndex":8},"lengthOfFirst":9,"lengthOfSecond":9},{"firstFileName":"DENIZ_KAYRA_AYDIN/LinkedListQuestions.cpp","secondFileName":"ISMAIL_EFE_YALCINKAYA/LinkedListQuestions.cpp","startInFirst":{"line":23,"column":4,"tokenListIndex":15},"endInFirst":{"line":31,"column":14,"tokenListIndex":22},"startInSecond":{"line":17,"column":2,"tokenListIndex":15},"endInSecond":{"line":22,"column":7,"tokenListIndex":22},"lengthOfFirst":8,"lengthOfSecond":8}],"firstSimilarity":0.288135593220339,"secondSimilarity":0.2786885245901639}