{"firstSubmissionId":"DENIZ_KAYRA_AYDIN","secondSubmissionId":"SERHAT_YUNUSEMRE_KALPAKLI","similarities":{"AVG":0.3511450381679389,"MAX":0.3898305084745763,"MAXIMUM_LENGTH":73.0,"LONGEST_MATCH":9.0},"matches":[{"firstFileName":"DENIZ_KAYRA_AYDIN/LinkedListQuestions.cpp","secondFileName":"SERHAT_YUNUSEMRE_KALPAKLI/LinkedListQuestions.cpp","startInFirst":{"line":70,"column":4,"tokenListIndex":50},"endInFirst":{"line":81,"column":0,"tokenListIndex":58},"startInSecond":{"line":77,"column":2,"tokenListIndex":63},"endInSecond":{"line":90,"column":0,"tokenListIndex":71},"lengthOfFirst":9,"lengthOfSecond":9},{"firstFileName":"DENIZ_KAYRA_AYDIN/LinkedListQuestions.cpp","secondFileName":"SERHAT_YUNUSEMRE_KALPAKLI/LinkedListQuestions.cpp","startInFirst":{"line":20,"column":5,"tokenListIndex":13},"endInFirst":{"line":29,"column":56,"tokenListIndex":20},"startInSecond":{"line":36,"column":3,"tokenListIndex":28},"endInSecond":{"line":46,"column":1,"tokenListIndex":35},"lengthOfFirst":8,"lengthOfSecond":8},{"firstFileName":"DENIZ_KAYRA_AYDIN/LinkedListQuestions.cpp","secondFileName":"SERHAT_YUNUSEMRE_KALPAKLI/LinkedListQuestions.cpp","startInFirst":{"line":9,"column":0,"tokenListIndex":0},"endInFirst":{"line":11,"column":12,"tokenListIndex":5},"startInSecond":{"line":26,"column":0,"tokenListIndex":17},"endInSecond":{"line":27,"column":8,"tokenListIndex":22},"lengthOfFirst":6,"lengthOfSecond":6}],"firstSimilarity":0.3898305084745763,"secondSimilarity":0.3194444444444444}