{"firstSubmissionId":"DENIZ_KAYRA_AYDIN","secondSubmissionId":"DEMIR_OZHAN","similarities":{"AVG":0.43243243243243246,"MAX":0.5423728813559322,"MAXIMUM_LENGTH":90.0,"LONGEST_MATCH":9.0},"matches":[{"firstFileName":"DENIZ_KAYRA_AYDIN/LinkedListQuestions.cpp","secondFileName":"DEMIR_OZHAN/LinkedListQuestions.cpp","startInFirst":{"line":70,"column":4,"tokenListIndex":50},"endInFirst":{"line":81,"column":0,"tokenListIndex":58},"startInSecond":{"line":104,"column":2,"tokenListIndex":80},"endInSecond":{"line":120,"column":0,"tokenListIndex":88},"lengthOfFirst":9,"lengthOfSecond":9},{"firstFileName":"DENIZ_KAYRA_AYDIN/LinkedListQuestions.cpp","secondFileName":"DEMIR_OZHAN/LinkedListQuestions.cpp","startInFirst":{"line":9,"column":0,"tokenListIndex":0},"endInFirst":{"line":12,"column":11,"tokenListIndex":7},"startInSecond":{"line":9,"column":0,"tokenListIndex":0},"endInSecond":{"line":11,"column":6,"tokenListIndex":7},"lengthOfFirst":8,"lengthOfSecond":8},{"firstFileName":"DENIZ_KAYRA_AYDIN/LinkedListQuestions.cpp","secondFileName":"DEMIR_OZHAN/LinkedListQuestions.cpp","startInFirst":{"line":23,"column":4,"tokenListIndex":15},"endInFirst":{"line":31,"column":14,"tokenListIndex":22},"startInSecond":{"line":33,"column":2,"tokenListIndex":26},"endInSecond":{"line":39,"column":9,"tokenListIndex":33},"lengthOfFirst":8,"lengthOfSecond":8},{"firstFileName":"DENIZ_KAYRA_AYDIN/LinkedListQuestions.cpp","secondFileName":"DEMIR_OZHAN/LinkedListQuestions.cpp","startInFirst":{"line":38,"column":4,"tokenListIndex":30},"endInFirst":{"line":46,"column":11,"tokenListIndex":36},"startInSecond":{"line":50,"column":2,"tokenListIndex":40},"endInSecond":{"line":56,"column":9,"tokenListIndex":46},"lengthOfFirst":7,"lengthOfSecond":7}],"firstSimilarity":0.5423728813559322,"secondSimilarity":0.3595505617977528}