{"firstSubmissionId":"DENIZ_KAYRA_AYDIN","secondSubmissionId":"IRMAK_ZEHRA_EMRI","similarities":{"AVG":0.42105263157894735,"MAX":0.4745762711864407,"MAXIMUM_LENGTH":75.0,"LONGEST_MATCH":8.0},"matches":[{"firstFileName":"DENIZ_KAYRA_AYDIN/LinkedListQuestions.cpp","secondFileName":"IRMAK_ZEHRA_EMRI/LinkedListQuestions.cpp","startInFirst":{"line":9,"column":0,"tokenListIndex":0},"endInFirst":{"line":12,"column":11,"tokenListIndex":7},"startInSecond":{"line":9,"column":0,"tokenListIndex":0},"endInSecond":{"line":13,"column":6,"tokenListIndex":7},"lengthOfFirst":8,"lengthOfSecond":8},{"firstFileName":"DENIZ_KAYRA_AYDIN/LinkedListQuestions.cpp","secondFileName":"IRMAK_ZEHRA_EMRI/LinkedListQuestions.cpp","startInFirst":{"line":38,"column":4,"tokenListIndex":30},"endInFirst":{"line":46,"column":11,"tokenListIndex":36},"startInSecond":{"line":46,"column":0,"tokenListIndex":40},"endInSecond":{"line":54,"column":9,"tokenListIndex":46},"lengthOfFirst":7,"lengthOfSecond":7},{"firstFileName":"DENIZ_KAYRA_AYDIN/LinkedListQuestions.cpp","secondFileName":"IRMAK_ZEHRA_EMRI/LinkedListQuestions.cpp","startInFirst":{"line":62,"column":0,"tokenListIndex":47},"endInFirst":{"line":71,"column":11,"tokenListIndex":53},"startInSecond":{"line":67,"column":0,"tokenListIndex":57},"endInSecond":{"line":75,"column":9,"tokenListIndex":63},"lengthOfFirst":7,"lengthOfSecond":7},{"firstFileName":"DENIZ_KAYRA_AYDIN/LinkedListQuestions.cpp","secondFileName":"IRMAK_ZEHRA_EMRI/LinkedListQuestions.cpp","startInFirst":{"line":23,"column":4,"tokenListIndex":15},"endInFirst":{"line":29,"column":56,"tokenListIndex":20},"startInSecond":{"line":29,"column":2,"tokenListIndex":24},"endInSecond":{"line":34,"column":56,"tokenListIndex":29},"lengthOfFirst":6,"lengthOfSecond":6}],"firstSimilarity":0.4745762711864407,"secondSimilarity":0.3783783783783784}