{"firstSubmissionId":"DENIZ_KAYRA_AYDIN","secondSubmissionId":"ERDAL_DENIZ_OZBEY","similarities":{"AVG":0.3088235294117647,"MAX":0.3559322033898305,"MAXIMUM_LENGTH":78.0,"LONGEST_MATCH":8.0},"matches":[{"firstFileName":"DENIZ_KAYRA_AYDIN/LinkedListQuestions.cpp","secondFileName":"ERDAL_DENIZ_OZBEY/LinkedListQuestions.cpp","startInFirst":{"line":11,"column":5,"tokenListIndex":4},"endInFirst":{"line":17,"column":4,"tokenListIndex":11},"startInSecond":{"line":73,"column":5,"tokenListIndex":67},"endInSecond":{"line":80,"column":2,"tokenListIndex":74},"lengthOfFirst":8,"lengthOfSecond":8},{"firstFileName":"DENIZ_KAYRA_AYDIN/LinkedListQuestions.cpp","secondFileName":"ERDAL_DENIZ_OZBEY/LinkedListQuestions.cpp","startInFirst":{"line":38,"column":4,"tokenListIndex":30},"endInFirst":{"line":46,"column":11,"tokenListIndex":36},"startInSecond":{"line":24,"column":4,"tokenListIndex":22},"endInSecond":{"line":30,"column":31,"tokenListIndex":28},"lengthOfFirst":7,"lengthOfSecond":7},{"firstFileName":"DENIZ_KAYRA_AYDIN/LinkedListQuestions.cpp","secondFileName":"ERDAL_DENIZ_OZBEY/LinkedListQuestions.cpp","startInFirst":{"line":29,"column":0,"tokenListIndex":17},"endInFirst":{"line":31,"column":14,"tokenListIndex":22},"startInSecond":{"line":9,"column":0,"tokenListIndex":0},"endInSecond":{"line":10,"column":9,"tokenListIndex":5},"lengthOfFirst":6,"lengthOfSecond":6}],"firstSimilarity":0.3559322033898305,"secondSimilarity":0.2727272727272727}