{"firstSubmissionId":"DENIZ_KAYRA_AYDIN","secondSubmissionId":"AHMET_ZEKI_IHTIYAROGLU","similarities":{"AVG":0.4,"MAX":0.4067796610169492,"MAXIMUM_LENGTH":62.0,"LONGEST_MATCH":9.0},"matches":[{"firstFileName":"DENIZ_KAYRA_AYDIN/LinkedListQuestions.cpp","secondFileName":"AHMET_ZEKI_IHTIYAROGLU/LinkedListQuestions.cpp","startInFirst":{"line":62,"column":0,"tokenListIndex":47},"endInFirst":{"line":74,"column":8,"tokenListIndex":55},"startInSecond":{"line":59,"column":0,"tokenListIndex":45},"endInSecond":{"line":69,"column":5,"tokenListIndex":53},"lengthOfFirst":9,"lengthOfSecond":9},{"firstFileName":"DENIZ_KAYRA_AYDIN/LinkedListQuestions.cpp","secondFileName":"AHMET_ZEKI_IHTIYAROGLU/LinkedListQuestions.cpp","startInFirst":{"line":9,"column":0,"tokenListIndex":0},"endInFirst":{"line":12,"column":11,"tokenListIndex":7},"startInSecond":{"line":9,"column":0,"tokenListIndex":0},"endInSecond":{"line":15,"column":8,"tokenListIndex":7},"lengthOfFirst":8,"lengthOfSecond":8},{"firstFileName":"DENIZ_KAYRA_AYDIN/LinkedListQuestions.cpp","secondFileName":"AHMET_ZEKI_IHTIYAROGLU/LinkedListQuestions.cpp","startInFirst":{"line":38,"column":4,"tokenListIndex":30},"endInFirst":{"line":46,"column":11,"tokenListIndex":36},"startInSecond":{"line":27,"column":1,"tokenListIndex":20},"endInSecond":{"line":33,"column":1,"tokenListIndex":26},"lengthOfFirst":7,"lengthOfSecond":7}],"firstSimilarity":0.4067796610169492,"secondSimilarity":0.39344262295081966}