{"firstSubmissionId":"DENIZ_KAYRA_AYDIN","secondSubmissionId":"EGE_HURIEL","similarities":{"AVG":0.25,"MAX":0.2542372881355932,"MAXIMUM_LENGTH":62.0,"LONGEST_MATCH":8.0},"matches":[{"firstFileName":"DENIZ_KAYRA_AYDIN/LinkedListQuestions.cpp","secondFileName":"EGE_HURIEL/LinkedListQuestions.cpp","startInFirst":{"line":23,"column":4,"tokenListIndex":15},"endInFirst":{"line":31,"column":14,"tokenListIndex":22},"startInSecond":{"line":18,"column":8,"tokenListIndex":16},"endInSecond":{"line":25,"column":6,"tokenListIndex":23},"lengthOfFirst":8,"lengthOfSecond":8},{"firstFileName":"DENIZ_KAYRA_AYDIN/LinkedListQuestions.cpp","secondFileName":"EGE_HURIEL/LinkedListQuestions.cpp","startInFirst":{"line":38,"column":4,"tokenListIndex":30},"endInFirst":{"line":46,"column":11,"tokenListIndex":36},"startInSecond":{"line":33,"column":2,"tokenListIndex":30},"endInSecond":{"line":40,"column":6,"tokenListIndex":36},"lengthOfFirst":7,"lengthOfSecond":7}],"firstSimilarity":0.2542372881355932,"secondSimilarity":0.2459016393442623}