{"firstSubmissionId":"DENIZ_KAYRA_AYDIN","secondSubmissionId":"MERTCAN_ARSLAN","similarities":{"AVG":0.366412213740458,"MAX":0.4067796610169492,"MAXIMUM_LENGTH":73.0,"LONGEST_MATCH":9.0},"matches":[{"firstFileName":"DENIZ_KAYRA_AYDIN/LinkedListQuestions.cpp","secondFileName":"MERTCAN_ARSLAN/LinkedListQuestions.cpp","startInFirst":{"line":36,"column":8,"tokenListIndex":28},"endInFirst":{"line":46,"column":11,"tokenListIndex":36},"startInSecond":{"line":35,"column":5,"tokenListIndex":31},"endInSecond":{"line":44,"column":10,"tokenListIndex":39},"lengthOfFirst":9,"lengthOfSecond":9},{"firstFileName":"DENIZ_KAYRA_AYDIN/LinkedListQuestions.cpp","secondFileName":"MERTCAN_ARSLAN/LinkedListQuestions.cpp","startInFirst":{"line":24,"column":0,"tokenListIndex":16},"endInFirst":{"line":32,"column":2,"tokenListIndex":23},"startInSecond":{"line":22,"column":0,"tokenListIndex":15},"endInSecond":{"line":28,"column":3,"tokenListIndex":22},"lengthOfFirst":8,"lengthOfSecond":8},{"firstFileName":"DENIZ_KAYRA_AYDIN/LinkedListQuestions.cpp","secondFileName":"MERTCAN_ARSLAN/LinkedListQuestions.cpp","startInFirst":{"line":62,"column":0,"tokenListIndex":47},"endInFirst":{"line":71,"column":11,"tokenListIndex":53},"startInSecond":{"line":65,"column":0,"tokenListIndex":58},"endInSecond":{"line":72,"column":8,"tokenListIndex":64},"lengthOfFirst":7,"lengthOfSecond":7}],"firstSimilarity":0.4067796610169492,"secondSimilarity":0.3333333333333333}