{"firstSubmissionId":"DENIZ_KAYRA_AYDIN","secondSubmissionId":"EMRE_ERGUL","similarities":{"AVG":0.556390977443609,"MAX":0.6271186440677966,"MAXIMUM_LENGTH":75.0,"LONGEST_MATCH":12.0},"matches":[{"firstFileName":"DENIZ_KAYRA_AYDIN/LinkedListQuestions.cpp","secondFileName":"EMRE_ERGUL/LinkedListQuestions.cpp","startInFirst":{"line":9,"column":0,"tokenListIndex":0},"endInFirst":{"line":17,"column":4,"tokenListIndex":11},"startInSecond":{"line":9,"column":0,"tokenListIndex":0},"endInSecond":{"line":15,"column":1,"tokenListIndex":11},"lengthOfFirst":12,"lengthOfSecond":12},{"firstFileName":"DENIZ_KAYRA_AYDIN/LinkedListQuestions.cpp","secondFileName":"EMRE_ERGUL/LinkedListQuestions.cpp","startInFirst":{"line":62,"column":0,"tokenListIndex":47},"endInFirst":{"line":78,"column":4,"tokenListIndex":57},"startInSecond":{"line":51,"column":0,"tokenListIndex":44},"endInSecond":{"line":61,"column":1,"tokenListIndex":54},"lengthOfFirst":11,"lengthOfSecond":11},{"firstFileName":"DENIZ_KAYRA_AYDIN/LinkedListQuestions.cpp","secondFileName":"EMRE_ERGUL/LinkedListQuestions.cpp","startInFirst":{"line":24,"column":0,"tokenListIndex":16},"endInFirst":{"line":31,"column":14,"tokenListIndex":22},"startInSecond":{"line":23,"column":0,"tokenListIndex":19},"endInSecond":{"line":28,"column":8,"tokenListIndex":25},"lengthOfFirst":7,"lengthOfSecond":7},{"firstFileName":"DENIZ_KAYRA_AYDIN/LinkedListQuestions.cpp","secondFileName":"EMRE_ERGUL/LinkedListQuestions.cpp","startInFirst":{"line":38,"column":4,"tokenListIndex":30},"endInFirst":{"line":46,"column":11,"tokenListIndex":36},"startInSecond":{"line":36,"column":1,"tokenListIndex":32},"endInSecond":{"line":42,"column":8,"tokenListIndex":38},"lengthOfFirst":7,"lengthOfSecond":7}],"firstSimilarity":0.6271186440677966,"secondSimilarity":0.5}