{"firstSubmissionId":"DENIZ_KAYRA_AYDIN","secondSubmissionId":"YUSUF_ERDEM_ALTINSOY","similarities":{"AVG":0.5511811023622047,"MAX":0.5932203389830508,"MAXIMUM_LENGTH":69.0,"LONGEST_MATCH":21.0},"matches":[{"firstFileName":"DENIZ_KAYRA_AYDIN/LinkedListQuestions.cpp","secondFileName":"YUSUF_ERDEM_ALTINSOY/LinkedListQuestions.cpp","startInFirst":{"line":9,"column":0,"tokenListIndex":0},"endInFirst":{"line":29,"column":56,"tokenListIndex":20},"startInSecond":{"line":9,"column":0,"tokenListIndex":0},"endInSecond":{"line":28,"column":56,"tokenListIndex":20},"lengthOfFirst":21,"lengthOfSecond":21},{"firstFileName":"DENIZ_KAYRA_AYDIN/LinkedListQuestions.cpp","secondFileName":"YUSUF_ERDEM_ALTINSOY/LinkedListQuestions.cpp","startInFirst":{"line":38,"column":4,"tokenListIndex":30},"endInFirst":{"line":46,"column":11,"tokenListIndex":36},"startInSecond":{"line":43,"column":3,"tokenListIndex":32},"endInSecond":{"line":50,"column":6,"tokenListIndex":38},"lengthOfFirst":7,"lengthOfSecond":7},{"firstFileName":"DENIZ_KAYRA_AYDIN/LinkedListQuestions.cpp","secondFileName":"YUSUF_ERDEM_ALTINSOY/LinkedListQuestions.cpp","startInFirst":{"line":62,"column":0,"tokenListIndex":47},"endInFirst":{"line":71,"column":11,"tokenListIndex":53},"startInSecond":{"line":64,"column":0,"tokenListIndex":50},"endInSecond":{"line":70,"column":6,"tokenListIndex":56},"lengthOfFirst":7,"lengthOfSecond":7}],"firstSimilarity":0.5932203389830508,"secondSimilarity":0.5147058823529411}