{"firstSubmissionId":"DENIZ_KAYRA_AYDIN","secondSubmissionId":"CEYDA_SENAY","similarities":{"AVG":0.24193548387096775,"MAX":0.2542372881355932,"MAXIMUM_LENGTH":66.0,"LONGEST_MATCH":9.0},"matches":[{"firstFileName":"DENIZ_KAYRA_AYDIN/LinkedListQuestions.cpp","secondFileName":"CEYDA_SENAY/LinkedListQuestions.cpp","startInFirst":{"line":9,"column":0,"tokenListIndex":0},"endInFirst":{"line":14,"column":4,"tokenListIndex":8},"startInSecond":{"line":9,"column":0,"tokenListIndex":0},"endInSecond":{"line":15,"column":1,"tokenListIndex":8},"lengthOfFirst":9,"lengthOfSecond":9},{"firstFileName":"DENIZ_KAYRA_AYDIN/LinkedListQuestions.cpp","secondFileName":"CEYDA_SENAY/LinkedListQuestions.cpp","startInFirst":{"line":23,"column":4,"tokenListIndex":15},"endInFirst":{"line":29,"column":56,"tokenListIndex":20},"startInSecond":{"line":23,"column":3,"tokenListIndex":15},"endInSecond":{"line":31,"column":56,"tokenListIndex":20},"lengthOfFirst":6,"lengthOfSecond":6}],"firstSimilarity":0.2542372881355932,"secondSimilarity":0.23076923076923078}