{"firstSubmissionId":"EDHEM_TATAR","secondSubmissionId":"DEMIR_OZHAN","similarities":{"AVG":0.3764705882352941,"MAX":0.3950617283950617,"MAXIMUM_LENGTH":90.0,"LONGEST_MATCH":10.0},"matches":[{"firstFileName":"EDHEM_TATAR/LinkedListQuestions.cpp","secondFileName":"DEMIR_OZHAN/LinkedListQuestions.cpp","startInFirst":{"line":45,"column":0,"tokenListIndex":35},"endInFirst":{"line":55,"column":3,"tokenListIndex":44},"startInSecond":{"line":51,"column":0,"tokenListIndex":41},"endInSecond":{"line":61,"column":3,"tokenListIndex":50},"lengthOfFirst":10,"lengthOfSecond":10},{"firstFileName":"EDHEM_TATAR/LinkedListQuestions.cpp","secondFileName":"DEMIR_OZHAN/LinkedListQuestions.cpp","startInFirst":{"line":21,"column":2,"tokenListIndex":13},"endInFirst":{"line":28,"column":10,"tokenListIndex":20},"startInSecond":{"line":33,"column":2,"tokenListIndex":26},"endInSecond":{"line":39,"column":9,"tokenListIndex":33},"lengthOfFirst":8,"lengthOfSecond":8},{"firstFileName":"EDHEM_TATAR/LinkedListQuestions.cpp","secondFileName":"DEMIR_OZHAN/LinkedListQuestions.cpp","startInFirst":{"line":57,"column":4,"tokenListIndex":47},"endInFirst":{"line":65,"column":12,"tokenListIndex":54},"startInSecond":{"line":65,"column":12,"tokenListIndex":53},"endInSecond":{"line":74,"column":10,"tokenListIndex":60},"lengthOfFirst":8,"lengthOfSecond":8},{"firstFileName":"EDHEM_TATAR/LinkedListQuestions.cpp","secondFileName":"DEMIR_OZHAN/LinkedListQuestions.cpp","startInFirst":{"line":80,"column":3,"tokenListIndex":71},"endInFirst":{"line":88,"column":2,"tokenListIndex":76},"startInSecond":{"line":91,"column":1,"tokenListIndex":72},"endInSecond":{"line":98,"column":2,"tokenListIndex":77},"lengthOfFirst":6,"lengthOfSecond":6}],"firstSimilarity":0.3950617283950617,"secondSimilarity":0.3595505617977528}