{"firstSubmissionId":"EGE_HURIEL","secondSubmissionId":"YUSUF_ERDEM_ALTINSOY","similarities":{"AVG":0.32558139534883723,"MAX":0.3442622950819672,"MAXIMUM_LENGTH":69.0,"LONGEST_MATCH":15.0},"matches":[{"firstFileName":"EGE_HURIEL/LinkedListQuestions.cpp","secondFileName":"YUSUF_ERDEM_ALTINSOY/LinkedListQuestions.cpp","startInFirst":{"line":25,"column":2,"tokenListIndex":22},"endInFirst":{"line":40,"column":6,"tokenListIndex":36},"startInSecond":{"line":34,"column":3,"tokenListIndex":24},"endInSecond":{"line":50,"column":6,"tokenListIndex":38},"lengthOfFirst":15,"lengthOfSecond":15},{"firstFileName":"EGE_HURIEL/LinkedListQuestions.cpp","secondFileName":"YUSUF_ERDEM_ALTINSOY/LinkedListQuestions.cpp","startInFirst":{"line":18,"column":8,"tokenListIndex":16},"endInFirst":{"line":23,"column":56,"tokenListIndex":21},"startInSecond":{"line":23,"column":1,"tokenListIndex":15},"endInSecond":{"line":28,"column":56,"tokenListIndex":20},"lengthOfFirst":6,"lengthOfSecond":6}],"firstSimilarity":0.3442622950819672,"secondSimilarity":0.3088235294117647}