{"firstSubmissionId":"EGE_HURIEL","secondSubmissionId":"EMRE_ERGUL","similarities":{"AVG":0.3111111111111111,"MAX":0.3442622950819672,"MAXIMUM_LENGTH":75.0,"LONGEST_MATCH":21.0},"matches":[{"firstFileName":"EGE_HURIEL/LinkedListQuestions.cpp","secondFileName":"EMRE_ERGUL/LinkedListQuestions.cpp","startInFirst":{"line":19,"column":0,"tokenListIndex":17},"endInFirst":{"line":41,"column":8,"tokenListIndex":37},"startInSecond":{"line":23,"column":0,"tokenListIndex":19},"endInSecond":{"line":43,"column":1,"tokenListIndex":39},"lengthOfFirst":21,"lengthOfSecond":21}],"firstSimilarity":0.3442622950819672,"secondSimilarity":0.28378378378378377}