{"firstSubmissionId":"EGE_HURIEL","secondSubmissionId":"CEYDA_SENAY","similarities":{"AVG":0.2857142857142857,"MAX":0.29508196721311475,"MAXIMUM_LENGTH":66.0,"LONGEST_MATCH":12.0},"matches":[{"firstFileName":"EGE_HURIEL/LinkedListQuestions.cpp","secondFileName":"CEYDA_SENAY/LinkedListQuestions.cpp","startInFirst":{"line":25,"column":2,"tokenListIndex":22},"endInFirst":{"line":38,"column":26,"tokenListIndex":33},"startInSecond":{"line":35,"column":4,"tokenListIndex":24},"endInSecond":{"line":48,"column":28,"tokenListIndex":35},"lengthOfFirst":12,"lengthOfSecond":12},{"firstFileName":"EGE_HURIEL/LinkedListQuestions.cpp","secondFileName":"CEYDA_SENAY/LinkedListQuestions.cpp","startInFirst":{"line":18,"column":8,"tokenListIndex":16},"endInFirst":{"line":23,"column":56,"tokenListIndex":21},"startInSecond":{"line":23,"column":3,"tokenListIndex":15},"endInSecond":{"line":31,"column":56,"tokenListIndex":20},"lengthOfFirst":6,"lengthOfSecond":6}],"firstSimilarity":0.29508196721311475,"secondSimilarity":0.27692307692307694}