{"firstSubmissionId":"EGE_HURIEL","secondSubmissionId":"EDHEM_TATAR","similarities":{"AVG":0.4507042253521127,"MAX":0.5245901639344263,"MAXIMUM_LENGTH":82.0,"LONGEST_MATCH":11.0},"matches":[{"firstFileName":"EGE_HURIEL/LinkedListQuestions.cpp","secondFileName":"EDHEM_TATAR/LinkedListQuestions.cpp","startInFirst":{"line":15,"column":34,"tokenListIndex":13},"endInFirst":{"line":25,"column":6,"tokenListIndex":23},"startInSecond":{"line":16,"column":10,"tokenListIndex":10},"endInSecond":{"line":28,"column":10,"tokenListIndex":20},"lengthOfFirst":11,"lengthOfSecond":11},{"firstFileName":"EGE_HURIEL/LinkedListQuestions.cpp","secondFileName":"EDHEM_TATAR/LinkedListQuestions.cpp","startInFirst":{"line":9,"column":0,"tokenListIndex":0},"endInFirst":{"line":13,"column":1,"tokenListIndex":7},"startInSecond":{"line":9,"column":0,"tokenListIndex":0},"endInSecond":{"line":13,"column":2,"tokenListIndex":7},"lengthOfFirst":8,"lengthOfSecond":8},{"firstFileName":"EGE_HURIEL/LinkedListQuestions.cpp","secondFileName":"EDHEM_TATAR/LinkedListQuestions.cpp","startInFirst":{"line":42,"column":12,"tokenListIndex":38},"endInFirst":{"line":46,"column":32,"tokenListIndex":44},"startInSecond":{"line":52,"column":2,"tokenListIndex":41},"endInSecond":{"line":62,"column":4,"tokenListIndex":47},"lengthOfFirst":7,"lengthOfSecond":7},{"firstFileName":"EGE_HURIEL/LinkedListQuestions.cpp","secondFileName":"EDHEM_TATAR/LinkedListQuestions.cpp","startInFirst":{"line":34,"column":0,"tokenListIndex":31},"endInFirst":{"line":40,"column":6,"tokenListIndex":36},"startInSecond":{"line":45,"column":0,"tokenListIndex":35},"endInSecond":{"line":51,"column":10,"tokenListIndex":40},"lengthOfFirst":6,"lengthOfSecond":6}],"firstSimilarity":0.5245901639344263,"secondSimilarity":0.3950617283950617}