{"firstSubmissionId":"EGE_HURIEL","secondSubmissionId":"MERTCAN_ARSLAN","similarities":{"AVG":0.21052631578947367,"MAX":0.22950819672131148,"MAXIMUM_LENGTH":73.0,"LONGEST_MATCH":7.0},"matches":[{"firstFileName":"EGE_HURIEL/LinkedListQuestions.cpp","secondFileName":"MERTCAN_ARSLAN/LinkedListQuestions.cpp","startInFirst":{"line":9,"column":0,"tokenListIndex":0},"endInFirst":{"line":12,"column":2,"tokenListIndex":6},"startInSecond":{"line":9,"column":0,"tokenListIndex":0},"endInSecond":{"line":11,"column":4,"tokenListIndex":6},"lengthOfFirst":7,"lengthOfSecond":7},{"firstFileName":"EGE_HURIEL/LinkedListQuestions.cpp","secondFileName":"MERTCAN_ARSLAN/LinkedListQuestions.cpp","startInFirst":{"line":17,"column":8,"tokenListIndex":15},"endInFirst":{"line":23,"column":56,"tokenListIndex":21},"startInSecond":{"line":36,"column":3,"tokenListIndex":32},"endInSecond":{"line":44,"column":3,"tokenListIndex":38},"lengthOfFirst":7,"lengthOfSecond":7}],"firstSimilarity":0.22950819672131148,"secondSimilarity":0.19444444444444445}