{"firstSubmissionId":"EGE_HURIEL","secondSubmissionId":"IRMAK_ZEHRA_EMRI","similarities":{"AVG":0.23703703703703705,"MAX":0.26229508196721313,"MAXIMUM_LENGTH":75.0,"LONGEST_MATCH":10.0},"matches":[{"firstFileName":"EGE_HURIEL/LinkedListQuestions.cpp","secondFileName":"IRMAK_ZEHRA_EMRI/LinkedListQuestions.cpp","startInFirst":{"line":30,"column":3,"tokenListIndex":27},"endInFirst":{"line":40,"column":6,"tokenListIndex":36},"startInSecond":{"line":43,"column":1,"tokenListIndex":37},"endInSecond":{"line":54,"column":9,"tokenListIndex":46},"lengthOfFirst":10,"lengthOfSecond":10},{"firstFileName":"EGE_HURIEL/LinkedListQuestions.cpp","secondFileName":"IRMAK_ZEHRA_EMRI/LinkedListQuestions.cpp","startInFirst":{"line":18,"column":8,"tokenListIndex":16},"endInFirst":{"line":23,"column":56,"tokenListIndex":21},"startInSecond":{"line":29,"column":2,"tokenListIndex":24},"endInSecond":{"line":34,"column":56,"tokenListIndex":29},"lengthOfFirst":6,"lengthOfSecond":6}],"firstSimilarity":0.26229508196721313,"secondSimilarity":0.21621621621621623}