{"firstSubmissionId":"EGE_HURIEL","secondSubmissionId":"DEMIR_OZHAN","similarities":{"AVG":0.28,"MAX":0.3442622950819672,"MAXIMUM_LENGTH":90.0,"LONGEST_MATCH":21.0},"matches":[{"firstFileName":"EGE_HURIEL/LinkedListQuestions.cpp","secondFileName":"DEMIR_OZHAN/LinkedListQuestions.cpp","startInFirst":{"line":18,"column":8,"tokenListIndex":16},"endInFirst":{"line":40,"column":6,"tokenListIndex":36},"startInSecond":{"line":33,"column":2,"tokenListIndex":26},"endInSecond":{"line":56,"column":9,"tokenListIndex":46},"lengthOfFirst":21,"lengthOfSecond":21}],"firstSimilarity":0.3442622950819672,"secondSimilarity":0.23595505617977527}