{"firstSubmissionId":"EGE_HURIEL","secondSubmissionId":"ALGUHAN_KURULAR","similarities":{"AVG":0.28125,"MAX":0.29508196721311475,"MAXIMUM_LENGTH":68.0,"LONGEST_MATCH":10.0},"matches":[{"firstFileName":"EGE_HURIEL/LinkedListQuestions.cpp","secondFileName":"ALGUHAN_KURULAR/LinkedListQuestions.cpp","startInFirst":{"line":19,"column":0,"tokenListIndex":17},"endInFirst":{"line":29,"column":4,"tokenListIndex":26},"startInSecond":{"line":23,"column":0,"tokenListIndex":20},"endInSecond":{"line":32,"column":4,"tokenListIndex":29},"lengthOfFirst":10,"lengthOfSecond":10},{"firstFileName":"EGE_HURIEL/LinkedListQuestions.cpp","secondFileName":"ALGUHAN_KURULAR/LinkedListQuestions.cpp","startInFirst":{"line":32,"column":2,"tokenListIndex":29},"endInFirst":{"line":40,"column":6,"tokenListIndex":36},"startInSecond":{"line":36,"column":2,"tokenListIndex":33},"endInSecond":{"line":43,"column":9,"tokenListIndex":40},"lengthOfFirst":8,"lengthOfSecond":8}],"firstSimilarity":0.29508196721311475,"secondSimilarity":0.26865671641791045}