{"firstSubmissionId":"EGE_HURIEL","secondSubmissionId":"ERDAL_DENIZ_OZBEY","similarities":{"AVG":0.37681159420289856,"MAX":0.4262295081967213,"MAXIMUM_LENGTH":78.0,"LONGEST_MATCH":11.0},"matches":[{"firstFileName":"EGE_HURIEL/LinkedListQuestions.cpp","secondFileName":"ERDAL_DENIZ_OZBEY/LinkedListQuestions.cpp","startInFirst":{"line":42,"column":12,"tokenListIndex":38},"endInFirst":{"line":52,"column":12,"tokenListIndex":48},"startInSecond":{"line":54,"column":4,"tokenListIndex":48},"endInSecond":{"line":63,"column":4,"tokenListIndex":58},"lengthOfFirst":11,"lengthOfSecond":11},{"firstFileName":"EGE_HURIEL/LinkedListQuestions.cpp","secondFileName":"ERDAL_DENIZ_OZBEY/LinkedListQuestions.cpp","startInFirst":{"line":31,"column":3,"tokenListIndex":28},"endInFirst":{"line":40,"column":6,"tokenListIndex":36},"startInSecond":{"line":22,"column":8,"tokenListIndex":20},"endInSecond":{"line":30,"column":31,"tokenListIndex":28},"lengthOfFirst":9,"lengthOfSecond":9},{"firstFileName":"EGE_HURIEL/LinkedListQuestions.cpp","secondFileName":"ERDAL_DENIZ_OZBEY/LinkedListQuestions.cpp","startInFirst":{"line":23,"column":0,"tokenListIndex":18},"endInFirst":{"line":25,"column":6,"tokenListIndex":23},"startInSecond":{"line":9,"column":0,"tokenListIndex":0},"endInSecond":{"line":10,"column":9,"tokenListIndex":5},"lengthOfFirst":6,"lengthOfSecond":6}],"firstSimilarity":0.4262295081967213,"secondSimilarity":0.33766233766233766}