{"firstSubmissionId":"EGE_HURIEL","secondSubmissionId":"SUDE_ATANSAY","similarities":{"AVG":0.47244094488188976,"MAX":0.4918032786885246,"MAXIMUM_LENGTH":67.0,"LONGEST_MATCH":19.0},"matches":[{"firstFileName":"EGE_HURIEL/LinkedListQuestions.cpp","secondFileName":"SUDE_ATANSAY/LinkedListQuestions.cpp","startInFirst":{"line":18,"column":8,"tokenListIndex":16},"endInFirst":{"line":38,"column":47,"tokenListIndex":34},"startInSecond":{"line":23,"column":1,"tokenListIndex":18},"endInSecond":{"line":45,"column":47,"tokenListIndex":36},"lengthOfFirst":19,"lengthOfSecond":19},{"firstFileName":"EGE_HURIEL/LinkedListQuestions.cpp","secondFileName":"SUDE_ATANSAY/LinkedListQuestions.cpp","startInFirst":{"line":42,"column":12,"tokenListIndex":38},"endInFirst":{"line":52,"column":12,"tokenListIndex":48},"startInSecond":{"line":52,"column":3,"tokenListIndex":43},"endInSecond":{"line":63,"column":3,"tokenListIndex":53},"lengthOfFirst":11,"lengthOfSecond":11}],"firstSimilarity":0.4918032786885246,"secondSimilarity":0.45454545454545453}