{"firstSubmissionId":"EGE_HURIEL","secondSubmissionId":"ISMAIL_EFE_YALCINKAYA","similarities":{"AVG":0.4918032786885246,"MAX":0.4918032786885246,"MAXIMUM_LENGTH":62.0,"LONGEST_MATCH":19.0},"matches":[{"firstFileName":"EGE_HURIEL/LinkedListQuestions.cpp","secondFileName":"ISMAIL_EFE_YALCINKAYA/LinkedListQuestions.cpp","startInFirst":{"line":18,"column":8,"tokenListIndex":16},"endInFirst":{"line":38,"column":47,"tokenListIndex":34},"startInSecond":{"line":17,"column":2,"tokenListIndex":15},"endInSecond":{"line":34,"column":47,"tokenListIndex":33},"lengthOfFirst":19,"lengthOfSecond":19},{"firstFileName":"EGE_HURIEL/LinkedListQuestions.cpp","secondFileName":"ISMAIL_EFE_YALCINKAYA/LinkedListQuestions.cpp","startInFirst":{"line":42,"column":12,"tokenListIndex":38},"endInFirst":{"line":52,"column":12,"tokenListIndex":48},"startInSecond":{"line":41,"column":2,"tokenListIndex":39},"endInSecond":{"line":50,"column":2,"tokenListIndex":49},"lengthOfFirst":11,"lengthOfSecond":11}],"firstSimilarity":0.4918032786885246,"secondSimilarity":0.4918032786885246}