{"firstSubmissionId":"EGE_HURIEL","secondSubmissionId":"SERHAT_YUNUSEMRE_KALPAKLI","similarities":{"AVG":0.3007518796992481,"MAX":0.32786885245901637,"MAXIMUM_LENGTH":73.0,"LONGEST_MATCH":7.0},"matches":[{"firstFileName":"EGE_HURIEL/LinkedListQuestions.cpp","secondFileName":"SERHAT_YUNUSEMRE_KALPAKLI/LinkedListQuestions.cpp","startInFirst":{"line":19,"column":0,"tokenListIndex":17},"endInFirst":{"line":25,"column":6,"tokenListIndex":23},"startInSecond":{"line":22,"column":0,"tokenListIndex":16},"endInSecond":{"line":27,"column":8,"tokenListIndex":22},"lengthOfFirst":7,"lengthOfSecond":7},{"firstFileName":"EGE_HURIEL/LinkedListQuestions.cpp","secondFileName":"SERHAT_YUNUSEMRE_KALPAKLI/LinkedListQuestions.cpp","startInFirst":{"line":33,"column":2,"tokenListIndex":30},"endInFirst":{"line":40,"column":6,"tokenListIndex":36},"startInSecond":{"line":39,"column":3,"tokenListIndex":30},"endInSecond":{"line":46,"column":8,"tokenListIndex":36},"lengthOfFirst":7,"lengthOfSecond":7},{"firstFileName":"EGE_HURIEL/LinkedListQuestions.cpp","secondFileName":"SERHAT_YUNUSEMRE_KALPAKLI/LinkedListQuestions.cpp","startInFirst":{"line":9,"column":0,"tokenListIndex":0},"endInFirst":{"line":11,"column":33,"tokenListIndex":5},"startInSecond":{"line":9,"column":0,"tokenListIndex":0},"endInSecond":{"line":11,"column":5,"tokenListIndex":5},"lengthOfFirst":6,"lengthOfSecond":6}],"firstSimilarity":0.32786885245901637,"secondSimilarity":0.2777777777777778}