{"firstSubmissionId":"EMRE_ERGUL","secondSubmissionId":"ERDAL_DENIZ_OZBEY","similarities":{"AVG":0.304635761589404,"MAX":0.3108108108108108,"MAXIMUM_LENGTH":78.0,"LONGEST_MATCH":9.0},"matches":[{"firstFileName":"EMRE_ERGUL/LinkedListQuestions.cpp","secondFileName":"ERDAL_DENIZ_OZBEY/LinkedListQuestions.cpp","startInFirst":{"line":34,"column":2,"tokenListIndex":30},"endInFirst":{"line":42,"column":8,"tokenListIndex":38},"startInSecond":{"line":22,"column":8,"tokenListIndex":20},"endInSecond":{"line":30,"column":31,"tokenListIndex":28},"lengthOfFirst":9,"lengthOfSecond":9},{"firstFileName":"EMRE_ERGUL/LinkedListQuestions.cpp","secondFileName":"ERDAL_DENIZ_OZBEY/LinkedListQuestions.cpp","startInFirst":{"line":10,"column":1,"tokenListIndex":4},"endInFirst":{"line":15,"column":1,"tokenListIndex":11},"startInSecond":{"line":73,"column":5,"tokenListIndex":67},"endInSecond":{"line":80,"column":2,"tokenListIndex":74},"lengthOfFirst":8,"lengthOfSecond":8},{"firstFileName":"EMRE_ERGUL/LinkedListQuestions.cpp","secondFileName":"ERDAL_DENIZ_OZBEY/LinkedListQuestions.cpp","startInFirst":{"line":27,"column":0,"tokenListIndex":20},"endInFirst":{"line":28,"column":8,"tokenListIndex":25},"startInSecond":{"line":9,"column":0,"tokenListIndex":0},"endInSecond":{"line":10,"column":9,"tokenListIndex":5},"lengthOfFirst":6,"lengthOfSecond":6}],"firstSimilarity":0.3108108108108108,"secondSimilarity":0.2987012987012987}