{"firstSubmissionId":"EMRE_ERGUL","secondSubmissionId":"EDHEM_TATAR","similarities":{"AVG":0.3225806451612903,"MAX":0.33783783783783783,"MAXIMUM_LENGTH":82.0,"LONGEST_MATCH":10.0},"matches":[{"firstFileName":"EMRE_ERGUL/LinkedListQuestions.cpp","secondFileName":"EDHEM_TATAR/LinkedListQuestions.cpp","startInFirst":{"line":17,"column":1,"tokenListIndex":14},"endInFirst":{"line":27,"column":56,"tokenListIndex":23},"startInSecond":{"line":41,"column":2,"tokenListIndex":30},"endInSecond":{"line":51,"column":2,"tokenListIndex":39},"lengthOfFirst":10,"lengthOfSecond":10},{"firstFileName":"EMRE_ERGUL/LinkedListQuestions.cpp","secondFileName":"EDHEM_TATAR/LinkedListQuestions.cpp","startInFirst":{"line":9,"column":0,"tokenListIndex":0},"endInFirst":{"line":12,"column":1,"tokenListIndex":8},"startInSecond":{"line":26,"column":0,"tokenListIndex":15},"endInSecond":{"line":32,"column":2,"tokenListIndex":23},"lengthOfFirst":9,"lengthOfSecond":9},{"firstFileName":"EMRE_ERGUL/LinkedListQuestions.cpp","secondFileName":"EDHEM_TATAR/LinkedListQuestions.cpp","startInFirst":{"line":63,"column":2,"tokenListIndex":56},"endInFirst":{"line":65,"column":32,"tokenListIndex":61},"startInSecond":{"line":12,"column":3,"tokenListIndex":6},"endInSecond":{"line":16,"column":28,"tokenListIndex":11},"lengthOfFirst":6,"lengthOfSecond":6}],"firstSimilarity":0.33783783783783783,"secondSimilarity":0.30864197530864196}