{"firstSubmissionId":"EMRE_ERGUL","secondSubmissionId":"DEMIR_OZHAN","similarities":{"AVG":0.44171779141104295,"MAX":0.4864864864864865,"MAXIMUM_LENGTH":90.0,"LONGEST_MATCH":20.0},"matches":[{"firstFileName":"EMRE_ERGUL/LinkedListQuestions.cpp","secondFileName":"DEMIR_OZHAN/LinkedListQuestions.cpp","startInFirst":{"line":23,"column":0,"tokenListIndex":19},"endInFirst":{"line":42,"column":8,"tokenListIndex":38},"startInSecond":{"line":34,"column":0,"tokenListIndex":27},"endInSecond":{"line":56,"column":9,"tokenListIndex":46},"lengthOfFirst":20,"lengthOfSecond":20},{"firstFileName":"EMRE_ERGUL/LinkedListQuestions.cpp","secondFileName":"DEMIR_OZHAN/LinkedListQuestions.cpp","startInFirst":{"line":9,"column":0,"tokenListIndex":0},"endInFirst":{"line":11,"column":5,"tokenListIndex":7},"startInSecond":{"line":9,"column":0,"tokenListIndex":0},"endInSecond":{"line":11,"column":6,"tokenListIndex":7},"lengthOfFirst":8,"lengthOfSecond":8},{"firstFileName":"EMRE_ERGUL/LinkedListQuestions.cpp","secondFileName":"DEMIR_OZHAN/LinkedListQuestions.cpp","startInFirst":{"line":56,"column":3,"tokenListIndex":47},"endInFirst":{"line":61,"column":1,"tokenListIndex":54},"startInSecond":{"line":104,"column":2,"tokenListIndex":80},"endInSecond":{"line":113,"column":2,"tokenListIndex":87},"lengthOfFirst":8,"lengthOfSecond":8}],"firstSimilarity":0.4864864864864865,"secondSimilarity":0.4044943820224719}