{"firstSubmissionId":"EMRE_ERGUL","secondSubmissionId":"IRMAK_ZEHRA_EMRI","similarities":{"AVG":0.33783783783783783,"MAX":0.33783783783783783,"MAXIMUM_LENGTH":75.0,"LONGEST_MATCH":10.0},"matches":[{"firstFileName":"EMRE_ERGUL/LinkedListQuestions.cpp","secondFileName":"IRMAK_ZEHRA_EMRI/LinkedListQuestions.cpp","startInFirst":{"line":33,"column":2,"tokenListIndex":29},"endInFirst":{"line":42,"column":8,"tokenListIndex":38},"startInSecond":{"line":43,"column":1,"tokenListIndex":37},"endInSecond":{"line":54,"column":9,"tokenListIndex":46},"lengthOfFirst":10,"lengthOfSecond":10},{"firstFileName":"EMRE_ERGUL/LinkedListQuestions.cpp","secondFileName":"IRMAK_ZEHRA_EMRI/LinkedListQuestions.cpp","startInFirst":{"line":9,"column":0,"tokenListIndex":0},"endInFirst":{"line":11,"column":5,"tokenListIndex":7},"startInSecond":{"line":9,"column":0,"tokenListIndex":0},"endInSecond":{"line":13,"column":6,"tokenListIndex":7},"lengthOfFirst":8,"lengthOfSecond":8},{"firstFileName":"EMRE_ERGUL/LinkedListQuestions.cpp","secondFileName":"IRMAK_ZEHRA_EMRI/LinkedListQuestions.cpp","startInFirst":{"line":51,"column":0,"tokenListIndex":44},"endInFirst":{"line":57,"column":5,"tokenListIndex":50},"startInSecond":{"line":67,"column":0,"tokenListIndex":57},"endInSecond":{"line":75,"column":9,"tokenListIndex":63},"lengthOfFirst":7,"lengthOfSecond":7}],"firstSimilarity":0.33783783783783783,"secondSimilarity":0.33783783783783783}