{"firstSubmissionId":"ERDAL_DENIZ_OZBEY","secondSubmissionId":"DEMIR_OZHAN","similarities":{"AVG":0.4578313253012048,"MAX":0.4935064935064935,"MAXIMUM_LENGTH":90.0,"LONGEST_MATCH":11.0},"matches":[{"firstFileName":"ERDAL_DENIZ_OZBEY/LinkedListQuestions.cpp","secondFileName":"DEMIR_OZHAN/LinkedListQuestions.cpp","startInFirst":{"line":19,"column":12,"tokenListIndex":17},"endInFirst":{"line":29,"column":56,"tokenListIndex":27},"startInSecond":{"line":28,"column":4,"tokenListIndex":21},"endInSecond":{"line":38,"column":56,"tokenListIndex":31},"lengthOfFirst":11,"lengthOfSecond":11},{"firstFileName":"ERDAL_DENIZ_OZBEY/LinkedListQuestions.cpp","secondFileName":"DEMIR_OZHAN/LinkedListQuestions.cpp","startInFirst":{"line":73,"column":5,"tokenListIndex":67},"endInFirst":{"line":80,"column":2,"tokenListIndex":74},"startInSecond":{"line":104,"column":2,"tokenListIndex":80},"endInSecond":{"line":113,"column":2,"tokenListIndex":87},"lengthOfFirst":8,"lengthOfSecond":8},{"firstFileName":"ERDAL_DENIZ_OZBEY/LinkedListQuestions.cpp","secondFileName":"DEMIR_OZHAN/LinkedListQuestions.cpp","startInFirst":{"line":61,"column":12,"tokenListIndex":56},"endInFirst":{"line":68,"column":1,"tokenListIndex":62},"startInSecond":{"line":90,"column":2,"tokenListIndex":71},"endInSecond":{"line":98,"column":2,"tokenListIndex":77},"lengthOfFirst":7,"lengthOfSecond":7},{"firstFileName":"ERDAL_DENIZ_OZBEY/LinkedListQuestions.cpp","secondFileName":"DEMIR_OZHAN/LinkedListQuestions.cpp","startInFirst":{"line":9,"column":0,"tokenListIndex":0},"endInFirst":{"line":10,"column":9,"tokenListIndex":5},"startInSecond":{"line":9,"column":0,"tokenListIndex":0},"endInSecond":{"line":10,"column":9,"tokenListIndex":5},"lengthOfFirst":6,"lengthOfSecond":6},{"firstFileName":"ERDAL_DENIZ_OZBEY/LinkedListQuestions.cpp","secondFileName":"DEMIR_OZHAN/LinkedListQuestions.cpp","startInFirst":{"line":39,"column":1,"tokenListIndex":34},"endInFirst":{"line":45,"column":47,"tokenListIndex":39},"startInSecond":{"line":49,"column":2,"tokenListIndex":39},"endInSecond":{"line":55,"column":47,"tokenListIndex":44},"lengthOfFirst":6,"lengthOfSecond":6}],"firstSimilarity":0.4935064935064935,"secondSimilarity":0.42696629213483145}