{"firstSubmissionId":"ERDAL_DENIZ_OZBEY","secondSubmissionId":"EDHEM_TATAR","similarities":{"AVG":0.31645569620253167,"MAX":0.3246753246753247,"MAXIMUM_LENGTH":82.0,"LONGEST_MATCH":7.0},"matches":[{"firstFileName":"ERDAL_DENIZ_OZBEY/LinkedListQuestions.cpp","secondFileName":"EDHEM_TATAR/LinkedListQuestions.cpp","startInFirst":{"line":54,"column":4,"tokenListIndex":48},"endInFirst":{"line":58,"column":26,"tokenListIndex":54},"startInSecond":{"line":52,"column":2,"tokenListIndex":41},"endInSecond":{"line":62,"column":4,"tokenListIndex":47},"lengthOfFirst":7,"lengthOfSecond":7},{"firstFileName":"ERDAL_DENIZ_OZBEY/LinkedListQuestions.cpp","secondFileName":"EDHEM_TATAR/LinkedListQuestions.cpp","startInFirst":{"line":9,"column":0,"tokenListIndex":0},"endInFirst":{"line":10,"column":9,"tokenListIndex":5},"startInSecond":{"line":26,"column":0,"tokenListIndex":15},"endInSecond":{"line":28,"column":10,"tokenListIndex":20},"lengthOfFirst":6,"lengthOfSecond":6},{"firstFileName":"ERDAL_DENIZ_OZBEY/LinkedListQuestions.cpp","secondFileName":"EDHEM_TATAR/LinkedListQuestions.cpp","startInFirst":{"line":25,"column":0,"tokenListIndex":23},"endInFirst":{"line":30,"column":31,"tokenListIndex":28},"startInSecond":{"line":45,"column":0,"tokenListIndex":35},"endInSecond":{"line":51,"column":10,"tokenListIndex":40},"lengthOfFirst":6,"lengthOfSecond":6},{"firstFileName":"ERDAL_DENIZ_OZBEY/LinkedListQuestions.cpp","secondFileName":"EDHEM_TATAR/LinkedListQuestions.cpp","startInFirst":{"line":62,"column":8,"tokenListIndex":57},"endInFirst":{"line":68,"column":1,"tokenListIndex":62},"startInSecond":{"line":80,"column":3,"tokenListIndex":71},"endInSecond":{"line":88,"column":2,"tokenListIndex":76},"lengthOfFirst":6,"lengthOfSecond":6}],"firstSimilarity":0.3246753246753247,"secondSimilarity":0.30864197530864196}