{"firstSubmissionId":"EREN_KOCAGOKCEN","secondSubmissionId":"ILAY_FATMA_YAVUZ","similarities":{"AVG":0.2857142857142857,"MAX":0.5833333333333334,"MAXIMUM_LENGTH":47.0,"LONGEST_MATCH":7.0},"matches":[{"firstFileName":"EREN_KOCAGOKCEN/LinkedListQuestions.cpp","secondFileName":"ILAY_FATMA_YAVUZ/LinkedListQuestions.cpp","startInFirst":{"line":20,"column":0,"tokenListIndex":13},"endInFirst":{"line":33,"column":20,"tokenListIndex":19},"startInSecond":{"line":43,"column":4,"tokenListIndex":29},"endInSecond":{"line":53,"column":20,"tokenListIndex":35},"lengthOfFirst":7,"lengthOfSecond":7}],"firstSimilarity":0.5833333333333334,"secondSimilarity":0.1891891891891892}