{"firstSubmissionId":"EREN_KOCAGOKCEN","secondSubmissionId":"EDHEM_TATAR","similarities":{"AVG":0.12903225806451613,"MAX":0.5,"MAXIMUM_LENGTH":82.0,"LONGEST_MATCH":6.0},"matches":[{"firstFileName":"EREN_KOCAGOKCEN/LinkedListQuestions.cpp","secondFileName":"EDHEM_TATAR/LinkedListQuestions.cpp","startInFirst":{"line":18,"column":4,"tokenListIndex":11},"endInFirst":{"line":24,"column":47,"tokenListIndex":16},"startInSecond":{"line":44,"column":1,"tokenListIndex":33},"endInSecond":{"line":49,"column":47,"tokenListIndex":38},"lengthOfFirst":6,"lengthOfSecond":6}],"firstSimilarity":0.5,"secondSimilarity":0.07407407407407407}