{"firstSubmissionId":"EREN_KOCAGOKCEN","secondSubmissionId":"SERHAT_YUNUSEMRE_KALPAKLI","similarities":{"AVG":0.14285714285714285,"MAX":0.5,"MAXIMUM_LENGTH":73.0,"LONGEST_MATCH":6.0},"matches":[{"firstFileName":"EREN_KOCAGOKCEN/LinkedListQuestions.cpp","secondFileName":"SERHAT_YUNUSEMRE_KALPAKLI/LinkedListQuestions.cpp","startInFirst":{"line":18,"column":4,"tokenListIndex":11},"endInFirst":{"line":24,"column":47,"tokenListIndex":16},"startInSecond":{"line":20,"column":1,"tokenListIndex":14},"endInSecond":{"line":26,"column":39,"tokenListIndex":19},"lengthOfFirst":6,"lengthOfSecond":6}],"firstSimilarity":0.5,"secondSimilarity":0.08333333333333333}