{"firstSubmissionId":"EREN_KOCAGOKCEN","secondSubmissionId":"AHMET_ZEKI_IHTIYAROGLU","similarities":{"AVG":0.1643835616438356,"MAX":0.5,"MAXIMUM_LENGTH":62.0,"LONGEST_MATCH":6.0},"matches":[{"firstFileName":"EREN_KOCAGOKCEN/LinkedListQuestions.cpp","secondFileName":"AHMET_ZEKI_IHTIYAROGLU/LinkedListQuestions.cpp","startInFirst":{"line":18,"column":4,"tokenListIndex":11},"endInFirst":{"line":24,"column":47,"tokenListIndex":16},"startInSecond":{"line":39,"column":4,"tokenListIndex":31},"endInSecond":{"line":45,"column":47,"tokenListIndex":36},"lengthOfFirst":6,"lengthOfSecond":6}],"firstSimilarity":0.5,"secondSimilarity":0.09836065573770492}