{"firstSubmissionId":"EREN_KOCAGOKCEN","secondSubmissionId":"EMRE_ERGUL","similarities":{"AVG":0.13953488372093023,"MAX":0.5,"MAXIMUM_LENGTH":75.0,"LONGEST_MATCH":6.0},"matches":[{"firstFileName":"EREN_KOCAGOKCEN/LinkedListQuestions.cpp","secondFileName":"EMRE_ERGUL/LinkedListQuestions.cpp","startInFirst":{"line":18,"column":4,"tokenListIndex":11},"endInFirst":{"line":24,"column":47,"tokenListIndex":16},"startInSecond":{"line":21,"column":2,"tokenListIndex":17},"endInSecond":{"line":27,"column":39,"tokenListIndex":22},"lengthOfFirst":6,"lengthOfSecond":6}],"firstSimilarity":0.5,"secondSimilarity":0.08108108108108109}