{"firstSubmissionId":"EYLUL_COSKUN","secondSubmissionId":"ALGUHAN_KURULAR","similarities":{"AVG":0.45,"MAX":0.5094339622641509,"MAXIMUM_LENGTH":68.0,"LONGEST_MATCH":21.0},"matches":[{"firstFileName":"EYLUL_COSKUN/LinkedListQuestions.cpp","secondFileName":"ALGUHAN_KURULAR/LinkedListQuestions.cpp","startInFirst":{"line":24,"column":0,"tokenListIndex":17},"endInFirst":{"line":49,"column":9,"tokenListIndex":37},"startInSecond":{"line":23,"column":0,"tokenListIndex":20},"endInSecond":{"line":43,"column":9,"tokenListIndex":40},"lengthOfFirst":21,"lengthOfSecond":21},{"firstFileName":"EYLUL_COSKUN/LinkedListQuestions.cpp","secondFileName":"ALGUHAN_KURULAR/LinkedListQuestions.cpp","startInFirst":{"line":9,"column":0,"tokenListIndex":0},"endInFirst":{"line":12,"column":9,"tokenListIndex":5},"startInSecond":{"line":9,"column":0,"tokenListIndex":0},"endInSecond":{"line":10,"column":9,"tokenListIndex":5},"lengthOfFirst":6,"lengthOfSecond":6}],"firstSimilarity":0.5094339622641509,"secondSimilarity":0.40298507462686567}