{"firstSubmissionId":"EYLUL_COSKUN","secondSubmissionId":"AHMET_ZEKI_IHTIYAROGLU","similarities":{"AVG":0.42105263157894735,"MAX":0.4528301886792453,"MAXIMUM_LENGTH":62.0,"LONGEST_MATCH":10.0},"matches":[{"firstFileName":"EYLUL_COSKUN/LinkedListQuestions.cpp","secondFileName":"AHMET_ZEKI_IHTIYAROGLU/LinkedListQuestions.cpp","startInFirst":{"line":38,"column":4,"tokenListIndex":28},"endInFirst":{"line":49,"column":9,"tokenListIndex":37},"startInSecond":{"line":24,"column":6,"tokenListIndex":17},"endInSecond":{"line":33,"column":1,"tokenListIndex":26},"lengthOfFirst":10,"lengthOfSecond":10},{"firstFileName":"EYLUL_COSKUN/LinkedListQuestions.cpp","secondFileName":"AHMET_ZEKI_IHTIYAROGLU/LinkedListQuestions.cpp","startInFirst":{"line":9,"column":0,"tokenListIndex":0},"endInFirst":{"line":13,"column":6,"tokenListIndex":7},"startInSecond":{"line":9,"column":0,"tokenListIndex":0},"endInSecond":{"line":15,"column":8,"tokenListIndex":7},"lengthOfFirst":8,"lengthOfSecond":8},{"firstFileName":"EYLUL_COSKUN/LinkedListQuestions.cpp","secondFileName":"AHMET_ZEKI_IHTIYAROGLU/LinkedListQuestions.cpp","startInFirst":{"line":22,"column":2,"tokenListIndex":15},"endInFirst":{"line":28,"column":39,"tokenListIndex":20},"startInSecond":{"line":56,"column":2,"tokenListIndex":43},"endInSecond":{"line":64,"column":1,"tokenListIndex":48},"lengthOfFirst":6,"lengthOfSecond":6}],"firstSimilarity":0.4528301886792453,"secondSimilarity":0.39344262295081966}