{"firstSubmissionId":"EYLUL_COSKUN","secondSubmissionId":"EGE_HURIEL","similarities":{"AVG":0.43859649122807015,"MAX":0.4716981132075472,"MAXIMUM_LENGTH":62.0,"LONGEST_MATCH":11.0},"matches":[{"firstFileName":"EYLUL_COSKUN/LinkedListQuestions.cpp","secondFileName":"EGE_HURIEL/LinkedListQuestions.cpp","startInFirst":{"line":23,"column":2,"tokenListIndex":16},"endInFirst":{"line":36,"column":7,"tokenListIndex":26},"startInSecond":{"line":18,"column":8,"tokenListIndex":16},"endInSecond":{"line":29,"column":4,"tokenListIndex":26},"lengthOfFirst":11,"lengthOfSecond":11},{"firstFileName":"EYLUL_COSKUN/LinkedListQuestions.cpp","secondFileName":"EGE_HURIEL/LinkedListQuestions.cpp","startInFirst":{"line":40,"column":2,"tokenListIndex":30},"endInFirst":{"line":49,"column":9,"tokenListIndex":37},"startInSecond":{"line":32,"column":2,"tokenListIndex":29},"endInSecond":{"line":40,"column":6,"tokenListIndex":36},"lengthOfFirst":8,"lengthOfSecond":8},{"firstFileName":"EYLUL_COSKUN/LinkedListQuestions.cpp","secondFileName":"EGE_HURIEL/LinkedListQuestions.cpp","startInFirst":{"line":51,"column":2,"tokenListIndex":38},"endInFirst":{"line":53,"column":2,"tokenListIndex":43},"startInSecond":{"line":15,"column":8,"tokenListIndex":10},"endInSecond":{"line":17,"column":8,"tokenListIndex":15},"lengthOfFirst":6,"lengthOfSecond":6}],"firstSimilarity":0.4716981132075472,"secondSimilarity":0.4098360655737705}