{"firstSubmissionId":"EYLUL_COSKUN","secondSubmissionId":"ALP_DIKMEN","similarities":{"AVG":0.5535714285714286,"MAX":0.5849056603773585,"MAXIMUM_LENGTH":60.0,"LONGEST_MATCH":11.0},"matches":[{"firstFileName":"EYLUL_COSKUN/LinkedListQuestions.cpp","secondFileName":"ALP_DIKMEN/LinkedListQuestions.cpp","startInFirst":{"line":23,"column":2,"tokenListIndex":16},"endInFirst":{"line":36,"column":7,"tokenListIndex":26},"startInSecond":{"line":24,"column":4,"tokenListIndex":11},"endInSecond":{"line":38,"column":3,"tokenListIndex":21},"lengthOfFirst":11,"lengthOfSecond":11},{"firstFileName":"EYLUL_COSKUN/LinkedListQuestions.cpp","secondFileName":"ALP_DIKMEN/LinkedListQuestions.cpp","startInFirst":{"line":40,"column":2,"tokenListIndex":30},"endInFirst":{"line":49,"column":9,"tokenListIndex":37},"startInSecond":{"line":42,"column":1,"tokenListIndex":24},"endInSecond":{"line":52,"column":9,"tokenListIndex":31},"lengthOfFirst":8,"lengthOfSecond":8},{"firstFileName":"EYLUL_COSKUN/LinkedListQuestions.cpp","secondFileName":"ALP_DIKMEN/LinkedListQuestions.cpp","startInFirst":{"line":9,"column":0,"tokenListIndex":0},"endInFirst":{"line":12,"column":9,"tokenListIndex":5},"startInSecond":{"line":9,"column":0,"tokenListIndex":0},"endInSecond":{"line":13,"column":11,"tokenListIndex":5},"lengthOfFirst":6,"lengthOfSecond":6},{"firstFileName":"EYLUL_COSKUN/LinkedListQuestions.cpp","secondFileName":"ALP_DIKMEN/LinkedListQuestions.cpp","startInFirst":{"line":60,"column":4,"tokenListIndex":46},"endInFirst":{"line":67,"column":20,"tokenListIndex":51},"startInSecond":{"line":84,"column":3,"tokenListIndex":50},"endInSecond":{"line":93,"column":20,"tokenListIndex":55},"lengthOfFirst":6,"lengthOfSecond":6}],"firstSimilarity":0.5849056603773585,"secondSimilarity":0.5254237288135594}