{"firstSubmissionId":"EYLUL_COSKUN","secondSubmissionId":"EDHEM_TATAR","similarities":{"AVG":0.2835820895522388,"MAX":0.3584905660377358,"MAXIMUM_LENGTH":82.0,"LONGEST_MATCH":11.0},"matches":[{"firstFileName":"EYLUL_COSKUN/LinkedListQuestions.cpp","secondFileName":"EDHEM_TATAR/LinkedListQuestions.cpp","startInFirst":{"line":9,"column":0,"tokenListIndex":0},"endInFirst":{"line":17,"column":4,"tokenListIndex":10},"startInSecond":{"line":26,"column":0,"tokenListIndex":15},"endInSecond":{"line":35,"column":4,"tokenListIndex":25},"lengthOfFirst":11,"lengthOfSecond":11},{"firstFileName":"EYLUL_COSKUN/LinkedListQuestions.cpp","secondFileName":"EDHEM_TATAR/LinkedListQuestions.cpp","startInFirst":{"line":49,"column":2,"tokenListIndex":36},"endInFirst":{"line":53,"column":2,"tokenListIndex":43},"startInSecond":{"line":65,"column":4,"tokenListIndex":53},"endInSecond":{"line":68,"column":4,"tokenListIndex":60},"lengthOfFirst":8,"lengthOfSecond":8}],"firstSimilarity":0.3584905660377358,"secondSimilarity":0.2345679012345679}