{"firstSubmissionId":"EYLUL_COSKUN","secondSubmissionId":"BORA_ERDEM_ALAN","similarities":{"AVG":0.3508771929824561,"MAX":0.37735849056603776,"MAXIMUM_LENGTH":62.0,"LONGEST_MATCH":7.0},"matches":[{"firstFileName":"EYLUL_COSKUN/LinkedListQuestions.cpp","secondFileName":"BORA_ERDEM_ALAN/LinkedListQuestions.cpp","startInFirst":{"line":24,"column":0,"tokenListIndex":17},"endInFirst":{"line":31,"column":9,"tokenListIndex":23},"startInSecond":{"line":20,"column":0,"tokenListIndex":15},"endInSecond":{"line":25,"column":14,"tokenListIndex":21},"lengthOfFirst":7,"lengthOfSecond":7},{"firstFileName":"EYLUL_COSKUN/LinkedListQuestions.cpp","secondFileName":"BORA_ERDEM_ALAN/LinkedListQuestions.cpp","startInFirst":{"line":42,"column":0,"tokenListIndex":32},"endInFirst":{"line":51,"column":2,"tokenListIndex":38},"startInSecond":{"line":33,"column":0,"tokenListIndex":30},"endInSecond":{"line":39,"column":1,"tokenListIndex":36},"lengthOfFirst":7,"lengthOfSecond":7},{"firstFileName":"EYLUL_COSKUN/LinkedListQuestions.cpp","secondFileName":"BORA_ERDEM_ALAN/LinkedListQuestions.cpp","startInFirst":{"line":9,"column":0,"tokenListIndex":0},"endInFirst":{"line":12,"column":9,"tokenListIndex":5},"startInSecond":{"line":9,"column":0,"tokenListIndex":0},"endInSecond":{"line":10,"column":8,"tokenListIndex":5},"lengthOfFirst":6,"lengthOfSecond":6}],"firstSimilarity":0.37735849056603776,"secondSimilarity":0.32786885245901637}