{"firstSubmissionId":"EYLUL_COSKUN","secondSubmissionId":"DENIZ_KAYRA_AYDIN","similarities":{"AVG":0.44642857142857145,"MAX":0.4716981132075472,"MAXIMUM_LENGTH":60.0,"LONGEST_MATCH":9.0},"matches":[{"firstFileName":"EYLUL_COSKUN/LinkedListQuestions.cpp","secondFileName":"DENIZ_KAYRA_AYDIN/LinkedListQuestions.cpp","startInFirst":{"line":9,"column":0,"tokenListIndex":0},"endInFirst":{"line":15,"column":2,"tokenListIndex":8},"startInSecond":{"line":9,"column":0,"tokenListIndex":0},"endInSecond":{"line":14,"column":4,"tokenListIndex":8},"lengthOfFirst":9,"lengthOfSecond":9},{"firstFileName":"EYLUL_COSKUN/LinkedListQuestions.cpp","secondFileName":"DENIZ_KAYRA_AYDIN/LinkedListQuestions.cpp","startInFirst":{"line":23,"column":2,"tokenListIndex":16},"endInFirst":{"line":31,"column":9,"tokenListIndex":23},"startInSecond":{"line":23,"column":4,"tokenListIndex":15},"endInSecond":{"line":31,"column":14,"tokenListIndex":22},"lengthOfFirst":8,"lengthOfSecond":8},{"firstFileName":"EYLUL_COSKUN/LinkedListQuestions.cpp","secondFileName":"DENIZ_KAYRA_AYDIN/LinkedListQuestions.cpp","startInFirst":{"line":41,"column":2,"tokenListIndex":31},"endInFirst":{"line":51,"column":2,"tokenListIndex":38},"startInSecond":{"line":38,"column":4,"tokenListIndex":30},"endInSecond":{"line":47,"column":4,"tokenListIndex":37},"lengthOfFirst":8,"lengthOfSecond":8}],"firstSimilarity":0.4716981132075472,"secondSimilarity":0.423728813559322}