{"firstSubmissionId":"EYLUL_COSKUN","secondSubmissionId":"MERTCAN_ARSLAN","similarities":{"AVG":0.336,"MAX":0.39622641509433965,"MAXIMUM_LENGTH":73.0,"LONGEST_MATCH":7.0},"matches":[{"firstFileName":"EYLUL_COSKUN/LinkedListQuestions.cpp","secondFileName":"MERTCAN_ARSLAN/LinkedListQuestions.cpp","startInFirst":{"line":12,"column":2,"tokenListIndex":4},"endInFirst":{"line":17,"column":4,"tokenListIndex":10},"startInSecond":{"line":45,"column":3,"tokenListIndex":40},"endInSecond":{"line":50,"column":5,"tokenListIndex":46},"lengthOfFirst":7,"lengthOfSecond":7},{"firstFileName":"EYLUL_COSKUN/LinkedListQuestions.cpp","secondFileName":"MERTCAN_ARSLAN/LinkedListQuestions.cpp","startInFirst":{"line":24,"column":0,"tokenListIndex":17},"endInFirst":{"line":31,"column":9,"tokenListIndex":23},"startInSecond":{"line":22,"column":0,"tokenListIndex":15},"endInSecond":{"line":27,"column":8,"tokenListIndex":21},"lengthOfFirst":7,"lengthOfSecond":7},{"firstFileName":"EYLUL_COSKUN/LinkedListQuestions.cpp","secondFileName":"MERTCAN_ARSLAN/LinkedListQuestions.cpp","startInFirst":{"line":41,"column":2,"tokenListIndex":31},"endInFirst":{"line":49,"column":9,"tokenListIndex":37},"startInSecond":{"line":38,"column":3,"tokenListIndex":33},"endInSecond":{"line":44,"column":10,"tokenListIndex":39},"lengthOfFirst":7,"lengthOfSecond":7}],"firstSimilarity":0.39622641509433965,"secondSimilarity":0.2916666666666667}