{"firstSubmissionId":"EYLUL_COSKUN","secondSubmissionId":"SUDE_ATANSAY","similarities":{"AVG":0.40336134453781514,"MAX":0.4528301886792453,"MAXIMUM_LENGTH":67.0,"LONGEST_MATCH":12.0},"matches":[{"firstFileName":"EYLUL_COSKUN/LinkedListQuestions.cpp","secondFileName":"SUDE_ATANSAY/LinkedListQuestions.cpp","startInFirst":{"line":22,"column":2,"tokenListIndex":15},"endInFirst":{"line":36,"column":7,"tokenListIndex":26},"startInSecond":{"line":22,"column":3,"tokenListIndex":17},"endInSecond":{"line":34,"column":3,"tokenListIndex":28},"lengthOfFirst":12,"lengthOfSecond":12},{"firstFileName":"EYLUL_COSKUN/LinkedListQuestions.cpp","secondFileName":"SUDE_ATANSAY/LinkedListQuestions.cpp","startInFirst":{"line":9,"column":57,"tokenListIndex":3},"endInFirst":{"line":15,"column":2,"tokenListIndex":8},"startInSecond":{"line":69,"column":20,"tokenListIndex":56},"endInSecond":{"line":74,"column":4,"tokenListIndex":61},"lengthOfFirst":6,"lengthOfSecond":6},{"firstFileName":"EYLUL_COSKUN/LinkedListQuestions.cpp","secondFileName":"SUDE_ATANSAY/LinkedListQuestions.cpp","startInFirst":{"line":40,"column":2,"tokenListIndex":30},"endInFirst":{"line":46,"column":47,"tokenListIndex":35},"startInSecond":{"line":37,"column":3,"tokenListIndex":31},"endInSecond":{"line":45,"column":47,"tokenListIndex":36},"lengthOfFirst":6,"lengthOfSecond":6}],"firstSimilarity":0.4528301886792453,"secondSimilarity":0.36363636363636365}