{"firstSubmissionId":"EYLUL_COSKUN","secondSubmissionId":"YUSUF_ERDEM_ALTINSOY","similarities":{"AVG":0.38016528925619836,"MAX":0.4339622641509434,"MAXIMUM_LENGTH":69.0,"LONGEST_MATCH":9.0},"matches":[{"firstFileName":"EYLUL_COSKUN/LinkedListQuestions.cpp","secondFileName":"YUSUF_ERDEM_ALTINSOY/LinkedListQuestions.cpp","startInFirst":{"line":9,"column":0,"tokenListIndex":0},"endInFirst":{"line":15,"column":2,"tokenListIndex":8},"startInSecond":{"line":9,"column":0,"tokenListIndex":0},"endInSecond":{"line":15,"column":1,"tokenListIndex":8},"lengthOfFirst":9,"lengthOfSecond":9},{"firstFileName":"EYLUL_COSKUN/LinkedListQuestions.cpp","secondFileName":"YUSUF_ERDEM_ALTINSOY/LinkedListQuestions.cpp","startInFirst":{"line":40,"column":2,"tokenListIndex":30},"endInFirst":{"line":49,"column":9,"tokenListIndex":37},"startInSecond":{"line":42,"column":3,"tokenListIndex":31},"endInSecond":{"line":50,"column":6,"tokenListIndex":38},"lengthOfFirst":8,"lengthOfSecond":8},{"firstFileName":"EYLUL_COSKUN/LinkedListQuestions.cpp","secondFileName":"YUSUF_ERDEM_ALTINSOY/LinkedListQuestions.cpp","startInFirst":{"line":23,"column":2,"tokenListIndex":16},"endInFirst":{"line":28,"column":56,"tokenListIndex":21},"startInSecond":{"line":23,"column":1,"tokenListIndex":15},"endInSecond":{"line":28,"column":56,"tokenListIndex":20},"lengthOfFirst":6,"lengthOfSecond":6}],"firstSimilarity":0.4339622641509434,"secondSimilarity":0.3382352941176471}