{"firstSubmissionId":"EYLUL_COSKUN","secondSubmissionId":"EMRE_ERGUL","similarities":{"AVG":0.4251968503937008,"MAX":0.5094339622641509,"MAXIMUM_LENGTH":75.0,"LONGEST_MATCH":10.0},"matches":[{"firstFileName":"EYLUL_COSKUN/LinkedListQuestions.cpp","secondFileName":"EMRE_ERGUL/LinkedListQuestions.cpp","startInFirst":{"line":24,"column":0,"tokenListIndex":17},"endInFirst":{"line":36,"column":7,"tokenListIndex":26},"startInSecond":{"line":23,"column":0,"tokenListIndex":19},"endInSecond":{"line":32,"column":3,"tokenListIndex":28},"lengthOfFirst":10,"lengthOfSecond":10},{"firstFileName":"EYLUL_COSKUN/LinkedListQuestions.cpp","secondFileName":"EMRE_ERGUL/LinkedListQuestions.cpp","startInFirst":{"line":9,"column":0,"tokenListIndex":0},"endInFirst":{"line":15,"column":2,"tokenListIndex":8},"startInSecond":{"line":9,"column":0,"tokenListIndex":0},"endInSecond":{"line":12,"column":1,"tokenListIndex":8},"lengthOfFirst":9,"lengthOfSecond":9},{"firstFileName":"EYLUL_COSKUN/LinkedListQuestions.cpp","secondFileName":"EMRE_ERGUL/LinkedListQuestions.cpp","startInFirst":{"line":40,"column":2,"tokenListIndex":30},"endInFirst":{"line":49,"column":9,"tokenListIndex":37},"startInSecond":{"line":35,"column":1,"tokenListIndex":31},"endInSecond":{"line":42,"column":8,"tokenListIndex":38},"lengthOfFirst":8,"lengthOfSecond":8}],"firstSimilarity":0.5094339622641509,"secondSimilarity":0.36486486486486486}