{"firstSubmissionId":"EYLUL_COSKUN","secondSubmissionId":"OMER_FARUK_GUCER","similarities":{"AVG":0.5045045045045045,"MAX":0.5283018867924528,"MAXIMUM_LENGTH":59.0,"LONGEST_MATCH":9.0},"matches":[{"firstFileName":"EYLUL_COSKUN/LinkedListQuestions.cpp","secondFileName":"OMER_FARUK_GUCER/LinkedListQuestions.cpp","startInFirst":{"line":9,"column":0,"tokenListIndex":0},"endInFirst":{"line":15,"column":2,"tokenListIndex":8},"startInSecond":{"line":9,"column":0,"tokenListIndex":0},"endInSecond":{"line":14,"column":4,"tokenListIndex":8},"lengthOfFirst":9,"lengthOfSecond":9},{"firstFileName":"EYLUL_COSKUN/LinkedListQuestions.cpp","secondFileName":"OMER_FARUK_GUCER/LinkedListQuestions.cpp","startInFirst":{"line":41,"column":2,"tokenListIndex":31},"endInFirst":{"line":49,"column":9,"tokenListIndex":37},"startInSecond":{"line":34,"column":4,"tokenListIndex":28},"endInSecond":{"line":40,"column":11,"tokenListIndex":34},"lengthOfFirst":7,"lengthOfSecond":7},{"firstFileName":"EYLUL_COSKUN/LinkedListQuestions.cpp","secondFileName":"OMER_FARUK_GUCER/LinkedListQuestions.cpp","startInFirst":{"line":23,"column":2,"tokenListIndex":16},"endInFirst":{"line":28,"column":56,"tokenListIndex":21},"startInSecond":{"line":21,"column":4,"tokenListIndex":15},"endInSecond":{"line":27,"column":56,"tokenListIndex":20},"lengthOfFirst":6,"lengthOfSecond":6},{"firstFileName":"EYLUL_COSKUN/LinkedListQuestions.cpp","secondFileName":"OMER_FARUK_GUCER/LinkedListQuestions.cpp","startInFirst":{"line":60,"column":4,"tokenListIndex":46},"endInFirst":{"line":67,"column":20,"tokenListIndex":51},"startInSecond":{"line":48,"column":12,"tokenListIndex":44},"endInSecond":{"line":58,"column":20,"tokenListIndex":49},"lengthOfFirst":6,"lengthOfSecond":6}],"firstSimilarity":0.5283018867924528,"secondSimilarity":0.4827586206896552}