{"firstSubmissionId":"EYLUL_COSKUN","secondSubmissionId":"ISMAIL_EFE_YALCINKAYA","similarities":{"AVG":0.5964912280701754,"MAX":0.6415094339622641,"MAXIMUM_LENGTH":62.0,"LONGEST_MATCH":12.0},"matches":[{"firstFileName":"EYLUL_COSKUN/LinkedListQuestions.cpp","secondFileName":"ISMAIL_EFE_YALCINKAYA/LinkedListQuestions.cpp","startInFirst":{"line":22,"column":2,"tokenListIndex":15},"endInFirst":{"line":36,"column":7,"tokenListIndex":26},"startInSecond":{"line":16,"column":2,"tokenListIndex":14},"endInSecond":{"line":26,"column":6,"tokenListIndex":25},"lengthOfFirst":12,"lengthOfSecond":12},{"firstFileName":"EYLUL_COSKUN/LinkedListQuestions.cpp","secondFileName":"ISMAIL_EFE_YALCINKAYA/LinkedListQuestions.cpp","startInFirst":{"line":9,"column":0,"tokenListIndex":0},"endInFirst":{"line":16,"column":3,"tokenListIndex":9},"startInSecond":{"line":6,"column":0,"tokenListIndex":0},"endInSecond":{"line":10,"column":4,"tokenListIndex":9},"lengthOfFirst":10,"lengthOfSecond":10},{"firstFileName":"EYLUL_COSKUN/LinkedListQuestions.cpp","secondFileName":"ISMAIL_EFE_YALCINKAYA/LinkedListQuestions.cpp","startInFirst":{"line":40,"column":2,"tokenListIndex":30},"endInFirst":{"line":46,"column":47,"tokenListIndex":35},"startInSecond":{"line":29,"column":2,"tokenListIndex":28},"endInSecond":{"line":34,"column":47,"tokenListIndex":33},"lengthOfFirst":6,"lengthOfSecond":6},{"firstFileName":"EYLUL_COSKUN/LinkedListQuestions.cpp","secondFileName":"ISMAIL_EFE_YALCINKAYA/LinkedListQuestions.cpp","startInFirst":{"line":60,"column":4,"tokenListIndex":46},"endInFirst":{"line":67,"column":20,"tokenListIndex":51},"startInSecond":{"line":48,"column":6,"tokenListIndex":47},"endInSecond":{"line":54,"column":20,"tokenListIndex":52},"lengthOfFirst":6,"lengthOfSecond":6}],"firstSimilarity":0.6415094339622641,"secondSimilarity":0.5573770491803278}