{"firstSubmissionId":"EYLUL_COSKUN","secondSubmissionId":"SERHAT_YUNUSEMRE_KALPAKLI","similarities":{"AVG":0.336,"MAX":0.39622641509433965,"MAXIMUM_LENGTH":73.0,"LONGEST_MATCH":8.0},"matches":[{"firstFileName":"EYLUL_COSKUN/LinkedListQuestions.cpp","secondFileName":"SERHAT_YUNUSEMRE_KALPAKLI/LinkedListQuestions.cpp","startInFirst":{"line":9,"column":43,"tokenListIndex":2},"endInFirst":{"line":16,"column":3,"tokenListIndex":9},"startInSecond":{"line":45,"column":26,"tokenListIndex":33},"endInSecond":{"line":49,"column":3,"tokenListIndex":40},"lengthOfFirst":8,"lengthOfSecond":8},{"firstFileName":"EYLUL_COSKUN/LinkedListQuestions.cpp","secondFileName":"SERHAT_YUNUSEMRE_KALPAKLI/LinkedListQuestions.cpp","startInFirst":{"line":24,"column":0,"tokenListIndex":17},"endInFirst":{"line":31,"column":9,"tokenListIndex":23},"startInSecond":{"line":22,"column":0,"tokenListIndex":16},"endInSecond":{"line":27,"column":8,"tokenListIndex":22},"lengthOfFirst":7,"lengthOfSecond":7},{"firstFileName":"EYLUL_COSKUN/LinkedListQuestions.cpp","secondFileName":"SERHAT_YUNUSEMRE_KALPAKLI/LinkedListQuestions.cpp","startInFirst":{"line":60,"column":4,"tokenListIndex":46},"endInFirst":{"line":67,"column":20,"tokenListIndex":51},"startInSecond":{"line":67,"column":2,"tokenListIndex":55},"endInSecond":{"line":75,"column":20,"tokenListIndex":60},"lengthOfFirst":6,"lengthOfSecond":6}],"firstSimilarity":0.39622641509433965,"secondSimilarity":0.2916666666666667}