{"firstSubmissionId":"EYLUL_COSKUN","secondSubmissionId":"IRMAK_ZEHRA_EMRI","similarities":{"AVG":0.25196850393700787,"MAX":0.3018867924528302,"MAXIMUM_LENGTH":75.0,"LONGEST_MATCH":9.0},"matches":[{"firstFileName":"EYLUL_COSKUN/LinkedListQuestions.cpp","secondFileName":"IRMAK_ZEHRA_EMRI/LinkedListQuestions.cpp","startInFirst":{"line":9,"column":43,"tokenListIndex":2},"endInFirst":{"line":17,"column":4,"tokenListIndex":10},"startInSecond":{"line":51,"column":26,"tokenListIndex":43},"endInSecond":{"line":59,"column":6,"tokenListIndex":51},"lengthOfFirst":9,"lengthOfSecond":9},{"firstFileName":"EYLUL_COSKUN/LinkedListQuestions.cpp","secondFileName":"IRMAK_ZEHRA_EMRI/LinkedListQuestions.cpp","startInFirst":{"line":22,"column":2,"tokenListIndex":15},"endInFirst":{"line":28,"column":56,"tokenListIndex":21},"startInSecond":{"line":28,"column":2,"tokenListIndex":23},"endInSecond":{"line":34,"column":56,"tokenListIndex":29},"lengthOfFirst":7,"lengthOfSecond":7}],"firstSimilarity":0.3018867924528302,"secondSimilarity":0.21621621621621623}