{"firstSubmissionId":"EYLUL_COSKUN","secondSubmissionId":"DEMIR_OZHAN","similarities":{"AVG":0.4788732394366197,"MAX":0.6415094339622641,"MAXIMUM_LENGTH":90.0,"LONGEST_MATCH":12.0},"matches":[{"firstFileName":"EYLUL_COSKUN/LinkedListQuestions.cpp","secondFileName":"DEMIR_OZHAN/LinkedListQuestions.cpp","startInFirst":{"line":22,"column":2,"tokenListIndex":15},"endInFirst":{"line":36,"column":7,"tokenListIndex":26},"startInSecond":{"line":32,"column":2,"tokenListIndex":25},"endInSecond":{"line":45,"column":4,"tokenListIndex":36},"lengthOfFirst":12,"lengthOfSecond":12},{"firstFileName":"EYLUL_COSKUN/LinkedListQuestions.cpp","secondFileName":"DEMIR_OZHAN/LinkedListQuestions.cpp","startInFirst":{"line":9,"column":0,"tokenListIndex":0},"endInFirst":{"line":13,"column":6,"tokenListIndex":7},"startInSecond":{"line":9,"column":0,"tokenListIndex":0},"endInSecond":{"line":11,"column":6,"tokenListIndex":7},"lengthOfFirst":8,"lengthOfSecond":8},{"firstFileName":"EYLUL_COSKUN/LinkedListQuestions.cpp","secondFileName":"DEMIR_OZHAN/LinkedListQuestions.cpp","startInFirst":{"line":40,"column":2,"tokenListIndex":30},"endInFirst":{"line":49,"column":9,"tokenListIndex":37},"startInSecond":{"line":49,"column":2,"tokenListIndex":39},"endInSecond":{"line":56,"column":9,"tokenListIndex":46},"lengthOfFirst":8,"lengthOfSecond":8},{"firstFileName":"EYLUL_COSKUN/LinkedListQuestions.cpp","secondFileName":"DEMIR_OZHAN/LinkedListQuestions.cpp","startInFirst":{"line":60,"column":4,"tokenListIndex":46},"endInFirst":{"line":67,"column":20,"tokenListIndex":51},"startInSecond":{"line":90,"column":2,"tokenListIndex":71},"endInSecond":{"line":97,"column":20,"tokenListIndex":76},"lengthOfFirst":6,"lengthOfSecond":6}],"firstSimilarity":0.6415094339622641,"secondSimilarity":0.38202247191011235}