{"firstSubmissionId":"EYLUL_COSKUN","secondSubmissionId":"CEYDA_SENAY","similarities":{"AVG":0.288135593220339,"MAX":0.32075471698113206,"MAXIMUM_LENGTH":66.0,"LONGEST_MATCH":10.0},"matches":[{"firstFileName":"EYLUL_COSKUN/LinkedListQuestions.cpp","secondFileName":"CEYDA_SENAY/LinkedListQuestions.cpp","startInFirst":{"line":9,"column":0,"tokenListIndex":0},"endInFirst":{"line":16,"column":3,"tokenListIndex":9},"startInSecond":{"line":9,"column":0,"tokenListIndex":0},"endInSecond":{"line":16,"column":2,"tokenListIndex":9},"lengthOfFirst":10,"lengthOfSecond":10},{"firstFileName":"EYLUL_COSKUN/LinkedListQuestions.cpp","secondFileName":"CEYDA_SENAY/LinkedListQuestions.cpp","startInFirst":{"line":22,"column":2,"tokenListIndex":15},"endInFirst":{"line":28,"column":56,"tokenListIndex":21},"startInSecond":{"line":21,"column":7,"tokenListIndex":14},"endInSecond":{"line":31,"column":56,"tokenListIndex":20},"lengthOfFirst":7,"lengthOfSecond":7}],"firstSimilarity":0.32075471698113206,"secondSimilarity":0.26153846153846155}