{"firstSubmissionId":"EYLUL_COSKUN","secondSubmissionId":"ERDAL_DENIZ_OZBEY","similarities":{"AVG":0.4153846153846154,"MAX":0.5094339622641509,"MAXIMUM_LENGTH":78.0,"LONGEST_MATCH":8.0},"matches":[{"firstFileName":"EYLUL_COSKUN/LinkedListQuestions.cpp","secondFileName":"ERDAL_DENIZ_OZBEY/LinkedListQuestions.cpp","startInFirst":{"line":40,"column":2,"tokenListIndex":30},"endInFirst":{"line":49,"column":9,"tokenListIndex":37},"startInSecond":{"line":23,"column":4,"tokenListIndex":21},"endInSecond":{"line":30,"column":31,"tokenListIndex":28},"lengthOfFirst":8,"lengthOfSecond":8},{"firstFileName":"EYLUL_COSKUN/LinkedListQuestions.cpp","secondFileName":"ERDAL_DENIZ_OZBEY/LinkedListQuestions.cpp","startInFirst":{"line":21,"column":3,"tokenListIndex":14},"endInFirst":{"line":28,"column":39,"tokenListIndex":20},"startInSecond":{"line":37,"column":8,"tokenListIndex":33},"endInSecond":{"line":45,"column":47,"tokenListIndex":39},"lengthOfFirst":7,"lengthOfSecond":7},{"firstFileName":"EYLUL_COSKUN/LinkedListQuestions.cpp","secondFileName":"ERDAL_DENIZ_OZBEY/LinkedListQuestions.cpp","startInFirst":{"line":9,"column":0,"tokenListIndex":0},"endInFirst":{"line":12,"column":9,"tokenListIndex":5},"startInSecond":{"line":9,"column":0,"tokenListIndex":0},"endInSecond":{"line":10,"column":9,"tokenListIndex":5},"lengthOfFirst":6,"lengthOfSecond":6},{"firstFileName":"EYLUL_COSKUN/LinkedListQuestions.cpp","secondFileName":"ERDAL_DENIZ_OZBEY/LinkedListQuestions.cpp","startInFirst":{"line":60,"column":4,"tokenListIndex":46},"endInFirst":{"line":67,"column":20,"tokenListIndex":51},"startInSecond":{"line":61,"column":12,"tokenListIndex":56},"endInSecond":{"line":67,"column":20,"tokenListIndex":61},"lengthOfFirst":6,"lengthOfSecond":6}],"firstSimilarity":0.5094339622641509,"secondSimilarity":0.35064935064935066}