{"firstSubmissionId":"HIRANUR_DENIZ","secondSubmissionId":"EYLUL_COSKUN","similarities":{"AVG":0.5,"MAX":0.5319148936170213,"MAXIMUM_LENGTH":54.0,"LONGEST_MATCH":11.0},"matches":[{"firstFileName":"HIRANUR_DENIZ/LinkedListQuestions.cpp","secondFileName":"EYLUL_COSKUN/LinkedListQuestions.cpp","startInFirst":{"line":42,"column":2,"tokenListIndex":29},"endInFirst":{"line":54,"column":3,"tokenListIndex":39},"startInSecond":{"line":22,"column":2,"tokenListIndex":15},"endInSecond":{"line":34,"column":3,"tokenListIndex":25},"lengthOfFirst":11,"lengthOfSecond":11},{"firstFileName":"HIRANUR_DENIZ/LinkedListQuestions.cpp","secondFileName":"EYLUL_COSKUN/LinkedListQuestions.cpp","startInFirst":{"line":9,"column":0,"tokenListIndex":0},"endInFirst":{"line":14,"column":6,"tokenListIndex":6},"startInSecond":{"line":9,"column":0,"tokenListIndex":0},"endInSecond":{"line":13,"column":2,"tokenListIndex":6},"lengthOfFirst":7,"lengthOfSecond":7},{"firstFileName":"HIRANUR_DENIZ/LinkedListQuestions.cpp","secondFileName":"EYLUL_COSKUN/LinkedListQuestions.cpp","startInFirst":{"line":22,"column":2,"tokenListIndex":15},"endInFirst":{"line":28,"column":56,"tokenListIndex":21},"startInSecond":{"line":40,"column":2,"tokenListIndex":30},"endInSecond":{"line":49,"column":2,"tokenListIndex":36},"lengthOfFirst":7,"lengthOfSecond":7}],"firstSimilarity":0.5319148936170213,"secondSimilarity":0.4716981132075472}