{"firstSubmissionId":"HIRANUR_DENIZ","secondSubmissionId":"DENIZ_KAYRA_AYDIN","similarities":{"AVG":0.39622641509433965,"MAX":0.44680851063829785,"MAXIMUM_LENGTH":60.0,"LONGEST_MATCH":8.0},"matches":[{"firstFileName":"HIRANUR_DENIZ/LinkedListQuestions.cpp","secondFileName":"DENIZ_KAYRA_AYDIN/LinkedListQuestions.cpp","startInFirst":{"line":43,"column":2,"tokenListIndex":30},"endInFirst":{"line":52,"column":9,"tokenListIndex":37},"startInSecond":{"line":23,"column":4,"tokenListIndex":15},"endInSecond":{"line":31,"column":14,"tokenListIndex":22},"lengthOfFirst":8,"lengthOfSecond":8},{"firstFileName":"HIRANUR_DENIZ/LinkedListQuestions.cpp","secondFileName":"DENIZ_KAYRA_AYDIN/LinkedListQuestions.cpp","startInFirst":{"line":9,"column":0,"tokenListIndex":0},"endInFirst":{"line":14,"column":6,"tokenListIndex":6},"startInSecond":{"line":9,"column":0,"tokenListIndex":0},"endInSecond":{"line":12,"column":4,"tokenListIndex":6},"lengthOfFirst":7,"lengthOfSecond":7},{"firstFileName":"HIRANUR_DENIZ/LinkedListQuestions.cpp","secondFileName":"DENIZ_KAYRA_AYDIN/LinkedListQuestions.cpp","startInFirst":{"line":23,"column":2,"tokenListIndex":16},"endInFirst":{"line":28,"column":56,"tokenListIndex":21},"startInSecond":{"line":38,"column":4,"tokenListIndex":30},"endInSecond":{"line":46,"column":4,"tokenListIndex":35},"lengthOfFirst":6,"lengthOfSecond":6}],"firstSimilarity":0.44680851063829785,"secondSimilarity":0.3559322033898305}