{"firstSubmissionId":"HIRANUR_DENIZ","secondSubmissionId":"ISMAIL_EFE_YALCINKAYA","similarities":{"AVG":0.5555555555555556,"MAX":0.6382978723404256,"MAXIMUM_LENGTH":62.0,"LONGEST_MATCH":16.0},"matches":[{"firstFileName":"HIRANUR_DENIZ/LinkedListQuestions.cpp","secondFileName":"ISMAIL_EFE_YALCINKAYA/LinkedListQuestions.cpp","startInFirst":{"line":13,"column":2,"tokenListIndex":7},"endInFirst":{"line":31,"column":2,"tokenListIndex":22},"startInSecond":{"line":8,"column":2,"tokenListIndex":6},"endInSecond":{"line":22,"column":2,"tokenListIndex":21},"lengthOfFirst":16,"lengthOfSecond":16},{"firstFileName":"HIRANUR_DENIZ/LinkedListQuestions.cpp","secondFileName":"ISMAIL_EFE_YALCINKAYA/LinkedListQuestions.cpp","startInFirst":{"line":40,"column":3,"tokenListIndex":27},"endInFirst":{"line":48,"column":47,"tokenListIndex":34},"startInSecond":{"line":27,"column":4,"tokenListIndex":26},"endInSecond":{"line":34,"column":47,"tokenListIndex":33},"lengthOfFirst":8,"lengthOfSecond":8},{"firstFileName":"HIRANUR_DENIZ/LinkedListQuestions.cpp","secondFileName":"ISMAIL_EFE_YALCINKAYA/LinkedListQuestions.cpp","startInFirst":{"line":9,"column":0,"tokenListIndex":0},"endInFirst":{"line":14,"column":6,"tokenListIndex":5},"startInSecond":{"line":6,"column":0,"tokenListIndex":0},"endInSecond":{"line":7,"column":7,"tokenListIndex":5},"lengthOfFirst":6,"lengthOfSecond":6}],"firstSimilarity":0.6382978723404256,"secondSimilarity":0.4918032786885246}