{"firstSubmissionId":"HIRANUR_DENIZ","secondSubmissionId":"SUDE_ATANSAY","similarities":{"AVG":0.4247787610619469,"MAX":0.5106382978723404,"MAXIMUM_LENGTH":67.0,"LONGEST_MATCH":16.0},"matches":[{"firstFileName":"HIRANUR_DENIZ/LinkedListQuestions.cpp","secondFileName":"SUDE_ATANSAY/LinkedListQuestions.cpp","startInFirst":{"line":13,"column":2,"tokenListIndex":7},"endInFirst":{"line":31,"column":2,"tokenListIndex":22},"startInSecond":{"line":13,"column":2,"tokenListIndex":9},"endInSecond":{"line":30,"column":2,"tokenListIndex":24},"lengthOfFirst":16,"lengthOfSecond":16},{"firstFileName":"HIRANUR_DENIZ/LinkedListQuestions.cpp","secondFileName":"SUDE_ATANSAY/LinkedListQuestions.cpp","startInFirst":{"line":40,"column":3,"tokenListIndex":27},"endInFirst":{"line":48,"column":47,"tokenListIndex":34},"startInSecond":{"line":35,"column":3,"tokenListIndex":29},"endInSecond":{"line":45,"column":47,"tokenListIndex":36},"lengthOfFirst":8,"lengthOfSecond":8}],"firstSimilarity":0.5106382978723404,"secondSimilarity":0.36363636363636365}