{"firstSubmissionId":"HIRANUR_DENIZ","secondSubmissionId":"EGE_HURIEL","similarities":{"AVG":0.3333333333333333,"MAX":0.3829787234042553,"MAXIMUM_LENGTH":62.0,"LONGEST_MATCH":10.0},"matches":[{"firstFileName":"HIRANUR_DENIZ/LinkedListQuestions.cpp","secondFileName":"EGE_HURIEL/LinkedListQuestions.cpp","startInFirst":{"line":43,"column":2,"tokenListIndex":30},"endInFirst":{"line":54,"column":3,"tokenListIndex":39},"startInSecond":{"line":18,"column":8,"tokenListIndex":16},"endInSecond":{"line":27,"column":3,"tokenListIndex":25},"lengthOfFirst":10,"lengthOfSecond":10},{"firstFileName":"HIRANUR_DENIZ/LinkedListQuestions.cpp","secondFileName":"EGE_HURIEL/LinkedListQuestions.cpp","startInFirst":{"line":21,"column":3,"tokenListIndex":14},"endInFirst":{"line":28,"column":56,"tokenListIndex":21},"startInSecond":{"line":31,"column":3,"tokenListIndex":28},"endInSecond":{"line":40,"column":2,"tokenListIndex":35},"lengthOfFirst":8,"lengthOfSecond":8}],"firstSimilarity":0.3829787234042553,"secondSimilarity":0.29508196721311475}