{"firstSubmissionId":"HIRANUR_DENIZ","secondSubmissionId":"OMER_FARUK_GUCER","similarities":{"AVG":0.3619047619047619,"MAX":0.40425531914893614,"MAXIMUM_LENGTH":59.0,"LONGEST_MATCH":7.0},"matches":[{"firstFileName":"HIRANUR_DENIZ/LinkedListQuestions.cpp","secondFileName":"OMER_FARUK_GUCER/LinkedListQuestions.cpp","startInFirst":{"line":9,"column":0,"tokenListIndex":0},"endInFirst":{"line":14,"column":6,"tokenListIndex":6},"startInSecond":{"line":9,"column":0,"tokenListIndex":0},"endInSecond":{"line":13,"column":4,"tokenListIndex":6},"lengthOfFirst":7,"lengthOfSecond":7},{"firstFileName":"HIRANUR_DENIZ/LinkedListQuestions.cpp","secondFileName":"OMER_FARUK_GUCER/LinkedListQuestions.cpp","startInFirst":{"line":23,"column":2,"tokenListIndex":16},"endInFirst":{"line":28,"column":56,"tokenListIndex":21},"startInSecond":{"line":21,"column":4,"tokenListIndex":15},"endInSecond":{"line":27,"column":56,"tokenListIndex":20},"lengthOfFirst":6,"lengthOfSecond":6},{"firstFileName":"HIRANUR_DENIZ/LinkedListQuestions.cpp","secondFileName":"OMER_FARUK_GUCER/LinkedListQuestions.cpp","startInFirst":{"line":43,"column":2,"tokenListIndex":30},"endInFirst":{"line":51,"column":2,"tokenListIndex":35},"startInSecond":{"line":34,"column":4,"tokenListIndex":28},"endInSecond":{"line":40,"column":4,"tokenListIndex":33},"lengthOfFirst":6,"lengthOfSecond":6}],"firstSimilarity":0.40425531914893614,"secondSimilarity":0.3275862068965517}