{"firstSubmissionId":"HIRANUR_DENIZ","secondSubmissionId":"ALP_DIKMEN","similarities":{"AVG":0.4528301886792453,"MAX":0.5106382978723404,"MAXIMUM_LENGTH":60.0,"LONGEST_MATCH":10.0},"matches":[{"firstFileName":"HIRANUR_DENIZ/LinkedListQuestions.cpp","secondFileName":"ALP_DIKMEN/LinkedListQuestions.cpp","startInFirst":{"line":43,"column":2,"tokenListIndex":30},"endInFirst":{"line":54,"column":3,"tokenListIndex":39},"startInSecond":{"line":24,"column":4,"tokenListIndex":11},"endInSecond":{"line":35,"column":2,"tokenListIndex":20},"lengthOfFirst":10,"lengthOfSecond":10},{"firstFileName":"HIRANUR_DENIZ/LinkedListQuestions.cpp","secondFileName":"ALP_DIKMEN/LinkedListQuestions.cpp","startInFirst":{"line":21,"column":3,"tokenListIndex":14},"endInFirst":{"line":28,"column":56,"tokenListIndex":21},"startInSecond":{"line":41,"column":2,"tokenListIndex":23},"endInSecond":{"line":52,"column":2,"tokenListIndex":30},"lengthOfFirst":8,"lengthOfSecond":8},{"firstFileName":"HIRANUR_DENIZ/LinkedListQuestions.cpp","secondFileName":"ALP_DIKMEN/LinkedListQuestions.cpp","startInFirst":{"line":9,"column":0,"tokenListIndex":0},"endInFirst":{"line":14,"column":6,"tokenListIndex":5},"startInSecond":{"line":9,"column":0,"tokenListIndex":0},"endInSecond":{"line":13,"column":11,"tokenListIndex":5},"lengthOfFirst":6,"lengthOfSecond":6}],"firstSimilarity":0.5106382978723404,"secondSimilarity":0.4067796610169492}