{"firstSubmissionId":"HIRANUR_DENIZ","secondSubmissionId":"EMRE_ERGUL","similarities":{"AVG":0.4297520661157025,"MAX":0.5531914893617021,"MAXIMUM_LENGTH":75.0,"LONGEST_MATCH":12.0},"matches":[{"firstFileName":"HIRANUR_DENIZ/LinkedListQuestions.cpp","secondFileName":"EMRE_ERGUL/LinkedListQuestions.cpp","startInFirst":{"line":48,"column":47,"tokenListIndex":34},"endInFirst":{"line":66,"column":20,"tokenListIndex":45},"startInSecond":{"line":41,"column":26,"tokenListIndex":35},"endInSecond":{"line":55,"column":20,"tokenListIndex":46},"lengthOfFirst":12,"lengthOfSecond":12},{"firstFileName":"HIRANUR_DENIZ/LinkedListQuestions.cpp","secondFileName":"EMRE_ERGUL/LinkedListQuestions.cpp","startInFirst":{"line":12,"column":2,"tokenListIndex":6},"endInFirst":{"line":20,"column":3,"tokenListIndex":13},"startInSecond":{"line":27,"column":56,"tokenListIndex":23},"endInSecond":{"line":34,"column":2,"tokenListIndex":30},"lengthOfFirst":8,"lengthOfSecond":8},{"firstFileName":"HIRANUR_DENIZ/LinkedListQuestions.cpp","secondFileName":"EMRE_ERGUL/LinkedListQuestions.cpp","startInFirst":{"line":9,"column":0,"tokenListIndex":0},"endInFirst":{"line":14,"column":6,"tokenListIndex":5},"startInSecond":{"line":9,"column":0,"tokenListIndex":0},"endInSecond":{"line":10,"column":8,"tokenListIndex":5},"lengthOfFirst":6,"lengthOfSecond":6}],"firstSimilarity":0.5531914893617021,"secondSimilarity":0.35135135135135137}