{"firstSubmissionId":"HIRANUR_DENIZ","secondSubmissionId":"MERTCAN_ARSLAN","similarities":{"AVG":0.2184873949579832,"MAX":0.2765957446808511,"MAXIMUM_LENGTH":73.0,"LONGEST_MATCH":7.0},"matches":[{"firstFileName":"HIRANUR_DENIZ/LinkedListQuestions.cpp","secondFileName":"MERTCAN_ARSLAN/LinkedListQuestions.cpp","startInFirst":{"line":44,"column":0,"tokenListIndex":31},"endInFirst":{"line":52,"column":9,"tokenListIndex":37},"startInSecond":{"line":22,"column":0,"tokenListIndex":15},"endInSecond":{"line":27,"column":8,"tokenListIndex":21},"lengthOfFirst":7,"lengthOfSecond":7},{"firstFileName":"HIRANUR_DENIZ/LinkedListQuestions.cpp","secondFileName":"MERTCAN_ARSLAN/LinkedListQuestions.cpp","startInFirst":{"line":23,"column":2,"tokenListIndex":16},"endInFirst":{"line":28,"column":56,"tokenListIndex":21},"startInSecond":{"line":38,"column":3,"tokenListIndex":33},"endInSecond":{"line":44,"column":3,"tokenListIndex":38},"lengthOfFirst":6,"lengthOfSecond":6}],"firstSimilarity":0.2765957446808511,"secondSimilarity":0.18055555555555555}