{"firstSubmissionId":"HIRANUR_DENIZ","secondSubmissionId":"ERDAL_DENIZ_OZBEY","similarities":{"AVG":0.43548387096774194,"MAX":0.574468085106383,"MAXIMUM_LENGTH":78.0,"LONGEST_MATCH":15.0},"matches":[{"firstFileName":"HIRANUR_DENIZ/LinkedListQuestions.cpp","secondFileName":"ERDAL_DENIZ_OZBEY/LinkedListQuestions.cpp","startInFirst":{"line":13,"column":2,"tokenListIndex":7},"endInFirst":{"line":28,"column":56,"tokenListIndex":21},"startInSecond":{"line":15,"column":4,"tokenListIndex":13},"endInSecond":{"line":29,"column":56,"tokenListIndex":27},"lengthOfFirst":15,"lengthOfSecond":15},{"firstFileName":"HIRANUR_DENIZ/LinkedListQuestions.cpp","secondFileName":"ERDAL_DENIZ_OZBEY/LinkedListQuestions.cpp","startInFirst":{"line":9,"column":0,"tokenListIndex":0},"endInFirst":{"line":14,"column":6,"tokenListIndex":5},"startInSecond":{"line":9,"column":0,"tokenListIndex":0},"endInSecond":{"line":10,"column":9,"tokenListIndex":5},"lengthOfFirst":6,"lengthOfSecond":6},{"firstFileName":"HIRANUR_DENIZ/LinkedListQuestions.cpp","secondFileName":"ERDAL_DENIZ_OZBEY/LinkedListQuestions.cpp","startInFirst":{"line":42,"column":2,"tokenListIndex":29},"endInFirst":{"line":48,"column":47,"tokenListIndex":34},"startInSecond":{"line":39,"column":1,"tokenListIndex":34},"endInSecond":{"line":45,"column":47,"tokenListIndex":39},"lengthOfFirst":6,"lengthOfSecond":6}],"firstSimilarity":0.574468085106383,"secondSimilarity":0.35064935064935066}