{"firstSubmissionId":"HIRANUR_DENIZ","secondSubmissionId":"YUSUF_ISA_ZERENUZ","similarities":{"AVG":0.32323232323232326,"MAX":0.3404255319148936,"MAXIMUM_LENGTH":53.0,"LONGEST_MATCH":9.0},"matches":[{"firstFileName":"HIRANUR_DENIZ/LinkedListQuestions.cpp","secondFileName":"YUSUF_ISA_ZERENUZ/LinkedListQuestions.cpp","startInFirst":{"line":44,"column":0,"tokenListIndex":31},"endInFirst":{"line":54,"column":3,"tokenListIndex":39},"startInSecond":{"line":21,"column":0,"tokenListIndex":14},"endInSecond":{"line":29,"column":3,"tokenListIndex":22},"lengthOfFirst":9,"lengthOfSecond":9},{"firstFileName":"HIRANUR_DENIZ/LinkedListQuestions.cpp","secondFileName":"YUSUF_ISA_ZERENUZ/LinkedListQuestions.cpp","startInFirst":{"line":28,"column":39,"tokenListIndex":20},"endInFirst":{"line":35,"column":3,"tokenListIndex":26},"startInSecond":{"line":9,"column":16,"tokenListIndex":1},"endInSecond":{"line":13,"column":3,"tokenListIndex":7},"lengthOfFirst":7,"lengthOfSecond":7}],"firstSimilarity":0.3404255319148936,"secondSimilarity":0.3076923076923077}