{"firstSubmissionId":"HIRANUR_DENIZ","secondSubmissionId":"YUSUF_ERDEM_ALTINSOY","similarities":{"AVG":0.3826086956521739,"MAX":0.46808510638297873,"MAXIMUM_LENGTH":69.0,"LONGEST_MATCH":9.0},"matches":[{"firstFileName":"HIRANUR_DENIZ/LinkedListQuestions.cpp","secondFileName":"YUSUF_ERDEM_ALTINSOY/LinkedListQuestions.cpp","startInFirst":{"line":40,"column":3,"tokenListIndex":27},"endInFirst":{"line":51,"column":2,"tokenListIndex":35},"startInSecond":{"line":40,"column":4,"tokenListIndex":29},"endInSecond":{"line":50,"column":1,"tokenListIndex":37},"lengthOfFirst":9,"lengthOfSecond":9},{"firstFileName":"HIRANUR_DENIZ/LinkedListQuestions.cpp","secondFileName":"YUSUF_ERDEM_ALTINSOY/LinkedListQuestions.cpp","startInFirst":{"line":9,"column":0,"tokenListIndex":0},"endInFirst":{"line":14,"column":6,"tokenListIndex":6},"startInSecond":{"line":9,"column":0,"tokenListIndex":0},"endInSecond":{"line":13,"column":1,"tokenListIndex":6},"lengthOfFirst":7,"lengthOfSecond":7},{"firstFileName":"HIRANUR_DENIZ/LinkedListQuestions.cpp","secondFileName":"YUSUF_ERDEM_ALTINSOY/LinkedListQuestions.cpp","startInFirst":{"line":23,"column":2,"tokenListIndex":16},"endInFirst":{"line":28,"column":56,"tokenListIndex":21},"startInSecond":{"line":23,"column":1,"tokenListIndex":15},"endInSecond":{"line":28,"column":56,"tokenListIndex":20},"lengthOfFirst":6,"lengthOfSecond":6}],"firstSimilarity":0.46808510638297873,"secondSimilarity":0.3235294117647059}