{"firstSubmissionId":"HIRANUR_DENIZ","secondSubmissionId":"CEYDA_SENAY","similarities":{"AVG":0.5,"MAX":0.5957446808510638,"MAXIMUM_LENGTH":66.0,"LONGEST_MATCH":15.0},"matches":[{"firstFileName":"HIRANUR_DENIZ/LinkedListQuestions.cpp","secondFileName":"CEYDA_SENAY/LinkedListQuestions.cpp","startInFirst":{"line":13,"column":2,"tokenListIndex":7},"endInFirst":{"line":28,"column":56,"tokenListIndex":21},"startInSecond":{"line":14,"column":1,"tokenListIndex":6},"endInSecond":{"line":31,"column":56,"tokenListIndex":20},"lengthOfFirst":15,"lengthOfSecond":15},{"firstFileName":"HIRANUR_DENIZ/LinkedListQuestions.cpp","secondFileName":"CEYDA_SENAY/LinkedListQuestions.cpp","startInFirst":{"line":40,"column":3,"tokenListIndex":27},"endInFirst":{"line":48,"column":26,"tokenListIndex":33},"startInSecond":{"line":40,"column":6,"tokenListIndex":29},"endInSecond":{"line":48,"column":28,"tokenListIndex":35},"lengthOfFirst":7,"lengthOfSecond":7},{"firstFileName":"HIRANUR_DENIZ/LinkedListQuestions.cpp","secondFileName":"CEYDA_SENAY/LinkedListQuestions.cpp","startInFirst":{"line":9,"column":0,"tokenListIndex":0},"endInFirst":{"line":14,"column":6,"tokenListIndex":5},"startInSecond":{"line":9,"column":0,"tokenListIndex":0},"endInSecond":{"line":13,"column":11,"tokenListIndex":5},"lengthOfFirst":6,"lengthOfSecond":6}],"firstSimilarity":0.5957446808510638,"secondSimilarity":0.4307692307692308}