{"firstSubmissionId":"HIRANUR_DENIZ","secondSubmissionId":"EDHEM_TATAR","similarities":{"AVG":0.125,"MAX":0.1702127659574468,"MAXIMUM_LENGTH":82.0,"LONGEST_MATCH":8.0},"matches":[{"firstFileName":"HIRANUR_DENIZ/LinkedListQuestions.cpp","secondFileName":"EDHEM_TATAR/LinkedListQuestions.cpp","startInFirst":{"line":43,"column":2,"tokenListIndex":30},"endInFirst":{"line":52,"column":9,"tokenListIndex":37},"startInSecond":{"line":21,"column":2,"tokenListIndex":13},"endInSecond":{"line":28,"column":10,"tokenListIndex":20},"lengthOfFirst":8,"lengthOfSecond":8}],"firstSimilarity":0.1702127659574468,"secondSimilarity":0.09876543209876543}