{"firstSubmissionId":"HIRANUR_DENIZ","secondSubmissionId":"BORA_ERDEM_ALAN","similarities":{"AVG":0.24074074074074073,"MAX":0.2765957446808511,"MAXIMUM_LENGTH":62.0,"LONGEST_MATCH":7.0},"matches":[{"firstFileName":"HIRANUR_DENIZ/LinkedListQuestions.cpp","secondFileName":"BORA_ERDEM_ALAN/LinkedListQuestions.cpp","startInFirst":{"line":44,"column":0,"tokenListIndex":31},"endInFirst":{"line":52,"column":9,"tokenListIndex":37},"startInSecond":{"line":20,"column":0,"tokenListIndex":15},"endInSecond":{"line":25,"column":14,"tokenListIndex":21},"lengthOfFirst":7,"lengthOfSecond":7},{"firstFileName":"HIRANUR_DENIZ/LinkedListQuestions.cpp","secondFileName":"BORA_ERDEM_ALAN/LinkedListQuestions.cpp","startInFirst":{"line":9,"column":0,"tokenListIndex":0},"endInFirst":{"line":14,"column":6,"tokenListIndex":5},"startInSecond":{"line":9,"column":0,"tokenListIndex":0},"endInSecond":{"line":10,"column":8,"tokenListIndex":5},"lengthOfFirst":6,"lengthOfSecond":6}],"firstSimilarity":0.2765957446808511,"secondSimilarity":0.21311475409836064}