{"firstSubmissionId":"HIRANUR_DENIZ","secondSubmissionId":"AHMET_ZEKI_IHTIYAROGLU","similarities":{"AVG":0.5,"MAX":0.574468085106383,"MAXIMUM_LENGTH":62.0,"LONGEST_MATCH":14.0},"matches":[{"firstFileName":"HIRANUR_DENIZ/LinkedListQuestions.cpp","secondFileName":"AHMET_ZEKI_IHTIYAROGLU/LinkedListQuestions.cpp","startInFirst":{"line":28,"column":56,"tokenListIndex":21},"endInFirst":{"line":48,"column":47,"tokenListIndex":34},"startInSecond":{"line":45,"column":26,"tokenListIndex":35},"endInSecond":{"line":64,"column":1,"tokenListIndex":48},"lengthOfFirst":14,"lengthOfSecond":14},{"firstFileName":"HIRANUR_DENIZ/LinkedListQuestions.cpp","secondFileName":"AHMET_ZEKI_IHTIYAROGLU/LinkedListQuestions.cpp","startInFirst":{"line":9,"column":0,"tokenListIndex":0},"endInFirst":{"line":14,"column":6,"tokenListIndex":6},"startInSecond":{"line":9,"column":0,"tokenListIndex":0},"endInSecond":{"line":15,"column":1,"tokenListIndex":6},"lengthOfFirst":7,"lengthOfSecond":7},{"firstFileName":"HIRANUR_DENIZ/LinkedListQuestions.cpp","secondFileName":"AHMET_ZEKI_IHTIYAROGLU/LinkedListQuestions.cpp","startInFirst":{"line":22,"column":2,"tokenListIndex":15},"endInFirst":{"line":28,"column":39,"tokenListIndex":20},"startInSecond":{"line":26,"column":4,"tokenListIndex":19},"endInSecond":{"line":32,"column":39,"tokenListIndex":24},"lengthOfFirst":6,"lengthOfSecond":6}],"firstSimilarity":0.574468085106383,"secondSimilarity":0.4426229508196721}