{"firstSubmissionId":"HIRANUR_DENIZ","secondSubmissionId":"IRMAK_ZEHRA_EMRI","similarities":{"AVG":0.49586776859504134,"MAX":0.6382978723404256,"MAXIMUM_LENGTH":75.0,"LONGEST_MATCH":13.0},"matches":[{"firstFileName":"HIRANUR_DENIZ/LinkedListQuestions.cpp","secondFileName":"IRMAK_ZEHRA_EMRI/LinkedListQuestions.cpp","startInFirst":{"line":32,"column":2,"tokenListIndex":23},"endInFirst":{"line":51,"column":2,"tokenListIndex":35},"startInSecond":{"line":39,"column":0,"tokenListIndex":33},"endInSecond":{"line":54,"column":2,"tokenListIndex":45},"lengthOfFirst":13,"lengthOfSecond":13},{"firstFileName":"HIRANUR_DENIZ/LinkedListQuestions.cpp","secondFileName":"IRMAK_ZEHRA_EMRI/LinkedListQuestions.cpp","startInFirst":{"line":19,"column":1,"tokenListIndex":12},"endInFirst":{"line":28,"column":56,"tokenListIndex":21},"startInSecond":{"line":25,"column":3,"tokenListIndex":20},"endInSecond":{"line":34,"column":56,"tokenListIndex":29},"lengthOfFirst":10,"lengthOfSecond":10},{"firstFileName":"HIRANUR_DENIZ/LinkedListQuestions.cpp","secondFileName":"IRMAK_ZEHRA_EMRI/LinkedListQuestions.cpp","startInFirst":{"line":9,"column":0,"tokenListIndex":0},"endInFirst":{"line":14,"column":6,"tokenListIndex":6},"startInSecond":{"line":9,"column":0,"tokenListIndex":0},"endInSecond":{"line":13,"column":2,"tokenListIndex":6},"lengthOfFirst":7,"lengthOfSecond":7}],"firstSimilarity":0.6382978723404256,"secondSimilarity":0.40540540540540543}