{"firstSubmissionId":"HIRANUR_DENIZ","secondSubmissionId":"DEMIR_OZHAN","similarities":{"AVG":0.4117647058823529,"MAX":0.5957446808510638,"MAXIMUM_LENGTH":90.0,"LONGEST_MATCH":12.0},"matches":[{"firstFileName":"HIRANUR_DENIZ/LinkedListQuestions.cpp","secondFileName":"DEMIR_OZHAN/LinkedListQuestions.cpp","startInFirst":{"line":18,"column":4,"tokenListIndex":11},"endInFirst":{"line":31,"column":2,"tokenListIndex":22},"startInSecond":{"line":28,"column":4,"tokenListIndex":21},"endInSecond":{"line":39,"column":2,"tokenListIndex":32},"lengthOfFirst":12,"lengthOfSecond":12},{"firstFileName":"HIRANUR_DENIZ/LinkedListQuestions.cpp","secondFileName":"DEMIR_OZHAN/LinkedListQuestions.cpp","startInFirst":{"line":40,"column":3,"tokenListIndex":27},"endInFirst":{"line":51,"column":2,"tokenListIndex":35},"startInSecond":{"line":46,"column":1,"tokenListIndex":37},"endInSecond":{"line":56,"column":2,"tokenListIndex":45},"lengthOfFirst":9,"lengthOfSecond":9},{"firstFileName":"HIRANUR_DENIZ/LinkedListQuestions.cpp","secondFileName":"DEMIR_OZHAN/LinkedListQuestions.cpp","startInFirst":{"line":9,"column":0,"tokenListIndex":0},"endInFirst":{"line":14,"column":6,"tokenListIndex":6},"startInSecond":{"line":9,"column":0,"tokenListIndex":0},"endInSecond":{"line":11,"column":2,"tokenListIndex":6},"lengthOfFirst":7,"lengthOfSecond":7}],"firstSimilarity":0.5957446808510638,"secondSimilarity":0.3146067415730337}