{"firstSubmissionId":"HIRANUR_DENIZ","secondSubmissionId":"ALGUHAN_KURULAR","similarities":{"AVG":0.49122807017543857,"MAX":0.5957446808510638,"MAXIMUM_LENGTH":68.0,"LONGEST_MATCH":9.0},"matches":[{"firstFileName":"HIRANUR_DENIZ/LinkedListQuestions.cpp","secondFileName":"ALGUHAN_KURULAR/LinkedListQuestions.cpp","startInFirst":{"line":44,"column":0,"tokenListIndex":31},"endInFirst":{"line":54,"column":3,"tokenListIndex":39},"startInSecond":{"line":23,"column":0,"tokenListIndex":20},"endInSecond":{"line":30,"column":3,"tokenListIndex":28},"lengthOfFirst":9,"lengthOfSecond":9},{"firstFileName":"HIRANUR_DENIZ/LinkedListQuestions.cpp","secondFileName":"ALGUHAN_KURULAR/LinkedListQuestions.cpp","startInFirst":{"line":22,"column":2,"tokenListIndex":15},"endInFirst":{"line":28,"column":56,"tokenListIndex":21},"startInSecond":{"line":36,"column":2,"tokenListIndex":33},"endInSecond":{"line":43,"column":2,"tokenListIndex":39},"lengthOfFirst":7,"lengthOfSecond":7},{"firstFileName":"HIRANUR_DENIZ/LinkedListQuestions.cpp","secondFileName":"ALGUHAN_KURULAR/LinkedListQuestions.cpp","startInFirst":{"line":9,"column":0,"tokenListIndex":0},"endInFirst":{"line":14,"column":6,"tokenListIndex":5},"startInSecond":{"line":9,"column":0,"tokenListIndex":0},"endInSecond":{"line":10,"column":9,"tokenListIndex":5},"lengthOfFirst":6,"lengthOfSecond":6},{"firstFileName":"HIRANUR_DENIZ/LinkedListQuestions.cpp","secondFileName":"ALGUHAN_KURULAR/LinkedListQuestions.cpp","startInFirst":{"line":59,"column":3,"tokenListIndex":40},"endInFirst":{"line":66,"column":20,"tokenListIndex":45},"startInSecond":{"line":66,"column":17,"tokenListIndex":52},"endInSecond":{"line":75,"column":20,"tokenListIndex":57},"lengthOfFirst":6,"lengthOfSecond":6}],"firstSimilarity":0.5957446808510638,"secondSimilarity":0.417910447761194}