{"firstSubmissionId":"ILAY_FATMA_YAVUZ","secondSubmissionId":"YUSUF_ISA_ZERENUZ","similarities":{"AVG":0.29213483146067415,"MAX":0.35135135135135137,"MAXIMUM_LENGTH":53.0,"LONGEST_MATCH":7.0},"matches":[{"firstFileName":"ILAY_FATMA_YAVUZ/LinkedListQuestions.cpp","secondFileName":"YUSUF_ISA_ZERENUZ/LinkedListQuestions.cpp","startInFirst":{"line":18,"column":23,"tokenListIndex":13},"endInFirst":{"line":27,"column":56,"tokenListIndex":19},"startInSecond":{"line":19,"column":0,"tokenListIndex":12},"endInSecond":{"line":25,"column":56,"tokenListIndex":18},"lengthOfFirst":7,"lengthOfSecond":7},{"firstFileName":"ILAY_FATMA_YAVUZ/LinkedListQuestions.cpp","secondFileName":"YUSUF_ISA_ZERENUZ/LinkedListQuestions.cpp","startInFirst":{"line":32,"column":0,"tokenListIndex":20},"endInFirst":{"line":36,"column":8,"tokenListIndex":25},"startInSecond":{"line":54,"column":0,"tokenListIndex":41},"endInSecond":{"line":62,"column":2,"tokenListIndex":46},"lengthOfFirst":6,"lengthOfSecond":6}],"firstSimilarity":0.35135135135135137,"secondSimilarity":0.25}