{"firstSubmissionId":"ILAY_FATMA_YAVUZ","secondSubmissionId":"MERTCAN_ARSLAN","similarities":{"AVG":0.11009174311926606,"MAX":0.16216216216216217,"MAXIMUM_LENGTH":73.0,"LONGEST_MATCH":6.0},"matches":[{"firstFileName":"ILAY_FATMA_YAVUZ/LinkedListQuestions.cpp","secondFileName":"MERTCAN_ARSLAN/LinkedListQuestions.cpp","startInFirst":{"line":18,"column":23,"tokenListIndex":13},"endInFirst":{"line":27,"column":39,"tokenListIndex":18},"startInSecond":{"line":61,"column":4,"tokenListIndex":56},"endInSecond":{"line":71,"column":1,"tokenListIndex":61},"lengthOfFirst":6,"lengthOfSecond":6}],"firstSimilarity":0.16216216216216217,"secondSimilarity":0.08333333333333333}