{"firstSubmissionId":"ILAY_FATMA_YAVUZ","secondSubmissionId":"SUDE_ATANSAY","similarities":{"AVG":0.11650485436893204,"MAX":0.16216216216216217,"MAXIMUM_LENGTH":67.0,"LONGEST_MATCH":6.0},"matches":[{"firstFileName":"ILAY_FATMA_YAVUZ/LinkedListQuestions.cpp","secondFileName":"SUDE_ATANSAY/LinkedListQuestions.cpp","startInFirst":{"line":18,"column":23,"tokenListIndex":13},"endInFirst":{"line":27,"column":39,"tokenListIndex":18},"startInSecond":{"line":62,"column":3,"tokenListIndex":52},"endInSecond":{"line":72,"column":4,"tokenListIndex":57},"lengthOfFirst":6,"lengthOfSecond":6}],"firstSimilarity":0.16216216216216217,"secondSimilarity":0.09090909090909091}