{"firstSubmissionId":"ILAY_FATMA_YAVUZ","secondSubmissionId":"SERHAT_YUNUSEMRE_KALPAKLI","similarities":{"AVG":0.11009174311926606,"MAX":0.16216216216216217,"MAXIMUM_LENGTH":73.0,"LONGEST_MATCH":6.0},"matches":[{"firstFileName":"ILAY_FATMA_YAVUZ/LinkedListQuestions.cpp","secondFileName":"SERHAT_YUNUSEMRE_KALPAKLI/LinkedListQuestions.cpp","startInFirst":{"line":18,"column":23,"tokenListIndex":13},"endInFirst":{"line":27,"column":39,"tokenListIndex":18},"startInSecond":{"line":68,"column":1,"tokenListIndex":56},"endInSecond":{"line":76,"column":2,"tokenListIndex":61},"lengthOfFirst":6,"lengthOfSecond":6}],"firstSimilarity":0.16216216216216217,"secondSimilarity":0.08333333333333333}