{"firstSubmissionId":"ILAY_FATMA_YAVUZ","secondSubmissionId":"DEMIR_OZHAN","similarities":{"AVG":0.09523809523809523,"MAX":0.16216216216216217,"MAXIMUM_LENGTH":90.0,"LONGEST_MATCH":6.0},"matches":[{"firstFileName":"ILAY_FATMA_YAVUZ/LinkedListQuestions.cpp","secondFileName":"DEMIR_OZHAN/LinkedListQuestions.cpp","startInFirst":{"line":32,"column":0,"tokenListIndex":20},"endInFirst":{"line":36,"column":8,"tokenListIndex":25},"startInSecond":{"line":93,"column":0,"tokenListIndex":74},"endInSecond":{"line":101,"column":2,"tokenListIndex":79},"lengthOfFirst":6,"lengthOfSecond":6}],"firstSimilarity":0.16216216216216217,"secondSimilarity":0.06741573033707865}