{"firstSubmissionId":"ILAY_FATMA_YAVUZ","secondSubmissionId":"CEYDA_SENAY","similarities":{"AVG":0.11764705882352941,"MAX":0.16216216216216217,"MAXIMUM_LENGTH":66.0,"LONGEST_MATCH":6.0},"matches":[{"firstFileName":"ILAY_FATMA_YAVUZ/LinkedListQuestions.cpp","secondFileName":"CEYDA_SENAY/LinkedListQuestions.cpp","startInFirst":{"line":32,"column":0,"tokenListIndex":20},"endInFirst":{"line":36,"column":8,"tokenListIndex":25},"startInSecond":{"line":46,"column":2,"tokenListIndex":33},"endInSecond":{"line":51,"column":4,"tokenListIndex":38},"lengthOfFirst":6,"lengthOfSecond":6}],"firstSimilarity":0.16216216216216217,"secondSimilarity":0.09230769230769231}