{"firstSubmissionId":"ILAY_FATMA_YAVUZ","secondSubmissionId":"OMER_FARUK_GUCER","similarities":{"AVG":0.12631578947368421,"MAX":0.16216216216216217,"MAXIMUM_LENGTH":59.0,"LONGEST_MATCH":6.0},"matches":[{"firstFileName":"ILAY_FATMA_YAVUZ/LinkedListQuestions.cpp","secondFileName":"OMER_FARUK_GUCER/LinkedListQuestions.cpp","startInFirst":{"line":18,"column":23,"tokenListIndex":13},"endInFirst":{"line":27,"column":39,"tokenListIndex":18},"startInSecond":{"line":51,"column":3,"tokenListIndex":45},"endInSecond":{"line":60,"column":4,"tokenListIndex":50},"lengthOfFirst":6,"lengthOfSecond":6}],"firstSimilarity":0.16216216216216217,"secondSimilarity":0.10344827586206896}