{"firstSubmissionId":"ILAY_FATMA_YAVUZ","secondSubmissionId":"ISMAIL_EFE_YALCINKAYA","similarities":{"AVG":0.12244897959183673,"MAX":0.16216216216216217,"MAXIMUM_LENGTH":62.0,"LONGEST_MATCH":6.0},"matches":[{"firstFileName":"ILAY_FATMA_YAVUZ/LinkedListQuestions.cpp","secondFileName":"ISMAIL_EFE_YALCINKAYA/LinkedListQuestions.cpp","startInFirst":{"line":18,"column":23,"tokenListIndex":13},"endInFirst":{"line":27,"column":39,"tokenListIndex":18},"startInSecond":{"line":49,"column":4,"tokenListIndex":48},"endInSecond":{"line":56,"column":2,"tokenListIndex":53},"lengthOfFirst":6,"lengthOfSecond":6}],"firstSimilarity":0.16216216216216217,"secondSimilarity":0.09836065573770492}