{"firstSubmissionId":"IRMAK_ZEHRA_EMRI","secondSubmissionId":"DEMIR_OZHAN","similarities":{"AVG":0.4785276073619632,"MAX":0.527027027027027,"MAXIMUM_LENGTH":90.0,"LONGEST_MATCH":14.0},"matches":[{"firstFileName":"IRMAK_ZEHRA_EMRI/LinkedListQuestions.cpp","secondFileName":"DEMIR_OZHAN/LinkedListQuestions.cpp","startInFirst":{"line":43,"column":1,"tokenListIndex":37},"endInFirst":{"line":58,"column":3,"tokenListIndex":50},"startInSecond":{"line":46,"column":1,"tokenListIndex":37},"endInSecond":{"line":61,"column":3,"tokenListIndex":50},"lengthOfFirst":14,"lengthOfSecond":14},{"firstFileName":"IRMAK_ZEHRA_EMRI/LinkedListQuestions.cpp","secondFileName":"DEMIR_OZHAN/LinkedListQuestions.cpp","startInFirst":{"line":25,"column":3,"tokenListIndex":20},"endInFirst":{"line":34,"column":56,"tokenListIndex":29},"startInSecond":{"line":29,"column":1,"tokenListIndex":22},"endInSecond":{"line":38,"column":56,"tokenListIndex":31},"lengthOfFirst":10,"lengthOfSecond":10},{"firstFileName":"IRMAK_ZEHRA_EMRI/LinkedListQuestions.cpp","secondFileName":"DEMIR_OZHAN/LinkedListQuestions.cpp","startInFirst":{"line":9,"column":0,"tokenListIndex":0},"endInFirst":{"line":13,"column":6,"tokenListIndex":7},"startInSecond":{"line":9,"column":0,"tokenListIndex":0},"endInSecond":{"line":11,"column":6,"tokenListIndex":7},"lengthOfFirst":8,"lengthOfSecond":8},{"firstFileName":"IRMAK_ZEHRA_EMRI/LinkedListQuestions.cpp","secondFileName":"DEMIR_OZHAN/LinkedListQuestions.cpp","startInFirst":{"line":75,"column":2,"tokenListIndex":62},"endInFirst":{"line":81,"column":13,"tokenListIndex":68},"startInSecond":{"line":104,"column":2,"tokenListIndex":80},"endInSecond":{"line":111,"column":3,"tokenListIndex":86},"lengthOfFirst":7,"lengthOfSecond":7}],"firstSimilarity":0.527027027027027,"secondSimilarity":0.43820224719101125}