{"firstSubmissionId":"IRMAK_ZEHRA_EMRI","secondSubmissionId":"ERDAL_DENIZ_OZBEY","similarities":{"AVG":0.3841059602649007,"MAX":0.3918918918918919,"MAXIMUM_LENGTH":78.0,"LONGEST_MATCH":10.0},"matches":[{"firstFileName":"IRMAK_ZEHRA_EMRI/LinkedListQuestions.cpp","secondFileName":"ERDAL_DENIZ_OZBEY/LinkedListQuestions.cpp","startInFirst":{"line":25,"column":3,"tokenListIndex":20},"endInFirst":{"line":34,"column":56,"tokenListIndex":29},"startInSecond":{"line":20,"column":8,"tokenListIndex":18},"endInSecond":{"line":29,"column":56,"tokenListIndex":27},"lengthOfFirst":10,"lengthOfSecond":10},{"firstFileName":"IRMAK_ZEHRA_EMRI/LinkedListQuestions.cpp","secondFileName":"ERDAL_DENIZ_OZBEY/LinkedListQuestions.cpp","startInFirst":{"line":75,"column":2,"tokenListIndex":62},"endInFirst":{"line":81,"column":13,"tokenListIndex":68},"startInSecond":{"line":73,"column":5,"tokenListIndex":67},"endInSecond":{"line":79,"column":9,"tokenListIndex":73},"lengthOfFirst":7,"lengthOfSecond":7},{"firstFileName":"IRMAK_ZEHRA_EMRI/LinkedListQuestions.cpp","secondFileName":"ERDAL_DENIZ_OZBEY/LinkedListQuestions.cpp","startInFirst":{"line":9,"column":0,"tokenListIndex":0},"endInFirst":{"line":12,"column":9,"tokenListIndex":5},"startInSecond":{"line":9,"column":0,"tokenListIndex":0},"endInSecond":{"line":10,"column":9,"tokenListIndex":5},"lengthOfFirst":6,"lengthOfSecond":6},{"firstFileName":"IRMAK_ZEHRA_EMRI/LinkedListQuestions.cpp","secondFileName":"ERDAL_DENIZ_OZBEY/LinkedListQuestions.cpp","startInFirst":{"line":45,"column":0,"tokenListIndex":39},"endInFirst":{"line":51,"column":47,"tokenListIndex":44},"startInSecond":{"line":39,"column":1,"tokenListIndex":34},"endInSecond":{"line":45,"column":47,"tokenListIndex":39},"lengthOfFirst":6,"lengthOfSecond":6}],"firstSimilarity":0.3918918918918919,"secondSimilarity":0.37662337662337664}