{"firstSubmissionId":"IRMAK_ZEHRA_EMRI","secondSubmissionId":"EDHEM_TATAR","similarities":{"AVG":0.23225806451612904,"MAX":0.24324324324324326,"MAXIMUM_LENGTH":82.0,"LONGEST_MATCH":10.0},"matches":[{"firstFileName":"IRMAK_ZEHRA_EMRI/LinkedListQuestions.cpp","secondFileName":"EDHEM_TATAR/LinkedListQuestions.cpp","startInFirst":{"line":47,"column":0,"tokenListIndex":41},"endInFirst":{"line":58,"column":3,"tokenListIndex":50},"startInSecond":{"line":45,"column":0,"tokenListIndex":35},"endInSecond":{"line":55,"column":3,"tokenListIndex":44},"lengthOfFirst":10,"lengthOfSecond":10},{"firstFileName":"IRMAK_ZEHRA_EMRI/LinkedListQuestions.cpp","secondFileName":"EDHEM_TATAR/LinkedListQuestions.cpp","startInFirst":{"line":9,"column":0,"tokenListIndex":0},"endInFirst":{"line":13,"column":6,"tokenListIndex":7},"startInSecond":{"line":26,"column":0,"tokenListIndex":15},"endInSecond":{"line":30,"column":6,"tokenListIndex":22},"lengthOfFirst":8,"lengthOfSecond":8}],"firstSimilarity":0.24324324324324326,"secondSimilarity":0.2222222222222222}