{"firstSubmissionId":"ISMAIL_EFE_YALCINKAYA","secondSubmissionId":"CEYDA_SENAY","similarities":{"AVG":0.5238095238095238,"MAX":0.5409836065573771,"MAXIMUM_LENGTH":66.0,"LONGEST_MATCH":21.0},"matches":[{"firstFileName":"ISMAIL_EFE_YALCINKAYA/LinkedListQuestions.cpp","secondFileName":"CEYDA_SENAY/LinkedListQuestions.cpp","startInFirst":{"line":6,"column":0,"tokenListIndex":0},"endInFirst":{"line":21,"column":56,"tokenListIndex":20},"startInSecond":{"line":9,"column":0,"tokenListIndex":0},"endInSecond":{"line":31,"column":56,"tokenListIndex":20},"lengthOfFirst":21,"lengthOfSecond":21},{"firstFileName":"ISMAIL_EFE_YALCINKAYA/LinkedListQuestions.cpp","secondFileName":"CEYDA_SENAY/LinkedListQuestions.cpp","startInFirst":{"line":22,"column":2,"tokenListIndex":21},"endInFirst":{"line":34,"column":26,"tokenListIndex":32},"startInSecond":{"line":35,"column":4,"tokenListIndex":24},"endInSecond":{"line":48,"column":28,"tokenListIndex":35},"lengthOfFirst":12,"lengthOfSecond":12}],"firstSimilarity":0.5409836065573771,"secondSimilarity":0.5076923076923077}