{"firstSubmissionId":"ISMAIL_EFE_YALCINKAYA","secondSubmissionId":"EMRE_ERGUL","similarities":{"AVG":0.4888888888888889,"MAX":0.5409836065573771,"MAXIMUM_LENGTH":75.0,"LONGEST_MATCH":18.0},"matches":[{"firstFileName":"ISMAIL_EFE_YALCINKAYA/LinkedListQuestions.cpp","secondFileName":"EMRE_ERGUL/LinkedListQuestions.cpp","startInFirst":{"line":18,"column":0,"tokenListIndex":16},"endInFirst":{"line":34,"column":47,"tokenListIndex":33},"startInSecond":{"line":23,"column":0,"tokenListIndex":19},"endInSecond":{"line":41,"column":47,"tokenListIndex":36},"lengthOfFirst":18,"lengthOfSecond":18},{"firstFileName":"ISMAIL_EFE_YALCINKAYA/LinkedListQuestions.cpp","secondFileName":"EMRE_ERGUL/LinkedListQuestions.cpp","startInFirst":{"line":6,"column":0,"tokenListIndex":0},"endInFirst":{"line":9,"column":2,"tokenListIndex":8},"startInSecond":{"line":9,"column":0,"tokenListIndex":0},"endInSecond":{"line":12,"column":1,"tokenListIndex":8},"lengthOfFirst":9,"lengthOfSecond":9},{"firstFileName":"ISMAIL_EFE_YALCINKAYA/LinkedListQuestions.cpp","secondFileName":"EMRE_ERGUL/LinkedListQuestions.cpp","startInFirst":{"line":50,"column":2,"tokenListIndex":49},"endInFirst":{"line":56,"column":7,"tokenListIndex":54},"startInSecond":{"line":50,"column":1,"tokenListIndex":43},"endInSecond":{"line":56,"column":10,"tokenListIndex":48},"lengthOfFirst":6,"lengthOfSecond":6}],"firstSimilarity":0.5409836065573771,"secondSimilarity":0.44594594594594594}