{"firstSubmissionId":"ISMAIL_EFE_YALCINKAYA","secondSubmissionId":"MERTCAN_ARSLAN","similarities":{"AVG":0.3007518796992481,"MAX":0.32786885245901637,"MAXIMUM_LENGTH":73.0,"LONGEST_MATCH":7.0},"matches":[{"firstFileName":"ISMAIL_EFE_YALCINKAYA/LinkedListQuestions.cpp","secondFileName":"MERTCAN_ARSLAN/LinkedListQuestions.cpp","startInFirst":{"line":18,"column":0,"tokenListIndex":16},"endInFirst":{"line":22,"column":7,"tokenListIndex":22},"startInSecond":{"line":22,"column":0,"tokenListIndex":15},"endInSecond":{"line":27,"column":8,"tokenListIndex":21},"lengthOfFirst":7,"lengthOfSecond":7},{"firstFileName":"ISMAIL_EFE_YALCINKAYA/LinkedListQuestions.cpp","secondFileName":"MERTCAN_ARSLAN/LinkedListQuestions.cpp","startInFirst":{"line":49,"column":4,"tokenListIndex":48},"endInFirst":{"line":56,"column":7,"tokenListIndex":54},"startInSecond":{"line":61,"column":4,"tokenListIndex":56},"endInSecond":{"line":71,"column":8,"tokenListIndex":62},"lengthOfFirst":7,"lengthOfSecond":7},{"firstFileName":"ISMAIL_EFE_YALCINKAYA/LinkedListQuestions.cpp","secondFileName":"MERTCAN_ARSLAN/LinkedListQuestions.cpp","startInFirst":{"line":6,"column":43,"tokenListIndex":2},"endInFirst":{"line":8,"column":9,"tokenListIndex":7},"startInSecond":{"line":43,"column":26,"tokenListIndex":36},"endInSecond":{"line":46,"column":10,"tokenListIndex":41},"lengthOfFirst":6,"lengthOfSecond":6}],"firstSimilarity":0.32786885245901637,"secondSimilarity":0.2777777777777778}