{"firstSubmissionId":"ISMAIL_EFE_YALCINKAYA","secondSubmissionId":"ALGUHAN_KURULAR","similarities":{"AVG":0.375,"MAX":0.39344262295081966,"MAXIMUM_LENGTH":68.0,"LONGEST_MATCH":10.0},"matches":[{"firstFileName":"ISMAIL_EFE_YALCINKAYA/LinkedListQuestions.cpp","secondFileName":"ALGUHAN_KURULAR/LinkedListQuestions.cpp","startInFirst":{"line":18,"column":0,"tokenListIndex":16},"endInFirst":{"line":26,"column":6,"tokenListIndex":25},"startInSecond":{"line":23,"column":0,"tokenListIndex":20},"endInSecond":{"line":32,"column":4,"tokenListIndex":29},"lengthOfFirst":10,"lengthOfSecond":10},{"firstFileName":"ISMAIL_EFE_YALCINKAYA/LinkedListQuestions.cpp","secondFileName":"ALGUHAN_KURULAR/LinkedListQuestions.cpp","startInFirst":{"line":6,"column":43,"tokenListIndex":2},"endInFirst":{"line":10,"column":4,"tokenListIndex":9},"startInSecond":{"line":42,"column":26,"tokenListIndex":37},"endInSecond":{"line":50,"column":3,"tokenListIndex":44},"lengthOfFirst":8,"lengthOfSecond":8},{"firstFileName":"ISMAIL_EFE_YALCINKAYA/LinkedListQuestions.cpp","secondFileName":"ALGUHAN_KURULAR/LinkedListQuestions.cpp","startInFirst":{"line":50,"column":2,"tokenListIndex":49},"endInFirst":{"line":56,"column":7,"tokenListIndex":54},"startInSecond":{"line":68,"column":2,"tokenListIndex":54},"endInSecond":{"line":78,"column":9,"tokenListIndex":59},"lengthOfFirst":6,"lengthOfSecond":6}],"firstSimilarity":0.39344262295081966,"secondSimilarity":0.3582089552238806}