{"firstSubmissionId":"ISMAIL_EFE_YALCINKAYA","secondSubmissionId":"YUSUF_ERDEM_ALTINSOY","similarities":{"AVG":0.5271317829457365,"MAX":0.5573770491803278,"MAXIMUM_LENGTH":69.0,"LONGEST_MATCH":13.0},"matches":[{"firstFileName":"ISMAIL_EFE_YALCINKAYA/LinkedListQuestions.cpp","secondFileName":"YUSUF_ERDEM_ALTINSOY/LinkedListQuestions.cpp","startInFirst":{"line":22,"column":2,"tokenListIndex":21},"endInFirst":{"line":34,"column":47,"tokenListIndex":33},"startInSecond":{"line":34,"column":3,"tokenListIndex":24},"endInSecond":{"line":49,"column":47,"tokenListIndex":36},"lengthOfFirst":13,"lengthOfSecond":13},{"firstFileName":"ISMAIL_EFE_YALCINKAYA/LinkedListQuestions.cpp","secondFileName":"YUSUF_ERDEM_ALTINSOY/LinkedListQuestions.cpp","startInFirst":{"line":6,"column":0,"tokenListIndex":0},"endInFirst":{"line":9,"column":2,"tokenListIndex":8},"startInSecond":{"line":9,"column":0,"tokenListIndex":0},"endInSecond":{"line":15,"column":1,"tokenListIndex":8},"lengthOfFirst":9,"lengthOfSecond":9},{"firstFileName":"ISMAIL_EFE_YALCINKAYA/LinkedListQuestions.cpp","secondFileName":"YUSUF_ERDEM_ALTINSOY/LinkedListQuestions.cpp","startInFirst":{"line":17,"column":2,"tokenListIndex":15},"endInFirst":{"line":21,"column":56,"tokenListIndex":20},"startInSecond":{"line":23,"column":1,"tokenListIndex":15},"endInSecond":{"line":28,"column":56,"tokenListIndex":20},"lengthOfFirst":6,"lengthOfSecond":6},{"firstFileName":"ISMAIL_EFE_YALCINKAYA/LinkedListQuestions.cpp","secondFileName":"YUSUF_ERDEM_ALTINSOY/LinkedListQuestions.cpp","startInFirst":{"line":50,"column":2,"tokenListIndex":49},"endInFirst":{"line":56,"column":7,"tokenListIndex":54},"startInSecond":{"line":61,"column":1,"tokenListIndex":49},"endInSecond":{"line":69,"column":6,"tokenListIndex":54},"lengthOfFirst":6,"lengthOfSecond":6}],"firstSimilarity":0.5573770491803278,"secondSimilarity":0.5}