{"firstSubmissionId":"ISMAIL_EFE_YALCINKAYA","secondSubmissionId":"ERDAL_DENIZ_OZBEY","similarities":{"AVG":0.6666666666666666,"MAX":0.7540983606557377,"MAXIMUM_LENGTH":78.0,"LONGEST_MATCH":19.0},"matches":[{"firstFileName":"ISMAIL_EFE_YALCINKAYA/LinkedListQuestions.cpp","secondFileName":"ERDAL_DENIZ_OZBEY/LinkedListQuestions.cpp","startInFirst":{"line":35,"column":2,"tokenListIndex":34},"endInFirst":{"line":54,"column":20,"tokenListIndex":52},"startInSecond":{"line":49,"column":4,"tokenListIndex":43},"endInSecond":{"line":67,"column":20,"tokenListIndex":61},"lengthOfFirst":19,"lengthOfSecond":19},{"firstFileName":"ISMAIL_EFE_YALCINKAYA/LinkedListQuestions.cpp","secondFileName":"ERDAL_DENIZ_OZBEY/LinkedListQuestions.cpp","startInFirst":{"line":8,"column":2,"tokenListIndex":6},"endInFirst":{"line":21,"column":56,"tokenListIndex":20},"startInSecond":{"line":15,"column":4,"tokenListIndex":13},"endInSecond":{"line":29,"column":56,"tokenListIndex":27},"lengthOfFirst":15,"lengthOfSecond":15},{"firstFileName":"ISMAIL_EFE_YALCINKAYA/LinkedListQuestions.cpp","secondFileName":"ERDAL_DENIZ_OZBEY/LinkedListQuestions.cpp","startInFirst":{"line":6,"column":0,"tokenListIndex":0},"endInFirst":{"line":7,"column":7,"tokenListIndex":5},"startInSecond":{"line":9,"column":0,"tokenListIndex":0},"endInSecond":{"line":10,"column":9,"tokenListIndex":5},"lengthOfFirst":6,"lengthOfSecond":6},{"firstFileName":"ISMAIL_EFE_YALCINKAYA/LinkedListQuestions.cpp","secondFileName":"ERDAL_DENIZ_OZBEY/LinkedListQuestions.cpp","startInFirst":{"line":29,"column":2,"tokenListIndex":28},"endInFirst":{"line":34,"column":47,"tokenListIndex":33},"startInSecond":{"line":39,"column":1,"tokenListIndex":34},"endInSecond":{"line":45,"column":47,"tokenListIndex":39},"lengthOfFirst":6,"lengthOfSecond":6}],"firstSimilarity":0.7540983606557377,"secondSimilarity":0.5974025974025974}