{"firstSubmissionId":"ISMAIL_EFE_YALCINKAYA","secondSubmissionId":"SUDE_ATANSAY","similarities":{"AVG":0.8031496062992126,"MAX":0.8360655737704918,"MAXIMUM_LENGTH":67.0,"LONGEST_MATCH":34.0},"matches":[{"firstFileName":"ISMAIL_EFE_YALCINKAYA/LinkedListQuestions.cpp","secondFileName":"SUDE_ATANSAY/LinkedListQuestions.cpp","startInFirst":{"line":7,"column":2,"tokenListIndex":4},"endInFirst":{"line":37,"column":14,"tokenListIndex":37},"startInSecond":{"line":12,"column":2,"tokenListIndex":7},"endInSecond":{"line":48,"column":14,"tokenListIndex":40},"lengthOfFirst":34,"lengthOfSecond":34},{"firstFileName":"ISMAIL_EFE_YALCINKAYA/LinkedListQuestions.cpp","secondFileName":"SUDE_ATANSAY/LinkedListQuestions.cpp","startInFirst":{"line":39,"column":2,"tokenListIndex":38},"endInFirst":{"line":56,"column":7,"tokenListIndex":54},"startInSecond":{"line":51,"column":3,"tokenListIndex":42},"endInSecond":{"line":72,"column":11,"tokenListIndex":58},"lengthOfFirst":17,"lengthOfSecond":17}],"firstSimilarity":0.8360655737704918,"secondSimilarity":0.7727272727272727}