{"firstSubmissionId":"ISMAIL_EFE_YALCINKAYA","secondSubmissionId":"SERHAT_YUNUSEMRE_KALPAKLI","similarities":{"AVG":0.3458646616541353,"MAX":0.3770491803278688,"MAXIMUM_LENGTH":73.0,"LONGEST_MATCH":8.0},"matches":[{"firstFileName":"ISMAIL_EFE_YALCINKAYA/LinkedListQuestions.cpp","secondFileName":"SERHAT_YUNUSEMRE_KALPAKLI/LinkedListQuestions.cpp","startInFirst":{"line":6,"column":43,"tokenListIndex":2},"endInFirst":{"line":10,"column":4,"tokenListIndex":9},"startInSecond":{"line":45,"column":26,"tokenListIndex":33},"endInSecond":{"line":49,"column":3,"tokenListIndex":40},"lengthOfFirst":8,"lengthOfSecond":8},{"firstFileName":"ISMAIL_EFE_YALCINKAYA/LinkedListQuestions.cpp","secondFileName":"SERHAT_YUNUSEMRE_KALPAKLI/LinkedListQuestions.cpp","startInFirst":{"line":48,"column":6,"tokenListIndex":47},"endInFirst":{"line":56,"column":7,"tokenListIndex":54},"startInSecond":{"line":67,"column":2,"tokenListIndex":55},"endInSecond":{"line":76,"column":9,"tokenListIndex":62},"lengthOfFirst":8,"lengthOfSecond":8},{"firstFileName":"ISMAIL_EFE_YALCINKAYA/LinkedListQuestions.cpp","secondFileName":"SERHAT_YUNUSEMRE_KALPAKLI/LinkedListQuestions.cpp","startInFirst":{"line":18,"column":0,"tokenListIndex":16},"endInFirst":{"line":22,"column":7,"tokenListIndex":22},"startInSecond":{"line":22,"column":0,"tokenListIndex":16},"endInSecond":{"line":27,"column":8,"tokenListIndex":22},"lengthOfFirst":7,"lengthOfSecond":7}],"firstSimilarity":0.3770491803278688,"secondSimilarity":0.3194444444444444}