{"firstSubmissionId":"ISMAIL_EFE_YALCINKAYA","secondSubmissionId":"DEMIR_OZHAN","similarities":{"AVG":0.5066666666666667,"MAX":0.6229508196721312,"MAXIMUM_LENGTH":90.0,"LONGEST_MATCH":24.0},"matches":[{"firstFileName":"ISMAIL_EFE_YALCINKAYA/LinkedListQuestions.cpp","secondFileName":"DEMIR_OZHAN/LinkedListQuestions.cpp","startInFirst":{"line":12,"column":6,"tokenListIndex":10},"endInFirst":{"line":34,"column":47,"tokenListIndex":33},"startInSecond":{"line":28,"column":4,"tokenListIndex":21},"endInSecond":{"line":55,"column":47,"tokenListIndex":44},"lengthOfFirst":24,"lengthOfSecond":24},{"firstFileName":"ISMAIL_EFE_YALCINKAYA/LinkedListQuestions.cpp","secondFileName":"DEMIR_OZHAN/LinkedListQuestions.cpp","startInFirst":{"line":6,"column":0,"tokenListIndex":0},"endInFirst":{"line":8,"column":9,"tokenListIndex":7},"startInSecond":{"line":9,"column":0,"tokenListIndex":0},"endInSecond":{"line":11,"column":6,"tokenListIndex":7},"lengthOfFirst":8,"lengthOfSecond":8},{"firstFileName":"ISMAIL_EFE_YALCINKAYA/LinkedListQuestions.cpp","secondFileName":"DEMIR_OZHAN/LinkedListQuestions.cpp","startInFirst":{"line":48,"column":6,"tokenListIndex":47},"endInFirst":{"line":54,"column":20,"tokenListIndex":52},"startInSecond":{"line":90,"column":2,"tokenListIndex":71},"endInSecond":{"line":97,"column":20,"tokenListIndex":76},"lengthOfFirst":6,"lengthOfSecond":6}],"firstSimilarity":0.6229508196721312,"secondSimilarity":0.42696629213483145}