{"firstSubmissionId":"ISMAIL_EFE_YALCINKAYA","secondSubmissionId":"EDHEM_TATAR","similarities":{"AVG":0.23943661971830985,"MAX":0.2786885245901639,"MAXIMUM_LENGTH":82.0,"LONGEST_MATCH":10.0},"matches":[{"firstFileName":"ISMAIL_EFE_YALCINKAYA/LinkedListQuestions.cpp","secondFileName":"EDHEM_TATAR/LinkedListQuestions.cpp","startInFirst":{"line":6,"column":0,"tokenListIndex":0},"endInFirst":{"line":10,"column":4,"tokenListIndex":9},"startInSecond":{"line":26,"column":0,"tokenListIndex":15},"endInSecond":{"line":33,"column":3,"tokenListIndex":24},"lengthOfFirst":10,"lengthOfSecond":10},{"firstFileName":"ISMAIL_EFE_YALCINKAYA/LinkedListQuestions.cpp","secondFileName":"EDHEM_TATAR/LinkedListQuestions.cpp","startInFirst":{"line":41,"column":2,"tokenListIndex":39},"endInFirst":{"line":45,"column":20,"tokenListIndex":45},"startInSecond":{"line":52,"column":2,"tokenListIndex":41},"endInSecond":{"line":62,"column":4,"tokenListIndex":47},"lengthOfFirst":7,"lengthOfSecond":7}],"firstSimilarity":0.2786885245901639,"secondSimilarity":0.20987654320987653}