{"firstSubmissionId":"ISMAIL_EFE_YALCINKAYA","secondSubmissionId":"IRMAK_ZEHRA_EMRI","similarities":{"AVG":0.3851851851851852,"MAX":0.4262295081967213,"MAXIMUM_LENGTH":75.0,"LONGEST_MATCH":10.0},"matches":[{"firstFileName":"ISMAIL_EFE_YALCINKAYA/LinkedListQuestions.cpp","secondFileName":"IRMAK_ZEHRA_EMRI/LinkedListQuestions.cpp","startInFirst":{"line":13,"column":4,"tokenListIndex":11},"endInFirst":{"line":21,"column":56,"tokenListIndex":20},"startInSecond":{"line":25,"column":3,"tokenListIndex":20},"endInSecond":{"line":34,"column":56,"tokenListIndex":29},"lengthOfFirst":10,"lengthOfSecond":10},{"firstFileName":"ISMAIL_EFE_YALCINKAYA/LinkedListQuestions.cpp","secondFileName":"IRMAK_ZEHRA_EMRI/LinkedListQuestions.cpp","startInFirst":{"line":6,"column":0,"tokenListIndex":0},"endInFirst":{"line":8,"column":9,"tokenListIndex":7},"startInSecond":{"line":9,"column":0,"tokenListIndex":0},"endInSecond":{"line":13,"column":6,"tokenListIndex":7},"lengthOfFirst":8,"lengthOfSecond":8},{"firstFileName":"ISMAIL_EFE_YALCINKAYA/LinkedListQuestions.cpp","secondFileName":"IRMAK_ZEHRA_EMRI/LinkedListQuestions.cpp","startInFirst":{"line":27,"column":4,"tokenListIndex":26},"endInFirst":{"line":34,"column":47,"tokenListIndex":33},"startInSecond":{"line":43,"column":1,"tokenListIndex":37},"endInSecond":{"line":51,"column":47,"tokenListIndex":44},"lengthOfFirst":8,"lengthOfSecond":8}],"firstSimilarity":0.4262295081967213,"secondSimilarity":0.35135135135135137}