{"firstSubmissionId":"MERTCAN_ARSLAN","secondSubmissionId":"SERHAT_YUNUSEMRE_KALPAKLI","similarities":{"AVG":0.5416666666666666,"MAX":0.5416666666666666,"MAXIMUM_LENGTH":73.0,"LONGEST_MATCH":9.0},"matches":[{"firstFileName":"MERTCAN_ARSLAN/LinkedListQuestions.cpp","secondFileName":"SERHAT_YUNUSEMRE_KALPAKLI/LinkedListQuestions.cpp","startInFirst":{"line":20,"column":3,"tokenListIndex":13},"endInFirst":{"line":27,"column":8,"tokenListIndex":21},"startInSecond":{"line":20,"column":1,"tokenListIndex":14},"endInSecond":{"line":27,"column":8,"tokenListIndex":22},"lengthOfFirst":9,"lengthOfSecond":9},{"firstFileName":"MERTCAN_ARSLAN/LinkedListQuestions.cpp","secondFileName":"SERHAT_YUNUSEMRE_KALPAKLI/LinkedListQuestions.cpp","startInFirst":{"line":38,"column":3,"tokenListIndex":33},"endInFirst":{"line":46,"column":10,"tokenListIndex":41},"startInSecond":{"line":39,"column":3,"tokenListIndex":30},"endInSecond":{"line":47,"column":8,"tokenListIndex":38},"lengthOfFirst":9,"lengthOfSecond":9},{"firstFileName":"MERTCAN_ARSLAN/LinkedListQuestions.cpp","secondFileName":"SERHAT_YUNUSEMRE_KALPAKLI/LinkedListQuestions.cpp","startInFirst":{"line":61,"column":4,"tokenListIndex":56},"endInFirst":{"line":72,"column":8,"tokenListIndex":64},"startInSecond":{"line":68,"column":1,"tokenListIndex":56},"endInSecond":{"line":77,"column":9,"tokenListIndex":64},"lengthOfFirst":9,"lengthOfSecond":9},{"firstFileName":"MERTCAN_ARSLAN/LinkedListQuestions.cpp","secondFileName":"SERHAT_YUNUSEMRE_KALPAKLI/LinkedListQuestions.cpp","startInFirst":{"line":9,"column":0,"tokenListIndex":0},"endInFirst":{"line":10,"column":13,"tokenListIndex":5},"startInSecond":{"line":9,"column":0,"tokenListIndex":0},"endInSecond":{"line":11,"column":5,"tokenListIndex":5},"lengthOfFirst":6,"lengthOfSecond":6},{"firstFileName":"MERTCAN_ARSLAN/LinkedListQuestions.cpp","secondFileName":"SERHAT_YUNUSEMRE_KALPAKLI/LinkedListQuestions.cpp","startInFirst":{"line":74,"column":1,"tokenListIndex":66},"endInFirst":{"line":87,"column":0,"tokenListIndex":71},"startInSecond":{"line":78,"column":9,"tokenListIndex":66},"endInSecond":{"line":90,"column":0,"tokenListIndex":71},"lengthOfFirst":6,"lengthOfSecond":6}],"firstSimilarity":0.5416666666666666,"secondSimilarity":0.5416666666666666}