{"firstSubmissionId":"MERTCAN_ARSLAN","secondSubmissionId":"IRMAK_ZEHRA_EMRI","similarities":{"AVG":0.3013698630136986,"MAX":0.3055555555555556,"MAXIMUM_LENGTH":75.0,"LONGEST_MATCH":9.0},"matches":[{"firstFileName":"MERTCAN_ARSLAN/LinkedListQuestions.cpp","secondFileName":"IRMAK_ZEHRA_EMRI/LinkedListQuestions.cpp","startInFirst":{"line":38,"column":3,"tokenListIndex":33},"endInFirst":{"line":46,"column":10,"tokenListIndex":41},"startInSecond":{"line":46,"column":0,"tokenListIndex":40},"endInSecond":{"line":55,"column":9,"tokenListIndex":48},"lengthOfFirst":9,"lengthOfSecond":9},{"firstFileName":"MERTCAN_ARSLAN/LinkedListQuestions.cpp","secondFileName":"IRMAK_ZEHRA_EMRI/LinkedListQuestions.cpp","startInFirst":{"line":65,"column":0,"tokenListIndex":58},"endInFirst":{"line":72,"column":8,"tokenListIndex":64},"startInSecond":{"line":67,"column":0,"tokenListIndex":57},"endInSecond":{"line":75,"column":9,"tokenListIndex":63},"lengthOfFirst":7,"lengthOfSecond":7},{"firstFileName":"MERTCAN_ARSLAN/LinkedListQuestions.cpp","secondFileName":"IRMAK_ZEHRA_EMRI/LinkedListQuestions.cpp","startInFirst":{"line":26,"column":0,"tokenListIndex":16},"endInFirst":{"line":27,"column":8,"tokenListIndex":21},"startInSecond":{"line":9,"column":0,"tokenListIndex":0},"endInSecond":{"line":12,"column":9,"tokenListIndex":5},"lengthOfFirst":6,"lengthOfSecond":6}],"firstSimilarity":0.3055555555555556,"secondSimilarity":0.2972972972972973}