{"firstSubmissionId":"MERTCAN_ARSLAN","secondSubmissionId":"EMRE_ERGUL","similarities":{"AVG":0.3287671232876712,"MAX":0.3333333333333333,"MAXIMUM_LENGTH":75.0,"LONGEST_MATCH":9.0},"matches":[{"firstFileName":"MERTCAN_ARSLAN/LinkedListQuestions.cpp","secondFileName":"EMRE_ERGUL/LinkedListQuestions.cpp","startInFirst":{"line":20,"column":3,"tokenListIndex":13},"endInFirst":{"line":27,"column":8,"tokenListIndex":21},"startInSecond":{"line":21,"column":2,"tokenListIndex":17},"endInSecond":{"line":28,"column":8,"tokenListIndex":25},"lengthOfFirst":9,"lengthOfSecond":9},{"firstFileName":"MERTCAN_ARSLAN/LinkedListQuestions.cpp","secondFileName":"EMRE_ERGUL/LinkedListQuestions.cpp","startInFirst":{"line":64,"column":3,"tokenListIndex":57},"endInFirst":{"line":72,"column":8,"tokenListIndex":64},"startInSecond":{"line":50,"column":1,"tokenListIndex":43},"endInSecond":{"line":57,"column":5,"tokenListIndex":50},"lengthOfFirst":8,"lengthOfSecond":8},{"firstFileName":"MERTCAN_ARSLAN/LinkedListQuestions.cpp","secondFileName":"EMRE_ERGUL/LinkedListQuestions.cpp","startInFirst":{"line":38,"column":3,"tokenListIndex":33},"endInFirst":{"line":44,"column":10,"tokenListIndex":39},"startInSecond":{"line":36,"column":1,"tokenListIndex":32},"endInSecond":{"line":42,"column":8,"tokenListIndex":38},"lengthOfFirst":7,"lengthOfSecond":7}],"firstSimilarity":0.3333333333333333,"secondSimilarity":0.32432432432432434}