{"firstSubmissionId":"MERTCAN_ARSLAN","secondSubmissionId":"ERDAL_DENIZ_OZBEY","similarities":{"AVG":0.174496644295302,"MAX":0.18055555555555555,"MAXIMUM_LENGTH":78.0,"LONGEST_MATCH":7.0},"matches":[{"firstFileName":"MERTCAN_ARSLAN/LinkedListQuestions.cpp","secondFileName":"ERDAL_DENIZ_OZBEY/LinkedListQuestions.cpp","startInFirst":{"line":38,"column":3,"tokenListIndex":33},"endInFirst":{"line":44,"column":10,"tokenListIndex":39},"startInSecond":{"line":24,"column":4,"tokenListIndex":22},"endInSecond":{"line":30,"column":31,"tokenListIndex":28},"lengthOfFirst":7,"lengthOfSecond":7},{"firstFileName":"MERTCAN_ARSLAN/LinkedListQuestions.cpp","secondFileName":"ERDAL_DENIZ_OZBEY/LinkedListQuestions.cpp","startInFirst":{"line":26,"column":0,"tokenListIndex":16},"endInFirst":{"line":27,"column":8,"tokenListIndex":21},"startInSecond":{"line":9,"column":0,"tokenListIndex":0},"endInSecond":{"line":10,"column":9,"tokenListIndex":5},"lengthOfFirst":6,"lengthOfSecond":6}],"firstSimilarity":0.18055555555555555,"secondSimilarity":0.16883116883116883}