{"firstSubmissionId":"MERTCAN_ARSLAN","secondSubmissionId":"EDHEM_TATAR","similarities":{"AVG":0.39215686274509803,"MAX":0.4166666666666667,"MAXIMUM_LENGTH":82.0,"LONGEST_MATCH":8.0},"matches":[{"firstFileName":"MERTCAN_ARSLAN/LinkedListQuestions.cpp","secondFileName":"EDHEM_TATAR/LinkedListQuestions.cpp","startInFirst":{"line":39,"column":0,"tokenListIndex":34},"endInFirst":{"line":46,"column":10,"tokenListIndex":41},"startInSecond":{"line":45,"column":0,"tokenListIndex":35},"endInSecond":{"line":52,"column":6,"tokenListIndex":42},"lengthOfFirst":8,"lengthOfSecond":8},{"firstFileName":"MERTCAN_ARSLAN/LinkedListQuestions.cpp","secondFileName":"EDHEM_TATAR/LinkedListQuestions.cpp","startInFirst":{"line":57,"column":17,"tokenListIndex":53},"endInFirst":{"line":69,"column":20,"tokenListIndex":60},"startInSecond":{"line":78,"column":4,"tokenListIndex":68},"endInSecond":{"line":86,"column":20,"tokenListIndex":75},"lengthOfFirst":8,"lengthOfSecond":8},{"firstFileName":"MERTCAN_ARSLAN/LinkedListQuestions.cpp","secondFileName":"EDHEM_TATAR/LinkedListQuestions.cpp","startInFirst":{"line":9,"column":0,"tokenListIndex":0},"endInFirst":{"line":11,"column":4,"tokenListIndex":6},"startInSecond":{"line":9,"column":0,"tokenListIndex":0},"endInSecond":{"line":12,"column":3,"tokenListIndex":6},"lengthOfFirst":7,"lengthOfSecond":7},{"firstFileName":"MERTCAN_ARSLAN/LinkedListQuestions.cpp","secondFileName":"EDHEM_TATAR/LinkedListQuestions.cpp","startInFirst":{"line":22,"column":0,"tokenListIndex":15},"endInFirst":{"line":27,"column":8,"tokenListIndex":21},"startInSecond":{"line":22,"column":0,"tokenListIndex":14},"endInSecond":{"line":28,"column":10,"tokenListIndex":20},"lengthOfFirst":7,"lengthOfSecond":7}],"firstSimilarity":0.4166666666666667,"secondSimilarity":0.37037037037037035}