{"firstSubmissionId":"MERTCAN_ARSLAN","secondSubmissionId":"DEMIR_OZHAN","similarities":{"AVG":0.2732919254658385,"MAX":0.3055555555555556,"MAXIMUM_LENGTH":90.0,"LONGEST_MATCH":9.0},"matches":[{"firstFileName":"MERTCAN_ARSLAN/LinkedListQuestions.cpp","secondFileName":"DEMIR_OZHAN/LinkedListQuestions.cpp","startInFirst":{"line":38,"column":3,"tokenListIndex":33},"endInFirst":{"line":46,"column":10,"tokenListIndex":41},"startInSecond":{"line":50,"column":2,"tokenListIndex":40},"endInSecond":{"line":57,"column":9,"tokenListIndex":48},"lengthOfFirst":9,"lengthOfSecond":9},{"firstFileName":"MERTCAN_ARSLAN/LinkedListQuestions.cpp","secondFileName":"DEMIR_OZHAN/LinkedListQuestions.cpp","startInFirst":{"line":22,"column":0,"tokenListIndex":15},"endInFirst":{"line":27,"column":8,"tokenListIndex":21},"startInSecond":{"line":34,"column":0,"tokenListIndex":27},"endInSecond":{"line":39,"column":9,"tokenListIndex":33},"lengthOfFirst":7,"lengthOfSecond":7},{"firstFileName":"MERTCAN_ARSLAN/LinkedListQuestions.cpp","secondFileName":"DEMIR_OZHAN/LinkedListQuestions.cpp","startInFirst":{"line":74,"column":1,"tokenListIndex":66},"endInFirst":{"line":87,"column":0,"tokenListIndex":71},"startInSecond":{"line":105,"column":9,"tokenListIndex":83},"endInSecond":{"line":120,"column":0,"tokenListIndex":88},"lengthOfFirst":6,"lengthOfSecond":6}],"firstSimilarity":0.3055555555555556,"secondSimilarity":0.24719101123595505}