{"firstSubmissionId":"OMER_FARUK_GUCER","secondSubmissionId":"AHMET_ZEKI_IHTIYAROGLU","similarities":{"AVG":0.3697478991596639,"MAX":0.3793103448275862,"MAXIMUM_LENGTH":62.0,"LONGEST_MATCH":8.0},"matches":[{"firstFileName":"OMER_FARUK_GUCER/LinkedListQuestions.cpp","secondFileName":"AHMET_ZEKI_IHTIYAROGLU/LinkedListQuestions.cpp","startInFirst":{"line":9,"column":0,"tokenListIndex":0},"endInFirst":{"line":13,"column":11,"tokenListIndex":7},"startInSecond":{"line":9,"column":0,"tokenListIndex":0},"endInSecond":{"line":15,"column":8,"tokenListIndex":7},"lengthOfFirst":8,"lengthOfSecond":8},{"firstFileName":"OMER_FARUK_GUCER/LinkedListQuestions.cpp","secondFileName":"AHMET_ZEKI_IHTIYAROGLU/LinkedListQuestions.cpp","startInFirst":{"line":35,"column":0,"tokenListIndex":29},"endInFirst":{"line":42,"column":8,"tokenListIndex":36},"startInSecond":{"line":41,"column":0,"tokenListIndex":33},"endInSecond":{"line":50,"column":4,"tokenListIndex":40},"lengthOfFirst":8,"lengthOfSecond":8},{"firstFileName":"OMER_FARUK_GUCER/LinkedListQuestions.cpp","secondFileName":"AHMET_ZEKI_IHTIYAROGLU/LinkedListQuestions.cpp","startInFirst":{"line":21,"column":4,"tokenListIndex":15},"endInFirst":{"line":27,"column":56,"tokenListIndex":20},"startInSecond":{"line":27,"column":1,"tokenListIndex":20},"endInSecond":{"line":32,"column":56,"tokenListIndex":25},"lengthOfFirst":6,"lengthOfSecond":6}],"firstSimilarity":0.3793103448275862,"secondSimilarity":0.36065573770491804}