{"firstSubmissionId":"OMER_FARUK_GUCER","secondSubmissionId":"ALP_DIKMEN","similarities":{"AVG":0.42735042735042733,"MAX":0.43103448275862066,"MAXIMUM_LENGTH":60.0,"LONGEST_MATCH":7.0},"matches":[{"firstFileName":"OMER_FARUK_GUCER/LinkedListQuestions.cpp","secondFileName":"ALP_DIKMEN/LinkedListQuestions.cpp","startInFirst":{"line":33,"column":4,"tokenListIndex":27},"endInFirst":{"line":40,"column":4,"tokenListIndex":33},"startInSecond":{"line":20,"column":4,"tokenListIndex":10},"endInSecond":{"line":30,"column":56,"tokenListIndex":16},"lengthOfFirst":7,"lengthOfSecond":7},{"firstFileName":"OMER_FARUK_GUCER/LinkedListQuestions.cpp","secondFileName":"ALP_DIKMEN/LinkedListQuestions.cpp","startInFirst":{"line":9,"column":0,"tokenListIndex":0},"endInFirst":{"line":12,"column":11,"tokenListIndex":5},"startInSecond":{"line":9,"column":0,"tokenListIndex":0},"endInSecond":{"line":13,"column":11,"tokenListIndex":5},"lengthOfFirst":6,"lengthOfSecond":6},{"firstFileName":"OMER_FARUK_GUCER/LinkedListQuestions.cpp","secondFileName":"ALP_DIKMEN/LinkedListQuestions.cpp","startInFirst":{"line":21,"column":4,"tokenListIndex":15},"endInFirst":{"line":27,"column":56,"tokenListIndex":20},"startInSecond":{"line":44,"column":1,"tokenListIndex":25},"endInSecond":{"line":52,"column":2,"tokenListIndex":30},"lengthOfFirst":6,"lengthOfSecond":6},{"firstFileName":"OMER_FARUK_GUCER/LinkedListQuestions.cpp","secondFileName":"ALP_DIKMEN/LinkedListQuestions.cpp","startInFirst":{"line":48,"column":12,"tokenListIndex":44},"endInFirst":{"line":58,"column":20,"tokenListIndex":49},"startInSecond":{"line":84,"column":3,"tokenListIndex":50},"endInSecond":{"line":93,"column":20,"tokenListIndex":55},"lengthOfFirst":6,"lengthOfSecond":6}],"firstSimilarity":0.43103448275862066,"secondSimilarity":0.423728813559322}