{"firstSubmissionId":"OMER_FARUK_GUCER","secondSubmissionId":"MERTCAN_ARSLAN","similarities":{"AVG":0.3384615384615385,"MAX":0.3793103448275862,"MAXIMUM_LENGTH":73.0,"LONGEST_MATCH":9.0},"matches":[{"firstFileName":"OMER_FARUK_GUCER/LinkedListQuestions.cpp","secondFileName":"MERTCAN_ARSLAN/LinkedListQuestions.cpp","startInFirst":{"line":32,"column":8,"tokenListIndex":26},"endInFirst":{"line":40,"column":11,"tokenListIndex":34},"startInSecond":{"line":35,"column":5,"tokenListIndex":31},"endInSecond":{"line":44,"column":10,"tokenListIndex":39},"lengthOfFirst":9,"lengthOfSecond":9},{"firstFileName":"OMER_FARUK_GUCER/LinkedListQuestions.cpp","secondFileName":"MERTCAN_ARSLAN/LinkedListQuestions.cpp","startInFirst":{"line":51,"column":3,"tokenListIndex":45},"endInFirst":{"line":60,"column":11,"tokenListIndex":51},"startInSecond":{"line":61,"column":4,"tokenListIndex":56},"endInSecond":{"line":71,"column":8,"tokenListIndex":62},"lengthOfFirst":7,"lengthOfSecond":7},{"firstFileName":"OMER_FARUK_GUCER/LinkedListQuestions.cpp","secondFileName":"MERTCAN_ARSLAN/LinkedListQuestions.cpp","startInFirst":{"line":9,"column":0,"tokenListIndex":0},"endInFirst":{"line":12,"column":11,"tokenListIndex":5},"startInSecond":{"line":26,"column":0,"tokenListIndex":16},"endInSecond":{"line":27,"column":8,"tokenListIndex":21},"lengthOfFirst":6,"lengthOfSecond":6}],"firstSimilarity":0.3793103448275862,"secondSimilarity":0.3055555555555556}