{"firstSubmissionId":"OMER_FARUK_GUCER","secondSubmissionId":"DEMIR_OZHAN","similarities":{"AVG":0.3673469387755102,"MAX":0.46551724137931033,"MAXIMUM_LENGTH":90.0,"LONGEST_MATCH":8.0},"matches":[{"firstFileName":"OMER_FARUK_GUCER/LinkedListQuestions.cpp","secondFileName":"DEMIR_OZHAN/LinkedListQuestions.cpp","startInFirst":{"line":9,"column":0,"tokenListIndex":0},"endInFirst":{"line":13,"column":11,"tokenListIndex":7},"startInSecond":{"line":9,"column":0,"tokenListIndex":0},"endInSecond":{"line":11,"column":6,"tokenListIndex":7},"lengthOfFirst":8,"lengthOfSecond":8},{"firstFileName":"OMER_FARUK_GUCER/LinkedListQuestions.cpp","secondFileName":"DEMIR_OZHAN/LinkedListQuestions.cpp","startInFirst":{"line":34,"column":4,"tokenListIndex":28},"endInFirst":{"line":40,"column":11,"tokenListIndex":34},"startInSecond":{"line":50,"column":2,"tokenListIndex":40},"endInSecond":{"line":56,"column":9,"tokenListIndex":46},"lengthOfFirst":7,"lengthOfSecond":7},{"firstFileName":"OMER_FARUK_GUCER/LinkedListQuestions.cpp","secondFileName":"DEMIR_OZHAN/LinkedListQuestions.cpp","startInFirst":{"line":21,"column":4,"tokenListIndex":15},"endInFirst":{"line":27,"column":56,"tokenListIndex":20},"startInSecond":{"line":33,"column":2,"tokenListIndex":26},"endInSecond":{"line":38,"column":56,"tokenListIndex":31},"lengthOfFirst":6,"lengthOfSecond":6},{"firstFileName":"OMER_FARUK_GUCER/LinkedListQuestions.cpp","secondFileName":"DEMIR_OZHAN/LinkedListQuestions.cpp","startInFirst":{"line":48,"column":12,"tokenListIndex":44},"endInFirst":{"line":58,"column":20,"tokenListIndex":49},"startInSecond":{"line":90,"column":2,"tokenListIndex":71},"endInSecond":{"line":97,"column":20,"tokenListIndex":76},"lengthOfFirst":6,"lengthOfSecond":6}],"firstSimilarity":0.46551724137931033,"secondSimilarity":0.30337078651685395}