{"firstSubmissionId":"OMER_FARUK_GUCER","secondSubmissionId":"YUSUF_ERDEM_ALTINSOY","similarities":{"AVG":0.5396825396825397,"MAX":0.5862068965517241,"MAXIMUM_LENGTH":69.0,"LONGEST_MATCH":21.0},"matches":[{"firstFileName":"OMER_FARUK_GUCER/LinkedListQuestions.cpp","secondFileName":"YUSUF_ERDEM_ALTINSOY/LinkedListQuestions.cpp","startInFirst":{"line":9,"column":0,"tokenListIndex":0},"endInFirst":{"line":27,"column":56,"tokenListIndex":20},"startInSecond":{"line":9,"column":0,"tokenListIndex":0},"endInSecond":{"line":28,"column":56,"tokenListIndex":20},"lengthOfFirst":21,"lengthOfSecond":21},{"firstFileName":"OMER_FARUK_GUCER/LinkedListQuestions.cpp","secondFileName":"YUSUF_ERDEM_ALTINSOY/LinkedListQuestions.cpp","startInFirst":{"line":34,"column":4,"tokenListIndex":28},"endInFirst":{"line":40,"column":11,"tokenListIndex":34},"startInSecond":{"line":43,"column":3,"tokenListIndex":32},"endInSecond":{"line":50,"column":6,"tokenListIndex":38},"lengthOfFirst":7,"lengthOfSecond":7},{"firstFileName":"OMER_FARUK_GUCER/LinkedListQuestions.cpp","secondFileName":"YUSUF_ERDEM_ALTINSOY/LinkedListQuestions.cpp","startInFirst":{"line":52,"column":1,"tokenListIndex":46},"endInFirst":{"line":60,"column":11,"tokenListIndex":51},"startInSecond":{"line":61,"column":1,"tokenListIndex":49},"endInSecond":{"line":69,"column":6,"tokenListIndex":54},"lengthOfFirst":6,"lengthOfSecond":6}],"firstSimilarity":0.5862068965517241,"secondSimilarity":0.5}