{"firstSubmissionId":"OMER_FARUK_GUCER","secondSubmissionId":"SERHAT_YUNUSEMRE_KALPAKLI","similarities":{"AVG":0.36923076923076925,"MAX":0.41379310344827586,"MAXIMUM_LENGTH":73.0,"LONGEST_MATCH":8.0},"matches":[{"firstFileName":"OMER_FARUK_GUCER/LinkedListQuestions.cpp","secondFileName":"SERHAT_YUNUSEMRE_KALPAKLI/LinkedListQuestions.cpp","startInFirst":{"line":12,"column":4,"tokenListIndex":4},"endInFirst":{"line":17,"column":4,"tokenListIndex":11},"startInSecond":{"line":77,"column":2,"tokenListIndex":63},"endInSecond":{"line":85,"column":0,"tokenListIndex":70},"lengthOfFirst":8,"lengthOfSecond":8},{"firstFileName":"OMER_FARUK_GUCER/LinkedListQuestions.cpp","secondFileName":"SERHAT_YUNUSEMRE_KALPAKLI/LinkedListQuestions.cpp","startInFirst":{"line":18,"column":28,"tokenListIndex":13},"endInFirst":{"line":27,"column":56,"tokenListIndex":20},"startInSecond":{"line":36,"column":3,"tokenListIndex":28},"endInSecond":{"line":46,"column":1,"tokenListIndex":35},"lengthOfFirst":8,"lengthOfSecond":8},{"firstFileName":"OMER_FARUK_GUCER/LinkedListQuestions.cpp","secondFileName":"SERHAT_YUNUSEMRE_KALPAKLI/LinkedListQuestions.cpp","startInFirst":{"line":48,"column":12,"tokenListIndex":44},"endInFirst":{"line":60,"column":11,"tokenListIndex":51},"startInSecond":{"line":67,"column":2,"tokenListIndex":55},"endInSecond":{"line":76,"column":9,"tokenListIndex":62},"lengthOfFirst":8,"lengthOfSecond":8}],"firstSimilarity":0.41379310344827586,"secondSimilarity":0.3333333333333333}