{"firstSubmissionId":"OMER_FARUK_GUCER","secondSubmissionId":"ALGUHAN_KURULAR","similarities":{"AVG":0.256,"MAX":0.27586206896551724,"MAXIMUM_LENGTH":68.0,"LONGEST_MATCH":9.0},"matches":[{"firstFileName":"OMER_FARUK_GUCER/LinkedListQuestions.cpp","secondFileName":"ALGUHAN_KURULAR/LinkedListQuestions.cpp","startInFirst":{"line":9,"column":57,"tokenListIndex":3},"endInFirst":{"line":17,"column":4,"tokenListIndex":11},"startInSecond":{"line":75,"column":20,"tokenListIndex":57},"endInSecond":{"line":86,"column":2,"tokenListIndex":65},"lengthOfFirst":9,"lengthOfSecond":9},{"firstFileName":"OMER_FARUK_GUCER/LinkedListQuestions.cpp","secondFileName":"ALGUHAN_KURULAR/LinkedListQuestions.cpp","startInFirst":{"line":34,"column":4,"tokenListIndex":28},"endInFirst":{"line":40,"column":11,"tokenListIndex":34},"startInSecond":{"line":37,"column":2,"tokenListIndex":34},"endInSecond":{"line":43,"column":9,"tokenListIndex":40},"lengthOfFirst":7,"lengthOfSecond":7}],"firstSimilarity":0.27586206896551724,"secondSimilarity":0.23880597014925373}