{"firstSubmissionId":"OMER_FARUK_GUCER","secondSubmissionId":"ISMAIL_EFE_YALCINKAYA","similarities":{"AVG":0.6218487394957983,"MAX":0.6379310344827587,"MAXIMUM_LENGTH":62.0,"LONGEST_MATCH":15.0},"matches":[{"firstFileName":"OMER_FARUK_GUCER/LinkedListQuestions.cpp","secondFileName":"ISMAIL_EFE_YALCINKAYA/LinkedListQuestions.cpp","startInFirst":{"line":47,"column":10,"tokenListIndex":43},"endInFirst":{"line":68,"column":0,"tokenListIndex":57},"startInSecond":{"line":47,"column":6,"tokenListIndex":46},"endInSecond":{"line":64,"column":0,"tokenListIndex":60},"lengthOfFirst":15,"lengthOfSecond":15},{"firstFileName":"OMER_FARUK_GUCER/LinkedListQuestions.cpp","secondFileName":"ISMAIL_EFE_YALCINKAYA/LinkedListQuestions.cpp","startInFirst":{"line":9,"column":0,"tokenListIndex":0},"endInFirst":{"line":14,"column":4,"tokenListIndex":8},"startInSecond":{"line":6,"column":0,"tokenListIndex":0},"endInSecond":{"line":9,"column":2,"tokenListIndex":8},"lengthOfFirst":9,"lengthOfSecond":9},{"firstFileName":"OMER_FARUK_GUCER/LinkedListQuestions.cpp","secondFileName":"ISMAIL_EFE_YALCINKAYA/LinkedListQuestions.cpp","startInFirst":{"line":40,"column":4,"tokenListIndex":33},"endInFirst":{"line":44,"column":12,"tokenListIndex":39},"startInSecond":{"line":41,"column":2,"tokenListIndex":39},"endInSecond":{"line":45,"column":20,"tokenListIndex":45},"lengthOfFirst":7,"lengthOfSecond":7},{"firstFileName":"OMER_FARUK_GUCER/LinkedListQuestions.cpp","secondFileName":"ISMAIL_EFE_YALCINKAYA/LinkedListQuestions.cpp","startInFirst":{"line":21,"column":4,"tokenListIndex":15},"endInFirst":{"line":27,"column":56,"tokenListIndex":20},"startInSecond":{"line":17,"column":2,"tokenListIndex":15},"endInSecond":{"line":21,"column":56,"tokenListIndex":20},"lengthOfFirst":6,"lengthOfSecond":6}],"firstSimilarity":0.6379310344827587,"secondSimilarity":0.6065573770491803}