{"firstSubmissionId":"OMER_FARUK_GUCER","secondSubmissionId":"SUDE_ATANSAY","similarities":{"AVG":0.45161290322580644,"MAX":0.4827586206896552,"MAXIMUM_LENGTH":67.0,"LONGEST_MATCH":9.0},"matches":[{"firstFileName":"OMER_FARUK_GUCER/LinkedListQuestions.cpp","secondFileName":"SUDE_ATANSAY/LinkedListQuestions.cpp","startInFirst":{"line":9,"column":57,"tokenListIndex":3},"endInFirst":{"line":17,"column":4,"tokenListIndex":11},"startInSecond":{"line":69,"column":20,"tokenListIndex":56},"endInSecond":{"line":79,"column":4,"tokenListIndex":64},"lengthOfFirst":9,"lengthOfSecond":9},{"firstFileName":"OMER_FARUK_GUCER/LinkedListQuestions.cpp","secondFileName":"SUDE_ATANSAY/LinkedListQuestions.cpp","startInFirst":{"line":40,"column":4,"tokenListIndex":33},"endInFirst":{"line":44,"column":12,"tokenListIndex":39},"startInSecond":{"line":52,"column":3,"tokenListIndex":43},"endInSecond":{"line":56,"column":18,"tokenListIndex":49},"lengthOfFirst":7,"lengthOfSecond":7},{"firstFileName":"OMER_FARUK_GUCER/LinkedListQuestions.cpp","secondFileName":"SUDE_ATANSAY/LinkedListQuestions.cpp","startInFirst":{"line":21,"column":4,"tokenListIndex":15},"endInFirst":{"line":27,"column":56,"tokenListIndex":20},"startInSecond":{"line":23,"column":1,"tokenListIndex":18},"endInSecond":{"line":29,"column":56,"tokenListIndex":23},"lengthOfFirst":6,"lengthOfSecond":6},{"firstFileName":"OMER_FARUK_GUCER/LinkedListQuestions.cpp","secondFileName":"SUDE_ATANSAY/LinkedListQuestions.cpp","startInFirst":{"line":47,"column":10,"tokenListIndex":43},"endInFirst":{"line":58,"column":0,"tokenListIndex":48},"startInSecond":{"line":60,"column":3,"tokenListIndex":50},"endInSecond":{"line":69,"column":0,"tokenListIndex":55},"lengthOfFirst":6,"lengthOfSecond":6}],"firstSimilarity":0.4827586206896552,"secondSimilarity":0.42424242424242425}