{"firstSubmissionId":"OMER_FARUK_GUCER","secondSubmissionId":"EMRE_ERGUL","similarities":{"AVG":0.4090909090909091,"MAX":0.46551724137931033,"MAXIMUM_LENGTH":75.0,"LONGEST_MATCH":12.0},"matches":[{"firstFileName":"OMER_FARUK_GUCER/LinkedListQuestions.cpp","secondFileName":"EMRE_ERGUL/LinkedListQuestions.cpp","startInFirst":{"line":9,"column":0,"tokenListIndex":0},"endInFirst":{"line":17,"column":4,"tokenListIndex":11},"startInSecond":{"line":9,"column":0,"tokenListIndex":0},"endInSecond":{"line":15,"column":1,"tokenListIndex":11},"lengthOfFirst":12,"lengthOfSecond":12},{"firstFileName":"OMER_FARUK_GUCER/LinkedListQuestions.cpp","secondFileName":"EMRE_ERGUL/LinkedListQuestions.cpp","startInFirst":{"line":34,"column":4,"tokenListIndex":28},"endInFirst":{"line":42,"column":8,"tokenListIndex":36},"startInSecond":{"line":36,"column":1,"tokenListIndex":32},"endInSecond":{"line":44,"column":2,"tokenListIndex":40},"lengthOfFirst":9,"lengthOfSecond":9},{"firstFileName":"OMER_FARUK_GUCER/LinkedListQuestions.cpp","secondFileName":"EMRE_ERGUL/LinkedListQuestions.cpp","startInFirst":{"line":52,"column":1,"tokenListIndex":46},"endInFirst":{"line":60,"column":11,"tokenListIndex":51},"startInSecond":{"line":50,"column":1,"tokenListIndex":43},"endInSecond":{"line":56,"column":10,"tokenListIndex":48},"lengthOfFirst":6,"lengthOfSecond":6}],"firstSimilarity":0.46551724137931033,"secondSimilarity":0.36486486486486486}