{"firstSubmissionId":"OMER_FARUK_GUCER","secondSubmissionId":"EGE_HURIEL","similarities":{"AVG":0.23529411764705882,"MAX":0.2413793103448276,"MAXIMUM_LENGTH":62.0,"LONGEST_MATCH":8.0},"matches":[{"firstFileName":"OMER_FARUK_GUCER/LinkedListQuestions.cpp","secondFileName":"EGE_HURIEL/LinkedListQuestions.cpp","startInFirst":{"line":34,"column":4,"tokenListIndex":28},"endInFirst":{"line":41,"column":4,"tokenListIndex":35},"startInSecond":{"line":33,"column":2,"tokenListIndex":30},"endInSecond":{"line":41,"column":8,"tokenListIndex":37},"lengthOfFirst":8,"lengthOfSecond":8},{"firstFileName":"OMER_FARUK_GUCER/LinkedListQuestions.cpp","secondFileName":"EGE_HURIEL/LinkedListQuestions.cpp","startInFirst":{"line":9,"column":0,"tokenListIndex":0},"endInFirst":{"line":12,"column":11,"tokenListIndex":5},"startInSecond":{"line":23,"column":0,"tokenListIndex":18},"endInSecond":{"line":25,"column":6,"tokenListIndex":23},"lengthOfFirst":6,"lengthOfSecond":6}],"firstSimilarity":0.2413793103448276,"secondSimilarity":0.22950819672131148}