{"firstSubmissionId":"OMER_FARUK_GUCER","secondSubmissionId":"ERDAL_DENIZ_OZBEY","similarities":{"AVG":0.32592592592592595,"MAX":0.3793103448275862,"MAXIMUM_LENGTH":78.0,"LONGEST_MATCH":8.0},"matches":[{"firstFileName":"OMER_FARUK_GUCER/LinkedListQuestions.cpp","secondFileName":"ERDAL_DENIZ_OZBEY/LinkedListQuestions.cpp","startInFirst":{"line":12,"column":4,"tokenListIndex":4},"endInFirst":{"line":17,"column":4,"tokenListIndex":11},"startInSecond":{"line":73,"column":5,"tokenListIndex":67},"endInSecond":{"line":80,"column":2,"tokenListIndex":74},"lengthOfFirst":8,"lengthOfSecond":8},{"firstFileName":"OMER_FARUK_GUCER/LinkedListQuestions.cpp","secondFileName":"ERDAL_DENIZ_OZBEY/LinkedListQuestions.cpp","startInFirst":{"line":34,"column":4,"tokenListIndex":28},"endInFirst":{"line":40,"column":11,"tokenListIndex":34},"startInSecond":{"line":24,"column":4,"tokenListIndex":22},"endInSecond":{"line":30,"column":31,"tokenListIndex":28},"lengthOfFirst":7,"lengthOfSecond":7},{"firstFileName":"OMER_FARUK_GUCER/LinkedListQuestions.cpp","secondFileName":"ERDAL_DENIZ_OZBEY/LinkedListQuestions.cpp","startInFirst":{"line":47,"column":10,"tokenListIndex":43},"endInFirst":{"line":58,"column":20,"tokenListIndex":49},"startInSecond":{"line":60,"column":10,"tokenListIndex":55},"endInSecond":{"line":67,"column":20,"tokenListIndex":61},"lengthOfFirst":7,"lengthOfSecond":7}],"firstSimilarity":0.3793103448275862,"secondSimilarity":0.2857142857142857}