{"firstSubmissionId":"OMER_FARUK_GUCER","secondSubmissionId":"EDHEM_TATAR","similarities":{"AVG":0.2302158273381295,"MAX":0.27586206896551724,"MAXIMUM_LENGTH":82.0,"LONGEST_MATCH":9.0},"matches":[{"firstFileName":"OMER_FARUK_GUCER/LinkedListQuestions.cpp","secondFileName":"EDHEM_TATAR/LinkedListQuestions.cpp","startInFirst":{"line":9,"column":0,"tokenListIndex":0},"endInFirst":{"line":14,"column":4,"tokenListIndex":8},"startInSecond":{"line":26,"column":0,"tokenListIndex":15},"endInSecond":{"line":32,"column":2,"tokenListIndex":23},"lengthOfFirst":9,"lengthOfSecond":9},{"firstFileName":"OMER_FARUK_GUCER/LinkedListQuestions.cpp","secondFileName":"EDHEM_TATAR/LinkedListQuestions.cpp","startInFirst":{"line":40,"column":4,"tokenListIndex":33},"endInFirst":{"line":44,"column":12,"tokenListIndex":39},"startInSecond":{"line":52,"column":2,"tokenListIndex":41},"endInSecond":{"line":62,"column":4,"tokenListIndex":47},"lengthOfFirst":7,"lengthOfSecond":7}],"firstSimilarity":0.27586206896551724,"secondSimilarity":0.19753086419753085}