{"firstSubmissionId":"OMER_FARUK_GUCER","secondSubmissionId":"BORA_ERDEM_ALAN","similarities":{"AVG":0.33613445378151263,"MAX":0.3448275862068966,"MAXIMUM_LENGTH":62.0,"LONGEST_MATCH":8.0},"matches":[{"firstFileName":"OMER_FARUK_GUCER/LinkedListQuestions.cpp","secondFileName":"BORA_ERDEM_ALAN/LinkedListQuestions.cpp","startInFirst":{"line":9,"column":57,"tokenListIndex":3},"endInFirst":{"line":16,"column":8,"tokenListIndex":10},"startInSecond":{"line":59,"column":20,"tokenListIndex":50},"endInSecond":{"line":66,"column":3,"tokenListIndex":57},"lengthOfFirst":8,"lengthOfSecond":8},{"firstFileName":"OMER_FARUK_GUCER/LinkedListQuestions.cpp","secondFileName":"BORA_ERDEM_ALAN/LinkedListQuestions.cpp","startInFirst":{"line":28,"column":4,"tokenListIndex":21},"endInFirst":{"line":32,"column":8,"tokenListIndex":26},"startInSecond":{"line":26,"column":1,"tokenListIndex":22},"endInSecond":{"line":30,"column":2,"tokenListIndex":27},"lengthOfFirst":6,"lengthOfSecond":6},{"firstFileName":"OMER_FARUK_GUCER/LinkedListQuestions.cpp","secondFileName":"BORA_ERDEM_ALAN/LinkedListQuestions.cpp","startInFirst":{"line":35,"column":0,"tokenListIndex":29},"endInFirst":{"line":40,"column":11,"tokenListIndex":34},"startInSecond":{"line":33,"column":0,"tokenListIndex":30},"endInSecond":{"line":38,"column":14,"tokenListIndex":35},"lengthOfFirst":6,"lengthOfSecond":6}],"firstSimilarity":0.3448275862068966,"secondSimilarity":0.32786885245901637}