{"firstSubmissionId":"OMER_FARUK_GUCER","secondSubmissionId":"DENIZ_KAYRA_AYDIN","similarities":{"AVG":0.5982905982905983,"MAX":0.603448275862069,"MAXIMUM_LENGTH":60.0,"LONGEST_MATCH":21.0},"matches":[{"firstFileName":"OMER_FARUK_GUCER/LinkedListQuestions.cpp","secondFileName":"DENIZ_KAYRA_AYDIN/LinkedListQuestions.cpp","startInFirst":{"line":9,"column":0,"tokenListIndex":0},"endInFirst":{"line":27,"column":56,"tokenListIndex":20},"startInSecond":{"line":9,"column":0,"tokenListIndex":0},"endInSecond":{"line":29,"column":56,"tokenListIndex":20},"lengthOfFirst":21,"lengthOfSecond":21},{"firstFileName":"OMER_FARUK_GUCER/LinkedListQuestions.cpp","secondFileName":"DENIZ_KAYRA_AYDIN/LinkedListQuestions.cpp","startInFirst":{"line":28,"column":4,"tokenListIndex":21},"endInFirst":{"line":40,"column":11,"tokenListIndex":34},"startInSecond":{"line":32,"column":2,"tokenListIndex":23},"endInSecond":{"line":46,"column":11,"tokenListIndex":36},"lengthOfFirst":14,"lengthOfSecond":14}],"firstSimilarity":0.603448275862069,"secondSimilarity":0.5932203389830508}