{"firstSubmissionId":"SERHAT_YUNUSEMRE_KALPAKLI","secondSubmissionId":"ERDAL_DENIZ_OZBEY","similarities":{"AVG":0.3624161073825503,"MAX":0.375,"MAXIMUM_LENGTH":78.0,"LONGEST_MATCH":8.0},"matches":[{"firstFileName":"SERHAT_YUNUSEMRE_KALPAKLI/LinkedListQuestions.cpp","secondFileName":"ERDAL_DENIZ_OZBEY/LinkedListQuestions.cpp","startInFirst":{"line":77,"column":2,"tokenListIndex":63},"endInFirst":{"line":85,"column":0,"tokenListIndex":70},"startInSecond":{"line":73,"column":5,"tokenListIndex":67},"endInSecond":{"line":80,"column":2,"tokenListIndex":74},"lengthOfFirst":8,"lengthOfSecond":8},{"firstFileName":"SERHAT_YUNUSEMRE_KALPAKLI/LinkedListQuestions.cpp","secondFileName":"ERDAL_DENIZ_OZBEY/LinkedListQuestions.cpp","startInFirst":{"line":39,"column":3,"tokenListIndex":30},"endInFirst":{"line":46,"column":8,"tokenListIndex":36},"startInSecond":{"line":24,"column":4,"tokenListIndex":22},"endInSecond":{"line":30,"column":31,"tokenListIndex":28},"lengthOfFirst":7,"lengthOfSecond":7},{"firstFileName":"SERHAT_YUNUSEMRE_KALPAKLI/LinkedListQuestions.cpp","secondFileName":"ERDAL_DENIZ_OZBEY/LinkedListQuestions.cpp","startInFirst":{"line":26,"column":0,"tokenListIndex":17},"endInFirst":{"line":27,"column":8,"tokenListIndex":22},"startInSecond":{"line":9,"column":0,"tokenListIndex":0},"endInSecond":{"line":10,"column":9,"tokenListIndex":5},"lengthOfFirst":6,"lengthOfSecond":6},{"firstFileName":"SERHAT_YUNUSEMRE_KALPAKLI/LinkedListQuestions.cpp","secondFileName":"ERDAL_DENIZ_OZBEY/LinkedListQuestions.cpp","startInFirst":{"line":67,"column":2,"tokenListIndex":55},"endInFirst":{"line":75,"column":20,"tokenListIndex":60},"startInSecond":{"line":61,"column":12,"tokenListIndex":56},"endInSecond":{"line":67,"column":20,"tokenListIndex":61},"lengthOfFirst":6,"lengthOfSecond":6}],"firstSimilarity":0.375,"secondSimilarity":0.35064935064935066}