{"firstSubmissionId":"SERHAT_YUNUSEMRE_KALPAKLI","secondSubmissionId":"EDHEM_TATAR","similarities":{"AVG":0.3790849673202614,"MAX":0.4027777777777778,"MAXIMUM_LENGTH":82.0,"LONGEST_MATCH":10.0},"matches":[{"firstFileName":"SERHAT_YUNUSEMRE_KALPAKLI/LinkedListQuestions.cpp","secondFileName":"EDHEM_TATAR/LinkedListQuestions.cpp","startInFirst":{"line":41,"column":0,"tokenListIndex":31},"endInFirst":{"line":49,"column":3,"tokenListIndex":40},"startInSecond":{"line":45,"column":0,"tokenListIndex":35},"endInSecond":{"line":55,"column":3,"tokenListIndex":44},"lengthOfFirst":10,"lengthOfSecond":10},{"firstFileName":"SERHAT_YUNUSEMRE_KALPAKLI/LinkedListQuestions.cpp","secondFileName":"EDHEM_TATAR/LinkedListQuestions.cpp","startInFirst":{"line":22,"column":0,"tokenListIndex":16},"endInFirst":{"line":27,"column":8,"tokenListIndex":22},"startInSecond":{"line":22,"column":0,"tokenListIndex":14},"endInSecond":{"line":28,"column":10,"tokenListIndex":20},"lengthOfFirst":7,"lengthOfSecond":7},{"firstFileName":"SERHAT_YUNUSEMRE_KALPAKLI/LinkedListQuestions.cpp","secondFileName":"EDHEM_TATAR/LinkedListQuestions.cpp","startInFirst":{"line":9,"column":0,"tokenListIndex":0},"endInFirst":{"line":11,"column":5,"tokenListIndex":5},"startInSecond":{"line":9,"column":0,"tokenListIndex":0},"endInSecond":{"line":11,"column":26,"tokenListIndex":5},"lengthOfFirst":6,"lengthOfSecond":6},{"firstFileName":"SERHAT_YUNUSEMRE_KALPAKLI/LinkedListQuestions.cpp","secondFileName":"EDHEM_TATAR/LinkedListQuestions.cpp","startInFirst":{"line":13,"column":2,"tokenListIndex":7},"endInFirst":{"line":17,"column":2,"tokenListIndex":12},"startInSecond":{"line":16,"column":2,"tokenListIndex":8},"endInSecond":{"line":21,"column":2,"tokenListIndex":13},"lengthOfFirst":6,"lengthOfSecond":6}],"firstSimilarity":0.4027777777777778,"secondSimilarity":0.35802469135802467}