{"firstSubmissionId":"SERHAT_YUNUSEMRE_KALPAKLI","secondSubmissionId":"DEMIR_OZHAN","similarities":{"AVG":0.5341614906832298,"MAX":0.5972222222222222,"MAXIMUM_LENGTH":90.0,"LONGEST_MATCH":18.0},"matches":[{"firstFileName":"SERHAT_YUNUSEMRE_KALPAKLI/LinkedListQuestions.cpp","secondFileName":"DEMIR_OZHAN/LinkedListQuestions.cpp","startInFirst":{"line":39,"column":3,"tokenListIndex":30},"endInFirst":{"line":57,"column":2,"tokenListIndex":47},"startInSecond":{"line":50,"column":2,"tokenListIndex":40},"endInSecond":{"line":72,"column":2,"tokenListIndex":57},"lengthOfFirst":18,"lengthOfSecond":18},{"firstFileName":"SERHAT_YUNUSEMRE_KALPAKLI/LinkedListQuestions.cpp","secondFileName":"DEMIR_OZHAN/LinkedListQuestions.cpp","startInFirst":{"line":62,"column":16,"tokenListIndex":52},"endInFirst":{"line":75,"column":20,"tokenListIndex":60},"startInSecond":{"line":85,"column":2,"tokenListIndex":68},"endInSecond":{"line":97,"column":20,"tokenListIndex":76},"lengthOfFirst":9,"lengthOfSecond":9},{"firstFileName":"SERHAT_YUNUSEMRE_KALPAKLI/LinkedListQuestions.cpp","secondFileName":"DEMIR_OZHAN/LinkedListQuestions.cpp","startInFirst":{"line":77,"column":2,"tokenListIndex":63},"endInFirst":{"line":90,"column":0,"tokenListIndex":71},"startInSecond":{"line":104,"column":2,"tokenListIndex":80},"endInSecond":{"line":120,"column":0,"tokenListIndex":88},"lengthOfFirst":9,"lengthOfSecond":9},{"firstFileName":"SERHAT_YUNUSEMRE_KALPAKLI/LinkedListQuestions.cpp","secondFileName":"DEMIR_OZHAN/LinkedListQuestions.cpp","startInFirst":{"line":22,"column":0,"tokenListIndex":16},"endInFirst":{"line":27,"column":8,"tokenListIndex":22},"startInSecond":{"line":34,"column":0,"tokenListIndex":27},"endInSecond":{"line":39,"column":9,"tokenListIndex":33},"lengthOfFirst":7,"lengthOfSecond":7}],"firstSimilarity":0.5972222222222222,"secondSimilarity":0.48314606741573035}