{"firstSubmissionId":"SERHAT_YUNUSEMRE_KALPAKLI","secondSubmissionId":"IRMAK_ZEHRA_EMRI","similarities":{"AVG":0.3972602739726027,"MAX":0.4027777777777778,"MAXIMUM_LENGTH":75.0,"LONGEST_MATCH":12.0},"matches":[{"firstFileName":"SERHAT_YUNUSEMRE_KALPAKLI/LinkedListQuestions.cpp","secondFileName":"IRMAK_ZEHRA_EMRI/LinkedListQuestions.cpp","startInFirst":{"line":71,"column":0,"tokenListIndex":58},"endInFirst":{"line":84,"column":2,"tokenListIndex":69},"startInSecond":{"line":67,"column":0,"tokenListIndex":57},"endInSecond":{"line":81,"column":13,"tokenListIndex":68},"lengthOfFirst":12,"lengthOfSecond":12},{"firstFileName":"SERHAT_YUNUSEMRE_KALPAKLI/LinkedListQuestions.cpp","secondFileName":"IRMAK_ZEHRA_EMRI/LinkedListQuestions.cpp","startInFirst":{"line":39,"column":3,"tokenListIndex":30},"endInFirst":{"line":49,"column":3,"tokenListIndex":40},"startInSecond":{"line":46,"column":0,"tokenListIndex":40},"endInSecond":{"line":58,"column":3,"tokenListIndex":50},"lengthOfFirst":11,"lengthOfSecond":11},{"firstFileName":"SERHAT_YUNUSEMRE_KALPAKLI/LinkedListQuestions.cpp","secondFileName":"IRMAK_ZEHRA_EMRI/LinkedListQuestions.cpp","startInFirst":{"line":26,"column":0,"tokenListIndex":17},"endInFirst":{"line":27,"column":8,"tokenListIndex":22},"startInSecond":{"line":9,"column":0,"tokenListIndex":0},"endInSecond":{"line":12,"column":9,"tokenListIndex":5},"lengthOfFirst":6,"lengthOfSecond":6}],"firstSimilarity":0.4027777777777778,"secondSimilarity":0.3918918918918919}