{"firstSubmissionId":"SERHAT_YUNUSEMRE_KALPAKLI","secondSubmissionId":"EMRE_ERGUL","similarities":{"AVG":0.4383561643835616,"MAX":0.4444444444444444,"MAXIMUM_LENGTH":75.0,"LONGEST_MATCH":11.0},"matches":[{"firstFileName":"SERHAT_YUNUSEMRE_KALPAKLI/LinkedListQuestions.cpp","secondFileName":"EMRE_ERGUL/LinkedListQuestions.cpp","startInFirst":{"line":17,"column":2,"tokenListIndex":12},"endInFirst":{"line":27,"column":8,"tokenListIndex":22},"startInSecond":{"line":18,"column":2,"tokenListIndex":15},"endInSecond":{"line":28,"column":8,"tokenListIndex":25},"lengthOfFirst":11,"lengthOfSecond":11},{"firstFileName":"SERHAT_YUNUSEMRE_KALPAKLI/LinkedListQuestions.cpp","secondFileName":"EMRE_ERGUL/LinkedListQuestions.cpp","startInFirst":{"line":70,"column":2,"tokenListIndex":57},"endInFirst":{"line":77,"column":9,"tokenListIndex":64},"startInSecond":{"line":50,"column":1,"tokenListIndex":43},"endInSecond":{"line":57,"column":5,"tokenListIndex":50},"lengthOfFirst":8,"lengthOfSecond":8},{"firstFileName":"SERHAT_YUNUSEMRE_KALPAKLI/LinkedListQuestions.cpp","secondFileName":"EMRE_ERGUL/LinkedListQuestions.cpp","startInFirst":{"line":39,"column":3,"tokenListIndex":30},"endInFirst":{"line":46,"column":8,"tokenListIndex":36},"startInSecond":{"line":36,"column":1,"tokenListIndex":32},"endInSecond":{"line":42,"column":8,"tokenListIndex":38},"lengthOfFirst":7,"lengthOfSecond":7},{"firstFileName":"SERHAT_YUNUSEMRE_KALPAKLI/LinkedListQuestions.cpp","secondFileName":"EMRE_ERGUL/LinkedListQuestions.cpp","startInFirst":{"line":78,"column":2,"tokenListIndex":65},"endInFirst":{"line":85,"column":0,"tokenListIndex":70},"startInSecond":{"line":11,"column":1,"tokenListIndex":6},"endInSecond":{"line":15,"column":1,"tokenListIndex":11},"lengthOfFirst":6,"lengthOfSecond":6}],"firstSimilarity":0.4444444444444444,"secondSimilarity":0.43243243243243246}