{"firstSubmissionId":"SUDE_ATANSAY","secondSubmissionId":"EMRE_ERGUL","similarities":{"AVG":0.42857142857142855,"MAX":0.45454545454545453,"MAXIMUM_LENGTH":75.0,"LONGEST_MATCH":18.0},"matches":[{"firstFileName":"SUDE_ATANSAY/LinkedListQuestions.cpp","secondFileName":"EMRE_ERGUL/LinkedListQuestions.cpp","startInFirst":{"line":24,"column":0,"tokenListIndex":19},"endInFirst":{"line":45,"column":47,"tokenListIndex":36},"startInSecond":{"line":23,"column":0,"tokenListIndex":19},"endInSecond":{"line":41,"column":47,"tokenListIndex":36},"lengthOfFirst":18,"lengthOfSecond":18},{"firstFileName":"SUDE_ATANSAY/LinkedListQuestions.cpp","secondFileName":"EMRE_ERGUL/LinkedListQuestions.cpp","startInFirst":{"line":63,"column":3,"tokenListIndex":53},"endInFirst":{"line":79,"column":4,"tokenListIndex":64},"startInSecond":{"line":50,"column":1,"tokenListIndex":43},"endInSecond":{"line":61,"column":1,"tokenListIndex":54},"lengthOfFirst":12,"lengthOfSecond":12}],"firstSimilarity":0.45454545454545453,"secondSimilarity":0.40540540540540543}