{"firstSubmissionId":"SUDE_ATANSAY","secondSubmissionId":"DEMIR_OZHAN","similarities":{"AVG":0.4258064516129032,"MAX":0.5,"MAXIMUM_LENGTH":90.0,"LONGEST_MATCH":24.0},"matches":[{"firstFileName":"SUDE_ATANSAY/LinkedListQuestions.cpp","secondFileName":"DEMIR_OZHAN/LinkedListQuestions.cpp","startInFirst":{"line":18,"column":7,"tokenListIndex":13},"endInFirst":{"line":45,"column":47,"tokenListIndex":36},"startInSecond":{"line":28,"column":4,"tokenListIndex":21},"endInSecond":{"line":55,"column":47,"tokenListIndex":44},"lengthOfFirst":24,"lengthOfSecond":24},{"firstFileName":"SUDE_ATANSAY/LinkedListQuestions.cpp","secondFileName":"DEMIR_OZHAN/LinkedListQuestions.cpp","startInFirst":{"line":10,"column":57,"tokenListIndex":3},"endInFirst":{"line":15,"column":2,"tokenListIndex":11},"startInSecond":{"line":97,"column":20,"tokenListIndex":76},"endInSecond":{"line":108,"column":2,"tokenListIndex":84},"lengthOfFirst":9,"lengthOfSecond":9}],"firstSimilarity":0.5,"secondSimilarity":0.3707865168539326}