{"firstSubmissionId":"SUDE_ATANSAY","secondSubmissionId":"ALGUHAN_KURULAR","similarities":{"AVG":0.5263157894736842,"MAX":0.5303030303030303,"MAXIMUM_LENGTH":68.0,"LONGEST_MATCH":13.0},"matches":[{"firstFileName":"SUDE_ATANSAY/LinkedListQuestions.cpp","secondFileName":"ALGUHAN_KURULAR/LinkedListQuestions.cpp","startInFirst":{"line":63,"column":3,"tokenListIndex":53},"endInFirst":{"line":82,"column":0,"tokenListIndex":65},"startInSecond":{"line":68,"column":2,"tokenListIndex":54},"endInSecond":{"line":89,"column":0,"tokenListIndex":66},"lengthOfFirst":13,"lengthOfSecond":13},{"firstFileName":"SUDE_ATANSAY/LinkedListQuestions.cpp","secondFileName":"ALGUHAN_KURULAR/LinkedListQuestions.cpp","startInFirst":{"line":24,"column":0,"tokenListIndex":19},"endInFirst":{"line":34,"column":3,"tokenListIndex":28},"startInSecond":{"line":23,"column":0,"tokenListIndex":20},"endInSecond":{"line":32,"column":4,"tokenListIndex":29},"lengthOfFirst":10,"lengthOfSecond":10},{"firstFileName":"SUDE_ATANSAY/LinkedListQuestions.cpp","secondFileName":"ALGUHAN_KURULAR/LinkedListQuestions.cpp","startInFirst":{"line":12,"column":2,"tokenListIndex":7},"endInFirst":{"line":16,"column":5,"tokenListIndex":12},"startInSecond":{"line":43,"column":2,"tokenListIndex":39},"endInSecond":{"line":50,"column":3,"tokenListIndex":44},"lengthOfFirst":6,"lengthOfSecond":6},{"firstFileName":"SUDE_ATANSAY/LinkedListQuestions.cpp","secondFileName":"ALGUHAN_KURULAR/LinkedListQuestions.cpp","startInFirst":{"line":37,"column":3,"tokenListIndex":31},"endInFirst":{"line":45,"column":47,"tokenListIndex":36},"startInSecond":{"line":36,"column":2,"tokenListIndex":33},"endInSecond":{"line":42,"column":47,"tokenListIndex":38},"lengthOfFirst":6,"lengthOfSecond":6}],"firstSimilarity":0.5303030303030303,"secondSimilarity":0.5223880597014925}