{"firstSubmissionId":"SUDE_ATANSAY","secondSubmissionId":"YUSUF_ERDEM_ALTINSOY","similarities":{"AVG":0.5223880597014925,"MAX":0.5303030303030303,"MAXIMUM_LENGTH":69.0,"LONGEST_MATCH":13.0},"matches":[{"firstFileName":"SUDE_ATANSAY/LinkedListQuestions.cpp","secondFileName":"YUSUF_ERDEM_ALTINSOY/LinkedListQuestions.cpp","startInFirst":{"line":30,"column":2,"tokenListIndex":24},"endInFirst":{"line":45,"column":47,"tokenListIndex":36},"startInSecond":{"line":34,"column":3,"tokenListIndex":24},"endInSecond":{"line":49,"column":47,"tokenListIndex":36},"lengthOfFirst":13,"lengthOfSecond":13},{"firstFileName":"SUDE_ATANSAY/LinkedListQuestions.cpp","secondFileName":"YUSUF_ERDEM_ALTINSOY/LinkedListQuestions.cpp","startInFirst":{"line":69,"column":20,"tokenListIndex":56},"endInFirst":{"line":79,"column":4,"tokenListIndex":64},"startInSecond":{"line":9,"column":57,"tokenListIndex":3},"endInSecond":{"line":18,"column":1,"tokenListIndex":11},"lengthOfFirst":9,"lengthOfSecond":9},{"firstFileName":"SUDE_ATANSAY/LinkedListQuestions.cpp","secondFileName":"YUSUF_ERDEM_ALTINSOY/LinkedListQuestions.cpp","startInFirst":{"line":10,"column":0,"tokenListIndex":0},"endInFirst":{"line":11,"column":30,"tokenListIndex":6},"startInSecond":{"line":28,"column":0,"tokenListIndex":17},"endInSecond":{"line":32,"column":3,"tokenListIndex":23},"lengthOfFirst":7,"lengthOfSecond":7},{"firstFileName":"SUDE_ATANSAY/LinkedListQuestions.cpp","secondFileName":"YUSUF_ERDEM_ALTINSOY/LinkedListQuestions.cpp","startInFirst":{"line":12,"column":2,"tokenListIndex":7},"endInFirst":{"line":16,"column":5,"tokenListIndex":12},"startInSecond":{"line":50,"column":1,"tokenListIndex":37},"endInSecond":{"line":54,"column":2,"tokenListIndex":42},"lengthOfFirst":6,"lengthOfSecond":6}],"firstSimilarity":0.5303030303030303,"secondSimilarity":0.5147058823529411}