{"firstSubmissionId":"SUDE_ATANSAY","secondSubmissionId":"EDHEM_TATAR","similarities":{"AVG":0.20408163265306123,"MAX":0.22727272727272727,"MAXIMUM_LENGTH":82.0,"LONGEST_MATCH":8.0},"matches":[{"firstFileName":"SUDE_ATANSAY/LinkedListQuestions.cpp","secondFileName":"EDHEM_TATAR/LinkedListQuestions.cpp","startInFirst":{"line":23,"column":1,"tokenListIndex":18},"endInFirst":{"line":30,"column":7,"tokenListIndex":25},"startInSecond":{"line":21,"column":2,"tokenListIndex":13},"endInSecond":{"line":28,"column":10,"tokenListIndex":20},"lengthOfFirst":8,"lengthOfSecond":8},{"firstFileName":"SUDE_ATANSAY/LinkedListQuestions.cpp","secondFileName":"EDHEM_TATAR/LinkedListQuestions.cpp","startInFirst":{"line":52,"column":3,"tokenListIndex":43},"endInFirst":{"line":56,"column":18,"tokenListIndex":49},"startInSecond":{"line":52,"column":2,"tokenListIndex":41},"endInSecond":{"line":62,"column":4,"tokenListIndex":47},"lengthOfFirst":7,"lengthOfSecond":7}],"firstSimilarity":0.22727272727272727,"secondSimilarity":0.18518518518518517}