{"firstSubmissionId":"SUDE_ATANSAY","secondSubmissionId":"MERTCAN_ARSLAN","similarities":{"AVG":0.3188405797101449,"MAX":0.3333333333333333,"MAXIMUM_LENGTH":73.0,"LONGEST_MATCH":9.0},"matches":[{"firstFileName":"SUDE_ATANSAY/LinkedListQuestions.cpp","secondFileName":"MERTCAN_ARSLAN/LinkedListQuestions.cpp","startInFirst":{"line":62,"column":3,"tokenListIndex":52},"endInFirst":{"line":72,"column":11,"tokenListIndex":60},"startInSecond":{"line":61,"column":4,"tokenListIndex":56},"endInSecond":{"line":72,"column":8,"tokenListIndex":64},"lengthOfFirst":9,"lengthOfSecond":9},{"firstFileName":"SUDE_ATANSAY/LinkedListQuestions.cpp","secondFileName":"MERTCAN_ARSLAN/LinkedListQuestions.cpp","startInFirst":{"line":24,"column":0,"tokenListIndex":19},"endInFirst":{"line":30,"column":7,"tokenListIndex":25},"startInSecond":{"line":22,"column":0,"tokenListIndex":15},"endInSecond":{"line":27,"column":8,"tokenListIndex":21},"lengthOfFirst":7,"lengthOfSecond":7},{"firstFileName":"SUDE_ATANSAY/LinkedListQuestions.cpp","secondFileName":"MERTCAN_ARSLAN/LinkedListQuestions.cpp","startInFirst":{"line":12,"column":2,"tokenListIndex":7},"endInFirst":{"line":16,"column":5,"tokenListIndex":12},"startInSecond":{"line":45,"column":3,"tokenListIndex":40},"endInSecond":{"line":49,"column":4,"tokenListIndex":45},"lengthOfFirst":6,"lengthOfSecond":6}],"firstSimilarity":0.3333333333333333,"secondSimilarity":0.3055555555555556}