{"firstSubmissionId":"SUDE_ATANSAY","secondSubmissionId":"ERDAL_DENIZ_OZBEY","similarities":{"AVG":0.6433566433566433,"MAX":0.696969696969697,"MAXIMUM_LENGTH":78.0,"LONGEST_MATCH":17.0},"matches":[{"firstFileName":"SUDE_ATANSAY/LinkedListQuestions.cpp","secondFileName":"ERDAL_DENIZ_OZBEY/LinkedListQuestions.cpp","startInFirst":{"line":48,"column":14,"tokenListIndex":40},"endInFirst":{"line":69,"column":20,"tokenListIndex":56},"startInSecond":{"line":50,"column":15,"tokenListIndex":45},"endInSecond":{"line":67,"column":20,"tokenListIndex":61},"lengthOfFirst":17,"lengthOfSecond":17},{"firstFileName":"SUDE_ATANSAY/LinkedListQuestions.cpp","secondFileName":"ERDAL_DENIZ_OZBEY/LinkedListQuestions.cpp","startInFirst":{"line":13,"column":2,"tokenListIndex":9},"endInFirst":{"line":29,"column":56,"tokenListIndex":23},"startInSecond":{"line":15,"column":4,"tokenListIndex":13},"endInSecond":{"line":29,"column":56,"tokenListIndex":27},"lengthOfFirst":15,"lengthOfSecond":15},{"firstFileName":"SUDE_ATANSAY/LinkedListQuestions.cpp","secondFileName":"ERDAL_DENIZ_OZBEY/LinkedListQuestions.cpp","startInFirst":{"line":71,"column":4,"tokenListIndex":57},"endInFirst":{"line":79,"column":4,"tokenListIndex":64},"startInSecond":{"line":73,"column":5,"tokenListIndex":67},"endInSecond":{"line":80,"column":2,"tokenListIndex":74},"lengthOfFirst":8,"lengthOfSecond":8},{"firstFileName":"SUDE_ATANSAY/LinkedListQuestions.cpp","secondFileName":"ERDAL_DENIZ_OZBEY/LinkedListQuestions.cpp","startInFirst":{"line":37,"column":3,"tokenListIndex":31},"endInFirst":{"line":45,"column":47,"tokenListIndex":36},"startInSecond":{"line":39,"column":1,"tokenListIndex":34},"endInSecond":{"line":45,"column":47,"tokenListIndex":39},"lengthOfFirst":6,"lengthOfSecond":6}],"firstSimilarity":0.696969696969697,"secondSimilarity":0.5974025974025974}