{"firstSubmissionId":"SUDE_ATANSAY","secondSubmissionId":"IRMAK_ZEHRA_EMRI","similarities":{"AVG":0.44285714285714284,"MAX":0.4696969696969697,"MAXIMUM_LENGTH":75.0,"LONGEST_MATCH":10.0},"matches":[{"firstFileName":"SUDE_ATANSAY/LinkedListQuestions.cpp","secondFileName":"IRMAK_ZEHRA_EMRI/LinkedListQuestions.cpp","startInFirst":{"line":19,"column":5,"tokenListIndex":14},"endInFirst":{"line":29,"column":56,"tokenListIndex":23},"startInSecond":{"line":25,"column":3,"tokenListIndex":20},"endInSecond":{"line":34,"column":56,"tokenListIndex":29},"lengthOfFirst":10,"lengthOfSecond":10},{"firstFileName":"SUDE_ATANSAY/LinkedListQuestions.cpp","secondFileName":"IRMAK_ZEHRA_EMRI/LinkedListQuestions.cpp","startInFirst":{"line":35,"column":3,"tokenListIndex":29},"endInFirst":{"line":45,"column":47,"tokenListIndex":36},"startInSecond":{"line":43,"column":1,"tokenListIndex":37},"endInSecond":{"line":51,"column":47,"tokenListIndex":44},"lengthOfFirst":8,"lengthOfSecond":8},{"firstFileName":"SUDE_ATANSAY/LinkedListQuestions.cpp","secondFileName":"IRMAK_ZEHRA_EMRI/LinkedListQuestions.cpp","startInFirst":{"line":64,"column":2,"tokenListIndex":54},"endInFirst":{"line":72,"column":11,"tokenListIndex":60},"startInSecond":{"line":67,"column":0,"tokenListIndex":57},"endInSecond":{"line":75,"column":9,"tokenListIndex":63},"lengthOfFirst":7,"lengthOfSecond":7},{"firstFileName":"SUDE_ATANSAY/LinkedListQuestions.cpp","secondFileName":"IRMAK_ZEHRA_EMRI/LinkedListQuestions.cpp","startInFirst":{"line":12,"column":2,"tokenListIndex":7},"endInFirst":{"line":16,"column":5,"tokenListIndex":12},"startInSecond":{"line":54,"column":2,"tokenListIndex":45},"endInSecond":{"line":58,"column":3,"tokenListIndex":50},"lengthOfFirst":6,"lengthOfSecond":6}],"firstSimilarity":0.4696969696969697,"secondSimilarity":0.4189189189189189}