{"firstSubmissionId":"SUDE_ATANSAY","secondSubmissionId":"SERHAT_YUNUSEMRE_KALPAKLI","similarities":{"AVG":0.3333333333333333,"MAX":0.3484848484848485,"MAXIMUM_LENGTH":73.0,"LONGEST_MATCH":10.0},"matches":[{"firstFileName":"SUDE_ATANSAY/LinkedListQuestions.cpp","secondFileName":"SERHAT_YUNUSEMRE_KALPAKLI/LinkedListQuestions.cpp","startInFirst":{"line":61,"column":4,"tokenListIndex":51},"endInFirst":{"line":72,"column":11,"tokenListIndex":60},"startInSecond":{"line":67,"column":2,"tokenListIndex":55},"endInSecond":{"line":77,"column":9,"tokenListIndex":64},"lengthOfFirst":10,"lengthOfSecond":10},{"firstFileName":"SUDE_ATANSAY/LinkedListQuestions.cpp","secondFileName":"SERHAT_YUNUSEMRE_KALPAKLI/LinkedListQuestions.cpp","startInFirst":{"line":24,"column":0,"tokenListIndex":19},"endInFirst":{"line":30,"column":7,"tokenListIndex":25},"startInSecond":{"line":22,"column":0,"tokenListIndex":16},"endInSecond":{"line":27,"column":8,"tokenListIndex":22},"lengthOfFirst":7,"lengthOfSecond":7},{"firstFileName":"SUDE_ATANSAY/LinkedListQuestions.cpp","secondFileName":"SERHAT_YUNUSEMRE_KALPAKLI/LinkedListQuestions.cpp","startInFirst":{"line":12,"column":2,"tokenListIndex":7},"endInFirst":{"line":16,"column":5,"tokenListIndex":12},"startInSecond":{"line":46,"column":1,"tokenListIndex":35},"endInSecond":{"line":49,"column":3,"tokenListIndex":40},"lengthOfFirst":6,"lengthOfSecond":6}],"firstSimilarity":0.3484848484848485,"secondSimilarity":0.3194444444444444}