{"firstSubmissionId":"YUSUF_ISA_ZERENUZ","secondSubmissionId":"SUDE_ATANSAY","similarities":{"AVG":0.4067796610169492,"MAX":0.46153846153846156,"MAXIMUM_LENGTH":67.0,"LONGEST_MATCH":10.0},"matches":[{"firstFileName":"YUSUF_ISA_ZERENUZ/LinkedListQuestions.cpp","secondFileName":"SUDE_ATANSAY/LinkedListQuestions.cpp","startInFirst":{"line":21,"column":0,"tokenListIndex":14},"endInFirst":{"line":31,"column":4,"tokenListIndex":23},"startInSecond":{"line":24,"column":0,"tokenListIndex":19},"endInSecond":{"line":34,"column":3,"tokenListIndex":28},"lengthOfFirst":10,"lengthOfSecond":10},{"firstFileName":"YUSUF_ISA_ZERENUZ/LinkedListQuestions.cpp","secondFileName":"SUDE_ATANSAY/LinkedListQuestions.cpp","startInFirst":{"line":32,"column":4,"tokenListIndex":24},"endInFirst":{"line":41,"column":47,"tokenListIndex":31},"startInSecond":{"line":60,"column":3,"tokenListIndex":50},"endInSecond":{"line":72,"column":4,"tokenListIndex":57},"lengthOfFirst":8,"lengthOfSecond":8},{"firstFileName":"YUSUF_ISA_ZERENUZ/LinkedListQuestions.cpp","secondFileName":"SUDE_ATANSAY/LinkedListQuestions.cpp","startInFirst":{"line":58,"column":20,"tokenListIndex":43},"endInFirst":{"line":63,"column":6,"tokenListIndex":48},"startInSecond":{"line":10,"column":57,"tokenListIndex":3},"endInSecond":{"line":12,"column":7,"tokenListIndex":8},"lengthOfFirst":6,"lengthOfSecond":6}],"firstSimilarity":0.46153846153846156,"secondSimilarity":0.36363636363636365}