{"firstSubmissionId":"YUSUF_ERDEM_ALTINSOY","secondSubmissionId":"EDHEM_TATAR","similarities":{"AVG":0.6308724832214765,"MAX":0.6470588235294118,"MAXIMUM_LENGTH":82.0,"LONGEST_MATCH":14.0},"matches":[{"firstFileName":"YUSUF_ERDEM_ALTINSOY/LinkedListQuestions.cpp","secondFileName":"EDHEM_TATAR/LinkedListQuestions.cpp","startInFirst":{"line":9,"column":0,"tokenListIndex":0},"endInFirst":{"line":21,"column":2,"tokenListIndex":13},"startInSecond":{"line":26,"column":0,"tokenListIndex":15},"endInSecond":{"line":42,"column":3,"tokenListIndex":31},"lengthOfFirst":14,"lengthOfSecond":17},{"firstFileName":"YUSUF_ERDEM_ALTINSOY/LinkedListQuestions.cpp","secondFileName":"EDHEM_TATAR/LinkedListQuestions.cpp","startInFirst":{"line":28,"column":0,"tokenListIndex":17},"endInFirst":{"line":34,"column":8,"tokenListIndex":25},"startInSecond":{"line":9,"column":0,"tokenListIndex":0},"endInSecond":{"line":16,"column":10,"tokenListIndex":10},"lengthOfFirst":9,"lengthOfSecond":11},{"firstFileName":"YUSUF_ERDEM_ALTINSOY/LinkedListQuestions.cpp","secondFileName":"EDHEM_TATAR/LinkedListQuestions.cpp","startInFirst":{"line":39,"column":5,"tokenListIndex":28},"endInFirst":{"line":54,"column":2,"tokenListIndex":42},"startInSecond":{"line":44,"column":1,"tokenListIndex":33},"endInSecond":{"line":55,"column":3,"tokenListIndex":44},"lengthOfFirst":15,"lengthOfSecond":12},{"firstFileName":"YUSUF_ERDEM_ALTINSOY/LinkedListQuestions.cpp","secondFileName":"EDHEM_TATAR/LinkedListQuestions.cpp","startInFirst":{"line":69,"column":1,"tokenListIndex":53},"endInFirst":{"line":71,"column":5,"tokenListIndex":58},"startInSecond":{"line":65,"column":4,"tokenListIndex":53},"endInSecond":{"line":69,"column":12,"tokenListIndex":62},"lengthOfFirst":6,"lengthOfSecond":10}],"firstSimilarity":0.6470588235294118,"secondSimilarity":0.6172839506172839}