{"firstSubmissionId":"YUSUF_ERDEM_ALTINSOY","secondSubmissionId":"SERHAT_YUNUSEMRE_KALPAKLI","similarities":{"AVG":0.4,"MAX":0.4117647058823529,"MAXIMUM_LENGTH":73.0,"LONGEST_MATCH":11.0},"matches":[{"firstFileName":"YUSUF_ERDEM_ALTINSOY/LinkedListQuestions.cpp","secondFileName":"SERHAT_YUNUSEMRE_KALPAKLI/LinkedListQuestions.cpp","startInFirst":{"line":43,"column":3,"tokenListIndex":32},"endInFirst":{"line":54,"column":2,"tokenListIndex":42},"startInSecond":{"line":39,"column":3,"tokenListIndex":30},"endInSecond":{"line":49,"column":3,"tokenListIndex":40},"lengthOfFirst":11,"lengthOfSecond":11},{"firstFileName":"YUSUF_ERDEM_ALTINSOY/LinkedListQuestions.cpp","secondFileName":"SERHAT_YUNUSEMRE_KALPAKLI/LinkedListQuestions.cpp","startInFirst":{"line":61,"column":1,"tokenListIndex":49},"endInFirst":{"line":73,"column":1,"tokenListIndex":59},"startInSecond":{"line":70,"column":2,"tokenListIndex":57},"endInSecond":{"line":80,"column":2,"tokenListIndex":67},"lengthOfFirst":11,"lengthOfSecond":11},{"firstFileName":"YUSUF_ERDEM_ALTINSOY/LinkedListQuestions.cpp","secondFileName":"SERHAT_YUNUSEMRE_KALPAKLI/LinkedListQuestions.cpp","startInFirst":{"line":9,"column":0,"tokenListIndex":0},"endInFirst":{"line":11,"column":6,"tokenListIndex":5},"startInSecond":{"line":26,"column":0,"tokenListIndex":17},"endInSecond":{"line":27,"column":8,"tokenListIndex":22},"lengthOfFirst":6,"lengthOfSecond":6}],"firstSimilarity":0.4117647058823529,"secondSimilarity":0.3888888888888889}