{"firstSubmissionId":"YUSUF_ISA_ZERENUZ","secondSubmissionId":"EMRE_ERGUL","similarities":{"AVG":0.38095238095238093,"MAX":0.46153846153846156,"MAXIMUM_LENGTH":75.0,"LONGEST_MATCH":10.0},"matches":[{"firstFileName":"YUSUF_ISA_ZERENUZ/LinkedListQuestions.cpp","secondFileName":"EMRE_ERGUL/LinkedListQuestions.cpp","startInFirst":{"line":21,"column":0,"tokenListIndex":14},"endInFirst":{"line":31,"column":4,"tokenListIndex":23},"startInSecond":{"line":23,"column":0,"tokenListIndex":19},"endInSecond":{"line":32,"column":3,"tokenListIndex":28},"lengthOfFirst":10,"lengthOfSecond":10},{"firstFileName":"YUSUF_ISA_ZERENUZ/LinkedListQuestions.cpp","secondFileName":"EMRE_ERGUL/LinkedListQuestions.cpp","startInFirst":{"line":37,"column":0,"tokenListIndex":28},"endInFirst":{"line":45,"column":3,"tokenListIndex":35},"startInSecond":{"line":37,"column":0,"tokenListIndex":33},"endInSecond":{"line":44,"column":2,"tokenListIndex":40},"lengthOfFirst":8,"lengthOfSecond":8},{"firstFileName":"YUSUF_ISA_ZERENUZ/LinkedListQuestions.cpp","secondFileName":"EMRE_ERGUL/LinkedListQuestions.cpp","startInFirst":{"line":9,"column":0,"tokenListIndex":0},"endInFirst":{"line":11,"column":9,"tokenListIndex":5},"startInSecond":{"line":9,"column":0,"tokenListIndex":0},"endInSecond":{"line":10,"column":8,"tokenListIndex":5},"lengthOfFirst":6,"lengthOfSecond":6}],"firstSimilarity":0.46153846153846156,"secondSimilarity":0.32432432432432434}