{"firstSubmissionId":"YUSUF_ISA_ZERENUZ","secondSubmissionId":"CEYDA_SENAY","similarities":{"AVG":0.20512820512820512,"MAX":0.23076923076923078,"MAXIMUM_LENGTH":66.0,"LONGEST_MATCH":6.0},"matches":[{"firstFileName":"YUSUF_ISA_ZERENUZ/LinkedListQuestions.cpp","secondFileName":"CEYDA_SENAY/LinkedListQuestions.cpp","startInFirst":{"line":9,"column":0,"tokenListIndex":0},"endInFirst":{"line":11,"column":9,"tokenListIndex":5},"startInSecond":{"line":9,"column":0,"tokenListIndex":0},"endInSecond":{"line":13,"column":11,"tokenListIndex":5},"lengthOfFirst":6,"lengthOfSecond":6},{"firstFileName":"YUSUF_ISA_ZERENUZ/LinkedListQuestions.cpp","secondFileName":"CEYDA_SENAY/LinkedListQuestions.cpp","startInFirst":{"line":54,"column":0,"tokenListIndex":41},"endInFirst":{"line":62,"column":2,"tokenListIndex":46},"startInSecond":{"line":46,"column":2,"tokenListIndex":33},"endInSecond":{"line":51,"column":4,"tokenListIndex":38},"lengthOfFirst":6,"lengthOfSecond":6}],"firstSimilarity":0.23076923076923078,"secondSimilarity":0.18461538461538463}