{"firstSubmissionId":"YUSUF_ISA_ZERENUZ","secondSubmissionId":"EGE_HURIEL","similarities":{"AVG":0.3008849557522124,"MAX":0.3269230769230769,"MAXIMUM_LENGTH":62.0,"LONGEST_MATCH":10.0},"matches":[{"firstFileName":"YUSUF_ISA_ZERENUZ/LinkedListQuestions.cpp","secondFileName":"EGE_HURIEL/LinkedListQuestions.cpp","startInFirst":{"line":21,"column":0,"tokenListIndex":14},"endInFirst":{"line":31,"column":4,"tokenListIndex":23},"startInSecond":{"line":19,"column":0,"tokenListIndex":17},"endInSecond":{"line":29,"column":4,"tokenListIndex":26},"lengthOfFirst":10,"lengthOfSecond":10},{"firstFileName":"YUSUF_ISA_ZERENUZ/LinkedListQuestions.cpp","secondFileName":"EGE_HURIEL/LinkedListQuestions.cpp","startInFirst":{"line":37,"column":0,"tokenListIndex":28},"endInFirst":{"line":44,"column":2,"tokenListIndex":34},"startInSecond":{"line":34,"column":0,"tokenListIndex":31},"endInSecond":{"line":41,"column":8,"tokenListIndex":37},"lengthOfFirst":7,"lengthOfSecond":7}],"firstSimilarity":0.3269230769230769,"secondSimilarity":0.2786885245901639}