{"firstSubmissionId":"YUSUF_ERDEM_ALTINSOY","secondSubmissionId":"ERDAL_DENIZ_OZBEY","similarities":{"AVG":0.31724137931034485,"MAX":0.3382352941176471,"MAXIMUM_LENGTH":78.0,"LONGEST_MATCH":9.0},"matches":[{"firstFileName":"YUSUF_ERDEM_ALTINSOY/LinkedListQuestions.cpp","secondFileName":"ERDAL_DENIZ_OZBEY/LinkedListQuestions.cpp","startInFirst":{"line":41,"column":2,"tokenListIndex":30},"endInFirst":{"line":50,"column":6,"tokenListIndex":38},"startInSecond":{"line":22,"column":8,"tokenListIndex":20},"endInSecond":{"line":30,"column":31,"tokenListIndex":28},"lengthOfFirst":9,"lengthOfSecond":9},{"firstFileName":"YUSUF_ERDEM_ALTINSOY/LinkedListQuestions.cpp","secondFileName":"ERDAL_DENIZ_OZBEY/LinkedListQuestions.cpp","startInFirst":{"line":11,"column":1,"tokenListIndex":4},"endInFirst":{"line":18,"column":1,"tokenListIndex":11},"startInSecond":{"line":73,"column":5,"tokenListIndex":67},"endInSecond":{"line":80,"column":2,"tokenListIndex":74},"lengthOfFirst":8,"lengthOfSecond":8},{"firstFileName":"YUSUF_ERDEM_ALTINSOY/LinkedListQuestions.cpp","secondFileName":"ERDAL_DENIZ_OZBEY/LinkedListQuestions.cpp","startInFirst":{"line":34,"column":3,"tokenListIndex":24},"endInFirst":{"line":40,"column":4,"tokenListIndex":29},"startInSecond":{"line":15,"column":4,"tokenListIndex":13},"endInSecond":{"line":20,"column":8,"tokenListIndex":18},"lengthOfFirst":6,"lengthOfSecond":6}],"firstSimilarity":0.3382352941176471,"secondSimilarity":0.2987012987012987}