{"firstSubmissionId":"YUSUF_ISA_ZERENUZ","secondSubmissionId":"MERTCAN_ARSLAN","similarities":{"AVG":0.20967741935483872,"MAX":0.25,"MAXIMUM_LENGTH":73.0,"LONGEST_MATCH":7.0},"matches":[{"firstFileName":"YUSUF_ISA_ZERENUZ/LinkedListQuestions.cpp","secondFileName":"MERTCAN_ARSLAN/LinkedListQuestions.cpp","startInFirst":{"line":21,"column":0,"tokenListIndex":14},"endInFirst":{"line":27,"column":9,"tokenListIndex":20},"startInSecond":{"line":22,"column":0,"tokenListIndex":15},"endInSecond":{"line":27,"column":8,"tokenListIndex":21},"lengthOfFirst":7,"lengthOfSecond":7},{"firstFileName":"YUSUF_ISA_ZERENUZ/LinkedListQuestions.cpp","secondFileName":"MERTCAN_ARSLAN/LinkedListQuestions.cpp","startInFirst":{"line":34,"column":3,"tokenListIndex":26},"endInFirst":{"line":41,"column":47,"tokenListIndex":31},"startInSecond":{"line":61,"column":4,"tokenListIndex":56},"endInSecond":{"line":71,"column":1,"tokenListIndex":61},"lengthOfFirst":6,"lengthOfSecond":6}],"firstSimilarity":0.25,"secondSimilarity":0.18055555555555555}