{"firstSubmissionId":"YUSUF_ISA_ZERENUZ","secondSubmissionId":"ISMAIL_EFE_YALCINKAYA","similarities":{"AVG":0.4247787610619469,"MAX":0.46153846153846156,"MAXIMUM_LENGTH":62.0,"LONGEST_MATCH":10.0},"matches":[{"firstFileName":"YUSUF_ISA_ZERENUZ/LinkedListQuestions.cpp","secondFileName":"ISMAIL_EFE_YALCINKAYA/LinkedListQuestions.cpp","startInFirst":{"line":21,"column":0,"tokenListIndex":14},"endInFirst":{"line":31,"column":4,"tokenListIndex":23},"startInSecond":{"line":18,"column":0,"tokenListIndex":16},"endInSecond":{"line":26,"column":6,"tokenListIndex":25},"lengthOfFirst":10,"lengthOfSecond":10},{"firstFileName":"YUSUF_ISA_ZERENUZ/LinkedListQuestions.cpp","secondFileName":"ISMAIL_EFE_YALCINKAYA/LinkedListQuestions.cpp","startInFirst":{"line":32,"column":4,"tokenListIndex":24},"endInFirst":{"line":41,"column":47,"tokenListIndex":31},"startInSecond":{"line":47,"column":6,"tokenListIndex":46},"endInSecond":{"line":56,"column":2,"tokenListIndex":53},"lengthOfFirst":8,"lengthOfSecond":8},{"firstFileName":"YUSUF_ISA_ZERENUZ/LinkedListQuestions.cpp","secondFileName":"ISMAIL_EFE_YALCINKAYA/LinkedListQuestions.cpp","startInFirst":{"line":9,"column":0,"tokenListIndex":0},"endInFirst":{"line":11,"column":9,"tokenListIndex":5},"startInSecond":{"line":6,"column":0,"tokenListIndex":0},"endInSecond":{"line":7,"column":7,"tokenListIndex":5},"lengthOfFirst":6,"lengthOfSecond":6}],"firstSimilarity":0.46153846153846156,"secondSimilarity":0.39344262295081966}