{"firstSubmissionId":"YUSUF_ERDEM_ALTINSOY","secondSubmissionId":"MERTCAN_ARSLAN","similarities":{"AVG":0.32857142857142857,"MAX":0.3382352941176471,"MAXIMUM_LENGTH":73.0,"LONGEST_MATCH":9.0},"matches":[{"firstFileName":"YUSUF_ERDEM_ALTINSOY/LinkedListQuestions.cpp","secondFileName":"MERTCAN_ARSLAN/LinkedListQuestions.cpp","startInFirst":{"line":43,"column":3,"tokenListIndex":32},"endInFirst":{"line":51,"column":8,"tokenListIndex":40},"startInSecond":{"line":38,"column":3,"tokenListIndex":33},"endInSecond":{"line":46,"column":10,"tokenListIndex":41},"lengthOfFirst":9,"lengthOfSecond":9},{"firstFileName":"YUSUF_ERDEM_ALTINSOY/LinkedListQuestions.cpp","secondFileName":"MERTCAN_ARSLAN/LinkedListQuestions.cpp","startInFirst":{"line":61,"column":1,"tokenListIndex":49},"endInFirst":{"line":70,"column":6,"tokenListIndex":56},"startInSecond":{"line":64,"column":3,"tokenListIndex":57},"endInSecond":{"line":72,"column":8,"tokenListIndex":64},"lengthOfFirst":8,"lengthOfSecond":8},{"firstFileName":"YUSUF_ERDEM_ALTINSOY/LinkedListQuestions.cpp","secondFileName":"MERTCAN_ARSLAN/LinkedListQuestions.cpp","startInFirst":{"line":9,"column":0,"tokenListIndex":0},"endInFirst":{"line":11,"column":6,"tokenListIndex":5},"startInSecond":{"line":26,"column":0,"tokenListIndex":16},"endInSecond":{"line":27,"column":8,"tokenListIndex":21},"lengthOfFirst":6,"lengthOfSecond":6}],"firstSimilarity":0.3382352941176471,"secondSimilarity":0.3194444444444444}