{"firstSubmissionId":"YUSUF_ISA_ZERENUZ","secondSubmissionId":"OMER_FARUK_GUCER","similarities":{"AVG":0.4,"MAX":0.4230769230769231,"MAXIMUM_LENGTH":59.0,"LONGEST_MATCH":8.0},"matches":[{"firstFileName":"YUSUF_ISA_ZERENUZ/LinkedListQuestions.cpp","secondFileName":"OMER_FARUK_GUCER/LinkedListQuestions.cpp","startInFirst":{"line":17,"column":3,"tokenListIndex":10},"endInFirst":{"line":25,"column":39,"tokenListIndex":17},"startInSecond":{"line":47,"column":10,"tokenListIndex":43},"endInSecond":{"line":60,"column":4,"tokenListIndex":50},"lengthOfFirst":8,"lengthOfSecond":8},{"firstFileName":"YUSUF_ISA_ZERENUZ/LinkedListQuestions.cpp","secondFileName":"OMER_FARUK_GUCER/LinkedListQuestions.cpp","startInFirst":{"line":37,"column":0,"tokenListIndex":28},"endInFirst":{"line":45,"column":3,"tokenListIndex":35},"startInSecond":{"line":35,"column":0,"tokenListIndex":29},"endInSecond":{"line":42,"column":8,"tokenListIndex":36},"lengthOfFirst":8,"lengthOfSecond":8},{"firstFileName":"YUSUF_ISA_ZERENUZ/LinkedListQuestions.cpp","secondFileName":"OMER_FARUK_GUCER/LinkedListQuestions.cpp","startInFirst":{"line":9,"column":0,"tokenListIndex":0},"endInFirst":{"line":11,"column":9,"tokenListIndex":5},"startInSecond":{"line":9,"column":0,"tokenListIndex":0},"endInSecond":{"line":12,"column":11,"tokenListIndex":5},"lengthOfFirst":6,"lengthOfSecond":6}],"firstSimilarity":0.4230769230769231,"secondSimilarity":0.3793103448275862}