{"firstSubmissionId":"YUSUF_ERDEM_ALTINSOY","secondSubmissionId":"EMRE_ERGUL","similarities":{"AVG":0.5070422535211268,"MAX":0.5294117647058824,"MAXIMUM_LENGTH":75.0,"LONGEST_MATCH":15.0},"matches":[{"firstFileName":"YUSUF_ERDEM_ALTINSOY/LinkedListQuestions.cpp","secondFileName":"EMRE_ERGUL/LinkedListQuestions.cpp","startInFirst":{"line":34,"column":3,"tokenListIndex":24},"endInFirst":{"line":50,"column":6,"tokenListIndex":38},"startInSecond":{"line":28,"column":1,"tokenListIndex":24},"endInSecond":{"line":42,"column":8,"tokenListIndex":38},"lengthOfFirst":15,"lengthOfSecond":15},{"firstFileName":"YUSUF_ERDEM_ALTINSOY/LinkedListQuestions.cpp","secondFileName":"EMRE_ERGUL/LinkedListQuestions.cpp","startInFirst":{"line":9,"column":0,"tokenListIndex":0},"endInFirst":{"line":18,"column":1,"tokenListIndex":11},"startInSecond":{"line":9,"column":0,"tokenListIndex":0},"endInSecond":{"line":15,"column":1,"tokenListIndex":11},"lengthOfFirst":12,"lengthOfSecond":12},{"firstFileName":"YUSUF_ERDEM_ALTINSOY/LinkedListQuestions.cpp","secondFileName":"EMRE_ERGUL/LinkedListQuestions.cpp","startInFirst":{"line":60,"column":2,"tokenListIndex":48},"endInFirst":{"line":70,"column":6,"tokenListIndex":56},"startInSecond":{"line":49,"column":2,"tokenListIndex":42},"endInSecond":{"line":57,"column":5,"tokenListIndex":50},"lengthOfFirst":9,"lengthOfSecond":9}],"firstSimilarity":0.5294117647058824,"secondSimilarity":0.4864864864864865}