{"firstSubmissionId":"YUSUF_ISA_ZERENUZ","secondSubmissionId":"EDHEM_TATAR","similarities":{"AVG":0.2857142857142857,"MAX":0.36538461538461536,"MAXIMUM_LENGTH":82.0,"LONGEST_MATCH":7.0},"matches":[{"firstFileName":"YUSUF_ISA_ZERENUZ/LinkedListQuestions.cpp","secondFileName":"EDHEM_TATAR/LinkedListQuestions.cpp","startInFirst":{"line":21,"column":0,"tokenListIndex":14},"endInFirst":{"line":27,"column":9,"tokenListIndex":20},"startInSecond":{"line":22,"column":0,"tokenListIndex":14},"endInSecond":{"line":28,"column":10,"tokenListIndex":20},"lengthOfFirst":7,"lengthOfSecond":7},{"firstFileName":"YUSUF_ISA_ZERENUZ/LinkedListQuestions.cpp","secondFileName":"EDHEM_TATAR/LinkedListQuestions.cpp","startInFirst":{"line":37,"column":0,"tokenListIndex":28},"endInFirst":{"line":43,"column":9,"tokenListIndex":33},"startInSecond":{"line":45,"column":0,"tokenListIndex":35},"endInSecond":{"line":51,"column":10,"tokenListIndex":40},"lengthOfFirst":6,"lengthOfSecond":6},{"firstFileName":"YUSUF_ISA_ZERENUZ/LinkedListQuestions.cpp","secondFileName":"EDHEM_TATAR/LinkedListQuestions.cpp","startInFirst":{"line":52,"column":3,"tokenListIndex":39},"endInFirst":{"line":60,"column":2,"tokenListIndex":44},"startInSecond":{"line":80,"column":3,"tokenListIndex":71},"endInSecond":{"line":88,"column":2,"tokenListIndex":76},"lengthOfFirst":6,"lengthOfSecond":6}],"firstSimilarity":0.36538461538461536,"secondSimilarity":0.2345679012345679}