{"firstSubmissionId":"YUSUF_ISA_ZERENUZ","secondSubmissionId":"IRMAK_ZEHRA_EMRI","similarities":{"AVG":0.30158730158730157,"MAX":0.36538461538461536,"MAXIMUM_LENGTH":75.0,"LONGEST_MATCH":7.0},"matches":[{"firstFileName":"YUSUF_ISA_ZERENUZ/LinkedListQuestions.cpp","secondFileName":"IRMAK_ZEHRA_EMRI/LinkedListQuestions.cpp","startInFirst":{"line":58,"column":20,"tokenListIndex":43},"endInFirst":{"line":64,"column":2,"tokenListIndex":49},"startInSecond":{"line":34,"column":56,"tokenListIndex":29},"endInSecond":{"line":40,"column":0,"tokenListIndex":35},"lengthOfFirst":7,"lengthOfSecond":7},{"firstFileName":"YUSUF_ISA_ZERENUZ/LinkedListQuestions.cpp","secondFileName":"IRMAK_ZEHRA_EMRI/LinkedListQuestions.cpp","startInFirst":{"line":9,"column":0,"tokenListIndex":0},"endInFirst":{"line":11,"column":9,"tokenListIndex":5},"startInSecond":{"line":9,"column":0,"tokenListIndex":0},"endInSecond":{"line":12,"column":9,"tokenListIndex":5},"lengthOfFirst":6,"lengthOfSecond":6},{"firstFileName":"YUSUF_ISA_ZERENUZ/LinkedListQuestions.cpp","secondFileName":"IRMAK_ZEHRA_EMRI/LinkedListQuestions.cpp","startInFirst":{"line":37,"column":0,"tokenListIndex":28},"endInFirst":{"line":43,"column":9,"tokenListIndex":33},"startInSecond":{"line":47,"column":0,"tokenListIndex":41},"endInSecond":{"line":54,"column":9,"tokenListIndex":46},"lengthOfFirst":6,"lengthOfSecond":6}],"firstSimilarity":0.36538461538461536,"secondSimilarity":0.25675675675675674}