{"firstSubmissionId":"YUSUF_ERDEM_ALTINSOY","secondSubmissionId":"DEMIR_OZHAN","similarities":{"AVG":0.42038216560509556,"MAX":0.4852941176470588,"MAXIMUM_LENGTH":90.0,"LONGEST_MATCH":19.0},"matches":[{"firstFileName":"YUSUF_ERDEM_ALTINSOY/LinkedListQuestions.cpp","secondFileName":"DEMIR_OZHAN/LinkedListQuestions.cpp","startInFirst":{"line":34,"column":3,"tokenListIndex":24},"endInFirst":{"line":54,"column":2,"tokenListIndex":42},"startInSecond":{"line":39,"column":2,"tokenListIndex":32},"endInSecond":{"line":61,"column":3,"tokenListIndex":50},"lengthOfFirst":19,"lengthOfSecond":19},{"firstFileName":"YUSUF_ERDEM_ALTINSOY/LinkedListQuestions.cpp","secondFileName":"DEMIR_OZHAN/LinkedListQuestions.cpp","startInFirst":{"line":9,"column":0,"tokenListIndex":0},"endInFirst":{"line":13,"column":8,"tokenListIndex":7},"startInSecond":{"line":9,"column":0,"tokenListIndex":0},"endInSecond":{"line":11,"column":6,"tokenListIndex":7},"lengthOfFirst":8,"lengthOfSecond":8},{"firstFileName":"YUSUF_ERDEM_ALTINSOY/LinkedListQuestions.cpp","secondFileName":"DEMIR_OZHAN/LinkedListQuestions.cpp","startInFirst":{"line":23,"column":1,"tokenListIndex":15},"endInFirst":{"line":28,"column":56,"tokenListIndex":20},"startInSecond":{"line":33,"column":2,"tokenListIndex":26},"endInSecond":{"line":38,"column":56,"tokenListIndex":31},"lengthOfFirst":6,"lengthOfSecond":6}],"firstSimilarity":0.4852941176470588,"secondSimilarity":0.3707865168539326}