{"firstSubmissionId":"YUSUF_ISA_ZERENUZ","secondSubmissionId":"ALP_DIKMEN","similarities":{"AVG":0.3963963963963964,"MAX":0.4230769230769231,"MAXIMUM_LENGTH":60.0,"LONGEST_MATCH":10.0},"matches":[{"firstFileName":"YUSUF_ISA_ZERENUZ/LinkedListQuestions.cpp","secondFileName":"ALP_DIKMEN/LinkedListQuestions.cpp","startInFirst":{"line":21,"column":0,"tokenListIndex":14},"endInFirst":{"line":31,"column":4,"tokenListIndex":23},"startInSecond":{"line":26,"column":0,"tokenListIndex":12},"endInSecond":{"line":38,"column":3,"tokenListIndex":21},"lengthOfFirst":10,"lengthOfSecond":10},{"firstFileName":"YUSUF_ISA_ZERENUZ/LinkedListQuestions.cpp","secondFileName":"ALP_DIKMEN/LinkedListQuestions.cpp","startInFirst":{"line":9,"column":0,"tokenListIndex":0},"endInFirst":{"line":11,"column":9,"tokenListIndex":5},"startInSecond":{"line":9,"column":0,"tokenListIndex":0},"endInSecond":{"line":13,"column":11,"tokenListIndex":5},"lengthOfFirst":6,"lengthOfSecond":6},{"firstFileName":"YUSUF_ISA_ZERENUZ/LinkedListQuestions.cpp","secondFileName":"ALP_DIKMEN/LinkedListQuestions.cpp","startInFirst":{"line":33,"column":4,"tokenListIndex":25},"endInFirst":{"line":41,"column":26,"tokenListIndex":30},"startInSecond":{"line":84,"column":3,"tokenListIndex":50},"endInSecond":{"line":93,"column":20,"tokenListIndex":55},"lengthOfFirst":6,"lengthOfSecond":6}],"firstSimilarity":0.4230769230769231,"secondSimilarity":0.3728813559322034}