{"firstSubmissionId":"YUSUF_ISA_ZERENUZ","secondSubmissionId":"DENIZ_KAYRA_AYDIN","similarities":{"AVG":0.34234234234234234,"MAX":0.36538461538461536,"MAXIMUM_LENGTH":60.0,"LONGEST_MATCH":7.0},"matches":[{"firstFileName":"YUSUF_ISA_ZERENUZ/LinkedListQuestions.cpp","secondFileName":"DENIZ_KAYRA_AYDIN/LinkedListQuestions.cpp","startInFirst":{"line":21,"column":0,"tokenListIndex":14},"endInFirst":{"line":27,"column":9,"tokenListIndex":20},"startInSecond":{"line":24,"column":0,"tokenListIndex":16},"endInSecond":{"line":31,"column":14,"tokenListIndex":22},"lengthOfFirst":7,"lengthOfSecond":7},{"firstFileName":"YUSUF_ISA_ZERENUZ/LinkedListQuestions.cpp","secondFileName":"DENIZ_KAYRA_AYDIN/LinkedListQuestions.cpp","startInFirst":{"line":9,"column":0,"tokenListIndex":0},"endInFirst":{"line":11,"column":9,"tokenListIndex":5},"startInSecond":{"line":9,"column":0,"tokenListIndex":0},"endInSecond":{"line":11,"column":12,"tokenListIndex":5},"lengthOfFirst":6,"lengthOfSecond":6},{"firstFileName":"YUSUF_ISA_ZERENUZ/LinkedListQuestions.cpp","secondFileName":"DENIZ_KAYRA_AYDIN/LinkedListQuestions.cpp","startInFirst":{"line":37,"column":0,"tokenListIndex":28},"endInFirst":{"line":43,"column":9,"tokenListIndex":33},"startInSecond":{"line":39,"column":0,"tokenListIndex":31},"endInSecond":{"line":46,"column":11,"tokenListIndex":36},"lengthOfFirst":6,"lengthOfSecond":6}],"firstSimilarity":0.36538461538461536,"secondSimilarity":0.3220338983050847}