{"firstSubmissionId":"YUSUF_ISA_ZERENUZ","secondSubmissionId":"DEMIR_OZHAN","similarities":{"AVG":0.46808510638297873,"MAX":0.6346153846153846,"MAXIMUM_LENGTH":90.0,"LONGEST_MATCH":11.0},"matches":[{"firstFileName":"YUSUF_ISA_ZERENUZ/LinkedListQuestions.cpp","secondFileName":"DEMIR_OZHAN/LinkedListQuestions.cpp","startInFirst":{"line":51,"column":4,"tokenListIndex":38},"endInFirst":{"line":63,"column":6,"tokenListIndex":48},"startInSecond":{"line":90,"column":2,"tokenListIndex":71},"endInSecond":{"line":104,"column":9,"tokenListIndex":81},"lengthOfFirst":11,"lengthOfSecond":11},{"firstFileName":"YUSUF_ISA_ZERENUZ/LinkedListQuestions.cpp","secondFileName":"DEMIR_OZHAN/LinkedListQuestions.cpp","startInFirst":{"line":21,"column":0,"tokenListIndex":14},"endInFirst":{"line":31,"column":4,"tokenListIndex":23},"startInSecond":{"line":34,"column":0,"tokenListIndex":27},"endInSecond":{"line":45,"column":4,"tokenListIndex":36},"lengthOfFirst":10,"lengthOfSecond":10},{"firstFileName":"YUSUF_ISA_ZERENUZ/LinkedListQuestions.cpp","secondFileName":"DEMIR_OZHAN/LinkedListQuestions.cpp","startInFirst":{"line":9,"column":0,"tokenListIndex":0},"endInFirst":{"line":11,"column":9,"tokenListIndex":5},"startInSecond":{"line":9,"column":0,"tokenListIndex":0},"endInSecond":{"line":10,"column":9,"tokenListIndex":5},"lengthOfFirst":6,"lengthOfSecond":6},{"firstFileName":"YUSUF_ISA_ZERENUZ/LinkedListQuestions.cpp","secondFileName":"DEMIR_OZHAN/LinkedListQuestions.cpp","startInFirst":{"line":37,"column":0,"tokenListIndex":28},"endInFirst":{"line":43,"column":9,"tokenListIndex":33},"startInSecond":{"line":51,"column":0,"tokenListIndex":41},"endInSecond":{"line":56,"column":9,"tokenListIndex":46},"lengthOfFirst":6,"lengthOfSecond":6}],"firstSimilarity":0.6346153846153846,"secondSimilarity":0.3707865168539326}