{"firstSubmissionId":"YUSUF_ISA_ZERENUZ","secondSubmissionId":"EYLUL_COSKUN","similarities":{"AVG":0.8952380952380953,"MAX":0.9433962264150944,"MAXIMUM_LENGTH":54.0,"LONGEST_MATCH":38.0},"matches":[{"firstFileName":"YUSUF_ISA_ZERENUZ/LinkedListQuestions.cpp","secondFileName":"EYLUL_COSKUN/LinkedListQuestions.cpp","startInFirst":{"line":9,"column":0,"tokenListIndex":0},"endInFirst":{"line":11,"column":9,"tokenListIndex":5},"startInSecond":{"line":9,"column":0,"tokenListIndex":0},"endInSecond":{"line":12,"column":9,"tokenListIndex":5},"lengthOfFirst":6,"lengthOfSecond":6},{"firstFileName":"YUSUF_ISA_ZERENUZ/LinkedListQuestions.cpp","secondFileName":"EYLUL_COSKUN/LinkedListQuestions.cpp","startInFirst":{"line":12,"column":2,"tokenListIndex":6},"endInFirst":{"line":58,"column":20,"tokenListIndex":43},"startInSecond":{"line":15,"column":2,"tokenListIndex":8},"endInSecond":{"line":67,"column":20,"tokenListIndex":51},"lengthOfFirst":38,"lengthOfSecond":44}],"firstSimilarity":0.8461538461538461,"secondSimilarity":0.9433962264150944}