{"firstSubmissionId":"YUSUF_ISA_ZERENUZ","secondSubmissionId":"YUSUF_ERDEM_ALTINSOY","similarities":{"AVG":0.31666666666666665,"MAX":0.36538461538461536,"MAXIMUM_LENGTH":69.0,"LONGEST_MATCH":7.0},"matches":[{"firstFileName":"YUSUF_ISA_ZERENUZ/LinkedListQuestions.cpp","secondFileName":"YUSUF_ERDEM_ALTINSOY/LinkedListQuestions.cpp","startInFirst":{"line":58,"column":20,"tokenListIndex":43},"endInFirst":{"line":64,"column":2,"tokenListIndex":49},"startInSecond":{"line":28,"column":56,"tokenListIndex":20},"endInSecond":{"line":36,"column":3,"tokenListIndex":26},"lengthOfFirst":7,"lengthOfSecond":7},{"firstFileName":"YUSUF_ISA_ZERENUZ/LinkedListQuestions.cpp","secondFileName":"YUSUF_ERDEM_ALTINSOY/LinkedListQuestions.cpp","startInFirst":{"line":9,"column":0,"tokenListIndex":0},"endInFirst":{"line":11,"column":9,"tokenListIndex":5},"startInSecond":{"line":9,"column":0,"tokenListIndex":0},"endInSecond":{"line":11,"column":6,"tokenListIndex":5},"lengthOfFirst":6,"lengthOfSecond":6},{"firstFileName":"YUSUF_ISA_ZERENUZ/LinkedListQuestions.cpp","secondFileName":"YUSUF_ERDEM_ALTINSOY/LinkedListQuestions.cpp","startInFirst":{"line":37,"column":0,"tokenListIndex":28},"endInFirst":{"line":43,"column":9,"tokenListIndex":33},"startInSecond":{"line":44,"column":0,"tokenListIndex":33},"endInSecond":{"line":50,"column":6,"tokenListIndex":38},"lengthOfFirst":6,"lengthOfSecond":6}],"firstSimilarity":0.36538461538461536,"secondSimilarity":0.27941176470588236}