{"firstSubmissionId":"YUSUF_ISA_ZERENUZ","secondSubmissionId":"ALGUHAN_KURULAR","similarities":{"AVG":0.4369747899159664,"MAX":0.5,"MAXIMUM_LENGTH":68.0,"LONGEST_MATCH":14.0},"matches":[{"firstFileName":"YUSUF_ISA_ZERENUZ/LinkedListQuestions.cpp","secondFileName":"ALGUHAN_KURULAR/LinkedListQuestions.cpp","startInFirst":{"line":21,"column":0,"tokenListIndex":14},"endInFirst":{"line":35,"column":2,"tokenListIndex":27},"startInSecond":{"line":23,"column":0,"tokenListIndex":20},"endInSecond":{"line":36,"column":2,"tokenListIndex":33},"lengthOfFirst":14,"lengthOfSecond":14},{"firstFileName":"YUSUF_ISA_ZERENUZ/LinkedListQuestions.cpp","secondFileName":"ALGUHAN_KURULAR/LinkedListQuestions.cpp","startInFirst":{"line":9,"column":0,"tokenListIndex":0},"endInFirst":{"line":11,"column":9,"tokenListIndex":5},"startInSecond":{"line":9,"column":0,"tokenListIndex":0},"endInSecond":{"line":10,"column":9,"tokenListIndex":5},"lengthOfFirst":6,"lengthOfSecond":6},{"firstFileName":"YUSUF_ISA_ZERENUZ/LinkedListQuestions.cpp","secondFileName":"ALGUHAN_KURULAR/LinkedListQuestions.cpp","startInFirst":{"line":37,"column":0,"tokenListIndex":28},"endInFirst":{"line":43,"column":9,"tokenListIndex":33},"startInSecond":{"line":38,"column":0,"tokenListIndex":35},"endInSecond":{"line":43,"column":9,"tokenListIndex":40},"lengthOfFirst":6,"lengthOfSecond":6}],"firstSimilarity":0.5,"secondSimilarity":0.3880597014925373}