{"firstSubmissionId":"YUSUF_ISA_ZERENUZ","secondSubmissionId":"ERDAL_DENIZ_OZBEY","similarities":{"AVG":0.31007751937984496,"MAX":0.38461538461538464,"MAXIMUM_LENGTH":78.0,"LONGEST_MATCH":8.0},"matches":[{"firstFileName":"YUSUF_ISA_ZERENUZ/LinkedListQuestions.cpp","secondFileName":"ERDAL_DENIZ_OZBEY/LinkedListQuestions.cpp","startInFirst":{"line":50,"column":4,"tokenListIndex":37},"endInFirst":{"line":60,"column":2,"tokenListIndex":44},"startInSecond":{"line":60,"column":10,"tokenListIndex":55},"endInSecond":{"line":68,"column":1,"tokenListIndex":62},"lengthOfFirst":8,"lengthOfSecond":8},{"firstFileName":"YUSUF_ISA_ZERENUZ/LinkedListQuestions.cpp","secondFileName":"ERDAL_DENIZ_OZBEY/LinkedListQuestions.cpp","startInFirst":{"line":9,"column":0,"tokenListIndex":0},"endInFirst":{"line":11,"column":9,"tokenListIndex":5},"startInSecond":{"line":9,"column":0,"tokenListIndex":0},"endInSecond":{"line":10,"column":9,"tokenListIndex":5},"lengthOfFirst":6,"lengthOfSecond":6},{"firstFileName":"YUSUF_ISA_ZERENUZ/LinkedListQuestions.cpp","secondFileName":"ERDAL_DENIZ_OZBEY/LinkedListQuestions.cpp","startInFirst":{"line":37,"column":0,"tokenListIndex":28},"endInFirst":{"line":43,"column":9,"tokenListIndex":33},"startInSecond":{"line":25,"column":0,"tokenListIndex":23},"endInSecond":{"line":30,"column":31,"tokenListIndex":28},"lengthOfFirst":6,"lengthOfSecond":6}],"firstSimilarity":0.38461538461538464,"secondSimilarity":0.2597402597402597}