{"firstSubmissionId":"YUSUF_ISA_ZERENUZ","secondSubmissionId":"SERHAT_YUNUSEMRE_KALPAKLI","similarities":{"AVG":0.3064516129032258,"MAX":0.36538461538461536,"MAXIMUM_LENGTH":73.0,"LONGEST_MATCH":7.0},"matches":[{"firstFileName":"YUSUF_ISA_ZERENUZ/LinkedListQuestions.cpp","secondFileName":"SERHAT_YUNUSEMRE_KALPAKLI/LinkedListQuestions.cpp","startInFirst":{"line":18,"column":4,"tokenListIndex":11},"endInFirst":{"line":25,"column":39,"tokenListIndex":17},"startInSecond":{"line":67,"column":2,"tokenListIndex":55},"endInSecond":{"line":76,"column":2,"tokenListIndex":61},"lengthOfFirst":7,"lengthOfSecond":7},{"firstFileName":"YUSUF_ISA_ZERENUZ/LinkedListQuestions.cpp","secondFileName":"SERHAT_YUNUSEMRE_KALPAKLI/LinkedListQuestions.cpp","startInFirst":{"line":9,"column":0,"tokenListIndex":0},"endInFirst":{"line":11,"column":9,"tokenListIndex":5},"startInSecond":{"line":26,"column":0,"tokenListIndex":17},"endInSecond":{"line":27,"column":8,"tokenListIndex":22},"lengthOfFirst":6,"lengthOfSecond":6},{"firstFileName":"YUSUF_ISA_ZERENUZ/LinkedListQuestions.cpp","secondFileName":"SERHAT_YUNUSEMRE_KALPAKLI/LinkedListQuestions.cpp","startInFirst":{"line":37,"column":0,"tokenListIndex":28},"endInFirst":{"line":43,"column":9,"tokenListIndex":33},"startInSecond":{"line":41,"column":0,"tokenListIndex":31},"endInSecond":{"line":46,"column":8,"tokenListIndex":36},"lengthOfFirst":6,"lengthOfSecond":6}],"firstSimilarity":0.36538461538461536,"secondSimilarity":0.2638888888888889}