{"firstSubmissionId":"YUSUF_ERDEM_ALTINSOY","secondSubmissionId":"IRMAK_ZEHRA_EMRI","similarities":{"AVG":0.647887323943662,"MAX":0.6764705882352942,"MAXIMUM_LENGTH":75.0,"LONGEST_MATCH":15.0},"matches":[{"firstFileName":"YUSUF_ERDEM_ALTINSOY/LinkedListQuestions.cpp","secondFileName":"IRMAK_ZEHRA_EMRI/LinkedListQuestions.cpp","startInFirst":{"line":40,"column":4,"tokenListIndex":29},"endInFirst":{"line":55,"column":3,"tokenListIndex":43},"startInSecond":{"line":43,"column":1,"tokenListIndex":37},"endInSecond":{"line":59,"column":6,"tokenListIndex":51},"lengthOfFirst":15,"lengthOfSecond":15},{"firstFileName":"YUSUF_ERDEM_ALTINSOY/LinkedListQuestions.cpp","secondFileName":"IRMAK_ZEHRA_EMRI/LinkedListQuestions.cpp","startInFirst":{"line":23,"column":1,"tokenListIndex":15},"endInFirst":{"line":37,"column":4,"tokenListIndex":27},"startInSecond":{"line":29,"column":2,"tokenListIndex":24},"endInSecond":{"line":41,"column":1,"tokenListIndex":36},"lengthOfFirst":13,"lengthOfSecond":13},{"firstFileName":"YUSUF_ERDEM_ALTINSOY/LinkedListQuestions.cpp","secondFileName":"IRMAK_ZEHRA_EMRI/LinkedListQuestions.cpp","startInFirst":{"line":64,"column":0,"tokenListIndex":50},"endInFirst":{"line":73,"column":1,"tokenListIndex":59},"startInSecond":{"line":67,"column":0,"tokenListIndex":57},"endInSecond":{"line":79,"column":2,"tokenListIndex":66},"lengthOfFirst":10,"lengthOfSecond":10},{"firstFileName":"YUSUF_ERDEM_ALTINSOY/LinkedListQuestions.cpp","secondFileName":"IRMAK_ZEHRA_EMRI/LinkedListQuestions.cpp","startInFirst":{"line":9,"column":0,"tokenListIndex":0},"endInFirst":{"line":13,"column":8,"tokenListIndex":7},"startInSecond":{"line":9,"column":0,"tokenListIndex":0},"endInSecond":{"line":13,"column":6,"tokenListIndex":7},"lengthOfFirst":8,"lengthOfSecond":8}],"firstSimilarity":0.6764705882352942,"secondSimilarity":0.6216216216216216}