{"id1":"ABDULLAH_MERT_OZDEM","id2":"FATIH_KAGAN_CEBI","similarity":1.0,"matches":[{"file1":"ABDULLAH_MERT_OZDEM/StackQuestionsNonMember.cpp","file2":"FATIH_KAGAN_CEBI/StackQuestionsNonMember.cpp","start1":4,"end1":52,"start2":4,"end2":52,"tokens":47},{"file1":"ABDULLAH_MERT_OZDEM/StackQuestionsMember.tpp","file2":"FATIH_KAGAN_CEBI/StackQuestionsMember.tpp","start1":4,"end1":36,"start2":4,"end2":36,"tokens":34},{"file1":"ABDULLAH_MERT_OZDEM/StackQuestionsNonMember.tpp","file2":"FATIH_KAGAN_CEBI/StackQuestionsNonMember.tpp","start1":4,"end1":38,"start2":4,"end2":38,"tokens":30}]}