{"jplag_version":{"major":4,"minor":3,"patch":0},"submission_folder_path":["/home/bestsithineu/Desktop/CSE211-Fall25/section1/labwork2-Odd"],"base_code_folder_path":"base","language":"C/C++ Scanner [basic markup]","file_extensions":[".tpp",".cpp"],"submission_id_to_display_name":{"AYBERK_SENSOZ":"AYBERK_SENSOZ","EGE_KARTAL":"EGE_KARTAL","EMIR_KEREM_ISILDAR":"EMIR_KEREM_ISILDAR","SEVKET_YESILPEKMEZ_MACOS":"SEVKET_YESILPEKMEZ_MACOS","GPT":"GPT","HASAN_ZAFER_BILIR":"HASAN_ZAFER_BILIR","DORUK_OCAL":"DORUK_OCAL","CIHAT_OZLUK":"CIHAT_OZLUK","EDA_GUL_CETINEL":"EDA_GUL_CETINEL","NEVZAT_OGUZHAN_TOPUZ":"NEVZAT_OGUZHAN_TOPUZ","ELIF_NAZ_TURAN":"ELIF_NAZ_TURAN","KEREM_KOSE":"KEREM_KOSE","MEHMET_ALI_CIFCI":"MEHMET_ALI_CIFCI","FATIH_KAGAN_CEBI":"FATIH_KAGAN_CEBI","ISMAIL_ERIM_ATAKTURK":"ISMAIL_ERIM_ATAKTURK","SERKAN_YILMAZ":"SERKAN_YILMAZ","BERKE_TURKBAY":"BERKE_TURKBAY","MUHAMMED_EMIN_SEKER":"MUHAMMED_EMIN_SEKER","EYLUL_PIRINCAL":"EYLUL_PIRINCAL","BEGUM_HAMARAT":"BEGUM_HAMARAT","BAHA_ARDA_INALKUT":"BAHA_ARDA_INALKUT","ABDULLAH_MERT_OZDEM":"ABDULLAH_MERT_OZDEM","HATICE_SENA_SES":"HATICE_SENA_SES","BORA_YALCIN":"BORA_YALCIN","CLAUDE":"CLAUDE","MEHMET_EREN_GUNER":"MEHMET_EREN_GUNER"},"submission_ids_to_comparison_file_name":{"AYBERK_SENSOZ":{"EGE_KARTAL":"AYBERK_SENSOZ-EGE_KARTAL.json","EMIR_KEREM_ISILDAR":"AYBERK_SENSOZ-EMIR_KEREM_ISILDAR.json","SEVKET_YESILPEKMEZ_MACOS":"AYBERK_SENSOZ-SEVKET_YESILPEKMEZ_MACOS.json","GPT":"AYBERK_SENSOZ-GPT.json","HASAN_ZAFER_BILIR":"AYBERK_SENSOZ-HASAN_ZAFER_BILIR.json","DORUK_OCAL":"AYBERK_SENSOZ-DORUK_OCAL.json","CIHAT_OZLUK":"AYBERK_SENSOZ-CIHAT_OZLUK.json","EDA_GUL_CETINEL":"AYBERK_SENSOZ-EDA_GUL_CETINEL.json","ELIF_NAZ_TURAN":"ELIF_NAZ_TURAN-AYBERK_SENSOZ.json","NEVZAT_OGUZHAN_TOPUZ":"AYBERK_SENSOZ-NEVZAT_OGUZHAN_TOPUZ.json","KEREM_KOSE":"AYBERK_SENSOZ-KEREM_KOSE.json","MEHMET_ALI_CIFCI":"MEHMET_ALI_CIFCI-AYBERK_SENSOZ.json","FATIH_KAGAN_CEBI":"AYBERK_SENSOZ-FATIH_KAGAN_CEBI.json","ISMAIL_ERIM_ATAKTURK":"ISMAIL_ERIM_ATAKTURK-AYBERK_SENSOZ.json","BERKE_TURKBAY":"AYBERK_SENSOZ-BERKE_TURKBAY.json","SERKAN_YILMAZ":"AYBERK_SENSOZ-SERKAN_YILMAZ.json","MUHAMMED_EMIN_SEKER":"AYBERK_SENSOZ-MUHAMMED_EMIN_SEKER.json","EYLUL_PIRINCAL":"EYLUL_PIRINCAL-AYBERK_SENSOZ.json","BEGUM_HAMARAT":"AYBERK_SENSOZ-BEGUM_HAMARAT.json","BAHA_ARDA_INALKUT":"AYBERK_SENSOZ-BAHA_ARDA_INALKUT.json","HATICE_SENA_SES":"AYBERK_SENSOZ-HATICE_SENA_SES.json","ABDULLAH_MERT_OZDEM":"AYBERK_SENSOZ-ABDULLAH_MERT_OZDEM.json","BORA_YALCIN":"AYBERK_SENSOZ-BORA_YALCIN.json","CLAUDE":"AYBERK_SENSOZ-CLAUDE.json","MEHMET_EREN_GUNER":"AYBERK_SENSOZ-MEHMET_EREN_GUNER.json"},"EGE_KARTAL":{"NEVZAT_OGUZHAN_TOPUZ":"NEVZAT_OGUZHAN_TOPUZ-EGE_KARTAL.json","AYBERK_SENSOZ":"AYBERK_SENSOZ-EGE_KARTAL.json","SERKAN_YILMAZ":"SERKAN_YILMAZ-EGE_KARTAL.json"},"EMIR_KEREM_ISILDAR":{"NEVZAT_OGUZHAN_TOPUZ":"NEVZAT_OGUZHAN_TOPUZ-EMIR_KEREM_ISILDAR.json","AYBERK_SENSOZ":"AYBERK_SENSOZ-EMIR_KEREM_ISILDAR.json","CLAUDE":"EMIR_KEREM_ISILDAR-CLAUDE.json"},"SEVKET_YESILPEKMEZ_MACOS":{"BEGUM_HAMARAT":"SEVKET_YESILPEKMEZ_MACOS-BEGUM_HAMARAT.json","FATIH_KAGAN_CEBI":"SEVKET_YESILPEKMEZ_MACOS-FATIH_KAGAN_CEBI.json","NEVZAT_OGUZHAN_TOPUZ":"SEVKET_YESILPEKMEZ_MACOS-NEVZAT_OGUZHAN_TOPUZ.json","AYBERK_SENSOZ":"AYBERK_SENSOZ-SEVKET_YESILPEKMEZ_MACOS.json","ISMAIL_ERIM_ATAKTURK":"ISMAIL_ERIM_ATAKTURK-SEVKET_YESILPEKMEZ_MACOS.json","ABDULLAH_MERT_OZDEM":"SEVKET_YESILPEKMEZ_MACOS-ABDULLAH_MERT_OZDEM.json","CLAUDE":"SEVKET_YESILPEKMEZ_MACOS-CLAUDE.json","MEHMET_EREN_GUNER":"SEVKET_YESILPEKMEZ_MACOS-MEHMET_EREN_GUNER.json","EYLUL_PIRINCAL":"EYLUL_PIRINCAL-SEVKET_YESILPEKMEZ_MACOS.json"},"GPT":{"FATIH_KAGAN_CEBI":"GPT-FATIH_KAGAN_CEBI.json","BEGUM_HAMARAT":"BEGUM_HAMARAT-GPT.json","NEVZAT_OGUZHAN_TOPUZ":"NEVZAT_OGUZHAN_TOPUZ-GPT.json","AYBERK_SENSOZ":"AYBERK_SENSOZ-GPT.json","SERKAN_YILMAZ":"SERKAN_YILMAZ-GPT.json","ABDULLAH_MERT_OZDEM":"ABDULLAH_MERT_OZDEM-GPT.json","MUHAMMED_EMIN_SEKER":"GPT-MUHAMMED_EMIN_SEKER.json","MEHMET_EREN_GUNER":"MEHMET_EREN_GUNER-GPT.json"},"HASAN_ZAFER_BILIR":{"NEVZAT_OGUZHAN_TOPUZ":"NEVZAT_OGUZHAN_TOPUZ-HASAN_ZAFER_BILIR.json","AYBERK_SENSOZ":"AYBERK_SENSOZ-HASAN_ZAFER_BILIR.json"},"DORUK_OCAL":{"NEVZAT_OGUZHAN_TOPUZ":"NEVZAT_OGUZHAN_TOPUZ-DORUK_OCAL.json","AYBERK_SENSOZ":"AYBERK_SENSOZ-DORUK_OCAL.json","BERKE_TURKBAY":"DORUK_OCAL-BERKE_TURKBAY.json"},"CIHAT_OZLUK":{"NEVZAT_OGUZHAN_TOPUZ":"CIHAT_OZLUK-NEVZAT_OGUZHAN_TOPUZ.json","AYBERK_SENSOZ":"AYBERK_SENSOZ-CIHAT_OZLUK.json"},"EDA_GUL_CETINEL":{"BEGUM_HAMARAT":"EDA_GUL_CETINEL-BEGUM_HAMARAT.json","FATIH_KAGAN_CEBI":"EDA_GUL_CETINEL-FATIH_KAGAN_CEBI.json","NEVZAT_OGUZHAN_TOPUZ":"NEVZAT_OGUZHAN_TOPUZ-EDA_GUL_CETINEL.json","AYBERK_SENSOZ":"AYBERK_SENSOZ-EDA_GUL_CETINEL.json","ISMAIL_ERIM_ATAKTURK":"ISMAIL_ERIM_ATAKTURK-EDA_GUL_CETINEL.json","SERKAN_YILMAZ":"SERKAN_YILMAZ-EDA_GUL_CETINEL.json","ABDULLAH_MERT_OZDEM":"EDA_GUL_CETINEL-ABDULLAH_MERT_OZDEM.json","CLAUDE":"EDA_GUL_CETINEL-CLAUDE.json","EYLUL_PIRINCAL":"EYLUL_PIRINCAL-EDA_GUL_CETINEL.json"},"NEVZAT_OGUZHAN_TOPUZ":{"EGE_KARTAL":"NEVZAT_OGUZHAN_TOPUZ-EGE_KARTAL.json","AYBERK_SENSOZ":"AYBERK_SENSOZ-NEVZAT_OGUZHAN_TOPUZ.json","EMIR_KEREM_ISILDAR":"NEVZAT_OGUZHAN_TOPUZ-EMIR_KEREM_ISILDAR.json","SEVKET_YESILPEKMEZ_MACOS":"SEVKET_YESILPEKMEZ_MACOS-NEVZAT_OGUZHAN_TOPUZ.json","GPT":"NEVZAT_OGUZHAN_TOPUZ-GPT.json","HASAN_ZAFER_BILIR":"NEVZAT_OGUZHAN_TOPUZ-HASAN_ZAFER_BILIR.json","DORUK_OCAL":"NEVZAT_OGUZHAN_TOPUZ-DORUK_OCAL.json","CIHAT_OZLUK":"CIHAT_OZLUK-NEVZAT_OGUZHAN_TOPUZ.json","EDA_GUL_CETINEL":"NEVZAT_OGUZHAN_TOPUZ-EDA_GUL_CETINEL.json","ELIF_NAZ_TURAN":"ELIF_NAZ_TURAN-NEVZAT_OGUZHAN_TOPUZ.json","KEREM_KOSE":"NEVZAT_OGUZHAN_TOPUZ-KEREM_KOSE.json","MEHMET_ALI_CIFCI":"MEHMET_ALI_CIFCI-NEVZAT_OGUZHAN_TOPUZ.json","FATIH_KAGAN_CEBI":"NEVZAT_OGUZHAN_TOPUZ-FATIH_KAGAN_CEBI.json","ISMAIL_ERIM_ATAKTURK":"ISMAIL_ERIM_ATAKTURK-NEVZAT_OGUZHAN_TOPUZ.json","BERKE_TURKBAY":"NEVZAT_OGUZHAN_TOPUZ-BERKE_TURKBAY.json","SERKAN_YILMAZ":"SERKAN_YILMAZ-NEVZAT_OGUZHAN_TOPUZ.json","MUHAMMED_EMIN_SEKER":"NEVZAT_OGUZHAN_TOPUZ-MUHAMMED_EMIN_SEKER.json","EYLUL_PIRINCAL":"EYLUL_PIRINCAL-NEVZAT_OGUZHAN_TOPUZ.json","BAHA_ARDA_INALKUT":"BAHA_ARDA_INALKUT-NEVZAT_OGUZHAN_TOPUZ.json","BEGUM_HAMARAT":"NEVZAT_OGUZHAN_TOPUZ-BEGUM_HAMARAT.json","HATICE_SENA_SES":"NEVZAT_OGUZHAN_TOPUZ-HATICE_SENA_SES.json","ABDULLAH_MERT_OZDEM":"NEVZAT_OGUZHAN_TOPUZ-ABDULLAH_MERT_OZDEM.json","BORA_YALCIN":"NEVZAT_OGUZHAN_TOPUZ-BORA_YALCIN.json","CLAUDE":"NEVZAT_OGUZHAN_TOPUZ-CLAUDE.json","MEHMET_EREN_GUNER":"NEVZAT_OGUZHAN_TOPUZ-MEHMET_EREN_GUNER.json"},"ELIF_NAZ_TURAN":{"NEVZAT_OGUZHAN_TOPUZ":"ELIF_NAZ_TURAN-NEVZAT_OGUZHAN_TOPUZ.json","AYBERK_SENSOZ":"ELIF_NAZ_TURAN-AYBERK_SENSOZ.json"},"KEREM_KOSE":{"NEVZAT_OGUZHAN_TOPUZ":"NEVZAT_OGUZHAN_TOPUZ-KEREM_KOSE.json","AYBERK_SENSOZ":"AYBERK_SENSOZ-KEREM_KOSE.json"},"MEHMET_ALI_CIFCI":{"NEVZAT_OGUZHAN_TOPUZ":"MEHMET_ALI_CIFCI-NEVZAT_OGUZHAN_TOPUZ.json","AYBERK_SENSOZ":"MEHMET_ALI_CIFCI-AYBERK_SENSOZ.json"},"FATIH_KAGAN_CEBI":{"AYBERK_SENSOZ":"AYBERK_SENSOZ-FATIH_KAGAN_CEBI.json","ISMAIL_ERIM_ATAKTURK":"ISMAIL_ERIM_ATAKTURK-FATIH_KAGAN_CEBI.json","SERKAN_YILMAZ":"SERKAN_YILMAZ-FATIH_KAGAN_CEBI.json","SEVKET_YESILPEKMEZ_MACOS":"SEVKET_YESILPEKMEZ_MACOS-FATIH_KAGAN_CEBI.json","GPT":"GPT-FATIH_KAGAN_CEBI.json","EYLUL_PIRINCAL":"EYLUL_PIRINCAL-FATIH_KAGAN_CEBI.json","BEGUM_HAMARAT":"BEGUM_HAMARAT-FATIH_KAGAN_CEBI.json","EDA_GUL_CETINEL":"EDA_GUL_CETINEL-FATIH_KAGAN_CEBI.json","NEVZAT_OGUZHAN_TOPUZ":"NEVZAT_OGUZHAN_TOPUZ-FATIH_KAGAN_CEBI.json","ABDULLAH_MERT_OZDEM":"ABDULLAH_MERT_OZDEM-FATIH_KAGAN_CEBI.json","CLAUDE":"FATIH_KAGAN_CEBI-CLAUDE.json","MEHMET_EREN_GUNER":"MEHMET_EREN_GUNER-FATIH_KAGAN_CEBI.json"},"ISMAIL_ERIM_ATAKTURK":{"EDA_GUL_CETINEL":"ISMAIL_ERIM_ATAKTURK-EDA_GUL_CETINEL.json","FATIH_KAGAN_CEBI":"ISMAIL_ERIM_ATAKTURK-FATIH_KAGAN_CEBI.json","BEGUM_HAMARAT":"ISMAIL_ERIM_ATAKTURK-BEGUM_HAMARAT.json","NEVZAT_OGUZHAN_TOPUZ":"ISMAIL_ERIM_ATAKTURK-NEVZAT_OGUZHAN_TOPUZ.json","AYBERK_SENSOZ":"ISMAIL_ERIM_ATAKTURK-AYBERK_SENSOZ.json","SERKAN_YILMAZ":"ISMAIL_ERIM_ATAKTURK-SERKAN_YILMAZ.json","ABDULLAH_MERT_OZDEM":"ISMAIL_ERIM_ATAKTURK-ABDULLAH_MERT_OZDEM.json","SEVKET_YESILPEKMEZ_MACOS":"ISMAIL_ERIM_ATAKTURK-SEVKET_YESILPEKMEZ_MACOS.json","CLAUDE":"ISMAIL_ERIM_ATAKTURK-CLAUDE.json","MEHMET_EREN_GUNER":"ISMAIL_ERIM_ATAKTURK-MEHMET_EREN_GUNER.json","EYLUL_PIRINCAL":"EYLUL_PIRINCAL-ISMAIL_ERIM_ATAKTURK.json"},"SERKAN_YILMAZ":{"FATIH_KAGAN_CEBI":"SERKAN_YILMAZ-FATIH_KAGAN_CEBI.json","ISMAIL_ERIM_ATAKTURK":"ISMAIL_ERIM_ATAKTURK-SERKAN_YILMAZ.json","EGE_KARTAL":"SERKAN_YILMAZ-EGE_KARTAL.json","AYBERK_SENSOZ":"AYBERK_SENSOZ-SERKAN_YILMAZ.json","GPT":"SERKAN_YILMAZ-GPT.json","MUHAMMED_EMIN_SEKER":"SERKAN_YILMAZ-MUHAMMED_EMIN_SEKER.json","EYLUL_PIRINCAL":"EYLUL_PIRINCAL-SERKAN_YILMAZ.json","EDA_GUL_CETINEL":"SERKAN_YILMAZ-EDA_GUL_CETINEL.json","BEGUM_HAMARAT":"SERKAN_YILMAZ-BEGUM_HAMARAT.json","NEVZAT_OGUZHAN_TOPUZ":"SERKAN_YILMAZ-NEVZAT_OGUZHAN_TOPUZ.json","ABDULLAH_MERT_OZDEM":"SERKAN_YILMAZ-ABDULLAH_MERT_OZDEM.json","CLAUDE":"SERKAN_YILMAZ-CLAUDE.json"},"BERKE_TURKBAY":{"NEVZAT_OGUZHAN_TOPUZ":"NEVZAT_OGUZHAN_TOPUZ-BERKE_TURKBAY.json","AYBERK_SENSOZ":"AYBERK_SENSOZ-BERKE_TURKBAY.json","DORUK_OCAL":"DORUK_OCAL-BERKE_TURKBAY.json"},"MUHAMMED_EMIN_SEKER":{"NEVZAT_OGUZHAN_TOPUZ":"NEVZAT_OGUZHAN_TOPUZ-MUHAMMED_EMIN_SEKER.json","AYBERK_SENSOZ":"AYBERK_SENSOZ-MUHAMMED_EMIN_SEKER.json","SERKAN_YILMAZ":"SERKAN_YILMAZ-MUHAMMED_EMIN_SEKER.json","GPT":"GPT-MUHAMMED_EMIN_SEKER.json"},"EYLUL_PIRINCAL":{"BEGUM_HAMARAT":"EYLUL_PIRINCAL-BEGUM_HAMARAT.json","FATIH_KAGAN_CEBI":"EYLUL_PIRINCAL-FATIH_KAGAN_CEBI.json","EDA_GUL_CETINEL":"EYLUL_PIRINCAL-EDA_GUL_CETINEL.json","NEVZAT_OGUZHAN_TOPUZ":"EYLUL_PIRINCAL-NEVZAT_OGUZHAN_TOPUZ.json","AYBERK_SENSOZ":"EYLUL_PIRINCAL-AYBERK_SENSOZ.json","ISMAIL_ERIM_ATAKTURK":"EYLUL_PIRINCAL-ISMAIL_ERIM_ATAKTURK.json","SERKAN_YILMAZ":"EYLUL_PIRINCAL-SERKAN_YILMAZ.json","ABDULLAH_MERT_OZDEM":"EYLUL_PIRINCAL-ABDULLAH_MERT_OZDEM.json","SEVKET_YESILPEKMEZ_MACOS":"EYLUL_PIRINCAL-SEVKET_YESILPEKMEZ_MACOS.json","CLAUDE":"EYLUL_PIRINCAL-CLAUDE.json","MEHMET_EREN_GUNER":"EYLUL_PIRINCAL-MEHMET_EREN_GUNER.json"},"BEGUM_HAMARAT":{"FATIH_KAGAN_CEBI":"BEGUM_HAMARAT-FATIH_KAGAN_CEBI.json","AYBERK_SENSOZ":"AYBERK_SENSOZ-BEGUM_HAMARAT.json","ISMAIL_ERIM_ATAKTURK":"ISMAIL_ERIM_ATAKTURK-BEGUM_HAMARAT.json","SERKAN_YILMAZ":"SERKAN_YILMAZ-BEGUM_HAMARAT.json","SEVKET_YESILPEKMEZ_MACOS":"SEVKET_YESILPEKMEZ_MACOS-BEGUM_HAMARAT.json","GPT":"BEGUM_HAMARAT-GPT.json","EYLUL_PIRINCAL":"EYLUL_PIRINCAL-BEGUM_HAMARAT.json","EDA_GUL_CETINEL":"EDA_GUL_CETINEL-BEGUM_HAMARAT.json","NEVZAT_OGUZHAN_TOPUZ":"NEVZAT_OGUZHAN_TOPUZ-BEGUM_HAMARAT.json","ABDULLAH_MERT_OZDEM":"ABDULLAH_MERT_OZDEM-BEGUM_HAMARAT.json","CLAUDE":"BEGUM_HAMARAT-CLAUDE.json","MEHMET_EREN_GUNER":"MEHMET_EREN_GUNER-BEGUM_HAMARAT.json"},"BAHA_ARDA_INALKUT":{"NEVZAT_OGUZHAN_TOPUZ":"BAHA_ARDA_INALKUT-NEVZAT_OGUZHAN_TOPUZ.json","AYBERK_SENSOZ":"AYBERK_SENSOZ-BAHA_ARDA_INALKUT.json"},"HATICE_SENA_SES":{"NEVZAT_OGUZHAN_TOPUZ":"NEVZAT_OGUZHAN_TOPUZ-HATICE_SENA_SES.json","AYBERK_SENSOZ":"AYBERK_SENSOZ-HATICE_SENA_SES.json"},"ABDULLAH_MERT_OZDEM":{"FATIH_KAGAN_CEBI":"ABDULLAH_MERT_OZDEM-FATIH_KAGAN_CEBI.json","ISMAIL_ERIM_ATAKTURK":"ISMAIL_ERIM_ATAKTURK-ABDULLAH_MERT_OZDEM.json","AYBERK_SENSOZ":"AYBERK_SENSOZ-ABDULLAH_MERT_OZDEM.json","SERKAN_YILMAZ":"SERKAN_YILMAZ-ABDULLAH_MERT_OZDEM.json","SEVKET_YESILPEKMEZ_MACOS":"SEVKET_YESILPEKMEZ_MACOS-ABDULLAH_MERT_OZDEM.json","GPT":"ABDULLAH_MERT_OZDEM-GPT.json","EYLUL_PIRINCAL":"EYLUL_PIRINCAL-ABDULLAH_MERT_OZDEM.json","BEGUM_HAMARAT":"ABDULLAH_MERT_OZDEM-BEGUM_HAMARAT.json","EDA_GUL_CETINEL":"EDA_GUL_CETINEL-ABDULLAH_MERT_OZDEM.json","NEVZAT_OGUZHAN_TOPUZ":"NEVZAT_OGUZHAN_TOPUZ-ABDULLAH_MERT_OZDEM.json","CLAUDE":"ABDULLAH_MERT_OZDEM-CLAUDE.json","MEHMET_EREN_GUNER":"MEHMET_EREN_GUNER-ABDULLAH_MERT_OZDEM.json"},"BORA_YALCIN":{"NEVZAT_OGUZHAN_TOPUZ":"NEVZAT_OGUZHAN_TOPUZ-BORA_YALCIN.json","AYBERK_SENSOZ":"AYBERK_SENSOZ-BORA_YALCIN.json"},"CLAUDE":{"FATIH_KAGAN_CEBI":"FATIH_KAGAN_CEBI-CLAUDE.json","AYBERK_SENSOZ":"AYBERK_SENSOZ-CLAUDE.json","ISMAIL_ERIM_ATAKTURK":"ISMAIL_ERIM_ATAKTURK-CLAUDE.json","EMIR_KEREM_ISILDAR":"EMIR_KEREM_ISILDAR-CLAUDE.json","SERKAN_YILMAZ":"SERKAN_YILMAZ-CLAUDE.json","SEVKET_YESILPEKMEZ_MACOS":"SEVKET_YESILPEKMEZ_MACOS-CLAUDE.json","EYLUL_PIRINCAL":"EYLUL_PIRINCAL-CLAUDE.json","EDA_GUL_CETINEL":"EDA_GUL_CETINEL-CLAUDE.json","BEGUM_HAMARAT":"BEGUM_HAMARAT-CLAUDE.json","NEVZAT_OGUZHAN_TOPUZ":"NEVZAT_OGUZHAN_TOPUZ-CLAUDE.json","ABDULLAH_MERT_OZDEM":"ABDULLAH_MERT_OZDEM-CLAUDE.json","MEHMET_EREN_GUNER":"MEHMET_EREN_GUNER-CLAUDE.json"},"MEHMET_EREN_GUNER":{"BEGUM_HAMARAT":"MEHMET_EREN_GUNER-BEGUM_HAMARAT.json","FATIH_KAGAN_CEBI":"MEHMET_EREN_GUNER-FATIH_KAGAN_CEBI.json","NEVZAT_OGUZHAN_TOPUZ":"NEVZAT_OGUZHAN_TOPUZ-MEHMET_EREN_GUNER.json","AYBERK_SENSOZ":"AYBERK_SENSOZ-MEHMET_EREN_GUNER.json","ISMAIL_ERIM_ATAKTURK":"ISMAIL_ERIM_ATAKTURK-MEHMET_EREN_GUNER.json","ABDULLAH_MERT_OZDEM":"MEHMET_EREN_GUNER-ABDULLAH_MERT_OZDEM.json","SEVKET_YESILPEKMEZ_MACOS":"SEVKET_YESILPEKMEZ_MACOS-MEHMET_EREN_GUNER.json","GPT":"MEHMET_EREN_GUNER-GPT.json","CLAUDE":"MEHMET_EREN_GUNER-CLAUDE.json","EYLUL_PIRINCAL":"EYLUL_PIRINCAL-MEHMET_EREN_GUNER.json"}},"failed_submission_names":[],"excluded_files":[],"match_sensitivity":10,"date_of_execution":"30/11/25","execution_time":27,"metrics":[{"name":"AVG","distribution":[1,0,0,0,1,2,12,17,16,276],"topComparisons":[{"first_submission":"ABDULLAH_MERT_OZDEM","second_submission":"FATIH_KAGAN_CEBI","similarity":1.0},{"first_submission":"EYLUL_PIRINCAL","second_submission":"ISMAIL_ERIM_ATAKTURK","similarity":0.5862068965517241},{"first_submission":"ISMAIL_ERIM_ATAKTURK","second_submission":"SEVKET_YESILPEKMEZ_MACOS","similarity":0.4731182795698925},{"first_submission":"EYLUL_PIRINCAL","second_submission":"SERKAN_YILMAZ","similarity":0.47058823529411764},{"first_submission":"MEHMET_EREN_GUNER","second_submission":"ABDULLAH_MERT_OZDEM","similarity":0.37623762376237624},{"first_submission":"MEHMET_EREN_GUNER","second_submission":"FATIH_KAGAN_CEBI","similarity":0.37623762376237624},{"first_submission":"ISMAIL_ERIM_ATAKTURK","second_submission":"ABDULLAH_MERT_OZDEM","similarity":0.3698630136986301},{"first_submission":"ISMAIL_ERIM_ATAKTURK","second_submission":"FATIH_KAGAN_CEBI","similarity":0.3698630136986301},{"first_submission":"ISMAIL_ERIM_ATAKTURK","second_submission":"MEHMET_EREN_GUNER","similarity":0.3492063492063492},{"first_submission":"ISMAIL_ERIM_ATAKTURK","second_submission":"BEGUM_HAMARAT","similarity":0.34375},{"first_submission":"ABDULLAH_MERT_OZDEM","second_submission":"BEGUM_HAMARAT","similarity":0.3333333333333333},{"first_submission":"BEGUM_HAMARAT","second_submission":"FATIH_KAGAN_CEBI","similarity":0.3333333333333333},{"first_submission":"ISMAIL_ERIM_ATAKTURK","second_submission":"CLAUDE","similarity":0.3333333333333333},{"first_submission":"EYLUL_PIRINCAL","second_submission":"BEGUM_HAMARAT","similarity":0.3103448275862069},{"first_submission":"MEHMET_EREN_GUNER","second_submission":"BEGUM_HAMARAT","similarity":0.30434782608695654},{"first_submission":"ISMAIL_ERIM_ATAKTURK","second_submission":"SERKAN_YILMAZ","similarity":0.3},{"first_submission":"EYLUL_PIRINCAL","second_submission":"SEVKET_YESILPEKMEZ_MACOS","similarity":0.2962962962962963},{"first_submission":"SEVKET_YESILPEKMEZ_MACOS","second_submission":"MEHMET_EREN_GUNER","similarity":0.2953020134228188},{"first_submission":"BEGUM_HAMARAT","second_submission":"CLAUDE","similarity":0.2818181818181818},{"first_submission":"EYLUL_PIRINCAL","second_submission":"ABDULLAH_MERT_OZDEM","similarity":0.26865671641791045},{"first_submission":"EYLUL_PIRINCAL","second_submission":"FATIH_KAGAN_CEBI","similarity":0.26865671641791045},{"first_submission":"SEVKET_YESILPEKMEZ_MACOS","second_submission":"ABDULLAH_MERT_OZDEM","similarity":0.2603550295857988},{"first_submission":"SEVKET_YESILPEKMEZ_MACOS","second_submission":"FATIH_KAGAN_CEBI","similarity":0.2603550295857988},{"first_submission":"EYLUL_PIRINCAL","second_submission":"EDA_GUL_CETINEL","similarity":0.25},{"first_submission":"EYLUL_PIRINCAL","second_submission":"CLAUDE","similarity":0.24},{"first_submission":"SEVKET_YESILPEKMEZ_MACOS","second_submission":"CLAUDE","similarity":0.23783783783783785},{"first_submission":"ABDULLAH_MERT_OZDEM","second_submission":"CLAUDE","similarity":0.23529411764705882},{"first_submission":"FATIH_KAGAN_CEBI","second_submission":"CLAUDE","similarity":0.23529411764705882},{"first_submission":"SEVKET_YESILPEKMEZ_MACOS","second_submission":"BEGUM_HAMARAT","similarity":0.2251655629139073},{"first_submission":"ISMAIL_ERIM_ATAKTURK","second_submission":"EDA_GUL_CETINEL","similarity":0.2222222222222222},{"first_submission":"SERKAN_YILMAZ","second_submission":"MUHAMMED_EMIN_SEKER","similarity":0.21839080459770116},{"first_submission":"EYLUL_PIRINCAL","second_submission":"MEHMET_EREN_GUNER","similarity":0.21052631578947367},{"first_submission":"MEHMET_EREN_GUNER","second_submission":"CLAUDE","similarity":0.2018348623853211},{"first_submission":"SERKAN_YILMAZ","second_submission":"BEGUM_HAMARAT","similarity":0.18840579710144928},{"first_submission":"SERKAN_YILMAZ","second_submission":"GPT","similarity":0.18840579710144928},{"first_submission":"SERKAN_YILMAZ","second_submission":"EDA_GUL_CETINEL","similarity":0.1694915254237288},{"first_submission":"SERKAN_YILMAZ","second_submission":"ABDULLAH_MERT_OZDEM","similarity":0.16666666666666666},{"first_submission":"SERKAN_YILMAZ","second_submission":"FATIH_KAGAN_CEBI","similarity":0.16666666666666666},{"first_submission":"SERKAN_YILMAZ","second_submission":"EGE_KARTAL","similarity":0.16551724137931034},{"first_submission":"SERKAN_YILMAZ","second_submission":"CLAUDE","similarity":0.1511627906976744},{"first_submission":"EDA_GUL_CETINEL","second_submission":"BEGUM_HAMARAT","similarity":0.14457831325301204},{"first_submission":"DORUK_OCAL","second_submission":"BERKE_TURKBAY","similarity":0.13986013986013987},{"first_submission":"EDA_GUL_CETINEL","second_submission":"ABDULLAH_MERT_OZDEM","similarity":0.13043478260869565},{"first_submission":"EDA_GUL_CETINEL","second_submission":"FATIH_KAGAN_CEBI","similarity":0.13043478260869565},{"first_submission":"EMIR_KEREM_ISILDAR","second_submission":"CLAUDE","similarity":0.12444444444444444},{"first_submission":"EDA_GUL_CETINEL","second_submission":"CLAUDE","similarity":0.12},{"first_submission":"BEGUM_HAMARAT","second_submission":"GPT","similarity":0.11827956989247312},{"first_submission":"GPT","second_submission":"MUHAMMED_EMIN_SEKER","similarity":0.11711711711711711},{"first_submission":"MEHMET_EREN_GUNER","second_submission":"GPT","similarity":0.10869565217391304},{"first_submission":"ABDULLAH_MERT_OZDEM","second_submission":"GPT","similarity":0.09803921568627451},{"first_submission":"GPT","second_submission":"FATIH_KAGAN_CEBI","similarity":0.09803921568627451},{"first_submission":"AYBERK_SENSOZ","second_submission":"NEVZAT_OGUZHAN_TOPUZ","similarity":0.0},{"first_submission":"AYBERK_SENSOZ","second_submission":"CIHAT_OZLUK","similarity":0.0},{"first_submission":"AYBERK_SENSOZ","second_submission":"KEREM_KOSE","similarity":0.0},{"first_submission":"AYBERK_SENSOZ","second_submission":"ABDULLAH_MERT_OZDEM","similarity":0.0},{"first_submission":"AYBERK_SENSOZ","second_submission":"EGE_KARTAL","similarity":0.0},{"first_submission":"MEHMET_ALI_CIFCI","second_submission":"AYBERK_SENSOZ","similarity":0.0},{"first_submission":"AYBERK_SENSOZ","second_submission":"MUHAMMED_EMIN_SEKER","similarity":0.0},{"first_submission":"AYBERK_SENSOZ","second_submission":"BEGUM_HAMARAT","similarity":0.0},{"first_submission":"AYBERK_SENSOZ","second_submission":"GPT","similarity":0.0},{"first_submission":"ELIF_NAZ_TURAN","second_submission":"AYBERK_SENSOZ","similarity":0.0},{"first_submission":"AYBERK_SENSOZ","second_submission":"SERKAN_YILMAZ","similarity":0.0},{"first_submission":"AYBERK_SENSOZ","second_submission":"CLAUDE","similarity":0.0},{"first_submission":"AYBERK_SENSOZ","second_submission":"BORA_YALCIN","similarity":0.0},{"first_submission":"EYLUL_PIRINCAL","second_submission":"AYBERK_SENSOZ","similarity":0.0},{"first_submission":"AYBERK_SENSOZ","second_submission":"BAHA_ARDA_INALKUT","similarity":0.0},{"first_submission":"AYBERK_SENSOZ","second_submission":"HATICE_SENA_SES","similarity":0.0},{"first_submission":"AYBERK_SENSOZ","second_submission":"MEHMET_EREN_GUNER","similarity":0.0},{"first_submission":"AYBERK_SENSOZ","second_submission":"HASAN_ZAFER_BILIR","similarity":0.0},{"first_submission":"AYBERK_SENSOZ","second_submission":"BERKE_TURKBAY","similarity":0.0},{"first_submission":"AYBERK_SENSOZ","second_submission":"SEVKET_YESILPEKMEZ_MACOS","similarity":0.0},{"first_submission":"AYBERK_SENSOZ","second_submission":"EMIR_KEREM_ISILDAR","similarity":0.0},{"first_submission":"AYBERK_SENSOZ","second_submission":"EDA_GUL_CETINEL","similarity":0.0},{"first_submission":"ISMAIL_ERIM_ATAKTURK","second_submission":"AYBERK_SENSOZ","similarity":0.0},{"first_submission":"AYBERK_SENSOZ","second_submission":"FATIH_KAGAN_CEBI","similarity":0.0},{"first_submission":"AYBERK_SENSOZ","second_submission":"DORUK_OCAL","similarity":0.0},{"first_submission":"CIHAT_OZLUK","second_submission":"NEVZAT_OGUZHAN_TOPUZ","similarity":0.0},{"first_submission":"NEVZAT_OGUZHAN_TOPUZ","second_submission":"KEREM_KOSE","similarity":0.0},{"first_submission":"NEVZAT_OGUZHAN_TOPUZ","second_submission":"ABDULLAH_MERT_OZDEM","similarity":0.0},{"first_submission":"NEVZAT_OGUZHAN_TOPUZ","second_submission":"EGE_KARTAL","similarity":0.0},{"first_submission":"MEHMET_ALI_CIFCI","second_submission":"NEVZAT_OGUZHAN_TOPUZ","similarity":0.0},{"first_submission":"NEVZAT_OGUZHAN_TOPUZ","second_submission":"MUHAMMED_EMIN_SEKER","similarity":0.0},{"first_submission":"NEVZAT_OGUZHAN_TOPUZ","second_submission":"BEGUM_HAMARAT","similarity":0.0},{"first_submission":"NEVZAT_OGUZHAN_TOPUZ","second_submission":"GPT","similarity":0.0},{"first_submission":"ELIF_NAZ_TURAN","second_submission":"NEVZAT_OGUZHAN_TOPUZ","similarity":0.0},{"first_submission":"SERKAN_YILMAZ","second_submission":"NEVZAT_OGUZHAN_TOPUZ","similarity":0.0},{"first_submission":"NEVZAT_OGUZHAN_TOPUZ","second_submission":"CLAUDE","similarity":0.0},{"first_submission":"NEVZAT_OGUZHAN_TOPUZ","second_submission":"BORA_YALCIN","similarity":0.0},{"first_submission":"EYLUL_PIRINCAL","second_submission":"NEVZAT_OGUZHAN_TOPUZ","similarity":0.0},{"first_submission":"BAHA_ARDA_INALKUT","second_submission":"NEVZAT_OGUZHAN_TOPUZ","similarity":0.0},{"first_submission":"NEVZAT_OGUZHAN_TOPUZ","second_submission":"HATICE_SENA_SES","similarity":0.0},{"first_submission":"NEVZAT_OGUZHAN_TOPUZ","second_submission":"MEHMET_EREN_GUNER","similarity":0.0},{"first_submission":"NEVZAT_OGUZHAN_TOPUZ","second_submission":"HASAN_ZAFER_BILIR","similarity":0.0},{"first_submission":"NEVZAT_OGUZHAN_TOPUZ","second_submission":"BERKE_TURKBAY","similarity":0.0},{"first_submission":"SEVKET_YESILPEKMEZ_MACOS","second_submission":"NEVZAT_OGUZHAN_TOPUZ","similarity":0.0},{"first_submission":"NEVZAT_OGUZHAN_TOPUZ","second_submission":"EMIR_KEREM_ISILDAR","similarity":0.0},{"first_submission":"NEVZAT_OGUZHAN_TOPUZ","second_submission":"EDA_GUL_CETINEL","similarity":0.0},{"first_submission":"ISMAIL_ERIM_ATAKTURK","second_submission":"NEVZAT_OGUZHAN_TOPUZ","similarity":0.0},{"first_submission":"NEVZAT_OGUZHAN_TOPUZ","second_submission":"FATIH_KAGAN_CEBI","similarity":0.0},{"first_submission":"NEVZAT_OGUZHAN_TOPUZ","second_submission":"DORUK_OCAL","similarity":0.0}],"description":"Average of both program coverages. This is the default similarity which works in most cases: Matches with a high average similarity indicate that the programs work in a very similar way."},{"name":"MAX","distribution":[1,0,8,4,3,3,10,11,11,274],"topComparisons":[{"first_submission":"ABDULLAH_MERT_OZDEM","second_submission":"FATIH_KAGAN_CEBI","similarity":1.0},{"first_submission":"EYLUL_PIRINCAL","second_submission":"BEGUM_HAMARAT","similarity":0.782608695652174},{"first_submission":"EYLUL_PIRINCAL","second_submission":"ABDULLAH_MERT_OZDEM","similarity":0.782608695652174},{"first_submission":"EYLUL_PIRINCAL","second_submission":"FATIH_KAGAN_CEBI","similarity":0.782608695652174},{"first_submission":"EYLUL_PIRINCAL","second_submission":"CLAUDE","similarity":0.782608695652174},{"first_submission":"ISMAIL_ERIM_ATAKTURK","second_submission":"ABDULLAH_MERT_OZDEM","similarity":0.7714285714285715},{"first_submission":"ISMAIL_ERIM_ATAKTURK","second_submission":"FATIH_KAGAN_CEBI","similarity":0.7714285714285715},{"first_submission":"ISMAIL_ERIM_ATAKTURK","second_submission":"CLAUDE","similarity":0.7714285714285715},{"first_submission":"EYLUL_PIRINCAL","second_submission":"ISMAIL_ERIM_ATAKTURK","similarity":0.7391304347826086},{"first_submission":"EYLUL_PIRINCAL","second_submission":"SERKAN_YILMAZ","similarity":0.6956521739130435},{"first_submission":"ISMAIL_ERIM_ATAKTURK","second_submission":"SEVKET_YESILPEKMEZ_MACOS","similarity":0.6285714285714286},{"first_submission":"ISMAIL_ERIM_ATAKTURK","second_submission":"MEHMET_EREN_GUNER","similarity":0.6285714285714286},{"first_submission":"ISMAIL_ERIM_ATAKTURK","second_submission":"BEGUM_HAMARAT","similarity":0.6285714285714286},{"first_submission":"EYLUL_PIRINCAL","second_submission":"SEVKET_YESILPEKMEZ_MACOS","similarity":0.5217391304347826},{"first_submission":"EYLUL_PIRINCAL","second_submission":"EDA_GUL_CETINEL","similarity":0.5217391304347826},{"first_submission":"EYLUL_PIRINCAL","second_submission":"MEHMET_EREN_GUNER","similarity":0.5217391304347826},{"first_submission":"SERKAN_YILMAZ","second_submission":"MUHAMMED_EMIN_SEKER","similarity":0.4222222222222222},{"first_submission":"MEHMET_EREN_GUNER","second_submission":"ABDULLAH_MERT_OZDEM","similarity":0.4175824175824176},{"first_submission":"MEHMET_EREN_GUNER","second_submission":"FATIH_KAGAN_CEBI","similarity":0.4175824175824176},{"first_submission":"SEVKET_YESILPEKMEZ_MACOS","second_submission":"MEHMET_EREN_GUNER","similarity":0.3793103448275862},{"first_submission":"SEVKET_YESILPEKMEZ_MACOS","second_submission":"ABDULLAH_MERT_OZDEM","similarity":0.3793103448275862},{"first_submission":"SEVKET_YESILPEKMEZ_MACOS","second_submission":"FATIH_KAGAN_CEBI","similarity":0.3793103448275862},{"first_submission":"SEVKET_YESILPEKMEZ_MACOS","second_submission":"CLAUDE","similarity":0.3793103448275862},{"first_submission":"ABDULLAH_MERT_OZDEM","second_submission":"BEGUM_HAMARAT","similarity":0.3655913978494624},{"first_submission":"BEGUM_HAMARAT","second_submission":"FATIH_KAGAN_CEBI","similarity":0.3655913978494624},{"first_submission":"ISMAIL_ERIM_ATAKTURK","second_submission":"SERKAN_YILMAZ","similarity":0.34285714285714286},{"first_submission":"ISMAIL_ERIM_ATAKTURK","second_submission":"EDA_GUL_CETINEL","similarity":0.34285714285714286},{"first_submission":"BEGUM_HAMARAT","second_submission":"CLAUDE","similarity":0.3333333333333333},{"first_submission":"MEHMET_EREN_GUNER","second_submission":"BEGUM_HAMARAT","similarity":0.3076923076923077},{"first_submission":"SEVKET_YESILPEKMEZ_MACOS","second_submission":"BEGUM_HAMARAT","similarity":0.29310344827586204},{"first_submission":"SERKAN_YILMAZ","second_submission":"BEGUM_HAMARAT","similarity":0.28888888888888886},{"first_submission":"SERKAN_YILMAZ","second_submission":"GPT","similarity":0.28888888888888886},{"first_submission":"SERKAN_YILMAZ","second_submission":"ABDULLAH_MERT_OZDEM","similarity":0.28888888888888886},{"first_submission":"SERKAN_YILMAZ","second_submission":"FATIH_KAGAN_CEBI","similarity":0.28888888888888886},{"first_submission":"SERKAN_YILMAZ","second_submission":"CLAUDE","similarity":0.28888888888888886},{"first_submission":"SERKAN_YILMAZ","second_submission":"EGE_KARTAL","similarity":0.26666666666666666},{"first_submission":"ABDULLAH_MERT_OZDEM","second_submission":"CLAUDE","similarity":0.25225225225225223},{"first_submission":"FATIH_KAGAN_CEBI","second_submission":"CLAUDE","similarity":0.25225225225225223},{"first_submission":"MEHMET_EREN_GUNER","second_submission":"CLAUDE","similarity":0.24175824175824176},{"first_submission":"SERKAN_YILMAZ","second_submission":"EDA_GUL_CETINEL","similarity":0.2222222222222222},{"first_submission":"EDA_GUL_CETINEL","second_submission":"BEGUM_HAMARAT","similarity":0.1643835616438356},{"first_submission":"EDA_GUL_CETINEL","second_submission":"ABDULLAH_MERT_OZDEM","similarity":0.1643835616438356},{"first_submission":"EDA_GUL_CETINEL","second_submission":"FATIH_KAGAN_CEBI","similarity":0.1643835616438356},{"first_submission":"EDA_GUL_CETINEL","second_submission":"CLAUDE","similarity":0.1643835616438356},{"first_submission":"DORUK_OCAL","second_submission":"BERKE_TURKBAY","similarity":0.14705882352941177},{"first_submission":"EMIR_KEREM_ISILDAR","second_submission":"CLAUDE","similarity":0.14285714285714285},{"first_submission":"GPT","second_submission":"MUHAMMED_EMIN_SEKER","similarity":0.13978494623655913},{"first_submission":"BEGUM_HAMARAT","second_submission":"GPT","similarity":0.11827956989247312},{"first_submission":"MEHMET_EREN_GUNER","second_submission":"GPT","similarity":0.10989010989010989},{"first_submission":"ABDULLAH_MERT_OZDEM","second_submission":"GPT","similarity":0.10752688172043011},{"first_submission":"GPT","second_submission":"FATIH_KAGAN_CEBI","similarity":0.10752688172043011},{"first_submission":"AYBERK_SENSOZ","second_submission":"NEVZAT_OGUZHAN_TOPUZ","similarity":0.0},{"first_submission":"AYBERK_SENSOZ","second_submission":"CIHAT_OZLUK","similarity":0.0},{"first_submission":"AYBERK_SENSOZ","second_submission":"KEREM_KOSE","similarity":0.0},{"first_submission":"AYBERK_SENSOZ","second_submission":"ABDULLAH_MERT_OZDEM","similarity":0.0},{"first_submission":"AYBERK_SENSOZ","second_submission":"EGE_KARTAL","similarity":0.0},{"first_submission":"MEHMET_ALI_CIFCI","second_submission":"AYBERK_SENSOZ","similarity":0.0},{"first_submission":"AYBERK_SENSOZ","second_submission":"MUHAMMED_EMIN_SEKER","similarity":0.0},{"first_submission":"AYBERK_SENSOZ","second_submission":"BEGUM_HAMARAT","similarity":0.0},{"first_submission":"AYBERK_SENSOZ","second_submission":"GPT","similarity":0.0},{"first_submission":"ELIF_NAZ_TURAN","second_submission":"AYBERK_SENSOZ","similarity":0.0},{"first_submission":"AYBERK_SENSOZ","second_submission":"SERKAN_YILMAZ","similarity":0.0},{"first_submission":"AYBERK_SENSOZ","second_submission":"CLAUDE","similarity":0.0},{"first_submission":"AYBERK_SENSOZ","second_submission":"BORA_YALCIN","similarity":0.0},{"first_submission":"EYLUL_PIRINCAL","second_submission":"AYBERK_SENSOZ","similarity":0.0},{"first_submission":"AYBERK_SENSOZ","second_submission":"BAHA_ARDA_INALKUT","similarity":0.0},{"first_submission":"AYBERK_SENSOZ","second_submission":"HATICE_SENA_SES","similarity":0.0},{"first_submission":"AYBERK_SENSOZ","second_submission":"MEHMET_EREN_GUNER","similarity":0.0},{"first_submission":"AYBERK_SENSOZ","second_submission":"HASAN_ZAFER_BILIR","similarity":0.0},{"first_submission":"AYBERK_SENSOZ","second_submission":"BERKE_TURKBAY","similarity":0.0},{"first_submission":"AYBERK_SENSOZ","second_submission":"SEVKET_YESILPEKMEZ_MACOS","similarity":0.0},{"first_submission":"AYBERK_SENSOZ","second_submission":"EMIR_KEREM_ISILDAR","similarity":0.0},{"first_submission":"AYBERK_SENSOZ","second_submission":"EDA_GUL_CETINEL","similarity":0.0},{"first_submission":"ISMAIL_ERIM_ATAKTURK","second_submission":"AYBERK_SENSOZ","similarity":0.0},{"first_submission":"AYBERK_SENSOZ","second_submission":"FATIH_KAGAN_CEBI","similarity":0.0},{"first_submission":"AYBERK_SENSOZ","second_submission":"DORUK_OCAL","similarity":0.0},{"first_submission":"CIHAT_OZLUK","second_submission":"NEVZAT_OGUZHAN_TOPUZ","similarity":0.0},{"first_submission":"NEVZAT_OGUZHAN_TOPUZ","second_submission":"KEREM_KOSE","similarity":0.0},{"first_submission":"NEVZAT_OGUZHAN_TOPUZ","second_submission":"ABDULLAH_MERT_OZDEM","similarity":0.0},{"first_submission":"NEVZAT_OGUZHAN_TOPUZ","second_submission":"EGE_KARTAL","similarity":0.0},{"first_submission":"MEHMET_ALI_CIFCI","second_submission":"NEVZAT_OGUZHAN_TOPUZ","similarity":0.0},{"first_submission":"NEVZAT_OGUZHAN_TOPUZ","second_submission":"MUHAMMED_EMIN_SEKER","similarity":0.0},{"first_submission":"NEVZAT_OGUZHAN_TOPUZ","second_submission":"BEGUM_HAMARAT","similarity":0.0},{"first_submission":"NEVZAT_OGUZHAN_TOPUZ","second_submission":"GPT","similarity":0.0},{"first_submission":"ELIF_NAZ_TURAN","second_submission":"NEVZAT_OGUZHAN_TOPUZ","similarity":0.0},{"first_submission":"SERKAN_YILMAZ","second_submission":"NEVZAT_OGUZHAN_TOPUZ","similarity":0.0},{"first_submission":"NEVZAT_OGUZHAN_TOPUZ","second_submission":"CLAUDE","similarity":0.0},{"first_submission":"NEVZAT_OGUZHAN_TOPUZ","second_submission":"BORA_YALCIN","similarity":0.0},{"first_submission":"EYLUL_PIRINCAL","second_submission":"NEVZAT_OGUZHAN_TOPUZ","similarity":0.0},{"first_submission":"BAHA_ARDA_INALKUT","second_submission":"NEVZAT_OGUZHAN_TOPUZ","similarity":0.0},{"first_submission":"NEVZAT_OGUZHAN_TOPUZ","second_submission":"HATICE_SENA_SES","similarity":0.0},{"first_submission":"NEVZAT_OGUZHAN_TOPUZ","second_submission":"MEHMET_EREN_GUNER","similarity":0.0},{"first_submission":"NEVZAT_OGUZHAN_TOPUZ","second_submission":"HASAN_ZAFER_BILIR","similarity":0.0},{"first_submission":"NEVZAT_OGUZHAN_TOPUZ","second_submission":"BERKE_TURKBAY","similarity":0.0},{"first_submission":"SEVKET_YESILPEKMEZ_MACOS","second_submission":"NEVZAT_OGUZHAN_TOPUZ","similarity":0.0},{"first_submission":"NEVZAT_OGUZHAN_TOPUZ","second_submission":"EMIR_KEREM_ISILDAR","similarity":0.0},{"first_submission":"NEVZAT_OGUZHAN_TOPUZ","second_submission":"EDA_GUL_CETINEL","similarity":0.0},{"first_submission":"ISMAIL_ERIM_ATAKTURK","second_submission":"NEVZAT_OGUZHAN_TOPUZ","similarity":0.0},{"first_submission":"NEVZAT_OGUZHAN_TOPUZ","second_submission":"FATIH_KAGAN_CEBI","similarity":0.0},{"first_submission":"NEVZAT_OGUZHAN_TOPUZ","second_submission":"DORUK_OCAL","similarity":0.0}],"description":"Maximum of both program coverages. This ranking is especially useful if the programs are very different in size. This can happen when dead code was inserted to disguise the origin of the plagiarized program."}],"clusters":[{"average_similarity":0.11711711711711711,"strength":0.0071786599490686435,"members":["MUHAMMED_EMIN_SEKER","GPT"]},{"average_similarity":0.4518738241393043,"strength":0.0050693476975521845,"members":["EYLUL_PIRINCAL","ISMAIL_ERIM_ATAKTURK","SEVKET_YESILPEKMEZ_MACOS"]},{"average_similarity":1.0,"strength":0.016090228177534596,"members":["ABDULLAH_MERT_OZDEM","FATIH_KAGAN_CEBI"]},{"average_similarity":0.13986013986013987,"strength":0.01035590746519254,"members":["DORUK_OCAL","BERKE_TURKBAY"]},{"average_similarity":0.05517241379310345,"strength":0.0038088565699902818,"members":["SERKAN_YILMAZ","EGE_KARTAL","EMIR_KEREM_ISILDAR"]}],"total_comparisons":325}