{"firstSubmissionId":"AGAH_DEMIR_GOK","secondSubmissionId":"ATAKAN_NAKTURK","similarities":{"AVG":0.21505376344086022,"MAX":0.2857142857142857,"MAXIMUM_LENGTH":117.0,"LONGEST_MATCH":8.0},"matches":[{"firstFileName":"AGAH_DEMIR_GOK/LinkedListQuestions.cpp","secondFileName":"ATAKAN_NAKTURK/LinkedListQuestions.cpp","startInFirst":{"line":64,"column":4,"tokenListIndex":47},"endInFirst":{"line":65,"column":62,"tokenListIndex":54},"startInSecond":{"line":91,"column":4,"tokenListIndex":74},"endInSecond":{"line":97,"column":1,"tokenListIndex":81},"lengthOfFirst":8,"lengthOfSecond":8},{"firstFileName":"AGAH_DEMIR_GOK/LinkedListQuestions.cpp","secondFileName":"ATAKAN_NAKTURK/LinkedListQuestions.cpp","startInFirst":{"line":14,"column":0,"tokenListIndex":0},"endInFirst":{"line":19,"column":4,"tokenListIndex":5},"startInSecond":{"line":7,"column":0,"tokenListIndex":0},"endInSecond":{"line":12,"column":4,"tokenListIndex":5},"lengthOfFirst":6,"lengthOfSecond":6},{"firstFileName":"AGAH_DEMIR_GOK/LinkedListQuestions.cpp","secondFileName":"ATAKAN_NAKTURK/LinkedListQuestions.cpp","startInFirst":{"line":48,"column":4,"tokenListIndex":27},"endInFirst":{"line":53,"column":4,"tokenListIndex":32},"startInSecond":{"line":103,"column":4,"tokenListIndex":84},"endInSecond":{"line":115,"column":1,"tokenListIndex":89},"lengthOfFirst":6,"lengthOfSecond":6}],"firstSimilarity":0.2857142857142857,"secondSimilarity":0.1724137931034483}