{"firstSubmissionId":"AGAH_DEMIR_GOK","secondSubmissionId":"EFE_KASAPOGLU","similarities":{"AVG":0.6778523489932886,"MAX":0.6962025316455697,"MAXIMUM_LENGTH":80.0,"LONGEST_MATCH":21.0},"matches":[{"firstFileName":"AGAH_DEMIR_GOK/LinkedListQuestions.cpp","secondFileName":"EFE_KASAPOGLU/LinkedListQuestions.cpp","startInFirst":{"line":14,"column":0,"tokenListIndex":0},"endInFirst":{"line":19,"column":4,"tokenListIndex":5},"startInSecond":{"line":26,"column":0,"tokenListIndex":13},"endInSecond":{"line":33,"column":4,"tokenListIndex":18},"lengthOfFirst":6,"lengthOfSecond":6},{"firstFileName":"AGAH_DEMIR_GOK/LinkedListQuestions.cpp","secondFileName":"EFE_KASAPOGLU/LinkedListQuestions.cpp","startInFirst":{"line":48,"column":4,"tokenListIndex":27},"endInFirst":{"line":63,"column":11,"tokenListIndex":45},"startInSecond":{"line":49,"column":4,"tokenListIndex":30},"endInSecond":{"line":73,"column":11,"tokenListIndex":52},"lengthOfFirst":19,"lengthOfSecond":23},{"firstFileName":"AGAH_DEMIR_GOK/LinkedListQuestions.cpp","secondFileName":"EFE_KASAPOGLU/LinkedListQuestions.cpp","startInFirst":{"line":65,"column":4,"tokenListIndex":49},"endInFirst":{"line":86,"column":0,"tokenListIndex":69},"startInSecond":{"line":76,"column":4,"tokenListIndex":53},"endInSecond":{"line":108,"column":0,"tokenListIndex":78},"lengthOfFirst":21,"lengthOfSecond":26}],"firstSimilarity":0.6571428571428571,"secondSimilarity":0.6962025316455697}