{"firstSubmissionId":"AGAH_DEMIR_GOK","secondSubmissionId":"KARDELEN_KARTAL","similarities":{"AVG":0.33,"MAX":0.4714285714285714,"MAXIMUM_LENGTH":131.0,"LONGEST_MATCH":11.0},"matches":[{"firstFileName":"AGAH_DEMIR_GOK/LinkedListQuestions.cpp","secondFileName":"KARDELEN_KARTAL/LinkedListQuestions.cpp","startInFirst":{"line":62,"column":15,"tokenListIndex":44},"endInFirst":{"line":65,"column":62,"tokenListIndex":54},"startInSecond":{"line":21,"column":6,"tokenListIndex":17},"endInSecond":{"line":26,"column":2,"tokenListIndex":27},"lengthOfFirst":11,"lengthOfSecond":11},{"firstFileName":"AGAH_DEMIR_GOK/LinkedListQuestions.cpp","secondFileName":"KARDELEN_KARTAL/LinkedListQuestions.cpp","startInFirst":{"line":48,"column":4,"tokenListIndex":27},"endInFirst":{"line":55,"column":11,"tokenListIndex":36},"startInSecond":{"line":67,"column":2,"tokenListIndex":56},"endInSecond":{"line":78,"column":10,"tokenListIndex":65},"lengthOfFirst":10,"lengthOfSecond":10},{"firstFileName":"AGAH_DEMIR_GOK/LinkedListQuestions.cpp","secondFileName":"KARDELEN_KARTAL/LinkedListQuestions.cpp","startInFirst":{"line":14,"column":0,"tokenListIndex":0},"endInFirst":{"line":19,"column":4,"tokenListIndex":5},"startInSecond":{"line":40,"column":0,"tokenListIndex":32},"endInSecond":{"line":44,"column":2,"tokenListIndex":37},"lengthOfFirst":6,"lengthOfSecond":6},{"firstFileName":"AGAH_DEMIR_GOK/LinkedListQuestions.cpp","secondFileName":"KARDELEN_KARTAL/LinkedListQuestions.cpp","startInFirst":{"line":58,"column":8,"tokenListIndex":38},"endInFirst":{"line":61,"column":22,"tokenListIndex":43},"startInSecond":{"line":84,"column":3,"tokenListIndex":70},"endInSecond":{"line":89,"column":18,"tokenListIndex":75},"lengthOfFirst":6,"lengthOfSecond":6}],"firstSimilarity":0.4714285714285714,"secondSimilarity":0.25384615384615383}