{"firstSubmissionId":"AGAH_DEMIR_GOK","secondSubmissionId":"UMUT_ERTUGRUL_DASGIN","similarities":{"AVG":0.8246753246753247,"MAX":0.9,"MAXIMUM_LENGTH":85.0,"LONGEST_MATCH":22.0},"matches":[{"firstFileName":"AGAH_DEMIR_GOK/LinkedListQuestions.cpp","secondFileName":"UMUT_ERTUGRUL_DASGIN/LinkedListQuestions.cpp","startInFirst":{"line":60,"column":6,"tokenListIndex":40},"endInFirst":{"line":63,"column":11,"tokenListIndex":46},"startInSecond":{"line":28,"column":8,"tokenListIndex":20},"endInSecond":{"line":32,"column":11,"tokenListIndex":26},"lengthOfFirst":7,"lengthOfSecond":7},{"firstFileName":"AGAH_DEMIR_GOK/LinkedListQuestions.cpp","secondFileName":"UMUT_ERTUGRUL_DASGIN/LinkedListQuestions.cpp","startInFirst":{"line":14,"column":20,"tokenListIndex":1},"endInFirst":{"line":36,"column":18,"tokenListIndex":19},"startInSecond":{"line":6,"column":41,"tokenListIndex":2},"endInSecond":{"line":20,"column":20,"tokenListIndex":12},"lengthOfFirst":19,"lengthOfSecond":11},{"firstFileName":"AGAH_DEMIR_GOK/LinkedListQuestions.cpp","secondFileName":"UMUT_ERTUGRUL_DASGIN/LinkedListQuestions.cpp","startInFirst":{"line":45,"column":8,"tokenListIndex":24},"endInFirst":{"line":58,"column":8,"tokenListIndex":38},"startInSecond":{"line":41,"column":8,"tokenListIndex":34},"endInSecond":{"line":57,"column":2,"tokenListIndex":52},"lengthOfFirst":15,"lengthOfSecond":19},{"firstFileName":"AGAH_DEMIR_GOK/LinkedListQuestions.cpp","secondFileName":"UMUT_ERTUGRUL_DASGIN/LinkedListQuestions.cpp","startInFirst":{"line":64,"column":9,"tokenListIndex":48},"endInFirst":{"line":86,"column":0,"tokenListIndex":69},"startInSecond":{"line":61,"column":14,"tokenListIndex":57},"endInSecond":{"line":95,"column":0,"tokenListIndex":83},"lengthOfFirst":22,"lengthOfSecond":27}],"firstSimilarity":0.9,"secondSimilarity":0.7619047619047619}