{"firstSubmissionId":"AGAH_DEMIR_GOK","secondSubmissionId":"MERT_ACAR","similarities":{"AVG":0.1569767441860465,"MAX":0.38571428571428573,"MAXIMUM_LENGTH":284.0,"LONGEST_MATCH":8.0},"matches":[{"firstFileName":"AGAH_DEMIR_GOK/LinkedListQuestions.cpp","secondFileName":"MERT_ACAR/LinkedList.cpp","startInFirst":{"line":53,"column":4,"tokenListIndex":32},"endInFirst":{"line":59,"column":4,"tokenListIndex":39},"startInSecond":{"line":133,"column":2,"tokenListIndex":99},"endInSecond":{"line":147,"column":2,"tokenListIndex":106},"lengthOfFirst":8,"lengthOfSecond":8},{"firstFileName":"AGAH_DEMIR_GOK/LinkedListQuestions.cpp","secondFileName":"MERT_ACAR/main.cpp","startInFirst":{"line":62,"column":15,"tokenListIndex":46},"endInFirst":{"line":65,"column":34,"tokenListIndex":52},"startInSecond":{"line":13,"column":9,"tokenListIndex":165},"endInSecond":{"line":21,"column":38,"tokenListIndex":171},"lengthOfFirst":7,"lengthOfSecond":7},{"firstFileName":"AGAH_DEMIR_GOK/LinkedListQuestions.cpp","secondFileName":"MERT_ACAR/LinkedList.cpp","startInFirst":{"line":31,"column":0,"tokenListIndex":17},"endInFirst":{"line":37,"column":46,"tokenListIndex":22},"startInSecond":{"line":83,"column":0,"tokenListIndex":67},"endInSecond":{"line":91,"column":2,"tokenListIndex":72},"lengthOfFirst":6,"lengthOfSecond":6},{"firstFileName":"AGAH_DEMIR_GOK/LinkedListQuestions.cpp","secondFileName":"MERT_ACAR/LinkedList.cpp","startInFirst":{"line":65,"column":39,"tokenListIndex":53},"endInFirst":{"line":71,"column":59,"tokenListIndex":58},"startInSecond":{"line":101,"column":39,"tokenListIndex":80},"endInSecond":{"line":116,"column":2,"tokenListIndex":85},"lengthOfFirst":6,"lengthOfSecond":6}],"firstSimilarity":0.38571428571428573,"secondSimilarity":0.09854014598540146}