{"firstSubmissionId":"AGAH_DEMIR_GOK","secondSubmissionId":"SELEN_YULAF","similarities":{"AVG":0.0915032679738562,"MAX":0.1,"MAXIMUM_LENGTH":92.0,"LONGEST_MATCH":7.0},"matches":[{"firstFileName":"AGAH_DEMIR_GOK/LinkedListQuestions.cpp","secondFileName":"SELEN_YULAF/LinkedListQuestions.cpp","startInFirst":{"line":45,"column":29,"tokenListIndex":25},"endInFirst":{"line":52,"column":38,"tokenListIndex":31},"startInSecond":{"line":49,"column":8,"tokenListIndex":80},"endInSecond":{"line":58,"column":38,"tokenListIndex":86},"lengthOfFirst":7,"lengthOfSecond":7}],"firstSimilarity":0.1,"secondSimilarity":0.08433734939759036}