{"firstSubmissionId":"ALI_OZUER","secondSubmissionId":"KENAN_OZCAKIR","similarities":{"AVG":1.0,"MAX":1.0,"MAXIMUM_LENGTH":18.0,"LONGEST_MATCH":10.0},"matches":[{"firstFileName":"ALI_OZUER/LinkedListQuestions.cpp","secondFileName":"KENAN_OZCAKIR/LinkedListQuestions.cpp","startInFirst":{"line":17,"column":0,"tokenListIndex":7},"endInFirst":{"line":32,"column":0,"tokenListIndex":16},"startInSecond":{"line":17,"column":0,"tokenListIndex":7},"endInSecond":{"line":32,"column":0,"tokenListIndex":16},"lengthOfFirst":10,"lengthOfSecond":10}],"firstSimilarity":1.0,"secondSimilarity":1.0}