{"firstSubmissionId":"ALI_OZUER","secondSubmissionId":"SELEN_YULAF","similarities":{"AVG":0.17204301075268819,"MAX":0.8,"MAXIMUM_LENGTH":92.0,"LONGEST_MATCH":8.0},"matches":[{"firstFileName":"ALI_OZUER/LinkedListQuestions.cpp","secondFileName":"SELEN_YULAF/LinkedListQuestions.cpp","startInFirst":{"line":19,"column":0,"tokenListIndex":9},"endInFirst":{"line":32,"column":0,"tokenListIndex":16},"startInSecond":{"line":54,"column":0,"tokenListIndex":83},"endInSecond":{"line":67,"column":0,"tokenListIndex":90},"lengthOfFirst":8,"lengthOfSecond":8}],"firstSimilarity":0.8,"secondSimilarity":0.0963855421686747}