{"firstSubmissionId":"ALI_OZUER","secondSubmissionId":"ELIF_KAYAR","similarities":{"AVG":0.28,"MAX":0.7,"MAXIMUM_LENGTH":47.0,"LONGEST_MATCH":7.0},"matches":[{"firstFileName":"ALI_OZUER/LinkedListQuestions.cpp","secondFileName":"ELIF_KAYAR/LinkedListQuestions.cpp","startInFirst":{"line":19,"column":0,"tokenListIndex":9},"endInFirst":{"line":29,"column":31,"tokenListIndex":15},"startInSecond":{"line":53,"column":0,"tokenListIndex":30},"endInSecond":{"line":63,"column":31,"tokenListIndex":36},"lengthOfFirst":7,"lengthOfSecond":7}],"firstSimilarity":0.7,"secondSimilarity":0.175}