{"firstSubmissionId":"ALISA_IDA_DELEON","secondSubmissionId":"EFE_BORAN_BERBER","similarities":{"AVG":0.2926829268292683,"MAX":0.6,"MAXIMUM_LENGTH":32.0,"LONGEST_MATCH":6.0},"matches":[{"firstFileName":"ALISA_IDA_DELEON/LinkedListQuestions.cpp","secondFileName":"EFE_BORAN_BERBER/LinkedListQuestions1.cpp","startInFirst":{"line":17,"column":0,"tokenListIndex":7},"endInFirst":{"line":23,"column":38,"tokenListIndex":12},"startInSecond":{"line":34,"column":0,"tokenListIndex":15},"endInSecond":{"line":40,"column":38,"tokenListIndex":20},"lengthOfFirst":6,"lengthOfSecond":6}],"firstSimilarity":0.6,"secondSimilarity":0.1935483870967742}