{"firstSubmissionId":"ALISA_IDA_DELEON","secondSubmissionId":"MERT_ACAR","similarities":{"AVG":0.056338028169014086,"MAX":0.8,"MAXIMUM_LENGTH":284.0,"LONGEST_MATCH":8.0},"matches":[{"firstFileName":"ALISA_IDA_DELEON/LinkedListQuestions.cpp","secondFileName":"MERT_ACAR/main.cpp","startInFirst":{"line":19,"column":0,"tokenListIndex":9},"endInFirst":{"line":32,"column":0,"tokenListIndex":16},"startInSecond":{"line":28,"column":0,"tokenListIndex":178},"endInSecond":{"line":40,"column":0,"tokenListIndex":185},"lengthOfFirst":8,"lengthOfSecond":8}],"firstSimilarity":0.8,"secondSimilarity":0.029197080291970802}