{"firstSubmissionId":"ATAKAN_NAKTURK","secondSubmissionId":"KARDELEN_KARTAL","similarities":{"AVG":0.2682926829268293,"MAX":0.28448275862068967,"MAXIMUM_LENGTH":131.0,"LONGEST_MATCH":10.0},"matches":[{"firstFileName":"ATAKAN_NAKTURK/LinkedListQuestions.cpp","secondFileName":"KARDELEN_KARTAL/LinkedListQuestions.cpp","startInFirst":{"line":73,"column":2,"tokenListIndex":58},"endInFirst":{"line":82,"column":4,"tokenListIndex":67},"startInSecond":{"line":76,"column":42,"tokenListIndex":62},"endInSecond":{"line":86,"column":2,"tokenListIndex":71},"lengthOfFirst":10,"lengthOfSecond":10},{"firstFileName":"ATAKAN_NAKTURK/LinkedListQuestions.cpp","secondFileName":"KARDELEN_KARTAL/LinkedListQuestions.cpp","startInFirst":{"line":44,"column":2,"tokenListIndex":36},"endInFirst":{"line":59,"column":8,"tokenListIndex":43},"startInSecond":{"line":42,"column":60,"tokenListIndex":35},"endInSecond":{"line":47,"column":19,"tokenListIndex":42},"lengthOfFirst":8,"lengthOfSecond":8},{"firstFileName":"ATAKAN_NAKTURK/LinkedListQuestions.cpp","secondFileName":"KARDELEN_KARTAL/LinkedListQuestions.cpp","startInFirst":{"line":91,"column":4,"tokenListIndex":74},"endInFirst":{"line":97,"column":1,"tokenListIndex":81},"startInSecond":{"line":22,"column":3,"tokenListIndex":20},"endInSecond":{"line":26,"column":2,"tokenListIndex":27},"lengthOfFirst":8,"lengthOfSecond":8},{"firstFileName":"ATAKAN_NAKTURK/LinkedListQuestions.cpp","secondFileName":"KARDELEN_KARTAL/LinkedListQuestions.cpp","startInFirst":{"line":101,"column":2,"tokenListIndex":83},"endInFirst":{"line":115,"column":1,"tokenListIndex":89},"startInSecond":{"line":66,"column":3,"tokenListIndex":55},"endInSecond":{"line":76,"column":2,"tokenListIndex":61},"lengthOfFirst":7,"lengthOfSecond":7}],"firstSimilarity":0.28448275862068967,"secondSimilarity":0.25384615384615383}