{"firstSubmissionId":"ATAKAN_NAKTURK","secondSubmissionId":"MERT_ACAR","similarities":{"AVG":0.07692307692307693,"MAX":0.12931034482758622,"MAXIMUM_LENGTH":284.0,"LONGEST_MATCH":9.0},"matches":[{"firstFileName":"ATAKAN_NAKTURK/LinkedListQuestions.cpp","secondFileName":"MERT_ACAR/LinkedList.cpp","startInFirst":{"line":24,"column":0,"tokenListIndex":20},"endInFirst":{"line":35,"column":9,"tokenListIndex":28},"startInSecond":{"line":25,"column":0,"tokenListIndex":34},"endInSecond":{"line":36,"column":9,"tokenListIndex":42},"lengthOfFirst":9,"lengthOfSecond":9},{"firstFileName":"ATAKAN_NAKTURK/LinkedListQuestions.cpp","secondFileName":"MERT_ACAR/main.cpp","startInFirst":{"line":91,"column":4,"tokenListIndex":74},"endInFirst":{"line":94,"column":30,"tokenListIndex":79},"startInSecond":{"line":14,"column":2,"tokenListIndex":166},"endInSecond":{"line":21,"column":38,"tokenListIndex":171},"lengthOfFirst":6,"lengthOfSecond":6}],"firstSimilarity":0.12931034482758622,"secondSimilarity":0.05474452554744526}