{"firstSubmissionId":"BAHAR_CETIN_ASLAN","secondSubmissionId":"TARIK_SERTVURAN","similarities":{"AVG":0.1643835616438356,"MAX":0.5,"MAXIMUM_LENGTH":62.0,"LONGEST_MATCH":6.0},"matches":[{"firstFileName":"BAHAR_CETIN_ASLAN/LinkedListQuestionsbc.cpp","secondFileName":"TARIK_SERTVURAN/LinkedListQuestions.cpp","startInFirst":{"line":6,"column":0,"tokenListIndex":0},"endInFirst":{"line":8,"column":8,"tokenListIndex":5},"startInSecond":{"line":6,"column":0,"tokenListIndex":0},"endInSecond":{"line":11,"column":2,"tokenListIndex":5},"lengthOfFirst":6,"lengthOfSecond":6}],"firstSimilarity":0.5,"secondSimilarity":0.09836065573770492}