{"firstSubmissionId":"BAHAR_CETIN_ASLAN","secondSubmissionId":"CEM_KAYARDI","similarities":{"AVG":0.17391304347826086,"MAX":0.5,"MAXIMUM_LENGTH":64.0,"LONGEST_MATCH":6.0},"matches":[{"firstFileName":"BAHAR_CETIN_ASLAN/LinkedListQuestionsbc.cpp","secondFileName":"CEM_KAYARDI/LinkedListQuestions.cpp","startInFirst":{"line":6,"column":0,"tokenListIndex":0},"endInFirst":{"line":8,"column":8,"tokenListIndex":5},"startInSecond":{"line":8,"column":0,"tokenListIndex":0},"endInSecond":{"line":13,"column":1,"tokenListIndex":5},"lengthOfFirst":6,"lengthOfSecond":6}],"firstSimilarity":0.5,"secondSimilarity":0.10526315789473684}