{"firstSubmissionId":"BAHAR_CETIN_ASLAN","secondSubmissionId":"ZEYNEP_ECE_BIKEZ","similarities":{"AVG":0.18461538461538463,"MAX":0.5,"MAXIMUM_LENGTH":60.0,"LONGEST_MATCH":6.0},"matches":[{"firstFileName":"BAHAR_CETIN_ASLAN/LinkedListQuestionsbc.cpp","secondFileName":"ZEYNEP_ECE_BIKEZ/LinkedListQuestions.cpp","startInFirst":{"line":6,"column":0,"tokenListIndex":0},"endInFirst":{"line":8,"column":8,"tokenListIndex":5},"startInSecond":{"line":45,"column":0,"tokenListIndex":31},"endInSecond":{"line":48,"column":3,"tokenListIndex":36},"lengthOfFirst":6,"lengthOfSecond":6}],"firstSimilarity":0.5,"secondSimilarity":0.11320754716981132}