{"firstSubmissionId":"BAHAR_CETIN_ASLAN","secondSubmissionId":"PELIN_GORER","similarities":{"AVG":0.17647058823529413,"MAX":0.5,"MAXIMUM_LENGTH":63.0,"LONGEST_MATCH":6.0},"matches":[{"firstFileName":"BAHAR_CETIN_ASLAN/LinkedListQuestionsbc.cpp","secondFileName":"PELIN_GORER/LinkedListQuestions.cpp","startInFirst":{"line":6,"column":0,"tokenListIndex":0},"endInFirst":{"line":8,"column":8,"tokenListIndex":5},"startInSecond":{"line":40,"column":0,"tokenListIndex":26},"endInSecond":{"line":44,"column":2,"tokenListIndex":31},"lengthOfFirst":6,"lengthOfSecond":6}],"firstSimilarity":0.5,"secondSimilarity":0.10714285714285714}