{"firstSubmissionId":"BAHAR_CETIN_ASLAN","secondSubmissionId":"KARDELEN_KARTAL","similarities":{"AVG":0.08450704225352113,"MAX":0.5,"MAXIMUM_LENGTH":131.0,"LONGEST_MATCH":6.0},"matches":[{"firstFileName":"BAHAR_CETIN_ASLAN/LinkedListQuestionsbc.cpp","secondFileName":"KARDELEN_KARTAL/LinkedListQuestions.cpp","startInFirst":{"line":6,"column":0,"tokenListIndex":0},"endInFirst":{"line":8,"column":8,"tokenListIndex":5},"startInSecond":{"line":6,"column":0,"tokenListIndex":0},"endInSecond":{"line":8,"column":20,"tokenListIndex":5},"lengthOfFirst":6,"lengthOfSecond":6}],"firstSimilarity":0.5,"secondSimilarity":0.046153846153846156}