{"firstSubmissionId":"BAHAR_CETIN_ASLAN","secondSubmissionId":"EFE_KASAPOGLU","similarities":{"AVG":0.13186813186813187,"MAX":0.5,"MAXIMUM_LENGTH":80.0,"LONGEST_MATCH":6.0},"matches":[{"firstFileName":"BAHAR_CETIN_ASLAN/LinkedListQuestionsbc.cpp","secondFileName":"EFE_KASAPOGLU/LinkedListQuestions.cpp","startInFirst":{"line":6,"column":0,"tokenListIndex":0},"endInFirst":{"line":8,"column":8,"tokenListIndex":5},"startInSecond":{"line":9,"column":0,"tokenListIndex":0},"endInSecond":{"line":12,"column":4,"tokenListIndex":5},"lengthOfFirst":6,"lengthOfSecond":6}],"firstSimilarity":0.5,"secondSimilarity":0.0759493670886076}