{"firstSubmissionId":"BAHAR_CETIN_ASLAN","secondSubmissionId":"EFE_BORAN_BERBER","similarities":{"AVG":0.27906976744186046,"MAX":0.5,"MAXIMUM_LENGTH":32.0,"LONGEST_MATCH":6.0},"matches":[{"firstFileName":"BAHAR_CETIN_ASLAN/LinkedListQuestionsbc.cpp","secondFileName":"EFE_BORAN_BERBER/LinkedListQuestions1.cpp","startInFirst":{"line":6,"column":0,"tokenListIndex":0},"endInFirst":{"line":8,"column":8,"tokenListIndex":5},"startInSecond":{"line":6,"column":0,"tokenListIndex":0},"endInSecond":{"line":10,"column":1,"tokenListIndex":5},"lengthOfFirst":6,"lengthOfSecond":6}],"firstSimilarity":0.5,"secondSimilarity":0.1935483870967742}