{"firstSubmissionId":"BAHAR_CETIN_ASLAN","secondSubmissionId":"SAFA_GOKALP_UGUR","similarities":{"AVG":0.2926829268292683,"MAX":0.5,"MAXIMUM_LENGTH":37.0,"LONGEST_MATCH":6.0},"matches":[{"firstFileName":"BAHAR_CETIN_ASLAN/LinkedListQuestionsbc.cpp","secondFileName":"SAFA_GOKALP_UGUR/LinkedListQuestions.cpp","startInFirst":{"line":6,"column":0,"tokenListIndex":0},"endInFirst":{"line":8,"column":8,"tokenListIndex":5},"startInSecond":{"line":15,"column":0,"tokenListIndex":2},"endInSecond":{"line":19,"column":1,"tokenListIndex":7},"lengthOfFirst":6,"lengthOfSecond":6}],"firstSimilarity":0.5,"secondSimilarity":0.20689655172413793}