{"firstSubmissionId":"BAHAR_CETIN_ASLAN","secondSubmissionId":"IREM_IRMAK_UNLUER","similarities":{"AVG":0.23529411764705882,"MAX":0.5,"MAXIMUM_LENGTH":46.0,"LONGEST_MATCH":6.0},"matches":[{"firstFileName":"BAHAR_CETIN_ASLAN/LinkedListQuestionsbc.cpp","secondFileName":"IREM_IRMAK_UNLUER/LinkedListQuestions.cpp","startInFirst":{"line":6,"column":0,"tokenListIndex":0},"endInFirst":{"line":8,"column":8,"tokenListIndex":5},"startInSecond":{"line":6,"column":0,"tokenListIndex":0},"endInSecond":{"line":7,"column":19,"tokenListIndex":5},"lengthOfFirst":6,"lengthOfSecond":6}],"firstSimilarity":0.5,"secondSimilarity":0.15384615384615385}