{"firstSubmissionId":"BAHAR_CETIN_ASLAN","secondSubmissionId":"AGAH_DEMIR_GOK","similarities":{"AVG":0.14634146341463414,"MAX":0.5,"MAXIMUM_LENGTH":71.0,"LONGEST_MATCH":6.0},"matches":[{"firstFileName":"BAHAR_CETIN_ASLAN/LinkedListQuestionsbc.cpp","secondFileName":"AGAH_DEMIR_GOK/LinkedListQuestions.cpp","startInFirst":{"line":6,"column":0,"tokenListIndex":0},"endInFirst":{"line":8,"column":8,"tokenListIndex":5},"startInSecond":{"line":52,"column":0,"tokenListIndex":29},"endInSecond":{"line":53,"column":36,"tokenListIndex":34},"lengthOfFirst":6,"lengthOfSecond":6}],"firstSimilarity":0.5,"secondSimilarity":0.08571428571428572}