{"firstSubmissionId":"BAHAR_CETIN_ASLAN","secondSubmissionId":"MERT_ACAR","similarities":{"AVG":0.04895104895104895,"MAX":0.5833333333333334,"MAXIMUM_LENGTH":284.0,"LONGEST_MATCH":7.0},"matches":[{"firstFileName":"BAHAR_CETIN_ASLAN/LinkedListQuestionsbc.cpp","secondFileName":"MERT_ACAR/LinkedList.cpp","startInFirst":{"line":6,"column":0,"tokenListIndex":0},"endInFirst":{"line":10,"column":1,"tokenListIndex":6},"startInSecond":{"line":61,"column":0,"tokenListIndex":52},"endInSecond":{"line":68,"column":2,"tokenListIndex":58},"lengthOfFirst":7,"lengthOfSecond":7}],"firstSimilarity":0.5833333333333334,"secondSimilarity":0.025547445255474453}