{"firstSubmissionId":"CEM_KAYARDI","secondSubmissionId":"AGAH_DEMIR_GOK","similarities":{"AVG":0.1889763779527559,"MAX":0.21052631578947367,"MAXIMUM_LENGTH":71.0,"LONGEST_MATCH":6.0},"matches":[{"firstFileName":"CEM_KAYARDI/LinkedListQuestions.cpp","secondFileName":"AGAH_DEMIR_GOK/LinkedListQuestions.cpp","startInFirst":{"line":8,"column":0,"tokenListIndex":0},"endInFirst":{"line":13,"column":1,"tokenListIndex":5},"startInSecond":{"line":52,"column":0,"tokenListIndex":29},"endInSecond":{"line":53,"column":36,"tokenListIndex":34},"lengthOfFirst":6,"lengthOfSecond":6},{"firstFileName":"CEM_KAYARDI/LinkedListQuestions.cpp","secondFileName":"AGAH_DEMIR_GOK/LinkedListQuestions.cpp","startInFirst":{"line":31,"column":0,"tokenListIndex":15},"endInFirst":{"line":38,"column":19,"tokenListIndex":20},"startInSecond":{"line":31,"column":0,"tokenListIndex":17},"endInSecond":{"line":37,"column":46,"tokenListIndex":22},"lengthOfFirst":6,"lengthOfSecond":6}],"firstSimilarity":0.21052631578947367,"secondSimilarity":0.17142857142857143}