{"firstSubmissionId":"CEM_KAYARDI","secondSubmissionId":"HASAN_KHALILOV","similarities":{"AVG":0.1,"MAX":0.10526315789473684,"MAXIMUM_LENGTH":64.0,"LONGEST_MATCH":6.0},"matches":[{"firstFileName":"CEM_KAYARDI/LinkedListQuestions.cpp","secondFileName":"HASAN_KHALILOV/LinkedListQuestions.cpp","startInFirst":{"line":37,"column":4,"tokenListIndex":18},"endInFirst":{"line":45,"column":16,"tokenListIndex":23},"startInSecond":{"line":72,"column":4,"tokenListIndex":47},"endInSecond":{"line":78,"column":11,"tokenListIndex":52},"lengthOfFirst":6,"lengthOfSecond":6}],"firstSimilarity":0.10526315789473684,"secondSimilarity":0.09523809523809523}