{"firstSubmissionId":"CEM_KAYARDI","secondSubmissionId":"ATAKAN_NAKTURK","similarities":{"AVG":0.08092485549132948,"MAX":0.12280701754385964,"MAXIMUM_LENGTH":117.0,"LONGEST_MATCH":7.0},"matches":[{"firstFileName":"CEM_KAYARDI/LinkedListQuestions.cpp","secondFileName":"ATAKAN_NAKTURK/LinkedListQuestions.cpp","startInFirst":{"line":28,"column":4,"tokenListIndex":12},"endInFirst":{"line":37,"column":4,"tokenListIndex":18},"startInSecond":{"line":35,"column":1,"tokenListIndex":27},"endInSecond":{"line":43,"column":1,"tokenListIndex":33},"lengthOfFirst":7,"lengthOfSecond":7}],"firstSimilarity":0.12280701754385964,"secondSimilarity":0.0603448275862069}