{"firstSubmissionId":"CEM_KAYARDI","secondSubmissionId":"EFE_KASAPOGLU","similarities":{"AVG":0.29411764705882354,"MAX":0.3508771929824561,"MAXIMUM_LENGTH":80.0,"LONGEST_MATCH":12.0},"matches":[{"firstFileName":"CEM_KAYARDI/LinkedListQuestions.cpp","secondFileName":"EFE_KASAPOGLU/LinkedListQuestions.cpp","startInFirst":{"line":8,"column":0,"tokenListIndex":0},"endInFirst":{"line":26,"column":20,"tokenListIndex":11},"startInSecond":{"line":9,"column":0,"tokenListIndex":0},"endInSecond":{"line":20,"column":20,"tokenListIndex":11},"lengthOfFirst":12,"lengthOfSecond":12},{"firstFileName":"CEM_KAYARDI/LinkedListQuestions.cpp","secondFileName":"EFE_KASAPOGLU/LinkedListQuestions.cpp","startInFirst":{"line":31,"column":0,"tokenListIndex":15},"endInFirst":{"line":41,"column":11,"tokenListIndex":22},"startInSecond":{"line":22,"column":0,"tokenListIndex":12},"endInSecond":{"line":33,"column":11,"tokenListIndex":19},"lengthOfFirst":8,"lengthOfSecond":8}],"firstSimilarity":0.3508771929824561,"secondSimilarity":0.25316455696202533}