{"firstSubmissionId":"CEM_KAYARDI","secondSubmissionId":"KARDELEN_KARTAL","similarities":{"AVG":0.22459893048128343,"MAX":0.3684210526315789,"MAXIMUM_LENGTH":131.0,"LONGEST_MATCH":8.0},"matches":[{"firstFileName":"CEM_KAYARDI/LinkedListQuestions.cpp","secondFileName":"KARDELEN_KARTAL/LinkedListQuestions.cpp","startInFirst":{"line":31,"column":0,"tokenListIndex":15},"endInFirst":{"line":41,"column":11,"tokenListIndex":22},"startInSecond":{"line":36,"column":0,"tokenListIndex":31},"endInSecond":{"line":44,"column":9,"tokenListIndex":38},"lengthOfFirst":8,"lengthOfSecond":8},{"firstFileName":"CEM_KAYARDI/LinkedListQuestions.cpp","secondFileName":"KARDELEN_KARTAL/LinkedListQuestions.cpp","startInFirst":{"line":66,"column":19,"tokenListIndex":43},"endInFirst":{"line":70,"column":11,"tokenListIndex":49},"startInSecond":{"line":111,"column":31,"tokenListIndex":89},"endInSecond":{"line":123,"column":44,"tokenListIndex":95},"lengthOfFirst":7,"lengthOfSecond":7},{"firstFileName":"CEM_KAYARDI/LinkedListQuestions.cpp","secondFileName":"KARDELEN_KARTAL/LinkedListQuestions.cpp","startInFirst":{"line":8,"column":0,"tokenListIndex":0},"endInFirst":{"line":13,"column":1,"tokenListIndex":5},"startInSecond":{"line":6,"column":0,"tokenListIndex":0},"endInSecond":{"line":8,"column":20,"tokenListIndex":5},"lengthOfFirst":6,"lengthOfSecond":6}],"firstSimilarity":0.3684210526315789,"secondSimilarity":0.16153846153846155}