{"firstSubmissionId":"CEM_KAYARDI","secondSubmissionId":"SELEN_YULAF","similarities":{"AVG":0.2,"MAX":0.24561403508771928,"MAXIMUM_LENGTH":92.0,"LONGEST_MATCH":14.0},"matches":[{"firstFileName":"CEM_KAYARDI/LinkedListQuestions.cpp","secondFileName":"SELEN_YULAF/selen linked list questions.cpp","startInFirst":{"line":8,"column":0,"tokenListIndex":0},"endInFirst":{"line":28,"column":9,"tokenListIndex":13},"startInSecond":{"line":6,"column":0,"tokenListIndex":0},"endInSecond":{"line":19,"column":11,"tokenListIndex":13},"lengthOfFirst":14,"lengthOfSecond":14}],"firstSimilarity":0.24561403508771928,"secondSimilarity":0.1686746987951807}