{"firstSubmissionId":"CEM_KAYARDI","secondSubmissionId":"MUHAMMED_ENES_CAM","similarities":{"AVG":0.19672131147540983,"MAX":0.21052631578947367,"MAXIMUM_LENGTH":66.0,"LONGEST_MATCH":12.0},"matches":[{"firstFileName":"CEM_KAYARDI/LinkedListQuestions.cpp","secondFileName":"MUHAMMED_ENES_CAM/LinkedListQuestions.cpp","startInFirst":{"line":8,"column":0,"tokenListIndex":0},"endInFirst":{"line":26,"column":20,"tokenListIndex":11},"startInSecond":{"line":6,"column":0,"tokenListIndex":0},"endInSecond":{"line":19,"column":20,"tokenListIndex":11},"lengthOfFirst":12,"lengthOfSecond":12}],"firstSimilarity":0.21052631578947367,"secondSimilarity":0.18461538461538463}