{"firstSubmissionId":"CEM_KAYARDI","secondSubmissionId":"MERT_ACAR","similarities":{"AVG":0.14501510574018128,"MAX":0.42105263157894735,"MAXIMUM_LENGTH":284.0,"LONGEST_MATCH":12.0},"matches":[{"firstFileName":"CEM_KAYARDI/LinkedListQuestions.cpp","secondFileName":"MERT_ACAR/LinkedListQuestions.cpp","startInFirst":{"line":8,"column":0,"tokenListIndex":0},"endInFirst":{"line":26,"column":20,"tokenListIndex":11},"startInSecond":{"line":6,"column":0,"tokenListIndex":0},"endInSecond":{"line":21,"column":20,"tokenListIndex":11},"lengthOfFirst":12,"lengthOfSecond":12},{"firstFileName":"CEM_KAYARDI/LinkedListQuestions.cpp","secondFileName":"MERT_ACAR/LinkedList.cpp","startInFirst":{"line":31,"column":0,"tokenListIndex":15},"endInFirst":{"line":38,"column":19,"tokenListIndex":20},"startInSecond":{"line":83,"column":0,"tokenListIndex":67},"endInSecond":{"line":91,"column":2,"tokenListIndex":72},"lengthOfFirst":6,"lengthOfSecond":6},{"firstFileName":"CEM_KAYARDI/LinkedListQuestions.cpp","secondFileName":"MERT_ACAR/LinkedList.cpp","startInFirst":{"line":69,"column":4,"tokenListIndex":47},"endInFirst":{"line":73,"column":8,"tokenListIndex":52},"startInSecond":{"line":116,"column":2,"tokenListIndex":85},"endInSecond":{"line":120,"column":4,"tokenListIndex":90},"lengthOfFirst":6,"lengthOfSecond":6}],"firstSimilarity":0.42105263157894735,"secondSimilarity":0.08759124087591241}