{"firstSubmissionId":"CEM_KAYARDI","secondSubmissionId":"UMUT_ERTUGRUL_DASGIN","similarities":{"AVG":0.3404255319148936,"MAX":0.42105263157894735,"MAXIMUM_LENGTH":85.0,"LONGEST_MATCH":10.0},"matches":[{"firstFileName":"CEM_KAYARDI/LinkedListQuestions.cpp","secondFileName":"UMUT_ERTUGRUL_DASGIN/LinkedListQuestions.cpp","startInFirst":{"line":18,"column":1,"tokenListIndex":8},"endInFirst":{"line":36,"column":28,"tokenListIndex":17},"startInSecond":{"line":14,"column":1,"tokenListIndex":9},"endInSecond":{"line":27,"column":18,"tokenListIndex":18},"lengthOfFirst":10,"lengthOfSecond":10},{"firstFileName":"CEM_KAYARDI/LinkedListQuestions.cpp","secondFileName":"UMUT_ERTUGRUL_DASGIN/LinkedListQuestions.cpp","startInFirst":{"line":8,"column":0,"tokenListIndex":0},"endInFirst":{"line":16,"column":4,"tokenListIndex":7},"startInSecond":{"line":6,"column":0,"tokenListIndex":0},"endInSecond":{"line":10,"column":1,"tokenListIndex":7},"lengthOfFirst":8,"lengthOfSecond":8},{"firstFileName":"CEM_KAYARDI/LinkedListQuestions.cpp","secondFileName":"UMUT_ERTUGRUL_DASGIN/LinkedListQuestions.cpp","startInFirst":{"line":37,"column":4,"tokenListIndex":18},"endInFirst":{"line":45,"column":16,"tokenListIndex":23},"startInSecond":{"line":29,"column":4,"tokenListIndex":21},"endInSecond":{"line":32,"column":11,"tokenListIndex":26},"lengthOfFirst":6,"lengthOfSecond":6}],"firstSimilarity":0.42105263157894735,"secondSimilarity":0.2857142857142857}