{"firstSubmissionId":"EFE_KASAPOGLU","secondSubmissionId":"MERT_ACAR","similarities":{"AVG":0.18696883852691218,"MAX":0.4177215189873418,"MAXIMUM_LENGTH":284.0,"LONGEST_MATCH":15.0},"matches":[{"firstFileName":"EFE_KASAPOGLU/LinkedListQuestions.cpp","secondFileName":"MERT_ACAR/LinkedListQuestions.cpp","startInFirst":{"line":9,"column":0,"tokenListIndex":0},"endInFirst":{"line":26,"column":18,"tokenListIndex":14},"startInSecond":{"line":6,"column":0,"tokenListIndex":0},"endInSecond":{"line":28,"column":18,"tokenListIndex":14},"lengthOfFirst":15,"lengthOfSecond":15},{"firstFileName":"EFE_KASAPOGLU/LinkedListQuestions.cpp","secondFileName":"MERT_ACAR/LinkedList.cpp","startInFirst":{"line":76,"column":4,"tokenListIndex":53},"endInFirst":{"line":92,"column":11,"tokenListIndex":63},"startInSecond":{"line":101,"column":2,"tokenListIndex":77},"endInSecond":{"line":117,"column":2,"tokenListIndex":87},"lengthOfFirst":11,"lengthOfSecond":11},{"firstFileName":"EFE_KASAPOGLU/LinkedListQuestions.cpp","secondFileName":"MERT_ACAR/LinkedList.cpp","startInFirst":{"line":52,"column":0,"tokenListIndex":31},"endInFirst":{"line":59,"column":4,"tokenListIndex":37},"startInSecond":{"line":57,"column":0,"tokenListIndex":51},"endInSecond":{"line":65,"column":2,"tokenListIndex":57},"lengthOfFirst":7,"lengthOfSecond":7}],"firstSimilarity":0.4177215189873418,"secondSimilarity":0.12043795620437957}