{"firstSubmissionId":"EFE_BORAN_BERBER","secondSubmissionId":"KARDELEN_KARTAL","similarities":{"AVG":0.14906832298136646,"MAX":0.3870967741935484,"MAXIMUM_LENGTH":131.0,"LONGEST_MATCH":6.0},"matches":[{"firstFileName":"EFE_BORAN_BERBER/LinkedListQuestions1.cpp","secondFileName":"KARDELEN_KARTAL/LinkedListQuestions.cpp","startInFirst":{"line":6,"column":0,"tokenListIndex":0},"endInFirst":{"line":10,"column":1,"tokenListIndex":5},"startInSecond":{"line":6,"column":0,"tokenListIndex":0},"endInSecond":{"line":8,"column":20,"tokenListIndex":5},"lengthOfFirst":6,"lengthOfSecond":6},{"firstFileName":"EFE_BORAN_BERBER/LinkedListQuestions1.cpp","secondFileName":"KARDELEN_KARTAL/LinkedListQuestions.cpp","startInFirst":{"line":13,"column":1,"tokenListIndex":6},"endInFirst":{"line":24,"column":6,"tokenListIndex":11},"startInSecond":{"line":10,"column":13,"tokenListIndex":7},"endInSecond":{"line":18,"column":7,"tokenListIndex":12},"lengthOfFirst":6,"lengthOfSecond":6}],"firstSimilarity":0.3870967741935484,"secondSimilarity":0.09230769230769231}