{"firstSubmissionId":"EFE_BORAN_BERBER","secondSubmissionId":"IREM_IRMAK_UNLUER","similarities":{"AVG":0.2857142857142857,"MAX":0.3225806451612903,"MAXIMUM_LENGTH":46.0,"LONGEST_MATCH":10.0},"matches":[{"firstFileName":"EFE_BORAN_BERBER/LinkedListQuestions1.cpp","secondFileName":"IREM_IRMAK_UNLUER/LinkedListQuestions.cpp","startInFirst":{"line":6,"column":0,"tokenListIndex":0},"endInFirst":{"line":22,"column":20,"tokenListIndex":9},"startInSecond":{"line":6,"column":0,"tokenListIndex":0},"endInSecond":{"line":14,"column":20,"tokenListIndex":9},"lengthOfFirst":10,"lengthOfSecond":10}],"firstSimilarity":0.3225806451612903,"secondSimilarity":0.2564102564102564}