{"firstSubmissionId":"EFE_BORAN_BERBER","secondSubmissionId":"PELIN_GORER","similarities":{"AVG":0.27586206896551724,"MAX":0.3870967741935484,"MAXIMUM_LENGTH":63.0,"LONGEST_MATCH":6.0},"matches":[{"firstFileName":"EFE_BORAN_BERBER/LinkedListQuestions1.cpp","secondFileName":"PELIN_GORER/LinkedListQuestions.cpp","startInFirst":{"line":6,"column":0,"tokenListIndex":0},"endInFirst":{"line":10,"column":1,"tokenListIndex":5},"startInSecond":{"line":40,"column":0,"tokenListIndex":26},"endInSecond":{"line":44,"column":2,"tokenListIndex":31},"lengthOfFirst":6,"lengthOfSecond":6},{"firstFileName":"EFE_BORAN_BERBER/LinkedListQuestions1.cpp","secondFileName":"PELIN_GORER/LinkedListQuestions.cpp","startInFirst":{"line":13,"column":1,"tokenListIndex":6},"endInFirst":{"line":24,"column":6,"tokenListIndex":11},"startInSecond":{"line":14,"column":2,"tokenListIndex":6},"endInSecond":{"line":22,"column":9,"tokenListIndex":11},"lengthOfFirst":6,"lengthOfSecond":6}],"firstSimilarity":0.3870967741935484,"secondSimilarity":0.21428571428571427}