{"firstSubmissionId":"EFE_KASAPOGLU","secondSubmissionId":"KARDELEN_KARTAL","similarities":{"AVG":0.5454545454545454,"MAX":0.7215189873417721,"MAXIMUM_LENGTH":131.0,"LONGEST_MATCH":18.0},"matches":[{"firstFileName":"EFE_KASAPOGLU/LinkedListQuestions.cpp","secondFileName":"KARDELEN_KARTAL/LinkedListQuestions.cpp","startInFirst":{"line":47,"column":8,"tokenListIndex":28},"endInFirst":{"line":66,"column":4,"tokenListIndex":45},"startInSecond":{"line":65,"column":3,"tokenListIndex":54},"endInSecond":{"line":86,"column":2,"tokenListIndex":71},"lengthOfFirst":18,"lengthOfSecond":18},{"firstFileName":"EFE_KASAPOGLU/LinkedListQuestions.cpp","secondFileName":"KARDELEN_KARTAL/LinkedListQuestions.cpp","startInFirst":{"line":68,"column":11,"tokenListIndex":47},"endInFirst":{"line":92,"column":11,"tokenListIndex":62},"startInSecond":{"line":88,"column":2,"tokenListIndex":72},"endInSecond":{"line":123,"column":10,"tokenListIndex":87},"lengthOfFirst":16,"lengthOfSecond":16},{"firstFileName":"EFE_KASAPOGLU/LinkedListQuestions.cpp","secondFileName":"KARDELEN_KARTAL/LinkedListQuestions.cpp","startInFirst":{"line":22,"column":0,"tokenListIndex":12},"endInFirst":{"line":35,"column":4,"tokenListIndex":22},"startInSecond":{"line":36,"column":0,"tokenListIndex":31},"endInSecond":{"line":47,"column":2,"tokenListIndex":41},"lengthOfFirst":11,"lengthOfSecond":11},{"firstFileName":"EFE_KASAPOGLU/LinkedListQuestions.cpp","secondFileName":"KARDELEN_KARTAL/LinkedListQuestions.cpp","startInFirst":{"line":9,"column":0,"tokenListIndex":0},"endInFirst":{"line":12,"column":4,"tokenListIndex":5},"startInSecond":{"line":6,"column":0,"tokenListIndex":0},"endInSecond":{"line":8,"column":20,"tokenListIndex":5},"lengthOfFirst":6,"lengthOfSecond":6},{"firstFileName":"EFE_KASAPOGLU/LinkedListQuestions.cpp","secondFileName":"KARDELEN_KARTAL/LinkedListQuestions.cpp","startInFirst":{"line":93,"column":4,"tokenListIndex":65},"endInFirst":{"line":99,"column":12,"tokenListIndex":70},"startInSecond":{"line":139,"column":3,"tokenListIndex":104},"endInSecond":{"line":146,"column":5,"tokenListIndex":109},"lengthOfFirst":6,"lengthOfSecond":6}],"firstSimilarity":0.7215189873417721,"secondSimilarity":0.43846153846153846}