{"firstSubmissionId":"EFE_BORAN_BERBER","secondSubmissionId":"SELEN_YULAF","similarities":{"AVG":0.12280701754385964,"MAX":0.22580645161290322,"MAXIMUM_LENGTH":92.0,"LONGEST_MATCH":7.0},"matches":[{"firstFileName":"EFE_BORAN_BERBER/LinkedListQuestions1.cpp","secondFileName":"SELEN_YULAF/selen linked list questions.cpp","startInFirst":{"line":6,"column":0,"tokenListIndex":0},"endInFirst":{"line":13,"column":1,"tokenListIndex":6},"startInSecond":{"line":6,"column":0,"tokenListIndex":0},"endInSecond":{"line":8,"column":4,"tokenListIndex":6},"lengthOfFirst":7,"lengthOfSecond":7}],"firstSimilarity":0.22580645161290322,"secondSimilarity":0.08433734939759036}