{"firstSubmissionId":"EFE_BORAN_BERBER","secondSubmissionId":"SAFA_GOKALP_UGUR","similarities":{"AVG":0.3333333333333333,"MAX":0.3448275862068966,"MAXIMUM_LENGTH":37.0,"LONGEST_MATCH":10.0},"matches":[{"firstFileName":"EFE_BORAN_BERBER/LinkedListQuestions1.cpp","secondFileName":"SAFA_GOKALP_UGUR/LinkedListQuestions.cpp","startInFirst":{"line":6,"column":0,"tokenListIndex":0},"endInFirst":{"line":22,"column":20,"tokenListIndex":9},"startInSecond":{"line":15,"column":0,"tokenListIndex":2},"endInSecond":{"line":26,"column":20,"tokenListIndex":11},"lengthOfFirst":10,"lengthOfSecond":10}],"firstSimilarity":0.3225806451612903,"secondSimilarity":0.3448275862068966}