{"firstSubmissionId":"EFE_BORAN_BERBER","secondSubmissionId":"YUSUF_KULLUK","similarities":{"AVG":0.11764705882352941,"MAX":0.1935483870967742,"MAXIMUM_LENGTH":78.0,"LONGEST_MATCH":6.0},"matches":[{"firstFileName":"EFE_BORAN_BERBER/LinkedListQuestions1.cpp","secondFileName":"YUSUF_KULLUK/LinkedListQuestions.cpp","startInFirst":{"line":36,"column":0,"tokenListIndex":17},"endInFirst":{"line":44,"column":2,"tokenListIndex":22},"startInSecond":{"line":42,"column":0,"tokenListIndex":28},"endInSecond":{"line":49,"column":9,"tokenListIndex":33},"lengthOfFirst":6,"lengthOfSecond":6}],"firstSimilarity":0.1935483870967742,"secondSimilarity":0.08450704225352113}