{"firstSubmissionId":"EFE_KASAPOGLU","secondSubmissionId":"UMUT_ERTUGRUL_DASGIN","similarities":{"AVG":1.0,"MAX":1.0,"MAXIMUM_LENGTH":85.0,"LONGEST_MATCH":79.0},"matches":[{"firstFileName":"EFE_KASAPOGLU/LinkedListQuestions.cpp","secondFileName":"UMUT_ERTUGRUL_DASGIN/LinkedListQuestions.cpp","startInFirst":{"line":9,"column":0,"tokenListIndex":0},"endInFirst":{"line":108,"column":0,"tokenListIndex":78},"startInSecond":{"line":6,"column":0,"tokenListIndex":0},"endInSecond":{"line":95,"column":0,"tokenListIndex":83},"lengthOfFirst":79,"lengthOfSecond":84}],"firstSimilarity":1.0,"secondSimilarity":1.0}