{"firstSubmissionId":"EFE_BORAN_BERBER","secondSubmissionId":"CEM_KAYARDI","similarities":{"AVG":0.29545454545454547,"MAX":0.41935483870967744,"MAXIMUM_LENGTH":64.0,"LONGEST_MATCH":7.0},"matches":[{"firstFileName":"EFE_BORAN_BERBER/LinkedListQuestions1.cpp","secondFileName":"CEM_KAYARDI/LinkedListQuestions.cpp","startInFirst":{"line":6,"column":0,"tokenListIndex":0},"endInFirst":{"line":13,"column":1,"tokenListIndex":6},"startInSecond":{"line":8,"column":0,"tokenListIndex":0},"endInSecond":{"line":15,"column":4,"tokenListIndex":6},"lengthOfFirst":7,"lengthOfSecond":7},{"firstFileName":"EFE_BORAN_BERBER/LinkedListQuestions1.cpp","secondFileName":"CEM_KAYARDI/LinkedListQuestions.cpp","startInFirst":{"line":17,"column":0,"tokenListIndex":7},"endInFirst":{"line":26,"column":1,"tokenListIndex":12},"startInSecond":{"line":23,"column":0,"tokenListIndex":9},"endInSecond":{"line":29,"column":4,"tokenListIndex":14},"lengthOfFirst":6,"lengthOfSecond":6}],"firstSimilarity":0.41935483870967744,"secondSimilarity":0.22807017543859648}