{"firstSubmissionId":"EFE_BORAN_BERBER","secondSubmissionId":"TARIK_SERTVURAN","similarities":{"AVG":0.32608695652173914,"MAX":0.4838709677419355,"MAXIMUM_LENGTH":62.0,"LONGEST_MATCH":9.0},"matches":[{"firstFileName":"EFE_BORAN_BERBER/LinkedListQuestions1.cpp","secondFileName":"TARIK_SERTVURAN/LinkedListQuestions.cpp","startInFirst":{"line":8,"column":1,"tokenListIndex":3},"endInFirst":{"line":24,"column":6,"tokenListIndex":11},"startInSecond":{"line":28,"column":1,"tokenListIndex":15},"endInSecond":{"line":40,"column":9,"tokenListIndex":23},"lengthOfFirst":9,"lengthOfSecond":9},{"firstFileName":"EFE_BORAN_BERBER/LinkedListQuestions1.cpp","secondFileName":"TARIK_SERTVURAN/LinkedListQuestions.cpp","startInFirst":{"line":36,"column":0,"tokenListIndex":17},"endInFirst":{"line":44,"column":2,"tokenListIndex":22},"startInSecond":{"line":69,"column":0,"tokenListIndex":43},"endInSecond":{"line":75,"column":10,"tokenListIndex":48},"lengthOfFirst":6,"lengthOfSecond":6}],"firstSimilarity":0.4838709677419355,"secondSimilarity":0.2459016393442623}