{"firstSubmissionId":"EFE_BORAN_BERBER","secondSubmissionId":"ZEYNEP_ECE_BIKEZ","similarities":{"AVG":0.14285714285714285,"MAX":0.1935483870967742,"MAXIMUM_LENGTH":60.0,"LONGEST_MATCH":6.0},"matches":[{"firstFileName":"EFE_BORAN_BERBER/LinkedListQuestions1.cpp","secondFileName":"ZEYNEP_ECE_BIKEZ/LinkedListQuestions.cpp","startInFirst":{"line":6,"column":0,"tokenListIndex":0},"endInFirst":{"line":10,"column":1,"tokenListIndex":5},"startInSecond":{"line":45,"column":0,"tokenListIndex":31},"endInSecond":{"line":48,"column":3,"tokenListIndex":36},"lengthOfFirst":6,"lengthOfSecond":6}],"firstSimilarity":0.1935483870967742,"secondSimilarity":0.11320754716981132}