{"firstSubmissionId":"EFE_KASAPOGLU","secondSubmissionId":"ATAKAN_NAKTURK","similarities":{"AVG":0.31794871794871793,"MAX":0.3924050632911392,"MAXIMUM_LENGTH":117.0,"LONGEST_MATCH":10.0},"matches":[{"firstFileName":"EFE_KASAPOGLU/LinkedListQuestions.cpp","secondFileName":"ATAKAN_NAKTURK/LinkedListQuestions.cpp","startInFirst":{"line":58,"column":8,"tokenListIndex":36},"endInFirst":{"line":66,"column":4,"tokenListIndex":45},"startInSecond":{"line":73,"column":2,"tokenListIndex":58},"endInSecond":{"line":82,"column":4,"tokenListIndex":67},"lengthOfFirst":10,"lengthOfSecond":10},{"firstFileName":"EFE_KASAPOGLU/LinkedListQuestions.cpp","secondFileName":"ATAKAN_NAKTURK/LinkedListQuestions.cpp","startInFirst":{"line":26,"column":0,"tokenListIndex":13},"endInFirst":{"line":33,"column":11,"tokenListIndex":19},"startInSecond":{"line":7,"column":0,"tokenListIndex":0},"endInSecond":{"line":12,"column":16,"tokenListIndex":6},"lengthOfFirst":7,"lengthOfSecond":7},{"firstFileName":"EFE_KASAPOGLU/LinkedListQuestions.cpp","secondFileName":"ATAKAN_NAKTURK/LinkedListQuestions.cpp","startInFirst":{"line":48,"column":8,"tokenListIndex":29},"endInFirst":{"line":57,"column":2,"tokenListIndex":35},"startInSecond":{"line":101,"column":2,"tokenListIndex":83},"endInSecond":{"line":115,"column":1,"tokenListIndex":89},"lengthOfFirst":7,"lengthOfSecond":7},{"firstFileName":"EFE_KASAPOGLU/LinkedListQuestions.cpp","secondFileName":"ATAKAN_NAKTURK/LinkedListQuestions.cpp","startInFirst":{"line":72,"column":4,"tokenListIndex":50},"endInFirst":{"line":76,"column":44,"tokenListIndex":56},"startInSecond":{"line":89,"column":1,"tokenListIndex":73},"endInSecond":{"line":94,"column":30,"tokenListIndex":79},"lengthOfFirst":7,"lengthOfSecond":7}],"firstSimilarity":0.3924050632911392,"secondSimilarity":0.2672413793103448}