{"firstSubmissionId":"EFE_BORAN_BERBER","secondSubmissionId":"EFE_KASAPOGLU","similarities":{"AVG":0.23636363636363636,"MAX":0.41935483870967744,"MAXIMUM_LENGTH":80.0,"LONGEST_MATCH":7.0},"matches":[{"firstFileName":"EFE_BORAN_BERBER/LinkedListQuestions1.cpp","secondFileName":"EFE_KASAPOGLU/LinkedListQuestions.cpp","startInFirst":{"line":6,"column":0,"tokenListIndex":0},"endInFirst":{"line":13,"column":1,"tokenListIndex":6},"startInSecond":{"line":9,"column":0,"tokenListIndex":0},"endInSecond":{"line":14,"column":4,"tokenListIndex":6},"lengthOfFirst":7,"lengthOfSecond":7},{"firstFileName":"EFE_BORAN_BERBER/LinkedListQuestions1.cpp","secondFileName":"EFE_KASAPOGLU/LinkedListQuestions.cpp","startInFirst":{"line":30,"column":0,"tokenListIndex":14},"endInFirst":{"line":40,"column":17,"tokenListIndex":19},"startInSecond":{"line":17,"column":0,"tokenListIndex":9},"endInSecond":{"line":26,"column":18,"tokenListIndex":14},"lengthOfFirst":6,"lengthOfSecond":6}],"firstSimilarity":0.41935483870967744,"secondSimilarity":0.16455696202531644}