{"firstSubmissionId":"EFE_BORAN_BERBER","secondSubmissionId":"MUHAMMED_ENES_CAM","similarities":{"AVG":0.4166666666666667,"MAX":0.6451612903225806,"MAXIMUM_LENGTH":66.0,"LONGEST_MATCH":7.0},"matches":[{"firstFileName":"EFE_BORAN_BERBER/LinkedListQuestions1.cpp","secondFileName":"MUHAMMED_ENES_CAM/LinkedListQuestions.cpp","startInFirst":{"line":6,"column":0,"tokenListIndex":0},"endInFirst":{"line":13,"column":1,"tokenListIndex":6},"startInSecond":{"line":6,"column":0,"tokenListIndex":0},"endInSecond":{"line":9,"column":2,"tokenListIndex":6},"lengthOfFirst":7,"lengthOfSecond":7},{"firstFileName":"EFE_BORAN_BERBER/LinkedListQuestions1.cpp","secondFileName":"MUHAMMED_ENES_CAM/LinkedListQuestions.cpp","startInFirst":{"line":30,"column":0,"tokenListIndex":14},"endInFirst":{"line":40,"column":38,"tokenListIndex":20},"startInSecond":{"line":16,"column":0,"tokenListIndex":9},"endInSecond":{"line":32,"column":2,"tokenListIndex":15},"lengthOfFirst":7,"lengthOfSecond":7},{"firstFileName":"EFE_BORAN_BERBER/LinkedListQuestions1.cpp","secondFileName":"MUHAMMED_ENES_CAM/LinkedListQuestions.cpp","startInFirst":{"line":46,"column":1,"tokenListIndex":24},"endInFirst":{"line":57,"column":31,"tokenListIndex":29},"startInSecond":{"line":62,"column":1,"tokenListIndex":37},"endInSecond":{"line":71,"column":31,"tokenListIndex":42},"lengthOfFirst":6,"lengthOfSecond":6}],"firstSimilarity":0.6451612903225806,"secondSimilarity":0.3076923076923077}