{"firstSubmissionId":"EFE_BORAN_BERBER","secondSubmissionId":"MERT_ACAR","similarities":{"AVG":0.13114754098360656,"MAX":0.6451612903225806,"MAXIMUM_LENGTH":284.0,"LONGEST_MATCH":7.0},"matches":[{"firstFileName":"EFE_BORAN_BERBER/LinkedListQuestions1.cpp","secondFileName":"MERT_ACAR/LinkedListQuestions.cpp","startInFirst":{"line":6,"column":0,"tokenListIndex":0},"endInFirst":{"line":13,"column":1,"tokenListIndex":6},"startInSecond":{"line":6,"column":0,"tokenListIndex":0},"endInSecond":{"line":11,"column":3,"tokenListIndex":6},"lengthOfFirst":7,"lengthOfSecond":7},{"firstFileName":"EFE_BORAN_BERBER/LinkedListQuestions1.cpp","secondFileName":"MERT_ACAR/main.cpp","startInFirst":{"line":24,"column":1,"tokenListIndex":10},"endInFirst":{"line":34,"column":18,"tokenListIndex":16},"startInSecond":{"line":105,"column":2,"tokenListIndex":232},"endInSecond":{"line":114,"column":9,"tokenListIndex":238},"lengthOfFirst":7,"lengthOfSecond":7},{"firstFileName":"EFE_BORAN_BERBER/LinkedListQuestions1.cpp","secondFileName":"MERT_ACAR/LinkedList.cpp","startInFirst":{"line":46,"column":1,"tokenListIndex":24},"endInFirst":{"line":57,"column":31,"tokenListIndex":29},"startInSecond":{"line":49,"column":2,"tokenListIndex":48},"endInSecond":{"line":61,"column":27,"tokenListIndex":53},"lengthOfFirst":6,"lengthOfSecond":6}],"firstSimilarity":0.6451612903225806,"secondSimilarity":0.072992700729927}