{"firstSubmissionId":"EFE_BORAN_BERBER","secondSubmissionId":"HASAN_KHALILOV","similarities":{"AVG":0.1276595744680851,"MAX":0.1935483870967742,"MAXIMUM_LENGTH":64.0,"LONGEST_MATCH":6.0},"matches":[{"firstFileName":"EFE_BORAN_BERBER/LinkedListQuestions1.cpp","secondFileName":"HASAN_KHALILOV/LinkedListQuestions.cpp","startInFirst":{"line":36,"column":0,"tokenListIndex":17},"endInFirst":{"line":44,"column":2,"tokenListIndex":22},"startInSecond":{"line":59,"column":0,"tokenListIndex":34},"endInSecond":{"line":65,"column":11,"tokenListIndex":39},"lengthOfFirst":6,"lengthOfSecond":6}],"firstSimilarity":0.1935483870967742,"secondSimilarity":0.09523809523809523}