{"firstSubmissionId":"EFE_BORAN_BERBER","secondSubmissionId":"ELIF_KAYAR","similarities":{"AVG":0.22535211267605634,"MAX":0.25806451612903225,"MAXIMUM_LENGTH":47.0,"LONGEST_MATCH":8.0},"matches":[{"firstFileName":"EFE_BORAN_BERBER/LinkedListQuestions1.cpp","secondFileName":"ELIF_KAYAR/LinkedListQuestions.cpp","startInFirst":{"line":34,"column":18,"tokenListIndex":16},"endInFirst":{"line":44,"column":16,"tokenListIndex":23},"startInSecond":{"line":57,"column":38,"tokenListIndex":33},"endInSecond":{"line":66,"column":24,"tokenListIndex":40},"lengthOfFirst":8,"lengthOfSecond":8}],"firstSimilarity":0.25806451612903225,"secondSimilarity":0.2}