{"firstSubmissionId":"EFE_BORAN_BERBER","secondSubmissionId":"AGAH_DEMIR_GOK","similarities":{"AVG":0.1188118811881188,"MAX":0.1935483870967742,"MAXIMUM_LENGTH":71.0,"LONGEST_MATCH":6.0},"matches":[{"firstFileName":"EFE_BORAN_BERBER/LinkedListQuestions1.cpp","secondFileName":"AGAH_DEMIR_GOK/LinkedListQuestions.cpp","startInFirst":{"line":6,"column":0,"tokenListIndex":0},"endInFirst":{"line":10,"column":1,"tokenListIndex":5},"startInSecond":{"line":52,"column":0,"tokenListIndex":29},"endInSecond":{"line":53,"column":36,"tokenListIndex":34},"lengthOfFirst":6,"lengthOfSecond":6}],"firstSimilarity":0.1935483870967742,"secondSimilarity":0.08571428571428572}