{"firstSubmissionId":"EFE_KASAPOGLU","secondSubmissionId":"SELEN_YULAF","similarities":{"AVG":0.2962962962962963,"MAX":0.3037974683544304,"MAXIMUM_LENGTH":92.0,"LONGEST_MATCH":12.0},"matches":[{"firstFileName":"EFE_KASAPOGLU/LinkedListQuestions.cpp","secondFileName":"SELEN_YULAF/selen linked list questions.cpp","startInFirst":{"line":9,"column":0,"tokenListIndex":0},"endInFirst":{"line":20,"column":20,"tokenListIndex":11},"startInSecond":{"line":6,"column":0,"tokenListIndex":0},"endInSecond":{"line":17,"column":20,"tokenListIndex":11},"lengthOfFirst":12,"lengthOfSecond":12},{"firstFileName":"EFE_KASAPOGLU/LinkedListQuestions.cpp","secondFileName":"SELEN_YULAF/selen linked list questions.cpp","startInFirst":{"line":48,"column":8,"tokenListIndex":29},"endInFirst":{"line":56,"column":38,"tokenListIndex":34},"startInSecond":{"line":29,"column":8,"tokenListIndex":23},"endInSecond":{"line":39,"column":2,"tokenListIndex":28},"lengthOfFirst":6,"lengthOfSecond":6},{"firstFileName":"EFE_KASAPOGLU/LinkedListQuestions.cpp","secondFileName":"SELEN_YULAF/LinkedListQuestions.cpp","startInFirst":{"line":84,"column":0,"tokenListIndex":58},"endInFirst":{"line":92,"column":11,"tokenListIndex":63},"startInSecond":{"line":14,"column":0,"tokenListIndex":55},"endInSecond":{"line":19,"column":11,"tokenListIndex":60},"lengthOfFirst":6,"lengthOfSecond":6}],"firstSimilarity":0.3037974683544304,"secondSimilarity":0.2891566265060241}