{"firstSubmissionId":"EFE_BORAN_BERBER","secondSubmissionId":"UMUT_ERTUGRUL_DASGIN","similarities":{"AVG":0.22608695652173913,"MAX":0.41935483870967744,"MAXIMUM_LENGTH":85.0,"LONGEST_MATCH":7.0},"matches":[{"firstFileName":"EFE_BORAN_BERBER/LinkedListQuestions1.cpp","secondFileName":"UMUT_ERTUGRUL_DASGIN/LinkedListQuestions.cpp","startInFirst":{"line":6,"column":0,"tokenListIndex":0},"endInFirst":{"line":13,"column":1,"tokenListIndex":6},"startInSecond":{"line":6,"column":0,"tokenListIndex":0},"endInSecond":{"line":8,"column":1,"tokenListIndex":6},"lengthOfFirst":7,"lengthOfSecond":7},{"firstFileName":"EFE_BORAN_BERBER/LinkedListQuestions1.cpp","secondFileName":"UMUT_ERTUGRUL_DASGIN/LinkedListQuestions.cpp","startInFirst":{"line":17,"column":0,"tokenListIndex":7},"endInFirst":{"line":26,"column":1,"tokenListIndex":12},"startInSecond":{"line":17,"column":0,"tokenListIndex":10},"endInSecond":{"line":22,"column":4,"tokenListIndex":15},"lengthOfFirst":6,"lengthOfSecond":6}],"firstSimilarity":0.41935483870967744,"secondSimilarity":0.15476190476190477}