{"firstSubmissionId":"ELIF_KAYAR","secondSubmissionId":"EREN_ADA_DOGAN","similarities":{"AVG":0.17391304347826086,"MAX":0.2,"MAXIMUM_LENGTH":59.0,"LONGEST_MATCH":8.0},"matches":[{"firstFileName":"ELIF_KAYAR/LinkedListQuestions.cpp","secondFileName":"EREN_ADA_DOGAN/LinkedListQuestions.cpp","startInFirst":{"line":53,"column":0,"tokenListIndex":30},"endInFirst":{"line":63,"column":59,"tokenListIndex":37},"startInSecond":{"line":37,"column":0,"tokenListIndex":22},"endInSecond":{"line":50,"column":2,"tokenListIndex":29},"lengthOfFirst":8,"lengthOfSecond":8}],"firstSimilarity":0.2,"secondSimilarity":0.15384615384615385}