{"firstSubmissionId":"ELIF_KAYAR","secondSubmissionId":"SELEN_YULAF","similarities":{"AVG":0.11382113821138211,"MAX":0.175,"MAXIMUM_LENGTH":92.0,"LONGEST_MATCH":7.0},"matches":[{"firstFileName":"ELIF_KAYAR/LinkedListQuestions.cpp","secondFileName":"SELEN_YULAF/LinkedListQuestions.cpp","startInFirst":{"line":53,"column":0,"tokenListIndex":30},"endInFirst":{"line":63,"column":31,"tokenListIndex":36},"startInSecond":{"line":54,"column":0,"tokenListIndex":83},"endInSecond":{"line":64,"column":31,"tokenListIndex":89},"lengthOfFirst":7,"lengthOfSecond":7}],"firstSimilarity":0.175,"secondSimilarity":0.08433734939759036}