{"firstSubmissionId":"ELIF_KAYAR","secondSubmissionId":"YUSUF_KULLUK","similarities":{"AVG":0.10810810810810811,"MAX":0.15,"MAXIMUM_LENGTH":78.0,"LONGEST_MATCH":6.0},"matches":[{"firstFileName":"ELIF_KAYAR/LinkedListQuestions.cpp","secondFileName":"YUSUF_KULLUK/LinkedListQuestions.cpp","startInFirst":{"line":59,"column":0,"tokenListIndex":34},"endInFirst":{"line":66,"column":16,"tokenListIndex":39},"startInSecond":{"line":42,"column":0,"tokenListIndex":28},"endInSecond":{"line":49,"column":9,"tokenListIndex":33},"lengthOfFirst":6,"lengthOfSecond":6}],"firstSimilarity":0.15,"secondSimilarity":0.08450704225352113}