{"firstSubmissionId":"ELIF_KAYAR","secondSubmissionId":"HASAN_KHALILOV","similarities":{"AVG":0.11650485436893204,"MAX":0.15,"MAXIMUM_LENGTH":64.0,"LONGEST_MATCH":6.0},"matches":[{"firstFileName":"ELIF_KAYAR/LinkedListQuestions.cpp","secondFileName":"HASAN_KHALILOV/LinkedListQuestions.cpp","startInFirst":{"line":59,"column":0,"tokenListIndex":34},"endInFirst":{"line":66,"column":16,"tokenListIndex":39},"startInSecond":{"line":59,"column":0,"tokenListIndex":34},"endInSecond":{"line":65,"column":11,"tokenListIndex":39},"lengthOfFirst":6,"lengthOfSecond":6}],"firstSimilarity":0.15,"secondSimilarity":0.09523809523809523}