{"firstSubmissionId":"ELIF_KAYAR","secondSubmissionId":"MERT_ACAR","similarities":{"AVG":0.08280254777070063,"MAX":0.325,"MAXIMUM_LENGTH":284.0,"LONGEST_MATCH":7.0},"matches":[{"firstFileName":"ELIF_KAYAR/LinkedListQuestions.cpp","secondFileName":"MERT_ACAR/main.cpp","startInFirst":{"line":53,"column":0,"tokenListIndex":30},"endInFirst":{"line":63,"column":31,"tokenListIndex":36},"startInSecond":{"line":28,"column":0,"tokenListIndex":178},"endInSecond":{"line":36,"column":22,"tokenListIndex":184},"lengthOfFirst":7,"lengthOfSecond":7},{"firstFileName":"ELIF_KAYAR/LinkedListQuestions.cpp","secondFileName":"MERT_ACAR/LinkedList.cpp","startInFirst":{"line":35,"column":2,"tokenListIndex":14},"endInFirst":{"line":39,"column":3,"tokenListIndex":19},"startInSecond":{"line":116,"column":2,"tokenListIndex":85},"endInSecond":{"line":120,"column":4,"tokenListIndex":90},"lengthOfFirst":6,"lengthOfSecond":6}],"firstSimilarity":0.325,"secondSimilarity":0.04744525547445255}