{"firstSubmissionId":"ELIF_KAYAR","secondSubmissionId":"CEM_KAYARDI","similarities":{"AVG":0.20618556701030927,"MAX":0.25,"MAXIMUM_LENGTH":64.0,"LONGEST_MATCH":10.0},"matches":[{"firstFileName":"ELIF_KAYAR/LinkedListQuestions.cpp","secondFileName":"CEM_KAYARDI/LinkedListQuestions.cpp","startInFirst":{"line":35,"column":2,"tokenListIndex":12},"endInFirst":{"line":43,"column":4,"tokenListIndex":21},"startInSecond":{"line":67,"column":4,"tokenListIndex":45},"endInSecond":{"line":76,"column":12,"tokenListIndex":54},"lengthOfFirst":10,"lengthOfSecond":10}],"firstSimilarity":0.25,"secondSimilarity":0.17543859649122806}