{"firstSubmissionId":"ELIF_KAYAR","secondSubmissionId":"TARIK_SERTVURAN","similarities":{"AVG":0.2376237623762376,"MAX":0.3,"MAXIMUM_LENGTH":62.0,"LONGEST_MATCH":6.0},"matches":[{"firstFileName":"ELIF_KAYAR/LinkedListQuestions.cpp","secondFileName":"TARIK_SERTVURAN/LinkedListQuestions.cpp","startInFirst":{"line":35,"column":2,"tokenListIndex":12},"endInFirst":{"line":37,"column":7,"tokenListIndex":17},"startInSecond":{"line":45,"column":2,"tokenListIndex":27},"endInSecond":{"line":47,"column":10,"tokenListIndex":32},"lengthOfFirst":6,"lengthOfSecond":6},{"firstFileName":"ELIF_KAYAR/LinkedListQuestions.cpp","secondFileName":"TARIK_SERTVURAN/LinkedListQuestions.cpp","startInFirst":{"line":59,"column":0,"tokenListIndex":34},"endInFirst":{"line":66,"column":16,"tokenListIndex":39},"startInSecond":{"line":69,"column":0,"tokenListIndex":43},"endInSecond":{"line":75,"column":10,"tokenListIndex":48},"lengthOfFirst":6,"lengthOfSecond":6}],"firstSimilarity":0.3,"secondSimilarity":0.19672131147540983}