{"firstSubmissionId":"EREN_ADA_DOGAN","secondSubmissionId":"MUHAMMED_ENES_CAM","similarities":{"AVG":0.3247863247863248,"MAX":0.36538461538461536,"MAXIMUM_LENGTH":66.0,"LONGEST_MATCH":19.0},"matches":[{"firstFileName":"EREN_ADA_DOGAN/LinkedListQuestions.cpp","secondFileName":"MUHAMMED_ENES_CAM/LinkedListQuestions.cpp","startInFirst":{"line":43,"column":0,"tokenListIndex":26},"endInFirst":{"line":64,"column":2,"tokenListIndex":44},"startInSecond":{"line":66,"column":0,"tokenListIndex":40},"endInSecond":{"line":92,"column":1,"tokenListIndex":58},"lengthOfFirst":19,"lengthOfSecond":19}],"firstSimilarity":0.36538461538461536,"secondSimilarity":0.2923076923076923}