{"firstSubmissionId":"EREN_ADA_DOGAN","secondSubmissionId":"YUSUF_KULLUK","similarities":{"AVG":0.14634146341463414,"MAX":0.17307692307692307,"MAXIMUM_LENGTH":78.0,"LONGEST_MATCH":9.0},"matches":[{"firstFileName":"EREN_ADA_DOGAN/LinkedListQuestions.cpp","secondFileName":"YUSUF_KULLUK/LinkedListQuestions.cpp","startInFirst":{"line":43,"column":0,"tokenListIndex":26},"endInFirst":{"line":51,"column":9,"tokenListIndex":34},"startInSecond":{"line":67,"column":0,"tokenListIndex":48},"endInSecond":{"line":76,"column":2,"tokenListIndex":56},"lengthOfFirst":9,"lengthOfSecond":9}],"firstSimilarity":0.17307692307692307,"secondSimilarity":0.1267605633802817}