{"firstSubmissionId":"EREN_ADA_DOGAN","secondSubmissionId":"EFE_KASAPOGLU","similarities":{"AVG":0.1984732824427481,"MAX":0.25,"MAXIMUM_LENGTH":80.0,"LONGEST_MATCH":13.0},"matches":[{"firstFileName":"EREN_ADA_DOGAN/LinkedListQuestions.cpp","secondFileName":"EFE_KASAPOGLU/LinkedListQuestions.cpp","startInFirst":{"line":43,"column":0,"tokenListIndex":26},"endInFirst":{"line":56,"column":2,"tokenListIndex":38},"startInSecond":{"line":84,"column":0,"tokenListIndex":58},"endInSecond":{"line":99,"column":12,"tokenListIndex":70},"lengthOfFirst":13,"lengthOfSecond":13}],"firstSimilarity":0.25,"secondSimilarity":0.16455696202531644}