{"firstSubmissionId":"EREN_ADA_DOGAN","secondSubmissionId":"KARDELEN_KARTAL","similarities":{"AVG":0.21978021978021978,"MAX":0.38461538461538464,"MAXIMUM_LENGTH":131.0,"LONGEST_MATCH":7.0},"matches":[{"firstFileName":"EREN_ADA_DOGAN/LinkedListQuestions.cpp","secondFileName":"KARDELEN_KARTAL/LinkedListQuestions.cpp","startInFirst":{"line":29,"column":19,"tokenListIndex":19},"endInFirst":{"line":41,"column":38,"tokenListIndex":25},"startInSecond":{"line":96,"column":13,"tokenListIndex":80},"endInSecond":{"line":123,"column":3,"tokenListIndex":86},"lengthOfFirst":7,"lengthOfSecond":7},{"firstFileName":"EREN_ADA_DOGAN/LinkedListQuestions.cpp","secondFileName":"KARDELEN_KARTAL/LinkedListQuestions.cpp","startInFirst":{"line":51,"column":2,"tokenListIndex":33},"endInFirst":{"line":58,"column":3,"tokenListIndex":39},"startInSecond":{"line":139,"column":3,"tokenListIndex":104},"endInSecond":{"line":149,"column":4,"tokenListIndex":110},"lengthOfFirst":7,"lengthOfSecond":7},{"firstFileName":"EREN_ADA_DOGAN/LinkedListQuestions.cpp","secondFileName":"KARDELEN_KARTAL/LinkedListQuestions.cpp","startInFirst":{"line":43,"column":0,"tokenListIndex":26},"endInFirst":{"line":50,"column":9,"tokenListIndex":31},"startInSecond":{"line":12,"column":0,"tokenListIndex":8},"endInSecond":{"line":19,"column":2,"tokenListIndex":13},"lengthOfFirst":6,"lengthOfSecond":6}],"firstSimilarity":0.38461538461538464,"secondSimilarity":0.15384615384615385}