{"firstSubmissionId":"EREN_ADA_DOGAN","secondSubmissionId":"MERT_ACAR","similarities":{"AVG":0.10429447852760736,"MAX":0.3269230769230769,"MAXIMUM_LENGTH":284.0,"LONGEST_MATCH":10.0},"matches":[{"firstFileName":"EREN_ADA_DOGAN/LinkedListQuestions.cpp","secondFileName":"MERT_ACAR/main.cpp","startInFirst":{"line":29,"column":19,"tokenListIndex":19},"endInFirst":{"line":47,"column":31,"tokenListIndex":28},"startInSecond":{"line":23,"column":14,"tokenListIndex":175},"endInSecond":{"line":36,"column":22,"tokenListIndex":184},"lengthOfFirst":10,"lengthOfSecond":10},{"firstFileName":"EREN_ADA_DOGAN/LinkedListQuestions.cpp","secondFileName":"MERT_ACAR/LinkedList.cpp","startInFirst":{"line":71,"column":3,"tokenListIndex":51},"endInFirst":{"line":77,"column":0,"tokenListIndex":57},"startInSecond":{"line":176,"column":4,"tokenListIndex":126},"endInSecond":{"line":182,"column":0,"tokenListIndex":132},"lengthOfFirst":7,"lengthOfSecond":7}],"firstSimilarity":0.3269230769230769,"secondSimilarity":0.06204379562043796}