{"firstSubmissionId":"EREN_ADA_DOGAN","secondSubmissionId":"PELIN_GORER","similarities":{"AVG":0.16666666666666666,"MAX":0.17307692307692307,"MAXIMUM_LENGTH":63.0,"LONGEST_MATCH":9.0},"matches":[{"firstFileName":"EREN_ADA_DOGAN/LinkedListQuestions.cpp","secondFileName":"PELIN_GORER/LinkedListQuestions.cpp","startInFirst":{"line":43,"column":0,"tokenListIndex":26},"endInFirst":{"line":51,"column":9,"tokenListIndex":34},"startInSecond":{"line":57,"column":0,"tokenListIndex":44},"endInSecond":{"line":66,"column":9,"tokenListIndex":52},"lengthOfFirst":9,"lengthOfSecond":9}],"firstSimilarity":0.17307692307692307,"secondSimilarity":0.16071428571428573}