{"firstSubmissionId":"EREN_ADA_DOGAN","secondSubmissionId":"HASAN_KHALILOV","similarities":{"AVG":0.1391304347826087,"MAX":0.15384615384615385,"MAXIMUM_LENGTH":64.0,"LONGEST_MATCH":8.0},"matches":[{"firstFileName":"EREN_ADA_DOGAN/LinkedListQuestions.cpp","secondFileName":"HASAN_KHALILOV/LinkedListQuestions.cpp","startInFirst":{"line":29,"column":19,"tokenListIndex":19},"endInFirst":{"line":43,"column":0,"tokenListIndex":26},"startInSecond":{"line":80,"column":16,"tokenListIndex":55},"endInSecond":{"line":92,"column":0,"tokenListIndex":62},"lengthOfFirst":8,"lengthOfSecond":8}],"firstSimilarity":0.15384615384615385,"secondSimilarity":0.12698412698412698}