{"firstSubmissionId":"EREN_ADA_DOGAN","secondSubmissionId":"TARIK_SERTVURAN","similarities":{"AVG":0.10619469026548672,"MAX":0.11538461538461539,"MAXIMUM_LENGTH":62.0,"LONGEST_MATCH":6.0},"matches":[{"firstFileName":"EREN_ADA_DOGAN/LinkedListQuestions.cpp","secondFileName":"TARIK_SERTVURAN/LinkedListQuestions.cpp","startInFirst":{"line":43,"column":0,"tokenListIndex":26},"endInFirst":{"line":50,"column":9,"tokenListIndex":31},"startInSecond":{"line":34,"column":0,"tokenListIndex":19},"endInSecond":{"line":41,"column":1,"tokenListIndex":24},"lengthOfFirst":6,"lengthOfSecond":6}],"firstSimilarity":0.11538461538461539,"secondSimilarity":0.09836065573770492}