{"firstSubmissionId":"EREN_ADA_DOGAN","secondSubmissionId":"SELEN_YULAF","similarities":{"AVG":0.1037037037037037,"MAX":0.1346153846153846,"MAXIMUM_LENGTH":92.0,"LONGEST_MATCH":7.0},"matches":[{"firstFileName":"EREN_ADA_DOGAN/LinkedListQuestions.cpp","secondFileName":"SELEN_YULAF/LinkedListQuestions.cpp","startInFirst":{"line":37,"column":0,"tokenListIndex":22},"endInFirst":{"line":47,"column":31,"tokenListIndex":28},"startInSecond":{"line":54,"column":0,"tokenListIndex":83},"endInSecond":{"line":64,"column":31,"tokenListIndex":89},"lengthOfFirst":7,"lengthOfSecond":7}],"firstSimilarity":0.1346153846153846,"secondSimilarity":0.08433734939759036}