{"firstSubmissionId":"EREN_ADA_DOGAN","secondSubmissionId":"AGAH_DEMIR_GOK","similarities":{"AVG":0.11475409836065574,"MAX":0.1346153846153846,"MAXIMUM_LENGTH":71.0,"LONGEST_MATCH":7.0},"matches":[{"firstFileName":"EREN_ADA_DOGAN/LinkedListQuestions.cpp","secondFileName":"AGAH_DEMIR_GOK/LinkedListQuestions.cpp","startInFirst":{"line":29,"column":19,"tokenListIndex":19},"endInFirst":{"line":41,"column":38,"tokenListIndex":25},"startInSecond":{"line":65,"column":34,"tokenListIndex":52},"endInSecond":{"line":71,"column":59,"tokenListIndex":58},"lengthOfFirst":7,"lengthOfSecond":7}],"firstSimilarity":0.1346153846153846,"secondSimilarity":0.1}