{"firstSubmissionId":"EREN_ADA_DOGAN","secondSubmissionId":"UMUT_ERTUGRUL_DASGIN","similarities":{"AVG":0.19117647058823528,"MAX":0.25,"MAXIMUM_LENGTH":85.0,"LONGEST_MATCH":13.0},"matches":[{"firstFileName":"EREN_ADA_DOGAN/LinkedListQuestions.cpp","secondFileName":"UMUT_ERTUGRUL_DASGIN/LinkedListQuestions.cpp","startInFirst":{"line":43,"column":0,"tokenListIndex":26},"endInFirst":{"line":56,"column":2,"tokenListIndex":38},"startInSecond":{"line":71,"column":0,"tokenListIndex":63},"endInSecond":{"line":85,"column":6,"tokenListIndex":75},"lengthOfFirst":13,"lengthOfSecond":13}],"firstSimilarity":0.25,"secondSimilarity":0.15476190476190477}