{"firstSubmissionId":"HASAN_KHALILOV","secondSubmissionId":"UMUT_ERTUGRUL_DASGIN","similarities":{"AVG":0.16326530612244897,"MAX":0.19047619047619047,"MAXIMUM_LENGTH":85.0,"LONGEST_MATCH":12.0},"matches":[{"firstFileName":"HASAN_KHALILOV/LinkedListQuestions.cpp","secondFileName":"UMUT_ERTUGRUL_DASGIN/LinkedListQuestions.cpp","startInFirst":{"line":76,"column":15,"tokenListIndex":50},"endInFirst":{"line":90,"column":59,"tokenListIndex":61},"startInSecond":{"line":61,"column":14,"tokenListIndex":55},"endInSecond":{"line":79,"column":4,"tokenListIndex":66},"lengthOfFirst":12,"lengthOfSecond":12}],"firstSimilarity":0.19047619047619047,"secondSimilarity":0.14285714285714285}