{"firstSubmissionId":"HASAN_KHALILOV","secondSubmissionId":"AGAH_DEMIR_GOK","similarities":{"AVG":0.21052631578947367,"MAX":0.2222222222222222,"MAXIMUM_LENGTH":71.0,"LONGEST_MATCH":7.0},"matches":[{"firstFileName":"HASAN_KHALILOV/LinkedListQuestions.cpp","secondFileName":"AGAH_DEMIR_GOK/LinkedListQuestions.cpp","startInFirst":{"line":71,"column":6,"tokenListIndex":46},"endInFirst":{"line":78,"column":11,"tokenListIndex":52},"startInSecond":{"line":60,"column":6,"tokenListIndex":40},"endInSecond":{"line":63,"column":11,"tokenListIndex":46},"lengthOfFirst":7,"lengthOfSecond":7},{"firstFileName":"HASAN_KHALILOV/LinkedListQuestions.cpp","secondFileName":"AGAH_DEMIR_GOK/LinkedListQuestions.cpp","startInFirst":{"line":80,"column":16,"tokenListIndex":55},"endInFirst":{"line":90,"column":59,"tokenListIndex":61},"startInSecond":{"line":65,"column":34,"tokenListIndex":52},"endInSecond":{"line":71,"column":59,"tokenListIndex":58},"lengthOfFirst":7,"lengthOfSecond":7}],"firstSimilarity":0.2222222222222222,"secondSimilarity":0.2}