{"firstSubmissionId":"HASAN_KHALILOV","secondSubmissionId":"SELEN_YULAF","similarities":{"AVG":0.0821917808219178,"MAX":0.09523809523809523,"MAXIMUM_LENGTH":92.0,"LONGEST_MATCH":6.0},"matches":[{"firstFileName":"HASAN_KHALILOV/LinkedListQuestions.cpp","secondFileName":"SELEN_YULAF/selen linked list questions.cpp","startInFirst":{"line":31,"column":0,"tokenListIndex":17},"endInFirst":{"line":38,"column":1,"tokenListIndex":22},"startInSecond":{"line":14,"column":0,"tokenListIndex":9},"endInSecond":{"line":19,"column":11,"tokenListIndex":14},"lengthOfFirst":6,"lengthOfSecond":6}],"firstSimilarity":0.09523809523809523,"secondSimilarity":0.07228915662650602}