{"firstSubmissionId":"HASAN_KHALILOV","secondSubmissionId":"MERT_ACAR","similarities":{"AVG":0.10682492581602374,"MAX":0.2857142857142857,"MAXIMUM_LENGTH":284.0,"LONGEST_MATCH":10.0},"matches":[{"firstFileName":"HASAN_KHALILOV/LinkedListQuestions.cpp","secondFileName":"MERT_ACAR/main.cpp","startInFirst":{"line":80,"column":4,"tokenListIndex":53},"endInFirst":{"line":92,"column":0,"tokenListIndex":62},"startInSecond":{"line":23,"column":2,"tokenListIndex":173},"endInSecond":{"line":34,"column":0,"tokenListIndex":182},"lengthOfFirst":10,"lengthOfSecond":10},{"firstFileName":"HASAN_KHALILOV/LinkedListQuestions.cpp","secondFileName":"MERT_ACAR/LinkedList.cpp","startInFirst":{"line":29,"column":4,"tokenListIndex":16},"endInFirst":{"line":38,"column":9,"tokenListIndex":23},"startInSecond":{"line":103,"column":2,"tokenListIndex":81},"endInSecond":{"line":117,"column":6,"tokenListIndex":88},"lengthOfFirst":8,"lengthOfSecond":8}],"firstSimilarity":0.2857142857142857,"secondSimilarity":0.06569343065693431}