{"firstSubmissionId":"HASAN_KHALILOV","secondSubmissionId":"EFE_KASAPOGLU","similarities":{"AVG":0.14084507042253522,"MAX":0.15873015873015872,"MAXIMUM_LENGTH":80.0,"LONGEST_MATCH":10.0},"matches":[{"firstFileName":"HASAN_KHALILOV/LinkedListQuestions.cpp","secondFileName":"EFE_KASAPOGLU/LinkedListQuestions.cpp","startInFirst":{"line":76,"column":15,"tokenListIndex":52},"endInFirst":{"line":90,"column":59,"tokenListIndex":61},"startInSecond":{"line":73,"column":11,"tokenListIndex":52},"endInSecond":{"line":92,"column":4,"tokenListIndex":61},"lengthOfFirst":10,"lengthOfSecond":10}],"firstSimilarity":0.15873015873015872,"secondSimilarity":0.12658227848101267}