{"firstSubmissionId":"HASAN_KHALILOV","secondSubmissionId":"YUSUF_KULLUK","similarities":{"AVG":0.208955223880597,"MAX":0.2222222222222222,"MAXIMUM_LENGTH":78.0,"LONGEST_MATCH":8.0},"matches":[{"firstFileName":"HASAN_KHALILOV/LinkedListQuestions.cpp","secondFileName":"YUSUF_KULLUK/LinkedListQuestions.cpp","startInFirst":{"line":59,"column":0,"tokenListIndex":34},"endInFirst":{"line":66,"column":11,"tokenListIndex":41},"startInSecond":{"line":42,"column":0,"tokenListIndex":28},"endInSecond":{"line":51,"column":6,"tokenListIndex":35},"lengthOfFirst":8,"lengthOfSecond":8},{"firstFileName":"HASAN_KHALILOV/LinkedListQuestions.cpp","secondFileName":"YUSUF_KULLUK/LinkedListQuestions.cpp","startInFirst":{"line":31,"column":0,"tokenListIndex":17},"endInFirst":{"line":38,"column":1,"tokenListIndex":22},"startInSecond":{"line":67,"column":0,"tokenListIndex":48},"endInSecond":{"line":76,"column":2,"tokenListIndex":53},"lengthOfFirst":6,"lengthOfSecond":6}],"firstSimilarity":0.2222222222222222,"secondSimilarity":0.19718309859154928}