{"firstSubmissionId":"HASAN_KHALILOV","secondSubmissionId":"KARDELEN_KARTAL","similarities":{"AVG":0.17616580310880828,"MAX":0.2698412698412698,"MAXIMUM_LENGTH":131.0,"LONGEST_MATCH":10.0},"matches":[{"firstFileName":"HASAN_KHALILOV/LinkedListQuestions.cpp","secondFileName":"KARDELEN_KARTAL/LinkedListQuestions.cpp","startInFirst":{"line":76,"column":15,"tokenListIndex":52},"endInFirst":{"line":90,"column":59,"tokenListIndex":61},"startInSecond":{"line":92,"column":9,"tokenListIndex":77},"endInSecond":{"line":123,"column":3,"tokenListIndex":86},"lengthOfFirst":10,"lengthOfSecond":10},{"firstFileName":"HASAN_KHALILOV/LinkedListQuestions.cpp","secondFileName":"KARDELEN_KARTAL/LinkedListQuestions.cpp","startInFirst":{"line":31,"column":0,"tokenListIndex":17},"endInFirst":{"line":38,"column":9,"tokenListIndex":23},"startInSecond":{"line":12,"column":0,"tokenListIndex":8},"endInSecond":{"line":19,"column":6,"tokenListIndex":14},"lengthOfFirst":7,"lengthOfSecond":7}],"firstSimilarity":0.2698412698412698,"secondSimilarity":0.13076923076923078}