{"firstSubmissionId":"HASAN_KHALILOV","secondSubmissionId":"MUHAMMED_ENES_CAM","similarities":{"AVG":0.109375,"MAX":0.1111111111111111,"MAXIMUM_LENGTH":66.0,"LONGEST_MATCH":7.0},"matches":[{"firstFileName":"HASAN_KHALILOV/LinkedListQuestions.cpp","secondFileName":"MUHAMMED_ENES_CAM/LinkedListQuestions.cpp","startInFirst":{"line":31,"column":0,"tokenListIndex":17},"endInFirst":{"line":38,"column":9,"tokenListIndex":23},"startInSecond":{"line":24,"column":0,"tokenListIndex":12},"endInSecond":{"line":33,"column":9,"tokenListIndex":18},"lengthOfFirst":7,"lengthOfSecond":7}],"firstSimilarity":0.1111111111111111,"secondSimilarity":0.1076923076923077}