{"firstSubmissionId":"HATICE_AYGAN","secondSubmissionId":"TARIK_SERTVURAN","similarities":{"AVG":0.13186813186813187,"MAX":0.2,"MAXIMUM_LENGTH":62.0,"LONGEST_MATCH":6.0},"matches":[{"firstFileName":"HATICE_AYGAN/hatice_aygan.cpp","secondFileName":"TARIK_SERTVURAN/LinkedListQuestions.cpp","startInFirst":{"line":22,"column":1,"tokenListIndex":12},"endInFirst":{"line":30,"column":3,"tokenListIndex":17},"startInSecond":{"line":20,"column":2,"tokenListIndex":9},"endInSecond":{"line":27,"column":6,"tokenListIndex":14},"lengthOfFirst":6,"lengthOfSecond":6}],"firstSimilarity":0.2,"secondSimilarity":0.09836065573770492}