{"firstSubmissionId":"HATICE_AYGAN","secondSubmissionId":"MERT_ACAR","similarities":{"AVG":0.039473684210526314,"MAX":0.2,"MAXIMUM_LENGTH":284.0,"LONGEST_MATCH":6.0},"matches":[{"firstFileName":"HATICE_AYGAN/hatice_aygan.cpp","secondFileName":"MERT_ACAR/LinkedListQuestions.cpp","startInFirst":{"line":16,"column":12,"tokenListIndex":10},"endInFirst":{"line":27,"column":18,"tokenListIndex":15},"startInSecond":{"line":11,"column":3,"tokenListIndex":6},"endInSecond":{"line":21,"column":20,"tokenListIndex":11},"lengthOfFirst":6,"lengthOfSecond":6}],"firstSimilarity":0.2,"secondSimilarity":0.021897810218978103}