{"firstSubmissionId":"HATICE_AYGAN","secondSubmissionId":"CEM_KAYARDI","similarities":{"AVG":0.20689655172413793,"MAX":0.3,"MAXIMUM_LENGTH":64.0,"LONGEST_MATCH":9.0},"matches":[{"firstFileName":"HATICE_AYGAN/hatice_aygan.cpp","secondFileName":"CEM_KAYARDI/LinkedListQuestions.cpp","startInFirst":{"line":16,"column":12,"tokenListIndex":10},"endInFirst":{"line":30,"column":14,"tokenListIndex":18},"startInSecond":{"line":15,"column":4,"tokenListIndex":6},"endInSecond":{"line":29,"column":4,"tokenListIndex":14},"lengthOfFirst":9,"lengthOfSecond":9}],"firstSimilarity":0.3,"secondSimilarity":0.15789473684210525}