{"firstSubmissionId":"HATICE_AYGAN","secondSubmissionId":"EFE_KASAPOGLU","similarities":{"AVG":0.11009174311926606,"MAX":0.2,"MAXIMUM_LENGTH":80.0,"LONGEST_MATCH":6.0},"matches":[{"firstFileName":"HATICE_AYGAN/hatice_aygan.cpp","secondFileName":"EFE_KASAPOGLU/LinkedListQuestions.cpp","startInFirst":{"line":16,"column":12,"tokenListIndex":10},"endInFirst":{"line":27,"column":18,"tokenListIndex":15},"startInSecond":{"line":14,"column":4,"tokenListIndex":6},"endInSecond":{"line":20,"column":20,"tokenListIndex":11},"lengthOfFirst":6,"lengthOfSecond":6}],"firstSimilarity":0.2,"secondSimilarity":0.0759493670886076}