{"firstSubmissionId":"HATICE_AYGAN","secondSubmissionId":"UMUT_ERTUGRUL_DASGIN","similarities":{"AVG":0.12280701754385964,"MAX":0.23333333333333334,"MAXIMUM_LENGTH":85.0,"LONGEST_MATCH":7.0},"matches":[{"firstFileName":"HATICE_AYGAN/hatice_aygan.cpp","secondFileName":"UMUT_ERTUGRUL_DASGIN/LinkedListQuestions.cpp","startInFirst":{"line":22,"column":1,"tokenListIndex":12},"endInFirst":{"line":30,"column":14,"tokenListIndex":18},"startInSecond":{"line":14,"column":1,"tokenListIndex":9},"endInSecond":{"line":22,"column":4,"tokenListIndex":15},"lengthOfFirst":7,"lengthOfSecond":7}],"firstSimilarity":0.23333333333333334,"secondSimilarity":0.08333333333333333}