{"firstSubmissionId":"HATICE_AYGAN","secondSubmissionId":"SELEN_YULAF","similarities":{"AVG":0.1415929203539823,"MAX":0.26666666666666666,"MAXIMUM_LENGTH":92.0,"LONGEST_MATCH":8.0},"matches":[{"firstFileName":"HATICE_AYGAN/hatice_aygan.cpp","secondFileName":"SELEN_YULAF/selen linked list questions.cpp","startInFirst":{"line":16,"column":12,"tokenListIndex":10},"endInFirst":{"line":30,"column":3,"tokenListIndex":17},"startInSecond":{"line":8,"column":4,"tokenListIndex":6},"endInSecond":{"line":19,"column":11,"tokenListIndex":13},"lengthOfFirst":8,"lengthOfSecond":8}],"firstSimilarity":0.26666666666666666,"secondSimilarity":0.0963855421686747}