{"firstSubmissionId":"HATICE_AYGAN","secondSubmissionId":"EFE_BORAN_BERBER","similarities":{"AVG":0.19672131147540983,"MAX":0.2,"MAXIMUM_LENGTH":32.0,"LONGEST_MATCH":6.0},"matches":[{"firstFileName":"HATICE_AYGAN/hatice_aygan.cpp","secondFileName":"EFE_BORAN_BERBER/LinkedListQuestions1.cpp","startInFirst":{"line":24,"column":0,"tokenListIndex":13},"endInFirst":{"line":30,"column":14,"tokenListIndex":18},"startInSecond":{"line":17,"column":0,"tokenListIndex":7},"endInSecond":{"line":26,"column":1,"tokenListIndex":12},"lengthOfFirst":6,"lengthOfSecond":6}],"firstSimilarity":0.2,"secondSimilarity":0.1935483870967742}