{"firstSubmissionId":"HATICE_AYGAN","secondSubmissionId":"MUHAMMED_ENES_CAM","similarities":{"AVG":0.12631578947368421,"MAX":0.2,"MAXIMUM_LENGTH":66.0,"LONGEST_MATCH":6.0},"matches":[{"firstFileName":"HATICE_AYGAN/hatice_aygan.cpp","secondFileName":"MUHAMMED_ENES_CAM/LinkedListQuestions.cpp","startInFirst":{"line":16,"column":12,"tokenListIndex":10},"endInFirst":{"line":27,"column":18,"tokenListIndex":15},"startInSecond":{"line":9,"column":2,"tokenListIndex":6},"endInSecond":{"line":19,"column":20,"tokenListIndex":11},"lengthOfFirst":6,"lengthOfSecond":6}],"firstSimilarity":0.2,"secondSimilarity":0.09230769230769231}