{"firstSubmissionId":"IREM_IRMAK_UNLUER","secondSubmissionId":"KARDELEN_KARTAL","similarities":{"AVG":0.21301775147928995,"MAX":0.46153846153846156,"MAXIMUM_LENGTH":131.0,"LONGEST_MATCH":6.0},"matches":[{"firstFileName":"IREM_IRMAK_UNLUER/LinkedListQuestions.cpp","secondFileName":"KARDELEN_KARTAL/LinkedListQuestions.cpp","startInFirst":{"line":6,"column":0,"tokenListIndex":0},"endInFirst":{"line":7,"column":19,"tokenListIndex":5},"startInSecond":{"line":6,"column":0,"tokenListIndex":0},"endInSecond":{"line":8,"column":20,"tokenListIndex":5},"lengthOfFirst":6,"lengthOfSecond":6},{"firstFileName":"IREM_IRMAK_UNLUER/LinkedListQuestions.cpp","secondFileName":"KARDELEN_KARTAL/LinkedListQuestions.cpp","startInFirst":{"line":15,"column":2,"tokenListIndex":10},"endInFirst":{"line":22,"column":9,"tokenListIndex":15},"startInSecond":{"line":10,"column":13,"tokenListIndex":7},"endInSecond":{"line":18,"column":7,"tokenListIndex":12},"lengthOfFirst":6,"lengthOfSecond":6},{"firstFileName":"IREM_IRMAK_UNLUER/LinkedListQuestions.cpp","secondFileName":"KARDELEN_KARTAL/LinkedListQuestions.cpp","startInFirst":{"line":39,"column":31,"tokenListIndex":27},"endInFirst":{"line":42,"column":7,"tokenListIndex":32},"startInSecond":{"line":111,"column":31,"tokenListIndex":93},"endInSecond":{"line":116,"column":9,"tokenListIndex":98},"lengthOfFirst":6,"lengthOfSecond":6}],"firstSimilarity":0.46153846153846156,"secondSimilarity":0.13846153846153847}