{"firstSubmissionId":"IREM_IRMAK_UNLUER","secondSubmissionId":"MERT_ACAR","similarities":{"AVG":0.11501597444089456,"MAX":0.46153846153846156,"MAXIMUM_LENGTH":284.0,"LONGEST_MATCH":11.0},"matches":[{"firstFileName":"IREM_IRMAK_UNLUER/LinkedListQuestions.cpp","secondFileName":"MERT_ACAR/LinkedList.cpp","startInFirst":{"line":15,"column":2,"tokenListIndex":10},"endInFirst":{"line":28,"column":0,"tokenListIndex":20},"startInSecond":{"line":156,"column":2,"tokenListIndex":109},"endInSecond":{"line":167,"column":0,"tokenListIndex":119},"lengthOfFirst":11,"lengthOfSecond":11},{"firstFileName":"IREM_IRMAK_UNLUER/LinkedListQuestions.cpp","secondFileName":"MERT_ACAR/LinkedListQuestions.cpp","startInFirst":{"line":6,"column":0,"tokenListIndex":0},"endInFirst":{"line":9,"column":2,"tokenListIndex":6},"startInSecond":{"line":6,"column":0,"tokenListIndex":0},"endInSecond":{"line":11,"column":3,"tokenListIndex":6},"lengthOfFirst":7,"lengthOfSecond":7}],"firstSimilarity":0.46153846153846156,"secondSimilarity":0.06569343065693431}