{"firstSubmissionId":"IREM_IRMAK_UNLUER","secondSubmissionId":"MUHAMMED_ENES_CAM","similarities":{"AVG":0.3269230769230769,"MAX":0.4358974358974359,"MAXIMUM_LENGTH":66.0,"LONGEST_MATCH":10.0},"matches":[{"firstFileName":"IREM_IRMAK_UNLUER/LinkedListQuestions.cpp","secondFileName":"MUHAMMED_ENES_CAM/LinkedListQuestions.cpp","startInFirst":{"line":39,"column":31,"tokenListIndex":27},"endInFirst":{"line":46,"column":2,"tokenListIndex":36},"startInSecond":{"line":72,"column":31,"tokenListIndex":43},"endInSecond":{"line":84,"column":5,"tokenListIndex":52},"lengthOfFirst":10,"lengthOfSecond":10},{"firstFileName":"IREM_IRMAK_UNLUER/LinkedListQuestions.cpp","secondFileName":"MUHAMMED_ENES_CAM/LinkedListQuestions.cpp","startInFirst":{"line":6,"column":0,"tokenListIndex":0},"endInFirst":{"line":9,"column":2,"tokenListIndex":6},"startInSecond":{"line":6,"column":0,"tokenListIndex":0},"endInSecond":{"line":9,"column":2,"tokenListIndex":6},"lengthOfFirst":7,"lengthOfSecond":7}],"firstSimilarity":0.4358974358974359,"secondSimilarity":0.26153846153846155}