{"firstSubmissionId":"IREM_IRMAK_UNLUER","secondSubmissionId":"CEM_KAYARDI","similarities":{"AVG":0.14583333333333334,"MAX":0.1794871794871795,"MAXIMUM_LENGTH":64.0,"LONGEST_MATCH":7.0},"matches":[{"firstFileName":"IREM_IRMAK_UNLUER/LinkedListQuestions.cpp","secondFileName":"CEM_KAYARDI/LinkedListQuestions.cpp","startInFirst":{"line":6,"column":0,"tokenListIndex":0},"endInFirst":{"line":9,"column":2,"tokenListIndex":6},"startInSecond":{"line":8,"column":0,"tokenListIndex":0},"endInSecond":{"line":15,"column":4,"tokenListIndex":6},"lengthOfFirst":7,"lengthOfSecond":7}],"firstSimilarity":0.1794871794871795,"secondSimilarity":0.12280701754385964}