{"firstSubmissionId":"IREM_IRMAK_UNLUER","secondSubmissionId":"AGAH_DEMIR_GOK","similarities":{"AVG":0.11009174311926606,"MAX":0.15384615384615385,"MAXIMUM_LENGTH":71.0,"LONGEST_MATCH":6.0},"matches":[{"firstFileName":"IREM_IRMAK_UNLUER/LinkedListQuestions.cpp","secondFileName":"AGAH_DEMIR_GOK/LinkedListQuestions.cpp","startInFirst":{"line":6,"column":0,"tokenListIndex":0},"endInFirst":{"line":7,"column":19,"tokenListIndex":5},"startInSecond":{"line":52,"column":0,"tokenListIndex":29},"endInSecond":{"line":53,"column":36,"tokenListIndex":34},"lengthOfFirst":6,"lengthOfSecond":6}],"firstSimilarity":0.15384615384615385,"secondSimilarity":0.08571428571428572}