{"firstSubmissionId":"IREM_IRMAK_UNLUER","secondSubmissionId":"EFE_KASAPOGLU","similarities":{"AVG":0.423728813559322,"MAX":0.6410256410256411,"MAXIMUM_LENGTH":80.0,"LONGEST_MATCH":18.0},"matches":[{"firstFileName":"IREM_IRMAK_UNLUER/LinkedListQuestions.cpp","secondFileName":"EFE_KASAPOGLU/LinkedListQuestions.cpp","startInFirst":{"line":39,"column":31,"tokenListIndex":27},"endInFirst":{"line":54,"column":0,"tokenListIndex":44},"startInSecond":{"line":89,"column":31,"tokenListIndex":61},"endInSecond":{"line":108,"column":0,"tokenListIndex":78},"lengthOfFirst":18,"lengthOfSecond":18},{"firstFileName":"IREM_IRMAK_UNLUER/LinkedListQuestions.cpp","secondFileName":"EFE_KASAPOGLU/LinkedListQuestions.cpp","startInFirst":{"line":6,"column":0,"tokenListIndex":0},"endInFirst":{"line":9,"column":2,"tokenListIndex":6},"startInSecond":{"line":9,"column":0,"tokenListIndex":0},"endInSecond":{"line":14,"column":4,"tokenListIndex":6},"lengthOfFirst":7,"lengthOfSecond":7}],"firstSimilarity":0.6410256410256411,"secondSimilarity":0.31645569620253167}