{"firstSubmissionId":"IREM_IRMAK_UNLUER","secondSubmissionId":"UMUT_ERTUGRUL_DASGIN","similarities":{"AVG":0.5040650406504065,"MAX":0.7948717948717948,"MAXIMUM_LENGTH":85.0,"LONGEST_MATCH":18.0},"matches":[{"firstFileName":"IREM_IRMAK_UNLUER/LinkedListQuestions.cpp","secondFileName":"UMUT_ERTUGRUL_DASGIN/LinkedListQuestions.cpp","startInFirst":{"line":39,"column":31,"tokenListIndex":27},"endInFirst":{"line":54,"column":0,"tokenListIndex":44},"startInSecond":{"line":76,"column":31,"tokenListIndex":66},"endInSecond":{"line":95,"column":0,"tokenListIndex":83},"lengthOfFirst":18,"lengthOfSecond":18},{"firstFileName":"IREM_IRMAK_UNLUER/LinkedListQuestions.cpp","secondFileName":"UMUT_ERTUGRUL_DASGIN/LinkedListQuestions.cpp","startInFirst":{"line":6,"column":0,"tokenListIndex":0},"endInFirst":{"line":9,"column":2,"tokenListIndex":6},"startInSecond":{"line":6,"column":0,"tokenListIndex":0},"endInSecond":{"line":8,"column":1,"tokenListIndex":6},"lengthOfFirst":7,"lengthOfSecond":7},{"firstFileName":"IREM_IRMAK_UNLUER/LinkedListQuestions.cpp","secondFileName":"UMUT_ERTUGRUL_DASGIN/LinkedListQuestions.cpp","startInFirst":{"line":15,"column":2,"tokenListIndex":10},"endInFirst":{"line":22,"column":9,"tokenListIndex":15},"startInSecond":{"line":22,"column":4,"tokenListIndex":15},"endInSecond":{"line":28,"column":8,"tokenListIndex":20},"lengthOfFirst":6,"lengthOfSecond":6}],"firstSimilarity":0.7948717948717948,"secondSimilarity":0.36904761904761907}