{"firstSubmissionId":"IREM_IRMAK_UNLUER","secondSubmissionId":"PELIN_GORER","similarities":{"AVG":0.37894736842105264,"MAX":0.46153846153846156,"MAXIMUM_LENGTH":63.0,"LONGEST_MATCH":6.0},"matches":[{"firstFileName":"IREM_IRMAK_UNLUER/LinkedListQuestions.cpp","secondFileName":"PELIN_GORER/LinkedListQuestions.cpp","startInFirst":{"line":6,"column":0,"tokenListIndex":0},"endInFirst":{"line":7,"column":19,"tokenListIndex":5},"startInSecond":{"line":40,"column":0,"tokenListIndex":26},"endInSecond":{"line":44,"column":2,"tokenListIndex":31},"lengthOfFirst":6,"lengthOfSecond":6},{"firstFileName":"IREM_IRMAK_UNLUER/LinkedListQuestions.cpp","secondFileName":"PELIN_GORER/LinkedListQuestions.cpp","startInFirst":{"line":15,"column":2,"tokenListIndex":10},"endInFirst":{"line":22,"column":9,"tokenListIndex":15},"startInSecond":{"line":14,"column":2,"tokenListIndex":6},"endInSecond":{"line":22,"column":9,"tokenListIndex":11},"lengthOfFirst":6,"lengthOfSecond":6},{"firstFileName":"IREM_IRMAK_UNLUER/LinkedListQuestions.cpp","secondFileName":"PELIN_GORER/LinkedListQuestions.cpp","startInFirst":{"line":39,"column":31,"tokenListIndex":27},"endInFirst":{"line":42,"column":7,"tokenListIndex":32},"startInSecond":{"line":62,"column":31,"tokenListIndex":47},"endInSecond":{"line":66,"column":9,"tokenListIndex":52},"lengthOfFirst":6,"lengthOfSecond":6}],"firstSimilarity":0.46153846153846156,"secondSimilarity":0.32142857142857145}