{"firstSubmissionId":"IREM_IRMAK_UNLUER","secondSubmissionId":"EREN_ADA_DOGAN","similarities":{"AVG":0.21978021978021978,"MAX":0.2564102564102564,"MAXIMUM_LENGTH":59.0,"LONGEST_MATCH":10.0},"matches":[{"firstFileName":"IREM_IRMAK_UNLUER/LinkedListQuestions.cpp","secondFileName":"EREN_ADA_DOGAN/LinkedListQuestions.cpp","startInFirst":{"line":39,"column":31,"tokenListIndex":27},"endInFirst":{"line":46,"column":2,"tokenListIndex":36},"startInSecond":{"line":48,"column":31,"tokenListIndex":29},"endInSecond":{"line":56,"column":2,"tokenListIndex":38},"lengthOfFirst":10,"lengthOfSecond":10}],"firstSimilarity":0.2564102564102564,"secondSimilarity":0.19230769230769232}