{"firstSubmissionId":"IREM_IRMAK_UNLUER","secondSubmissionId":"YUSUF_KULLUK","similarities":{"AVG":0.10909090909090909,"MAX":0.15384615384615385,"MAXIMUM_LENGTH":78.0,"LONGEST_MATCH":6.0},"matches":[{"firstFileName":"IREM_IRMAK_UNLUER/LinkedListQuestions.cpp","secondFileName":"YUSUF_KULLUK/LinkedListQuestions.cpp","startInFirst":{"line":39,"column":31,"tokenListIndex":27},"endInFirst":{"line":42,"column":7,"tokenListIndex":32},"startInSecond":{"line":72,"column":31,"tokenListIndex":51},"endInSecond":{"line":76,"column":2,"tokenListIndex":56},"lengthOfFirst":6,"lengthOfSecond":6}],"firstSimilarity":0.15384615384615385,"secondSimilarity":0.08450704225352113}