{"firstSubmissionId":"IREM_IRMAK_UNLUER","secondSubmissionId":"ZEYNEP_ECE_BIKEZ","similarities":{"AVG":0.2826086956521739,"MAX":0.3333333333333333,"MAXIMUM_LENGTH":60.0,"LONGEST_MATCH":7.0},"matches":[{"firstFileName":"IREM_IRMAK_UNLUER/LinkedListQuestions.cpp","secondFileName":"ZEYNEP_ECE_BIKEZ/LinkedListQuestions.cpp","startInFirst":{"line":21,"column":18,"tokenListIndex":13},"endInFirst":{"line":27,"column":2,"tokenListIndex":19},"startInSecond":{"line":13,"column":3,"tokenListIndex":7},"endInSecond":{"line":18,"column":4,"tokenListIndex":13},"lengthOfFirst":7,"lengthOfSecond":7},{"firstFileName":"IREM_IRMAK_UNLUER/LinkedListQuestions.cpp","secondFileName":"ZEYNEP_ECE_BIKEZ/LinkedListQuestions.cpp","startInFirst":{"line":6,"column":0,"tokenListIndex":0},"endInFirst":{"line":7,"column":19,"tokenListIndex":5},"startInSecond":{"line":45,"column":0,"tokenListIndex":31},"endInSecond":{"line":48,"column":3,"tokenListIndex":36},"lengthOfFirst":6,"lengthOfSecond":6}],"firstSimilarity":0.3333333333333333,"secondSimilarity":0.24528301886792453}