{"firstSubmissionId":"IREM_IRMAK_UNLUER","secondSubmissionId":"SELEN_YULAF","similarities":{"AVG":0.21311475409836064,"MAX":0.3333333333333333,"MAXIMUM_LENGTH":92.0,"LONGEST_MATCH":7.0},"matches":[{"firstFileName":"IREM_IRMAK_UNLUER/LinkedListQuestions.cpp","secondFileName":"SELEN_YULAF/selen linked list questions.cpp","startInFirst":{"line":6,"column":0,"tokenListIndex":0},"endInFirst":{"line":9,"column":2,"tokenListIndex":6},"startInSecond":{"line":6,"column":0,"tokenListIndex":0},"endInSecond":{"line":8,"column":4,"tokenListIndex":6},"lengthOfFirst":7,"lengthOfSecond":7},{"firstFileName":"IREM_IRMAK_UNLUER/LinkedListQuestions.cpp","secondFileName":"SELEN_YULAF/selen linked list questions.cpp","startInFirst":{"line":17,"column":0,"tokenListIndex":11},"endInFirst":{"line":24,"column":2,"tokenListIndex":16},"startInSecond":{"line":34,"column":0,"tokenListIndex":25},"endInSecond":{"line":40,"column":3,"tokenListIndex":30},"lengthOfFirst":6,"lengthOfSecond":6}],"firstSimilarity":0.3333333333333333,"secondSimilarity":0.1566265060240964}