{"firstSubmissionId":"KARDELEN_KARTAL","secondSubmissionId":"MERT_ACAR","similarities":{"AVG":0.21782178217821782,"MAX":0.3384615384615385,"MAXIMUM_LENGTH":284.0,"LONGEST_MATCH":10.0},"matches":[{"firstFileName":"KARDELEN_KARTAL/LinkedListQuestions.cpp","secondFileName":"MERT_ACAR/LinkedList.cpp","startInFirst":{"line":96,"column":2,"tokenListIndex":78},"endInFirst":{"line":123,"column":10,"tokenListIndex":87},"startInSecond":{"line":101,"column":2,"tokenListIndex":77},"endInSecond":{"line":116,"column":9,"tokenListIndex":86},"lengthOfFirst":10,"lengthOfSecond":10},{"firstFileName":"KARDELEN_KARTAL/LinkedListQuestions.cpp","secondFileName":"MERT_ACAR/main.cpp","startInFirst":{"line":15,"column":0,"tokenListIndex":9},"endInFirst":{"line":19,"column":15,"tokenListIndex":15},"startInSecond":{"line":10,"column":0,"tokenListIndex":157},"endInSecond":{"line":12,"column":42,"tokenListIndex":163},"lengthOfFirst":7,"lengthOfSecond":7},{"firstFileName":"KARDELEN_KARTAL/LinkedListQuestions.cpp","secondFileName":"MERT_ACAR/main.cpp","startInFirst":{"line":21,"column":35,"tokenListIndex":19},"endInFirst":{"line":24,"column":22,"tokenListIndex":25},"startInSecond":{"line":13,"column":9,"tokenListIndex":165},"endInSecond":{"line":21,"column":38,"tokenListIndex":171},"lengthOfFirst":7,"lengthOfSecond":7},{"firstFileName":"KARDELEN_KARTAL/LinkedListQuestions.cpp","secondFileName":"MERT_ACAR/LinkedList.cpp","startInFirst":{"line":32,"column":2,"tokenListIndex":30},"endInFirst":{"line":42,"column":66,"tokenListIndex":36},"startInSecond":{"line":77,"column":2,"tokenListIndex":66},"endInSecond":{"line":91,"column":2,"tokenListIndex":72},"lengthOfFirst":7,"lengthOfSecond":7},{"firstFileName":"KARDELEN_KARTAL/LinkedListQuestions.cpp","secondFileName":"MERT_ACAR/LinkedList.cpp","startInFirst":{"line":69,"column":0,"tokenListIndex":57},"endInFirst":{"line":76,"column":49,"tokenListIndex":63},"startInSecond":{"line":57,"column":0,"tokenListIndex":51},"endInSecond":{"line":65,"column":2,"tokenListIndex":57},"lengthOfFirst":7,"lengthOfSecond":7},{"firstFileName":"KARDELEN_KARTAL/LinkedListQuestions.cpp","secondFileName":"MERT_ACAR/LinkedListQuestions.cpp","startInFirst":{"line":6,"column":0,"tokenListIndex":0},"endInFirst":{"line":8,"column":20,"tokenListIndex":5},"startInSecond":{"line":6,"column":0,"tokenListIndex":0},"endInSecond":{"line":9,"column":3,"tokenListIndex":5},"lengthOfFirst":6,"lengthOfSecond":6}],"firstSimilarity":0.3384615384615385,"secondSimilarity":0.16058394160583941}