{"firstSubmissionId":"KENAN_OZCAKIR","secondSubmissionId":"EREN_ADA_DOGAN","similarities":{"AVG":0.22580645161290322,"MAX":0.7,"MAXIMUM_LENGTH":59.0,"LONGEST_MATCH":7.0},"matches":[{"firstFileName":"KENAN_OZCAKIR/LinkedListQuestions.cpp","secondFileName":"EREN_ADA_DOGAN/LinkedListQuestions.cpp","startInFirst":{"line":19,"column":0,"tokenListIndex":9},"endInFirst":{"line":29,"column":31,"tokenListIndex":15},"startInSecond":{"line":37,"column":0,"tokenListIndex":22},"endInSecond":{"line":47,"column":31,"tokenListIndex":28},"lengthOfFirst":7,"lengthOfSecond":7}],"firstSimilarity":0.7,"secondSimilarity":0.1346153846153846}