{"firstSubmissionId":"KENAN_OZCAKIR","secondSubmissionId":"MUHAMMED_ENES_CAM","similarities":{"AVG":0.16,"MAX":0.6,"MAXIMUM_LENGTH":66.0,"LONGEST_MATCH":6.0},"matches":[{"firstFileName":"KENAN_OZCAKIR/LinkedListQuestions.cpp","secondFileName":"MUHAMMED_ENES_CAM/LinkedListQuestions.cpp","startInFirst":{"line":17,"column":0,"tokenListIndex":7},"endInFirst":{"line":23,"column":38,"tokenListIndex":12},"startInSecond":{"line":19,"column":0,"tokenListIndex":10},"endInSecond":{"line":32,"column":2,"tokenListIndex":15},"lengthOfFirst":6,"lengthOfSecond":6}],"firstSimilarity":0.6,"secondSimilarity":0.09230769230769231}