{"firstSubmissionId":"MUHAMMED_ENES_CAM","secondSubmissionId":"AGAH_DEMIR_GOK","similarities":{"AVG":0.16296296296296298,"MAX":0.16923076923076924,"MAXIMUM_LENGTH":71.0,"LONGEST_MATCH":11.0},"matches":[{"firstFileName":"MUHAMMED_ENES_CAM/LinkedListQuestions.cpp","secondFileName":"AGAH_DEMIR_GOK/LinkedListQuestions.cpp","startInFirst":{"line":48,"column":1,"tokenListIndex":29},"endInFirst":{"line":62,"column":15,"tokenListIndex":39},"startInSecond":{"line":45,"column":8,"tokenListIndex":24},"endInSecond":{"line":53,"column":36,"tokenListIndex":34},"lengthOfFirst":11,"lengthOfSecond":11}],"firstSimilarity":0.16923076923076924,"secondSimilarity":0.15714285714285714}