{"firstSubmissionId":"MUHAMMED_ENES_CAM","secondSubmissionId":"EFE_KASAPOGLU","similarities":{"AVG":0.625,"MAX":0.6923076923076923,"MAXIMUM_LENGTH":80.0,"LONGEST_MATCH":15.0},"matches":[{"firstFileName":"MUHAMMED_ENES_CAM/LinkedListQuestions.cpp","secondFileName":"EFE_KASAPOGLU/LinkedListQuestions.cpp","startInFirst":{"line":6,"column":0,"tokenListIndex":0},"endInFirst":{"line":29,"column":18,"tokenListIndex":14},"startInSecond":{"line":9,"column":0,"tokenListIndex":0},"endInSecond":{"line":26,"column":18,"tokenListIndex":14},"lengthOfFirst":15,"lengthOfSecond":15},{"firstFileName":"MUHAMMED_ENES_CAM/LinkedListQuestions.cpp","secondFileName":"EFE_KASAPOGLU/LinkedListQuestions.cpp","startInFirst":{"line":66,"column":0,"tokenListIndex":40},"endInFirst":{"line":84,"column":5,"tokenListIndex":52},"startInSecond":{"line":84,"column":0,"tokenListIndex":58},"endInSecond":{"line":99,"column":12,"tokenListIndex":70},"lengthOfFirst":13,"lengthOfSecond":13},{"firstFileName":"MUHAMMED_ENES_CAM/LinkedListQuestions.cpp","secondFileName":"EFE_KASAPOGLU/LinkedListQuestions.cpp","startInFirst":{"line":32,"column":2,"tokenListIndex":15},"endInFirst":{"line":40,"column":1,"tokenListIndex":23},"startInSecond":{"line":32,"column":4,"tokenListIndex":18},"endInSecond":{"line":43,"column":8,"tokenListIndex":26},"lengthOfFirst":9,"lengthOfSecond":9},{"firstFileName":"MUHAMMED_ENES_CAM/LinkedListQuestions.cpp","secondFileName":"EFE_KASAPOGLU/LinkedListQuestions.cpp","startInFirst":{"line":52,"column":2,"tokenListIndex":32},"endInFirst":{"line":62,"column":15,"tokenListIndex":39},"startInSecond":{"line":49,"column":4,"tokenListIndex":30},"endInSecond":{"line":59,"column":4,"tokenListIndex":37},"lengthOfFirst":8,"lengthOfSecond":8}],"firstSimilarity":0.6923076923076923,"secondSimilarity":0.569620253164557}