{"firstSubmissionId":"MUHAMMED_ENES_CAM","secondSubmissionId":"YUSUF_KULLUK","similarities":{"AVG":0.1323529411764706,"MAX":0.13846153846153847,"MAXIMUM_LENGTH":78.0,"LONGEST_MATCH":9.0},"matches":[{"firstFileName":"MUHAMMED_ENES_CAM/LinkedListQuestions.cpp","secondFileName":"YUSUF_KULLUK/LinkedListQuestions.cpp","startInFirst":{"line":66,"column":0,"tokenListIndex":40},"endInFirst":{"line":77,"column":8,"tokenListIndex":48},"startInSecond":{"line":67,"column":0,"tokenListIndex":48},"endInSecond":{"line":76,"column":2,"tokenListIndex":56},"lengthOfFirst":9,"lengthOfSecond":9}],"firstSimilarity":0.13846153846153847,"secondSimilarity":0.1267605633802817}