{"firstSubmissionId":"MUHAMMED_ENES_CAM","secondSubmissionId":"SELEN_YULAF","similarities":{"AVG":0.35135135135135137,"MAX":0.4,"MAXIMUM_LENGTH":92.0,"LONGEST_MATCH":12.0},"matches":[{"firstFileName":"MUHAMMED_ENES_CAM/LinkedListQuestions.cpp","secondFileName":"SELEN_YULAF/selen linked list questions.cpp","startInFirst":{"line":6,"column":0,"tokenListIndex":0},"endInFirst":{"line":19,"column":20,"tokenListIndex":11},"startInSecond":{"line":6,"column":0,"tokenListIndex":0},"endInSecond":{"line":17,"column":20,"tokenListIndex":11},"lengthOfFirst":12,"lengthOfSecond":12},{"firstFileName":"MUHAMMED_ENES_CAM/LinkedListQuestions.cpp","secondFileName":"SELEN_YULAF/LinkedListQuestions.cpp","startInFirst":{"line":49,"column":2,"tokenListIndex":30},"endInFirst":{"line":60,"column":38,"tokenListIndex":36},"startInSecond":{"line":49,"column":8,"tokenListIndex":80},"endInSecond":{"line":58,"column":38,"tokenListIndex":86},"lengthOfFirst":7,"lengthOfSecond":7},{"firstFileName":"MUHAMMED_ENES_CAM/LinkedListQuestions.cpp","secondFileName":"SELEN_YULAF/LinkedListQuestions.cpp","startInFirst":{"line":62,"column":15,"tokenListIndex":39},"endInFirst":{"line":76,"column":11,"tokenListIndex":45},"startInSecond":{"line":11,"column":4,"tokenListIndex":54},"endInSecond":{"line":19,"column":11,"tokenListIndex":60},"lengthOfFirst":7,"lengthOfSecond":7}],"firstSimilarity":0.4,"secondSimilarity":0.3132530120481928}