{"firstSubmissionId":"MUHAMMED_ENES_CAM","secondSubmissionId":"ATAKAN_NAKTURK","similarities":{"AVG":0.06629834254143646,"MAX":0.09230769230769231,"MAXIMUM_LENGTH":117.0,"LONGEST_MATCH":6.0},"matches":[{"firstFileName":"MUHAMMED_ENES_CAM/LinkedListQuestions.cpp","secondFileName":"ATAKAN_NAKTURK/LinkedListQuestions.cpp","startInFirst":{"line":52,"column":2,"tokenListIndex":32},"endInFirst":{"line":62,"column":1,"tokenListIndex":37},"startInSecond":{"line":103,"column":4,"tokenListIndex":84},"endInSecond":{"line":115,"column":1,"tokenListIndex":89},"lengthOfFirst":6,"lengthOfSecond":6}],"firstSimilarity":0.09230769230769231,"secondSimilarity":0.05172413793103448}