{"firstSubmissionId":"MUHAMMED_ENES_CAM","secondSubmissionId":"UMUT_ERTUGRUL_DASGIN","similarities":{"AVG":0.38926174496644295,"MAX":0.4461538461538462,"MAXIMUM_LENGTH":85.0,"LONGEST_MATCH":13.0},"matches":[{"firstFileName":"MUHAMMED_ENES_CAM/LinkedListQuestions.cpp","secondFileName":"UMUT_ERTUGRUL_DASGIN/LinkedListQuestions.cpp","startInFirst":{"line":66,"column":0,"tokenListIndex":40},"endInFirst":{"line":84,"column":5,"tokenListIndex":52},"startInSecond":{"line":71,"column":0,"tokenListIndex":63},"endInSecond":{"line":85,"column":6,"tokenListIndex":75},"lengthOfFirst":13,"lengthOfSecond":13},{"firstFileName":"MUHAMMED_ENES_CAM/LinkedListQuestions.cpp","secondFileName":"UMUT_ERTUGRUL_DASGIN/LinkedListQuestions.cpp","startInFirst":{"line":6,"column":0,"tokenListIndex":0},"endInFirst":{"line":11,"column":4,"tokenListIndex":7},"startInSecond":{"line":6,"column":0,"tokenListIndex":0},"endInSecond":{"line":10,"column":1,"tokenListIndex":7},"lengthOfFirst":8,"lengthOfSecond":8},{"firstFileName":"MUHAMMED_ENES_CAM/LinkedListQuestions.cpp","secondFileName":"UMUT_ERTUGRUL_DASGIN/LinkedListQuestions.cpp","startInFirst":{"line":52,"column":2,"tokenListIndex":32},"endInFirst":{"line":62,"column":15,"tokenListIndex":39},"startInSecond":{"line":45,"column":4,"tokenListIndex":39},"endInSecond":{"line":51,"column":55,"tokenListIndex":46},"lengthOfFirst":8,"lengthOfSecond":8}],"firstSimilarity":0.4461538461538462,"secondSimilarity":0.34523809523809523}