{"firstSubmissionId":"MUHAMMED_ENES_CAM","secondSubmissionId":"MERT_ACAR","similarities":{"AVG":0.16519174041297935,"MAX":0.4307692307692308,"MAXIMUM_LENGTH":284.0,"LONGEST_MATCH":15.0},"matches":[{"firstFileName":"MUHAMMED_ENES_CAM/LinkedListQuestions.cpp","secondFileName":"MERT_ACAR/LinkedListQuestions.cpp","startInFirst":{"line":6,"column":0,"tokenListIndex":0},"endInFirst":{"line":29,"column":18,"tokenListIndex":14},"startInSecond":{"line":6,"column":0,"tokenListIndex":0},"endInSecond":{"line":28,"column":18,"tokenListIndex":14},"lengthOfFirst":15,"lengthOfSecond":15},{"firstFileName":"MUHAMMED_ENES_CAM/LinkedListQuestions.cpp","secondFileName":"MERT_ACAR/LinkedList.cpp","startInFirst":{"line":56,"column":0,"tokenListIndex":33},"endInFirst":{"line":62,"column":15,"tokenListIndex":39},"startInSecond":{"line":57,"column":0,"tokenListIndex":51},"endInSecond":{"line":65,"column":2,"tokenListIndex":57},"lengthOfFirst":7,"lengthOfSecond":7},{"firstFileName":"MUHAMMED_ENES_CAM/LinkedListQuestions.cpp","secondFileName":"MERT_ACAR/LinkedList.cpp","startInFirst":{"line":66,"column":0,"tokenListIndex":40},"endInFirst":{"line":76,"column":11,"tokenListIndex":45},"startInSecond":{"line":110,"column":0,"tokenListIndex":82},"endInSecond":{"line":117,"column":2,"tokenListIndex":87},"lengthOfFirst":6,"lengthOfSecond":6}],"firstSimilarity":0.4307692307692308,"secondSimilarity":0.10218978102189781}