{"firstSubmissionId":"MUHAMMED_ENES_CAM","secondSubmissionId":"KARDELEN_KARTAL","similarities":{"AVG":0.358974358974359,"MAX":0.5384615384615384,"MAXIMUM_LENGTH":131.0,"LONGEST_MATCH":8.0},"matches":[{"firstFileName":"MUHAMMED_ENES_CAM/LinkedListQuestions.cpp","secondFileName":"KARDELEN_KARTAL/LinkedListQuestions.cpp","startInFirst":{"line":52,"column":2,"tokenListIndex":32},"endInFirst":{"line":62,"column":15,"tokenListIndex":39},"startInSecond":{"line":67,"column":2,"tokenListIndex":56},"endInSecond":{"line":76,"column":49,"tokenListIndex":63},"lengthOfFirst":8,"lengthOfSecond":8},{"firstFileName":"MUHAMMED_ENES_CAM/LinkedListQuestions.cpp","secondFileName":"KARDELEN_KARTAL/LinkedListQuestions.cpp","startInFirst":{"line":24,"column":0,"tokenListIndex":12},"endInFirst":{"line":33,"column":9,"tokenListIndex":18},"startInSecond":{"line":12,"column":0,"tokenListIndex":8},"endInSecond":{"line":19,"column":6,"tokenListIndex":14},"lengthOfFirst":7,"lengthOfSecond":7},{"firstFileName":"MUHAMMED_ENES_CAM/LinkedListQuestions.cpp","secondFileName":"KARDELEN_KARTAL/LinkedListQuestions.cpp","startInFirst":{"line":38,"column":14,"tokenListIndex":22},"endInFirst":{"line":46,"column":1,"tokenListIndex":28},"startInSecond":{"line":51,"column":10,"tokenListIndex":46},"endInSecond":{"line":62,"column":21,"tokenListIndex":52},"lengthOfFirst":7,"lengthOfSecond":7},{"firstFileName":"MUHAMMED_ENES_CAM/LinkedListQuestions.cpp","secondFileName":"KARDELEN_KARTAL/LinkedListQuestions.cpp","startInFirst":{"line":77,"column":1,"tokenListIndex":47},"endInFirst":{"line":86,"column":1,"tokenListIndex":53},"startInSecond":{"line":139,"column":3,"tokenListIndex":104},"endInSecond":{"line":149,"column":4,"tokenListIndex":110},"lengthOfFirst":7,"lengthOfSecond":7},{"firstFileName":"MUHAMMED_ENES_CAM/LinkedListQuestions.cpp","secondFileName":"KARDELEN_KARTAL/LinkedListQuestions.cpp","startInFirst":{"line":6,"column":0,"tokenListIndex":0},"endInFirst":{"line":7,"column":29,"tokenListIndex":5},"startInSecond":{"line":6,"column":0,"tokenListIndex":0},"endInSecond":{"line":8,"column":20,"tokenListIndex":5},"lengthOfFirst":6,"lengthOfSecond":6}],"firstSimilarity":0.5384615384615384,"secondSimilarity":0.2692307692307692}