{"firstSubmissionId":"PELIN_GORER","secondSubmissionId":"MUHAMMED_ENES_CAM","similarities":{"AVG":0.7933884297520661,"MAX":0.8153846153846154,"MAXIMUM_LENGTH":66.0,"LONGEST_MATCH":25.0},"matches":[{"firstFileName":"PELIN_GORER/LinkedListQuestions.cpp","secondFileName":"MUHAMMED_ENES_CAM/LinkedListQuestions.cpp","startInFirst":{"line":16,"column":0,"tokenListIndex":7},"endInFirst":{"line":44,"column":2,"tokenListIndex":31},"startInSecond":{"line":24,"column":0,"tokenListIndex":12},"endInSecond":{"line":62,"column":15,"tokenListIndex":39},"lengthOfFirst":25,"lengthOfSecond":28},{"firstFileName":"PELIN_GORER/LinkedListQuestions.cpp","secondFileName":"MUHAMMED_ENES_CAM/LinkedListQuestions.cpp","startInFirst":{"line":57,"column":0,"tokenListIndex":44},"endInFirst":{"line":76,"column":0,"tokenListIndex":61},"startInSecond":{"line":66,"column":0,"tokenListIndex":40},"endInSecond":{"line":101,"column":0,"tokenListIndex":64},"lengthOfFirst":18,"lengthOfSecond":25}],"firstSimilarity":0.7678571428571429,"secondSimilarity":0.8153846153846154}