{"firstSubmissionId":"PELIN_GORER","secondSubmissionId":"MERT_ACAR","similarities":{"AVG":0.08484848484848485,"MAX":0.25,"MAXIMUM_LENGTH":284.0,"LONGEST_MATCH":7.0},"matches":[{"firstFileName":"PELIN_GORER/LinkedListQuestions.cpp","secondFileName":"MERT_ACAR/LinkedList.cpp","startInFirst":{"line":16,"column":0,"tokenListIndex":7},"endInFirst":{"line":23,"column":9,"tokenListIndex":13},"startInSecond":{"line":110,"column":0,"tokenListIndex":82},"endInSecond":{"line":117,"column":6,"tokenListIndex":88},"lengthOfFirst":7,"lengthOfSecond":7},{"firstFileName":"PELIN_GORER/LinkedListQuestions.cpp","secondFileName":"MERT_ACAR/LinkedList.cpp","startInFirst":{"line":36,"column":0,"tokenListIndex":25},"endInFirst":{"line":44,"column":2,"tokenListIndex":31},"startInSecond":{"line":57,"column":0,"tokenListIndex":51},"endInSecond":{"line":65,"column":2,"tokenListIndex":57},"lengthOfFirst":7,"lengthOfSecond":7}],"firstSimilarity":0.25,"secondSimilarity":0.051094890510948905}