{"firstSubmissionId":"PELIN_GORER","secondSubmissionId":"KARDELEN_KARTAL","similarities":{"AVG":0.26881720430107525,"MAX":0.44642857142857145,"MAXIMUM_LENGTH":131.0,"LONGEST_MATCH":10.0},"matches":[{"firstFileName":"PELIN_GORER/LinkedListQuestions.cpp","secondFileName":"KARDELEN_KARTAL/LinkedListQuestions.cpp","startInFirst":{"line":33,"column":3,"tokenListIndex":22},"endInFirst":{"line":44,"column":2,"tokenListIndex":31},"startInSecond":{"line":65,"column":3,"tokenListIndex":54},"endInSecond":{"line":76,"column":49,"tokenListIndex":63},"lengthOfFirst":10,"lengthOfSecond":10},{"firstFileName":"PELIN_GORER/LinkedListQuestions.cpp","secondFileName":"KARDELEN_KARTAL/LinkedListQuestions.cpp","startInFirst":{"line":14,"column":2,"tokenListIndex":6},"endInFirst":{"line":23,"column":9,"tokenListIndex":13},"startInSecond":{"line":10,"column":13,"tokenListIndex":7},"endInSecond":{"line":19,"column":6,"tokenListIndex":14},"lengthOfFirst":8,"lengthOfSecond":8},{"firstFileName":"PELIN_GORER/LinkedListQuestions.cpp","secondFileName":"KARDELEN_KARTAL/LinkedListQuestions.cpp","startInFirst":{"line":62,"column":31,"tokenListIndex":47},"endInFirst":{"line":67,"column":2,"tokenListIndex":53},"startInSecond":{"line":111,"column":31,"tokenListIndex":93},"endInSecond":{"line":125,"column":3,"tokenListIndex":99},"lengthOfFirst":7,"lengthOfSecond":7}],"firstSimilarity":0.44642857142857145,"secondSimilarity":0.19230769230769232}