{"firstSubmissionId":"PELIN_GORER","secondSubmissionId":"HASAN_KHALILOV","similarities":{"AVG":0.13445378151260504,"MAX":0.14285714285714285,"MAXIMUM_LENGTH":64.0,"LONGEST_MATCH":8.0},"matches":[{"firstFileName":"PELIN_GORER/LinkedListQuestions.cpp","secondFileName":"HASAN_KHALILOV/LinkedListQuestions.cpp","startInFirst":{"line":16,"column":0,"tokenListIndex":7},"endInFirst":{"line":24,"column":12,"tokenListIndex":14},"startInSecond":{"line":31,"column":0,"tokenListIndex":17},"endInSecond":{"line":40,"column":11,"tokenListIndex":24},"lengthOfFirst":8,"lengthOfSecond":8}],"firstSimilarity":0.14285714285714285,"secondSimilarity":0.12698412698412698}