{"firstSubmissionId":"PELIN_GORER","secondSubmissionId":"EFE_KASAPOGLU","similarities":{"AVG":0.34074074074074073,"MAX":0.4107142857142857,"MAXIMUM_LENGTH":80.0,"LONGEST_MATCH":14.0},"matches":[{"firstFileName":"PELIN_GORER/LinkedListQuestions.cpp","secondFileName":"EFE_KASAPOGLU/LinkedListQuestions.cpp","startInFirst":{"line":28,"column":11,"tokenListIndex":18},"endInFirst":{"line":44,"column":2,"tokenListIndex":31},"startInSecond":{"line":36,"column":15,"tokenListIndex":24},"endInSecond":{"line":59,"column":4,"tokenListIndex":37},"lengthOfFirst":14,"lengthOfSecond":14},{"firstFileName":"PELIN_GORER/LinkedListQuestions.cpp","secondFileName":"EFE_KASAPOGLU/LinkedListQuestions.cpp","startInFirst":{"line":57,"column":0,"tokenListIndex":44},"endInFirst":{"line":66,"column":9,"tokenListIndex":52},"startInSecond":{"line":84,"column":0,"tokenListIndex":58},"endInSecond":{"line":93,"column":11,"tokenListIndex":66},"lengthOfFirst":9,"lengthOfSecond":9}],"firstSimilarity":0.4107142857142857,"secondSimilarity":0.2911392405063291}