{"firstSubmissionId":"PELIN_GORER","secondSubmissionId":"AGAH_DEMIR_GOK","similarities":{"AVG":0.12698412698412698,"MAX":0.14285714285714285,"MAXIMUM_LENGTH":71.0,"LONGEST_MATCH":8.0},"matches":[{"firstFileName":"PELIN_GORER/LinkedListQuestions.cpp","secondFileName":"AGAH_DEMIR_GOK/LinkedListQuestions.cpp","startInFirst":{"line":35,"column":2,"tokenListIndex":24},"endInFirst":{"line":44,"column":2,"tokenListIndex":31},"startInSecond":{"line":48,"column":4,"tokenListIndex":27},"endInSecond":{"line":53,"column":36,"tokenListIndex":34},"lengthOfFirst":8,"lengthOfSecond":8}],"firstSimilarity":0.14285714285714285,"secondSimilarity":0.11428571428571428}