{"firstSubmissionId":"PELIN_GORER","secondSubmissionId":"CEM_KAYARDI","similarities":{"AVG":0.10619469026548672,"MAX":0.10714285714285714,"MAXIMUM_LENGTH":64.0,"LONGEST_MATCH":6.0},"matches":[{"firstFileName":"PELIN_GORER/LinkedListQuestions.cpp","secondFileName":"CEM_KAYARDI/LinkedListQuestions.cpp","startInFirst":{"line":40,"column":0,"tokenListIndex":26},"endInFirst":{"line":44,"column":2,"tokenListIndex":31},"startInSecond":{"line":8,"column":0,"tokenListIndex":0},"endInSecond":{"line":13,"column":1,"tokenListIndex":5},"lengthOfFirst":6,"lengthOfSecond":6}],"firstSimilarity":0.10714285714285714,"secondSimilarity":0.10526315789473684}