{"firstSubmissionId":"PELIN_GORER","secondSubmissionId":"UMUT_ERTUGRUL_DASGIN","similarities":{"AVG":0.7642857142857142,"MAX":0.875,"MAXIMUM_LENGTH":85.0,"LONGEST_MATCH":26.0},"matches":[{"firstFileName":"PELIN_GORER/LinkedListQuestions.cpp","secondFileName":"UMUT_ERTUGRUL_DASGIN/LinkedListQuestions.cpp","startInFirst":{"line":14,"column":2,"tokenListIndex":6},"endInFirst":{"line":44,"column":2,"tokenListIndex":31},"startInSecond":{"line":22,"column":4,"tokenListIndex":15},"endInSecond":{"line":51,"column":55,"tokenListIndex":46},"lengthOfFirst":26,"lengthOfSecond":32},{"firstFileName":"PELIN_GORER/LinkedListQuestions.cpp","secondFileName":"UMUT_ERTUGRUL_DASGIN/LinkedListQuestions.cpp","startInFirst":{"line":54,"column":2,"tokenListIndex":39},"endInFirst":{"line":76,"column":0,"tokenListIndex":61},"startInSecond":{"line":65,"column":4,"tokenListIndex":58},"endInSecond":{"line":95,"column":0,"tokenListIndex":83},"lengthOfFirst":23,"lengthOfSecond":26}],"firstSimilarity":0.875,"secondSimilarity":0.6904761904761905}