{"firstSubmissionId":"PELIN_GORER","secondSubmissionId":"SELEN_YULAF","similarities":{"AVG":0.2589928057553957,"MAX":0.32142857142857145,"MAXIMUM_LENGTH":92.0,"LONGEST_MATCH":6.0},"matches":[{"firstFileName":"PELIN_GORER/LinkedListQuestions.cpp","secondFileName":"SELEN_YULAF/selen linked list questions.cpp","startInFirst":{"line":16,"column":0,"tokenListIndex":7},"endInFirst":{"line":23,"column":2,"tokenListIndex":12},"startInSecond":{"line":14,"column":0,"tokenListIndex":9},"endInSecond":{"line":19,"column":11,"tokenListIndex":14},"lengthOfFirst":6,"lengthOfSecond":6},{"firstFileName":"PELIN_GORER/LinkedListQuestions.cpp","secondFileName":"SELEN_YULAF/selen linked list questions.cpp","startInFirst":{"line":34,"column":3,"tokenListIndex":23},"endInFirst":{"line":40,"column":38,"tokenListIndex":28},"startInSecond":{"line":29,"column":8,"tokenListIndex":23},"endInSecond":{"line":39,"column":2,"tokenListIndex":28},"lengthOfFirst":6,"lengthOfSecond":6},{"firstFileName":"PELIN_GORER/LinkedListQuestions.cpp","secondFileName":"SELEN_YULAF/LinkedListQuestions.cpp","startInFirst":{"line":57,"column":0,"tokenListIndex":44},"endInFirst":{"line":65,"column":9,"tokenListIndex":49},"startInSecond":{"line":14,"column":0,"tokenListIndex":55},"endInSecond":{"line":19,"column":11,"tokenListIndex":60},"lengthOfFirst":6,"lengthOfSecond":6}],"firstSimilarity":0.32142857142857145,"secondSimilarity":0.21686746987951808}