{"firstSubmissionId":"PELIN_GORER","secondSubmissionId":"YUSUF_KULLUK","similarities":{"AVG":0.2677165354330709,"MAX":0.30357142857142855,"MAXIMUM_LENGTH":78.0,"LONGEST_MATCH":11.0},"matches":[{"firstFileName":"PELIN_GORER/LinkedListQuestions.cpp","secondFileName":"YUSUF_KULLUK/LinkedListQuestions.cpp","startInFirst":{"line":57,"column":0,"tokenListIndex":44},"endInFirst":{"line":68,"column":3,"tokenListIndex":54},"startInSecond":{"line":67,"column":0,"tokenListIndex":48},"endInSecond":{"line":79,"column":3,"tokenListIndex":58},"lengthOfFirst":11,"lengthOfSecond":11},{"firstFileName":"PELIN_GORER/LinkedListQuestions.cpp","secondFileName":"YUSUF_KULLUK/LinkedListQuestions.cpp","startInFirst":{"line":34,"column":3,"tokenListIndex":23},"endInFirst":{"line":40,"column":38,"tokenListIndex":28},"startInSecond":{"line":23,"column":3,"tokenListIndex":15},"endInSecond":{"line":32,"column":2,"tokenListIndex":20},"lengthOfFirst":6,"lengthOfSecond":6}],"firstSimilarity":0.30357142857142855,"secondSimilarity":0.23943661971830985}