{"firstSubmissionId":"PELIN_GORER","secondSubmissionId":"ATAKAN_NAKTURK","similarities":{"AVG":0.08139534883720931,"MAX":0.125,"MAXIMUM_LENGTH":117.0,"LONGEST_MATCH":7.0},"matches":[{"firstFileName":"PELIN_GORER/LinkedListQuestions.cpp","secondFileName":"ATAKAN_NAKTURK/LinkedListQuestions.cpp","startInFirst":{"line":34,"column":3,"tokenListIndex":23},"endInFirst":{"line":42,"column":2,"tokenListIndex":29},"startInSecond":{"line":101,"column":2,"tokenListIndex":83},"endInSecond":{"line":115,"column":1,"tokenListIndex":89},"lengthOfFirst":7,"lengthOfSecond":7}],"firstSimilarity":0.125,"secondSimilarity":0.0603448275862069}