{"firstSubmissionId":"SAFA_GOKALP_UGUR","secondSubmissionId":"TARIK_SERTVURAN","similarities":{"AVG":0.3111111111111111,"MAX":0.4827586206896552,"MAXIMUM_LENGTH":62.0,"LONGEST_MATCH":7.0},"matches":[{"firstFileName":"SAFA_GOKALP_UGUR/LinkedListQuestions.cpp","secondFileName":"TARIK_SERTVURAN/LinkedListQuestions.cpp","startInFirst":{"line":15,"column":0,"tokenListIndex":2},"endInFirst":{"line":20,"column":1,"tokenListIndex":8},"startInSecond":{"line":6,"column":0,"tokenListIndex":0},"endInSecond":{"line":13,"column":2,"tokenListIndex":6},"lengthOfFirst":7,"lengthOfSecond":7},{"firstFileName":"SAFA_GOKALP_UGUR/LinkedListQuestions.cpp","secondFileName":"TARIK_SERTVURAN/LinkedListQuestions.cpp","startInFirst":{"line":27,"column":2,"tokenListIndex":12},"endInFirst":{"line":37,"column":18,"tokenListIndex":18},"startInSecond":{"line":28,"column":1,"tokenListIndex":15},"endInSecond":{"line":38,"column":18,"tokenListIndex":21},"lengthOfFirst":7,"lengthOfSecond":7}],"firstSimilarity":0.4827586206896552,"secondSimilarity":0.22950819672131148}