{"firstSubmissionId":"SAFA_GOKALP_UGUR","secondSubmissionId":"CEM_KAYARDI","similarities":{"AVG":0.3023255813953488,"MAX":0.4482758620689655,"MAXIMUM_LENGTH":64.0,"LONGEST_MATCH":7.0},"matches":[{"firstFileName":"SAFA_GOKALP_UGUR/LinkedListQuestions.cpp","secondFileName":"CEM_KAYARDI/LinkedListQuestions.cpp","startInFirst":{"line":15,"column":0,"tokenListIndex":2},"endInFirst":{"line":20,"column":1,"tokenListIndex":8},"startInSecond":{"line":8,"column":0,"tokenListIndex":0},"endInSecond":{"line":15,"column":4,"tokenListIndex":6},"lengthOfFirst":7,"lengthOfSecond":7},{"firstFileName":"SAFA_GOKALP_UGUR/LinkedListQuestions.cpp","secondFileName":"CEM_KAYARDI/LinkedListQuestions.cpp","startInFirst":{"line":23,"column":0,"tokenListIndex":9},"endInFirst":{"line":30,"column":8,"tokenListIndex":14},"startInSecond":{"line":31,"column":0,"tokenListIndex":15},"endInSecond":{"line":38,"column":19,"tokenListIndex":20},"lengthOfFirst":6,"lengthOfSecond":6}],"firstSimilarity":0.4482758620689655,"secondSimilarity":0.22807017543859648}