{"firstSubmissionId":"SAFA_GOKALP_UGUR","secondSubmissionId":"ZEYNEP_ECE_BIKEZ","similarities":{"AVG":0.14634146341463414,"MAX":0.20689655172413793,"MAXIMUM_LENGTH":60.0,"LONGEST_MATCH":6.0},"matches":[{"firstFileName":"SAFA_GOKALP_UGUR/LinkedListQuestions.cpp","secondFileName":"ZEYNEP_ECE_BIKEZ/LinkedListQuestions.cpp","startInFirst":{"line":15,"column":0,"tokenListIndex":2},"endInFirst":{"line":19,"column":1,"tokenListIndex":7},"startInSecond":{"line":45,"column":0,"tokenListIndex":31},"endInSecond":{"line":48,"column":3,"tokenListIndex":36},"lengthOfFirst":6,"lengthOfSecond":6}],"firstSimilarity":0.20689655172413793,"secondSimilarity":0.11320754716981132}