{"firstSubmissionId":"SAFA_GOKALP_UGUR","secondSubmissionId":"IREM_IRMAK_UNLUER","similarities":{"AVG":0.29411764705882354,"MAX":0.3448275862068966,"MAXIMUM_LENGTH":46.0,"LONGEST_MATCH":10.0},"matches":[{"firstFileName":"SAFA_GOKALP_UGUR/LinkedListQuestions.cpp","secondFileName":"IREM_IRMAK_UNLUER/LinkedListQuestions.cpp","startInFirst":{"line":15,"column":0,"tokenListIndex":2},"endInFirst":{"line":26,"column":20,"tokenListIndex":11},"startInSecond":{"line":6,"column":0,"tokenListIndex":0},"endInSecond":{"line":14,"column":20,"tokenListIndex":9},"lengthOfFirst":10,"lengthOfSecond":10}],"firstSimilarity":0.3448275862068966,"secondSimilarity":0.2564102564102564}