{"firstSubmissionId":"SAFA_GOKALP_UGUR","secondSubmissionId":"AGAH_DEMIR_GOK","similarities":{"AVG":0.24242424242424243,"MAX":0.41379310344827586,"MAXIMUM_LENGTH":71.0,"LONGEST_MATCH":6.0},"matches":[{"firstFileName":"SAFA_GOKALP_UGUR/LinkedListQuestions.cpp","secondFileName":"AGAH_DEMIR_GOK/LinkedListQuestions.cpp","startInFirst":{"line":15,"column":0,"tokenListIndex":2},"endInFirst":{"line":19,"column":1,"tokenListIndex":7},"startInSecond":{"line":52,"column":0,"tokenListIndex":29},"endInSecond":{"line":53,"column":36,"tokenListIndex":34},"lengthOfFirst":6,"lengthOfSecond":6},{"firstFileName":"SAFA_GOKALP_UGUR/LinkedListQuestions.cpp","secondFileName":"AGAH_DEMIR_GOK/LinkedListQuestions.cpp","startInFirst":{"line":23,"column":0,"tokenListIndex":9},"endInFirst":{"line":30,"column":8,"tokenListIndex":14},"startInSecond":{"line":31,"column":0,"tokenListIndex":17},"endInSecond":{"line":37,"column":46,"tokenListIndex":22},"lengthOfFirst":6,"lengthOfSecond":6}],"firstSimilarity":0.41379310344827586,"secondSimilarity":0.17142857142857143}