{"firstSubmissionId":"SAFA_GOKALP_UGUR","secondSubmissionId":"KARDELEN_KARTAL","similarities":{"AVG":0.1509433962264151,"MAX":0.41379310344827586,"MAXIMUM_LENGTH":131.0,"LONGEST_MATCH":6.0},"matches":[{"firstFileName":"SAFA_GOKALP_UGUR/LinkedListQuestions.cpp","secondFileName":"KARDELEN_KARTAL/LinkedListQuestions.cpp","startInFirst":{"line":15,"column":0,"tokenListIndex":2},"endInFirst":{"line":19,"column":1,"tokenListIndex":7},"startInSecond":{"line":6,"column":0,"tokenListIndex":0},"endInSecond":{"line":8,"column":20,"tokenListIndex":5},"lengthOfFirst":6,"lengthOfSecond":6},{"firstFileName":"SAFA_GOKALP_UGUR/LinkedListQuestions.cpp","secondFileName":"KARDELEN_KARTAL/LinkedListQuestions.cpp","startInFirst":{"line":23,"column":0,"tokenListIndex":9},"endInFirst":{"line":30,"column":8,"tokenListIndex":14},"startInSecond":{"line":36,"column":0,"tokenListIndex":31},"endInSecond":{"line":42,"column":66,"tokenListIndex":36},"lengthOfFirst":6,"lengthOfSecond":6}],"firstSimilarity":0.41379310344827586,"secondSimilarity":0.09230769230769231}