{"firstSubmissionId":"SAFA_GOKALP_UGUR","secondSubmissionId":"UMUT_ERTUGRUL_DASGIN","similarities":{"AVG":0.12389380530973451,"MAX":0.2413793103448276,"MAXIMUM_LENGTH":85.0,"LONGEST_MATCH":7.0},"matches":[{"firstFileName":"SAFA_GOKALP_UGUR/LinkedListQuestions.cpp","secondFileName":"UMUT_ERTUGRUL_DASGIN/LinkedListQuestions.cpp","startInFirst":{"line":15,"column":0,"tokenListIndex":2},"endInFirst":{"line":20,"column":1,"tokenListIndex":8},"startInSecond":{"line":6,"column":0,"tokenListIndex":0},"endInSecond":{"line":8,"column":1,"tokenListIndex":6},"lengthOfFirst":7,"lengthOfSecond":7}],"firstSimilarity":0.2413793103448276,"secondSimilarity":0.08333333333333333}