{"firstSubmissionId":"SAFA_GOKALP_UGUR","secondSubmissionId":"EFE_KASAPOGLU","similarities":{"AVG":0.24074074074074073,"MAX":0.4482758620689655,"MAXIMUM_LENGTH":80.0,"LONGEST_MATCH":7.0},"matches":[{"firstFileName":"SAFA_GOKALP_UGUR/LinkedListQuestions.cpp","secondFileName":"EFE_KASAPOGLU/LinkedListQuestions.cpp","startInFirst":{"line":15,"column":0,"tokenListIndex":2},"endInFirst":{"line":20,"column":1,"tokenListIndex":8},"startInSecond":{"line":9,"column":0,"tokenListIndex":0},"endInSecond":{"line":14,"column":4,"tokenListIndex":6},"lengthOfFirst":7,"lengthOfSecond":7},{"firstFileName":"SAFA_GOKALP_UGUR/LinkedListQuestions.cpp","secondFileName":"EFE_KASAPOGLU/LinkedListQuestions.cpp","startInFirst":{"line":23,"column":0,"tokenListIndex":9},"endInFirst":{"line":30,"column":8,"tokenListIndex":14},"startInSecond":{"line":22,"column":0,"tokenListIndex":12},"endInSecond":{"line":29,"column":4,"tokenListIndex":17},"lengthOfFirst":6,"lengthOfSecond":6}],"firstSimilarity":0.4482758620689655,"secondSimilarity":0.16455696202531644}