{"firstSubmissionId":"SAFA_GOKALP_UGUR","secondSubmissionId":"PELIN_GORER","similarities":{"AVG":0.1411764705882353,"MAX":0.20689655172413793,"MAXIMUM_LENGTH":63.0,"LONGEST_MATCH":6.0},"matches":[{"firstFileName":"SAFA_GOKALP_UGUR/LinkedListQuestions.cpp","secondFileName":"PELIN_GORER/LinkedListQuestions.cpp","startInFirst":{"line":15,"column":0,"tokenListIndex":2},"endInFirst":{"line":19,"column":1,"tokenListIndex":7},"startInSecond":{"line":40,"column":0,"tokenListIndex":26},"endInSecond":{"line":44,"column":2,"tokenListIndex":31},"lengthOfFirst":6,"lengthOfSecond":6}],"firstSimilarity":0.20689655172413793,"secondSimilarity":0.10714285714285714}