{"firstSubmissionId":"SAFA_GOKALP_UGUR","secondSubmissionId":"MUHAMMED_ENES_CAM","similarities":{"AVG":0.14893617021276595,"MAX":0.2413793103448276,"MAXIMUM_LENGTH":66.0,"LONGEST_MATCH":7.0},"matches":[{"firstFileName":"SAFA_GOKALP_UGUR/LinkedListQuestions.cpp","secondFileName":"MUHAMMED_ENES_CAM/LinkedListQuestions.cpp","startInFirst":{"line":15,"column":0,"tokenListIndex":2},"endInFirst":{"line":20,"column":1,"tokenListIndex":8},"startInSecond":{"line":6,"column":0,"tokenListIndex":0},"endInSecond":{"line":9,"column":2,"tokenListIndex":6},"lengthOfFirst":7,"lengthOfSecond":7}],"firstSimilarity":0.2413793103448276,"secondSimilarity":0.1076923076923077}