{"firstSubmissionId":"SAFA_GOKALP_UGUR","secondSubmissionId":"MERT_ACAR","similarities":{"AVG":0.1254125412541254,"MAX":0.6551724137931034,"MAXIMUM_LENGTH":284.0,"LONGEST_MATCH":7.0},"matches":[{"firstFileName":"SAFA_GOKALP_UGUR/LinkedListQuestions.cpp","secondFileName":"MERT_ACAR/LinkedListQuestions.cpp","startInFirst":{"line":15,"column":0,"tokenListIndex":2},"endInFirst":{"line":20,"column":1,"tokenListIndex":8},"startInSecond":{"line":6,"column":0,"tokenListIndex":0},"endInSecond":{"line":11,"column":3,"tokenListIndex":6},"lengthOfFirst":7,"lengthOfSecond":7},{"firstFileName":"SAFA_GOKALP_UGUR/LinkedListQuestions.cpp","secondFileName":"MERT_ACAR/LinkedList.cpp","startInFirst":{"line":23,"column":0,"tokenListIndex":9},"endInFirst":{"line":30,"column":8,"tokenListIndex":14},"startInSecond":{"line":83,"column":0,"tokenListIndex":67},"endInSecond":{"line":91,"column":2,"tokenListIndex":72},"lengthOfFirst":6,"lengthOfSecond":6},{"firstFileName":"SAFA_GOKALP_UGUR/LinkedListQuestions.cpp","secondFileName":"MERT_ACAR/main.cpp","startInFirst":{"line":64,"column":1,"tokenListIndex":28},"endInFirst":{"line":70,"column":4,"tokenListIndex":33},"startInSecond":{"line":48,"column":2,"tokenListIndex":188},"endInSecond":{"line":54,"column":2,"tokenListIndex":193},"lengthOfFirst":6,"lengthOfSecond":6}],"firstSimilarity":0.6551724137931034,"secondSimilarity":0.06934306569343066}