{"firstSubmissionId":"SAFA_GOKALP_UGUR","secondSubmissionId":"SELEN_YULAF","similarities":{"AVG":0.125,"MAX":0.2413793103448276,"MAXIMUM_LENGTH":92.0,"LONGEST_MATCH":7.0},"matches":[{"firstFileName":"SAFA_GOKALP_UGUR/LinkedListQuestions.cpp","secondFileName":"SELEN_YULAF/selen linked list questions.cpp","startInFirst":{"line":15,"column":0,"tokenListIndex":2},"endInFirst":{"line":20,"column":1,"tokenListIndex":8},"startInSecond":{"line":6,"column":0,"tokenListIndex":0},"endInSecond":{"line":8,"column":4,"tokenListIndex":6},"lengthOfFirst":7,"lengthOfSecond":7}],"firstSimilarity":0.2413793103448276,"secondSimilarity":0.08433734939759036}