{"firstSubmissionId":"SELEN_YULAF","secondSubmissionId":"KARDELEN_KARTAL","similarities":{"AVG":0.16901408450704225,"MAX":0.21686746987951808,"MAXIMUM_LENGTH":131.0,"LONGEST_MATCH":6.0},"matches":[{"firstFileName":"SELEN_YULAF/selen linked list questions.cpp","secondFileName":"KARDELEN_KARTAL/LinkedListQuestions.cpp","startInFirst":{"line":6,"column":0,"tokenListIndex":0},"endInFirst":{"line":7,"column":30,"tokenListIndex":5},"startInSecond":{"line":6,"column":0,"tokenListIndex":0},"endInSecond":{"line":8,"column":20,"tokenListIndex":5},"lengthOfFirst":6,"lengthOfSecond":6},{"firstFileName":"SELEN_YULAF/selen linked list questions.cpp","secondFileName":"KARDELEN_KARTAL/LinkedListQuestions.cpp","startInFirst":{"line":14,"column":0,"tokenListIndex":9},"endInFirst":{"line":19,"column":11,"tokenListIndex":14},"startInSecond":{"line":12,"column":0,"tokenListIndex":8},"endInSecond":{"line":19,"column":2,"tokenListIndex":13},"lengthOfFirst":6,"lengthOfSecond":6},{"firstFileName":"SELEN_YULAF/selen linked list questions.cpp","secondFileName":"KARDELEN_KARTAL/LinkedListQuestions.cpp","startInFirst":{"line":29,"column":8,"tokenListIndex":23},"endInFirst":{"line":39,"column":2,"tokenListIndex":28},"startInSecond":{"line":66,"column":3,"tokenListIndex":55},"endInSecond":{"line":74,"column":38,"tokenListIndex":60},"lengthOfFirst":6,"lengthOfSecond":6}],"firstSimilarity":0.21686746987951808,"secondSimilarity":0.13846153846153847}