{"firstSubmissionId":"SELEN_YULAF","secondSubmissionId":"ATAKAN_NAKTURK","similarities":{"AVG":0.07035175879396985,"MAX":0.08433734939759036,"MAXIMUM_LENGTH":117.0,"LONGEST_MATCH":7.0},"matches":[{"firstFileName":"SELEN_YULAF/selen linked list questions.cpp","secondFileName":"ATAKAN_NAKTURK/LinkedListQuestions.cpp","startInFirst":{"line":27,"column":4,"tokenListIndex":22},"endInFirst":{"line":39,"column":2,"tokenListIndex":28},"startInSecond":{"line":99,"column":4,"tokenListIndex":82},"endInSecond":{"line":113,"column":59,"tokenListIndex":88},"lengthOfFirst":7,"lengthOfSecond":7}],"firstSimilarity":0.08433734939759036,"secondSimilarity":0.0603448275862069}