{"firstSubmissionId":"SELEN_YULAF","secondSubmissionId":"MERT_ACAR","similarities":{"AVG":0.21288515406162464,"MAX":0.4578313253012048,"MAXIMUM_LENGTH":284.0,"LONGEST_MATCH":12.0},"matches":[{"firstFileName":"SELEN_YULAF/selen linked list questions.cpp","secondFileName":"MERT_ACAR/LinkedListQuestions.cpp","startInFirst":{"line":6,"column":0,"tokenListIndex":0},"endInFirst":{"line":17,"column":20,"tokenListIndex":11},"startInSecond":{"line":6,"column":0,"tokenListIndex":0},"endInSecond":{"line":21,"column":20,"tokenListIndex":11},"lengthOfFirst":12,"lengthOfSecond":12},{"firstFileName":"SELEN_YULAF/LinkedListQuestions.cpp","secondFileName":"MERT_ACAR/main.cpp","startInFirst":{"line":54,"column":0,"tokenListIndex":83},"endInFirst":{"line":67,"column":0,"tokenListIndex":90},"startInSecond":{"line":28,"column":0,"tokenListIndex":178},"endInSecond":{"line":40,"column":0,"tokenListIndex":185},"lengthOfFirst":8,"lengthOfSecond":8},{"firstFileName":"SELEN_YULAF/selen linked list questions.cpp","secondFileName":"MERT_ACAR/LinkedList.cpp","startInFirst":{"line":34,"column":0,"tokenListIndex":25},"endInFirst":{"line":40,"column":3,"tokenListIndex":30},"startInSecond":{"line":157,"column":0,"tokenListIndex":110},"endInSecond":{"line":163,"column":2,"tokenListIndex":115},"lengthOfFirst":6,"lengthOfSecond":6},{"firstFileName":"SELEN_YULAF/LinkedListQuestions.cpp","secondFileName":"MERT_ACAR/LinkedList.cpp","startInFirst":{"line":6,"column":0,"tokenListIndex":46},"endInFirst":{"line":7,"column":30,"tokenListIndex":51},"startInSecond":{"line":61,"column":0,"tokenListIndex":52},"endInSecond":{"line":65,"column":2,"tokenListIndex":57},"lengthOfFirst":6,"lengthOfSecond":6},{"firstFileName":"SELEN_YULAF/LinkedListQuestions.cpp","secondFileName":"MERT_ACAR/LinkedList.cpp","startInFirst":{"line":14,"column":0,"tokenListIndex":55},"endInFirst":{"line":19,"column":11,"tokenListIndex":60},"startInSecond":{"line":110,"column":0,"tokenListIndex":82},"endInSecond":{"line":117,"column":2,"tokenListIndex":87},"lengthOfFirst":6,"lengthOfSecond":6}],"firstSimilarity":0.4578313253012048,"secondSimilarity":0.1386861313868613}