{"firstSubmissionId":"TARIK_SERTVURAN","secondSubmissionId":"MERT_ACAR","similarities":{"AVG":0.0955223880597015,"MAX":0.26229508196721313,"MAXIMUM_LENGTH":284.0,"LONGEST_MATCH":8.0},"matches":[{"firstFileName":"TARIK_SERTVURAN/LinkedListQuestions.cpp","secondFileName":"MERT_ACAR/LinkedListQuestions.cpp","startInFirst":{"line":6,"column":0,"tokenListIndex":0},"endInFirst":{"line":14,"column":2,"tokenListIndex":7},"startInSecond":{"line":6,"column":0,"tokenListIndex":0},"endInSecond":{"line":13,"column":3,"tokenListIndex":7},"lengthOfFirst":8,"lengthOfSecond":8},{"firstFileName":"TARIK_SERTVURAN/LinkedListQuestions.cpp","secondFileName":"MERT_ACAR/LinkedList.cpp","startInFirst":{"line":34,"column":0,"tokenListIndex":19},"endInFirst":{"line":44,"column":1,"tokenListIndex":26},"startInSecond":{"line":110,"column":0,"tokenListIndex":82},"endInSecond":{"line":119,"column":2,"tokenListIndex":89},"lengthOfFirst":8,"lengthOfSecond":8}],"firstSimilarity":0.26229508196721313,"secondSimilarity":0.058394160583941604}