{"firstSubmissionId":"TARIK_SERTVURAN","secondSubmissionId":"EFE_KASAPOGLU","similarities":{"AVG":0.44285714285714284,"MAX":0.5081967213114754,"MAXIMUM_LENGTH":80.0,"LONGEST_MATCH":8.0},"matches":[{"firstFileName":"TARIK_SERTVURAN/LinkedListQuestions.cpp","secondFileName":"EFE_KASAPOGLU/LinkedListQuestions.cpp","startInFirst":{"line":6,"column":0,"tokenListIndex":0},"endInFirst":{"line":14,"column":2,"tokenListIndex":7},"startInSecond":{"line":9,"column":0,"tokenListIndex":0},"endInSecond":{"line":15,"column":4,"tokenListIndex":7},"lengthOfFirst":8,"lengthOfSecond":8},{"firstFileName":"TARIK_SERTVURAN/LinkedListQuestions.cpp","secondFileName":"EFE_KASAPOGLU/LinkedListQuestions.cpp","startInFirst":{"line":58,"column":2,"tokenListIndex":39},"endInFirst":{"line":73,"column":38,"tokenListIndex":46},"startInSecond":{"line":45,"column":8,"tokenListIndex":27},"endInSecond":{"line":56,"column":38,"tokenListIndex":34},"lengthOfFirst":8,"lengthOfSecond":8},{"firstFileName":"TARIK_SERTVURAN/LinkedListQuestions.cpp","secondFileName":"EFE_KASAPOGLU/LinkedListQuestions.cpp","startInFirst":{"line":75,"column":2,"tokenListIndex":47},"endInFirst":{"line":80,"column":2,"tokenListIndex":54},"startInSecond":{"line":61,"column":4,"tokenListIndex":38},"endInSecond":{"line":66,"column":4,"tokenListIndex":45},"lengthOfFirst":8,"lengthOfSecond":8},{"firstFileName":"TARIK_SERTVURAN/LinkedListQuestions.cpp","secondFileName":"EFE_KASAPOGLU/LinkedListQuestions.cpp","startInFirst":{"line":40,"column":1,"tokenListIndex":22},"endInFirst":{"line":45,"column":10,"tokenListIndex":28},"startInSecond":{"line":32,"column":4,"tokenListIndex":18},"endInSecond":{"line":36,"column":15,"tokenListIndex":24},"lengthOfFirst":7,"lengthOfSecond":7}],"firstSimilarity":0.5081967213114754,"secondSimilarity":0.3924050632911392}