{"firstSubmissionId":"TARIK_SERTVURAN","secondSubmissionId":"KARDELEN_KARTAL","similarities":{"AVG":0.31413612565445026,"MAX":0.4918032786885246,"MAXIMUM_LENGTH":131.0,"LONGEST_MATCH":8.0},"matches":[{"firstFileName":"TARIK_SERTVURAN/LinkedListQuestions.cpp","secondFileName":"KARDELEN_KARTAL/LinkedListQuestions.cpp","startInFirst":{"line":32,"column":1,"tokenListIndex":18},"endInFirst":{"line":41,"column":9,"tokenListIndex":25},"startInSecond":{"line":10,"column":13,"tokenListIndex":7},"endInSecond":{"line":19,"column":6,"tokenListIndex":14},"lengthOfFirst":8,"lengthOfSecond":8},{"firstFileName":"TARIK_SERTVURAN/LinkedListQuestions.cpp","secondFileName":"KARDELEN_KARTAL/LinkedListQuestions.cpp","startInFirst":{"line":51,"column":14,"tokenListIndex":34},"endInFirst":{"line":61,"column":2,"tokenListIndex":41},"startInSecond":{"line":51,"column":10,"tokenListIndex":46},"endInSecond":{"line":63,"column":21,"tokenListIndex":53},"lengthOfFirst":8,"lengthOfSecond":8},{"firstFileName":"TARIK_SERTVURAN/LinkedListQuestions.cpp","secondFileName":"KARDELEN_KARTAL/LinkedListQuestions.cpp","startInFirst":{"line":75,"column":2,"tokenListIndex":47},"endInFirst":{"line":80,"column":2,"tokenListIndex":54},"startInSecond":{"line":78,"column":2,"tokenListIndex":64},"endInSecond":{"line":86,"column":2,"tokenListIndex":71},"lengthOfFirst":8,"lengthOfSecond":8},{"firstFileName":"TARIK_SERTVURAN/LinkedListQuestions.cpp","secondFileName":"KARDELEN_KARTAL/LinkedListQuestions.cpp","startInFirst":{"line":6,"column":0,"tokenListIndex":0},"endInFirst":{"line":11,"column":2,"tokenListIndex":5},"startInSecond":{"line":6,"column":0,"tokenListIndex":0},"endInSecond":{"line":8,"column":20,"tokenListIndex":5},"lengthOfFirst":6,"lengthOfSecond":6}],"firstSimilarity":0.4918032786885246,"secondSimilarity":0.23076923076923078}