{"firstSubmissionId":"TARIK_SERTVURAN","secondSubmissionId":"ATAKAN_NAKTURK","similarities":{"AVG":0.1694915254237288,"MAX":0.2459016393442623,"MAXIMUM_LENGTH":117.0,"LONGEST_MATCH":9.0},"matches":[{"firstFileName":"TARIK_SERTVURAN/LinkedListQuestions.cpp","secondFileName":"ATAKAN_NAKTURK/LinkedListQuestions.cpp","startInFirst":{"line":75,"column":2,"tokenListIndex":47},"endInFirst":{"line":82,"column":2,"tokenListIndex":55},"startInSecond":{"line":75,"column":4,"tokenListIndex":60},"endInSecond":{"line":84,"column":1,"tokenListIndex":68},"lengthOfFirst":9,"lengthOfSecond":9},{"firstFileName":"TARIK_SERTVURAN/LinkedListQuestions.cpp","secondFileName":"ATAKAN_NAKTURK/LinkedListQuestions.cpp","startInFirst":{"line":61,"column":2,"tokenListIndex":41},"endInFirst":{"line":73,"column":38,"tokenListIndex":46},"startInSecond":{"line":101,"column":2,"tokenListIndex":83},"endInSecond":{"line":113,"column":59,"tokenListIndex":88},"lengthOfFirst":6,"lengthOfSecond":6}],"firstSimilarity":0.2459016393442623,"secondSimilarity":0.12931034482758622}