{"firstSubmissionId":"TARIK_SERTVURAN","secondSubmissionId":"YUSUF_KULLUK","similarities":{"AVG":0.24242424242424243,"MAX":0.26229508196721313,"MAXIMUM_LENGTH":78.0,"LONGEST_MATCH":10.0},"matches":[{"firstFileName":"TARIK_SERTVURAN/LinkedListQuestions.cpp","secondFileName":"YUSUF_KULLUK/LinkedListQuestions.cpp","startInFirst":{"line":61,"column":2,"tokenListIndex":41},"endInFirst":{"line":76,"column":6,"tokenListIndex":50},"startInSecond":{"line":39,"column":3,"tokenListIndex":26},"endInSecond":{"line":51,"column":6,"tokenListIndex":35},"lengthOfFirst":10,"lengthOfSecond":10},{"firstFileName":"TARIK_SERTVURAN/LinkedListQuestions.cpp","secondFileName":"YUSUF_KULLUK/LinkedListQuestions.cpp","startInFirst":{"line":34,"column":0,"tokenListIndex":19},"endInFirst":{"line":41,"column":1,"tokenListIndex":24},"startInSecond":{"line":67,"column":0,"tokenListIndex":48},"endInSecond":{"line":76,"column":2,"tokenListIndex":53},"lengthOfFirst":6,"lengthOfSecond":6}],"firstSimilarity":0.26229508196721313,"secondSimilarity":0.22535211267605634}