{"firstSubmissionId":"TARIK_SERTVURAN","secondSubmissionId":"MUHAMMED_ENES_CAM","similarities":{"AVG":0.49206349206349204,"MAX":0.5081967213114754,"MAXIMUM_LENGTH":66.0,"LONGEST_MATCH":10.0},"matches":[{"firstFileName":"TARIK_SERTVURAN/LinkedListQuestions.cpp","secondFileName":"MUHAMMED_ENES_CAM/LinkedListQuestions.cpp","startInFirst":{"line":34,"column":0,"tokenListIndex":19},"endInFirst":{"line":45,"column":10,"tokenListIndex":28},"startInSecond":{"line":24,"column":0,"tokenListIndex":12},"endInSecond":{"line":36,"column":10,"tokenListIndex":21},"lengthOfFirst":10,"lengthOfSecond":10},{"firstFileName":"TARIK_SERTVURAN/LinkedListQuestions.cpp","secondFileName":"MUHAMMED_ENES_CAM/LinkedListQuestions.cpp","startInFirst":{"line":6,"column":0,"tokenListIndex":0},"endInFirst":{"line":14,"column":2,"tokenListIndex":7},"startInSecond":{"line":6,"column":0,"tokenListIndex":0},"endInSecond":{"line":11,"column":4,"tokenListIndex":7},"lengthOfFirst":8,"lengthOfSecond":8},{"firstFileName":"TARIK_SERTVURAN/LinkedListQuestions.cpp","secondFileName":"MUHAMMED_ENES_CAM/LinkedListQuestions.cpp","startInFirst":{"line":51,"column":14,"tokenListIndex":34},"endInFirst":{"line":60,"column":2,"tokenListIndex":40},"startInSecond":{"line":38,"column":14,"tokenListIndex":22},"endInSecond":{"line":46,"column":1,"tokenListIndex":28},"lengthOfFirst":7,"lengthOfSecond":7},{"firstFileName":"TARIK_SERTVURAN/LinkedListQuestions.cpp","secondFileName":"MUHAMMED_ENES_CAM/LinkedListQuestions.cpp","startInFirst":{"line":20,"column":2,"tokenListIndex":9},"endInFirst":{"line":27,"column":6,"tokenListIndex":14},"startInSecond":{"line":62,"column":15,"tokenListIndex":39},"endInSecond":{"line":76,"column":11,"tokenListIndex":44},"lengthOfFirst":6,"lengthOfSecond":6}],"firstSimilarity":0.5081967213114754,"secondSimilarity":0.47692307692307695}