{"firstSubmissionId":"TARIK_SERTVURAN","secondSubmissionId":"UMUT_ERTUGRUL_DASGIN","similarities":{"AVG":0.6206896551724138,"MAX":0.7377049180327869,"MAXIMUM_LENGTH":85.0,"LONGEST_MATCH":15.0},"matches":[{"firstFileName":"TARIK_SERTVURAN/LinkedListQuestions.cpp","secondFileName":"UMUT_ERTUGRUL_DASGIN/LinkedListQuestions.cpp","startInFirst":{"line":6,"column":0,"tokenListIndex":0},"endInFirst":{"line":27,"column":6,"tokenListIndex":14},"startInSecond":{"line":6,"column":0,"tokenListIndex":0},"endInSecond":{"line":21,"column":6,"tokenListIndex":14},"lengthOfFirst":15,"lengthOfSecond":15},{"firstFileName":"TARIK_SERTVURAN/LinkedListQuestions.cpp","secondFileName":"UMUT_ERTUGRUL_DASGIN/LinkedListQuestions.cpp","startInFirst":{"line":57,"column":13,"tokenListIndex":38},"endInFirst":{"line":73,"column":38,"tokenListIndex":46},"startInSecond":{"line":41,"column":31,"tokenListIndex":35},"endInSecond":{"line":50,"column":38,"tokenListIndex":43},"lengthOfFirst":9,"lengthOfSecond":9},{"firstFileName":"TARIK_SERTVURAN/LinkedListQuestions.cpp","secondFileName":"UMUT_ERTUGRUL_DASGIN/LinkedListQuestions.cpp","startInFirst":{"line":75,"column":2,"tokenListIndex":47},"endInFirst":{"line":80,"column":2,"tokenListIndex":54},"startInSecond":{"line":53,"column":1,"tokenListIndex":47},"endInSecond":{"line":59,"column":1,"tokenListIndex":54},"lengthOfFirst":8,"lengthOfSecond":8},{"firstFileName":"TARIK_SERTVURAN/LinkedListQuestions.cpp","secondFileName":"UMUT_ERTUGRUL_DASGIN/LinkedListQuestions.cpp","startInFirst":{"line":46,"column":2,"tokenListIndex":29},"endInFirst":{"line":53,"column":2,"tokenListIndex":35},"startInSecond":{"line":35,"column":8,"tokenListIndex":28},"endInSecond":{"line":41,"column":8,"tokenListIndex":34},"lengthOfFirst":7,"lengthOfSecond":7},{"firstFileName":"TARIK_SERTVURAN/LinkedListQuestions.cpp","secondFileName":"UMUT_ERTUGRUL_DASGIN/LinkedListQuestions.cpp","startInFirst":{"line":32,"column":1,"tokenListIndex":18},"endInFirst":{"line":40,"column":9,"tokenListIndex":23},"startInSecond":{"line":22,"column":4,"tokenListIndex":15},"endInSecond":{"line":28,"column":8,"tokenListIndex":20},"lengthOfFirst":6,"lengthOfSecond":6}],"firstSimilarity":0.7377049180327869,"secondSimilarity":0.5357142857142857}