{"firstSubmissionId":"TARIK_SERTVURAN","secondSubmissionId":"PELIN_GORER","similarities":{"AVG":0.27350427350427353,"MAX":0.2857142857142857,"MAXIMUM_LENGTH":63.0,"LONGEST_MATCH":8.0},"matches":[{"firstFileName":"TARIK_SERTVURAN/LinkedListQuestions.cpp","secondFileName":"PELIN_GORER/LinkedListQuestions.cpp","startInFirst":{"line":32,"column":1,"tokenListIndex":18},"endInFirst":{"line":41,"column":9,"tokenListIndex":25},"startInSecond":{"line":14,"column":2,"tokenListIndex":6},"endInSecond":{"line":23,"column":9,"tokenListIndex":13},"lengthOfFirst":8,"lengthOfSecond":8},{"firstFileName":"TARIK_SERTVURAN/LinkedListQuestions.cpp","secondFileName":"PELIN_GORER/LinkedListQuestions.cpp","startInFirst":{"line":58,"column":2,"tokenListIndex":39},"endInFirst":{"line":73,"column":38,"tokenListIndex":46},"startInSecond":{"line":32,"column":1,"tokenListIndex":21},"endInSecond":{"line":40,"column":38,"tokenListIndex":28},"lengthOfFirst":8,"lengthOfSecond":8}],"firstSimilarity":0.26229508196721313,"secondSimilarity":0.2857142857142857}