{"firstSubmissionId":"TARIK_SERTVURAN","secondSubmissionId":"SELEN_YULAF","similarities":{"AVG":0.3611111111111111,"MAX":0.4262295081967213,"MAXIMUM_LENGTH":92.0,"LONGEST_MATCH":8.0},"matches":[{"firstFileName":"TARIK_SERTVURAN/LinkedListQuestions.cpp","secondFileName":"SELEN_YULAF/selen linked list questions.cpp","startInFirst":{"line":6,"column":0,"tokenListIndex":0},"endInFirst":{"line":14,"column":2,"tokenListIndex":7},"startInSecond":{"line":6,"column":0,"tokenListIndex":0},"endInSecond":{"line":9,"column":4,"tokenListIndex":7},"lengthOfFirst":8,"lengthOfSecond":8},{"firstFileName":"TARIK_SERTVURAN/LinkedListQuestions.cpp","secondFileName":"SELEN_YULAF/selen linked list questions.cpp","startInFirst":{"line":20,"column":2,"tokenListIndex":9},"endInFirst":{"line":27,"column":6,"tokenListIndex":14},"startInSecond":{"line":11,"column":4,"tokenListIndex":8},"endInSecond":{"line":19,"column":11,"tokenListIndex":13},"lengthOfFirst":6,"lengthOfSecond":6},{"firstFileName":"TARIK_SERTVURAN/LinkedListQuestions.cpp","secondFileName":"SELEN_YULAF/LinkedListQuestions.cpp","startInFirst":{"line":34,"column":0,"tokenListIndex":19},"endInFirst":{"line":41,"column":1,"tokenListIndex":24},"startInSecond":{"line":14,"column":0,"tokenListIndex":55},"endInSecond":{"line":19,"column":11,"tokenListIndex":60},"lengthOfFirst":6,"lengthOfSecond":6},{"firstFileName":"TARIK_SERTVURAN/LinkedListQuestions.cpp","secondFileName":"SELEN_YULAF/selen linked list questions.cpp","startInFirst":{"line":61,"column":2,"tokenListIndex":41},"endInFirst":{"line":73,"column":38,"tokenListIndex":46},"startInSecond":{"line":29,"column":8,"tokenListIndex":23},"endInSecond":{"line":39,"column":2,"tokenListIndex":28},"lengthOfFirst":6,"lengthOfSecond":6}],"firstSimilarity":0.4262295081967213,"secondSimilarity":0.3132530120481928}