{"firstSubmissionId":"TARIK_SERTVURAN","secondSubmissionId":"HASAN_KHALILOV","similarities":{"AVG":0.24193548387096775,"MAX":0.2459016393442623,"MAXIMUM_LENGTH":64.0,"LONGEST_MATCH":8.0},"matches":[{"firstFileName":"TARIK_SERTVURAN/LinkedListQuestions.cpp","secondFileName":"HASAN_KHALILOV/LinkedListQuestions.cpp","startInFirst":{"line":69,"column":0,"tokenListIndex":43},"endInFirst":{"line":76,"column":6,"tokenListIndex":50},"startInSecond":{"line":59,"column":0,"tokenListIndex":34},"endInSecond":{"line":66,"column":11,"tokenListIndex":41},"lengthOfFirst":8,"lengthOfSecond":8},{"firstFileName":"TARIK_SERTVURAN/LinkedListQuestions.cpp","secondFileName":"HASAN_KHALILOV/LinkedListQuestions.cpp","startInFirst":{"line":34,"column":0,"tokenListIndex":19},"endInFirst":{"line":41,"column":9,"tokenListIndex":25},"startInSecond":{"line":31,"column":0,"tokenListIndex":17},"endInSecond":{"line":38,"column":9,"tokenListIndex":23},"lengthOfFirst":7,"lengthOfSecond":7}],"firstSimilarity":0.2459016393442623,"secondSimilarity":0.23809523809523808}