{"firstSubmissionId":"TARIK_SERTVURAN","secondSubmissionId":"AGAH_DEMIR_GOK","similarities":{"AVG":0.0916030534351145,"MAX":0.09836065573770492,"MAXIMUM_LENGTH":71.0,"LONGEST_MATCH":6.0},"matches":[{"firstFileName":"TARIK_SERTVURAN/LinkedListQuestions.cpp","secondFileName":"AGAH_DEMIR_GOK/LinkedListQuestions.cpp","startInFirst":{"line":6,"column":0,"tokenListIndex":0},"endInFirst":{"line":11,"column":2,"tokenListIndex":5},"startInSecond":{"line":52,"column":0,"tokenListIndex":29},"endInSecond":{"line":53,"column":36,"tokenListIndex":34},"lengthOfFirst":6,"lengthOfSecond":6}],"firstSimilarity":0.09836065573770492,"secondSimilarity":0.08571428571428572}