{"firstSubmissionId":"TARIK_SERTVURAN","secondSubmissionId":"CEM_KAYARDI","similarities":{"AVG":0.3389830508474576,"MAX":0.3508771929824561,"MAXIMUM_LENGTH":64.0,"LONGEST_MATCH":8.0},"matches":[{"firstFileName":"TARIK_SERTVURAN/LinkedListQuestions.cpp","secondFileName":"CEM_KAYARDI/LinkedListQuestions.cpp","startInFirst":{"line":6,"column":0,"tokenListIndex":0},"endInFirst":{"line":14,"column":2,"tokenListIndex":7},"startInSecond":{"line":8,"column":0,"tokenListIndex":0},"endInSecond":{"line":16,"column":4,"tokenListIndex":7},"lengthOfFirst":8,"lengthOfSecond":8},{"firstFileName":"TARIK_SERTVURAN/LinkedListQuestions.cpp","secondFileName":"CEM_KAYARDI/LinkedListQuestions.cpp","startInFirst":{"line":20,"column":2,"tokenListIndex":9},"endInFirst":{"line":27,"column":6,"tokenListIndex":14},"startInSecond":{"line":18,"column":1,"tokenListIndex":8},"endInSecond":{"line":28,"column":9,"tokenListIndex":13},"lengthOfFirst":6,"lengthOfSecond":6},{"firstFileName":"TARIK_SERTVURAN/LinkedListQuestions.cpp","secondFileName":"CEM_KAYARDI/LinkedListQuestions.cpp","startInFirst":{"line":45,"column":2,"tokenListIndex":27},"endInFirst":{"line":47,"column":10,"tokenListIndex":32},"startInSecond":{"line":67,"column":4,"tokenListIndex":45},"endInSecond":{"line":70,"column":11,"tokenListIndex":50},"lengthOfFirst":6,"lengthOfSecond":6}],"firstSimilarity":0.32786885245901637,"secondSimilarity":0.3508771929824561}