{"firstSubmissionId":"UMUT_ERTUGRUL_DASGIN","secondSubmissionId":"SELEN_YULAF","similarities":{"AVG":0.31137724550898205,"MAX":0.3132530120481928,"MAXIMUM_LENGTH":92.0,"LONGEST_MATCH":8.0},"matches":[{"firstFileName":"UMUT_ERTUGRUL_DASGIN/LinkedListQuestions.cpp","secondFileName":"SELEN_YULAF/selen linked list questions.cpp","startInFirst":{"line":6,"column":0,"tokenListIndex":0},"endInFirst":{"line":10,"column":1,"tokenListIndex":7},"startInSecond":{"line":6,"column":0,"tokenListIndex":0},"endInSecond":{"line":9,"column":4,"tokenListIndex":7},"lengthOfFirst":8,"lengthOfSecond":8},{"firstFileName":"UMUT_ERTUGRUL_DASGIN/LinkedListQuestions.cpp","secondFileName":"SELEN_YULAF/selen linked list questions.cpp","startInFirst":{"line":14,"column":1,"tokenListIndex":9},"endInFirst":{"line":21,"column":6,"tokenListIndex":14},"startInSecond":{"line":11,"column":4,"tokenListIndex":8},"endInSecond":{"line":19,"column":11,"tokenListIndex":13},"lengthOfFirst":6,"lengthOfSecond":6},{"firstFileName":"UMUT_ERTUGRUL_DASGIN/LinkedListQuestions.cpp","secondFileName":"SELEN_YULAF/selen linked list questions.cpp","startInFirst":{"line":44,"column":8,"tokenListIndex":38},"endInFirst":{"line":50,"column":38,"tokenListIndex":43},"startInSecond":{"line":29,"column":8,"tokenListIndex":23},"endInSecond":{"line":39,"column":2,"tokenListIndex":28},"lengthOfFirst":6,"lengthOfSecond":6},{"firstFileName":"UMUT_ERTUGRUL_DASGIN/LinkedListQuestions.cpp","secondFileName":"SELEN_YULAF/LinkedListQuestions.cpp","startInFirst":{"line":71,"column":0,"tokenListIndex":63},"endInFirst":{"line":79,"column":11,"tokenListIndex":68},"startInSecond":{"line":14,"column":0,"tokenListIndex":55},"endInSecond":{"line":19,"column":11,"tokenListIndex":60},"lengthOfFirst":6,"lengthOfSecond":6}],"firstSimilarity":0.30952380952380953,"secondSimilarity":0.3132530120481928}