{"firstSubmissionId":"UMUT_ERTUGRUL_DASGIN","secondSubmissionId":"KARDELEN_KARTAL","similarities":{"AVG":0.4392523364485981,"MAX":0.5595238095238095,"MAXIMUM_LENGTH":131.0,"LONGEST_MATCH":18.0},"matches":[{"firstFileName":"UMUT_ERTUGRUL_DASGIN/LinkedListQuestions.cpp","secondFileName":"KARDELEN_KARTAL/LinkedListQuestions.cpp","startInFirst":{"line":43,"column":8,"tokenListIndex":37},"endInFirst":{"line":59,"column":1,"tokenListIndex":54},"startInSecond":{"line":65,"column":3,"tokenListIndex":54},"endInSecond":{"line":86,"column":2,"tokenListIndex":71},"lengthOfFirst":18,"lengthOfSecond":18},{"firstFileName":"UMUT_ERTUGRUL_DASGIN/LinkedListQuestions.cpp","secondFileName":"KARDELEN_KARTAL/LinkedListQuestions.cpp","startInFirst":{"line":61,"column":14,"tokenListIndex":57},"endInFirst":{"line":79,"column":11,"tokenListIndex":67},"startInSecond":{"line":92,"column":9,"tokenListIndex":77},"endInSecond":{"line":123,"column":10,"tokenListIndex":87},"lengthOfFirst":11,"lengthOfSecond":11},{"firstFileName":"UMUT_ERTUGRUL_DASGIN/LinkedListQuestions.cpp","secondFileName":"KARDELEN_KARTAL/LinkedListQuestions.cpp","startInFirst":{"line":6,"column":0,"tokenListIndex":0},"endInFirst":{"line":7,"column":28,"tokenListIndex":5},"startInSecond":{"line":6,"column":0,"tokenListIndex":0},"endInSecond":{"line":8,"column":20,"tokenListIndex":5},"lengthOfFirst":6,"lengthOfSecond":6},{"firstFileName":"UMUT_ERTUGRUL_DASGIN/LinkedListQuestions.cpp","secondFileName":"KARDELEN_KARTAL/LinkedListQuestions.cpp","startInFirst":{"line":22,"column":4,"tokenListIndex":15},"endInFirst":{"line":28,"column":8,"tokenListIndex":20},"startInSecond":{"line":10,"column":13,"tokenListIndex":7},"endInSecond":{"line":18,"column":7,"tokenListIndex":12},"lengthOfFirst":6,"lengthOfSecond":6},{"firstFileName":"UMUT_ERTUGRUL_DASGIN/LinkedListQuestions.cpp","secondFileName":"KARDELEN_KARTAL/LinkedListQuestions.cpp","startInFirst":{"line":80,"column":4,"tokenListIndex":70},"endInFirst":{"line":85,"column":6,"tokenListIndex":75},"startInSecond":{"line":139,"column":3,"tokenListIndex":104},"endInSecond":{"line":146,"column":5,"tokenListIndex":109},"lengthOfFirst":6,"lengthOfSecond":6}],"firstSimilarity":0.5595238095238095,"secondSimilarity":0.36153846153846153}