{"firstSubmissionId":"UMUT_ERTUGRUL_DASGIN","secondSubmissionId":"ATAKAN_NAKTURK","similarities":{"AVG":0.23,"MAX":0.27380952380952384,"MAXIMUM_LENGTH":117.0,"LONGEST_MATCH":10.0},"matches":[{"firstFileName":"UMUT_ERTUGRUL_DASGIN/LinkedListQuestions.cpp","secondFileName":"ATAKAN_NAKTURK/LinkedListQuestions.cpp","startInFirst":{"line":51,"column":49,"tokenListIndex":45},"endInFirst":{"line":59,"column":1,"tokenListIndex":54},"startInSecond":{"line":73,"column":2,"tokenListIndex":58},"endInSecond":{"line":82,"column":4,"tokenListIndex":67},"lengthOfFirst":10,"lengthOfSecond":10},{"firstFileName":"UMUT_ERTUGRUL_DASGIN/LinkedListQuestions.cpp","secondFileName":"ATAKAN_NAKTURK/LinkedListQuestions.cpp","startInFirst":{"line":44,"column":8,"tokenListIndex":38},"endInFirst":{"line":51,"column":1,"tokenListIndex":44},"startInSecond":{"line":101,"column":2,"tokenListIndex":83},"endInSecond":{"line":115,"column":1,"tokenListIndex":89},"lengthOfFirst":7,"lengthOfSecond":7},{"firstFileName":"UMUT_ERTUGRUL_DASGIN/LinkedListQuestions.cpp","secondFileName":"ATAKAN_NAKTURK/LinkedListQuestions.cpp","startInFirst":{"line":21,"column":1,"tokenListIndex":13},"endInFirst":{"line":27,"column":18,"tokenListIndex":18},"startInSecond":{"line":35,"column":1,"tokenListIndex":27},"endInSecond":{"line":41,"column":18,"tokenListIndex":32},"lengthOfFirst":6,"lengthOfSecond":6}],"firstSimilarity":0.27380952380952384,"secondSimilarity":0.19827586206896552}