{"firstSubmissionId":"UMUT_ERTUGRUL_DASGIN","secondSubmissionId":"MERT_ACAR","similarities":{"AVG":0.1787709497206704,"MAX":0.38095238095238093,"MAXIMUM_LENGTH":284.0,"LONGEST_MATCH":11.0},"matches":[{"firstFileName":"UMUT_ERTUGRUL_DASGIN/LinkedListQuestions.cpp","secondFileName":"MERT_ACAR/LinkedList.cpp","startInFirst":{"line":65,"column":4,"tokenListIndex":58},"endInFirst":{"line":79,"column":11,"tokenListIndex":68},"startInSecond":{"line":101,"column":2,"tokenListIndex":77},"endInSecond":{"line":117,"column":2,"tokenListIndex":87},"lengthOfFirst":11,"lengthOfSecond":11},{"firstFileName":"UMUT_ERTUGRUL_DASGIN/LinkedListQuestions.cpp","secondFileName":"MERT_ACAR/LinkedListQuestions.cpp","startInFirst":{"line":6,"column":0,"tokenListIndex":0},"endInFirst":{"line":10,"column":1,"tokenListIndex":7},"startInSecond":{"line":6,"column":0,"tokenListIndex":0},"endInSecond":{"line":13,"column":3,"tokenListIndex":7},"lengthOfFirst":8,"lengthOfSecond":8},{"firstFileName":"UMUT_ERTUGRUL_DASGIN/LinkedListQuestions.cpp","secondFileName":"MERT_ACAR/LinkedList.cpp","startInFirst":{"line":46,"column":0,"tokenListIndex":40},"endInFirst":{"line":51,"column":55,"tokenListIndex":46},"startInSecond":{"line":57,"column":0,"tokenListIndex":51},"endInSecond":{"line":65,"column":2,"tokenListIndex":57},"lengthOfFirst":7,"lengthOfSecond":7},{"firstFileName":"UMUT_ERTUGRUL_DASGIN/LinkedListQuestions.cpp","secondFileName":"MERT_ACAR/LinkedList.cpp","startInFirst":{"line":22,"column":4,"tokenListIndex":15},"endInFirst":{"line":28,"column":8,"tokenListIndex":20},"startInSecond":{"line":156,"column":2,"tokenListIndex":109},"endInSecond":{"line":162,"column":9,"tokenListIndex":114},"lengthOfFirst":6,"lengthOfSecond":6}],"firstSimilarity":0.38095238095238093,"secondSimilarity":0.11678832116788321}