{"firstSubmissionId":"YUSUF_KULLUK","secondSubmissionId":"UMUT_ERTUGRUL_DASGIN","similarities":{"AVG":0.1935483870967742,"MAX":0.2112676056338028,"MAXIMUM_LENGTH":85.0,"LONGEST_MATCH":9.0},"matches":[{"firstFileName":"YUSUF_KULLUK/LinkedListQuestions.cpp","secondFileName":"UMUT_ERTUGRUL_DASGIN/LinkedListQuestions.cpp","startInFirst":{"line":67,"column":0,"tokenListIndex":48},"endInFirst":{"line":76,"column":2,"tokenListIndex":56},"startInSecond":{"line":71,"column":0,"tokenListIndex":63},"endInSecond":{"line":80,"column":11,"tokenListIndex":71},"lengthOfFirst":9,"lengthOfSecond":9},{"firstFileName":"YUSUF_KULLUK/LinkedListQuestions.cpp","secondFileName":"UMUT_ERTUGRUL_DASGIN/LinkedListQuestions.cpp","startInFirst":{"line":23,"column":3,"tokenListIndex":15},"endInFirst":{"line":32,"column":2,"tokenListIndex":20},"startInSecond":{"line":44,"column":8,"tokenListIndex":38},"endInSecond":{"line":50,"column":38,"tokenListIndex":43},"lengthOfFirst":6,"lengthOfSecond":6}],"firstSimilarity":0.2112676056338028,"secondSimilarity":0.17857142857142858}