{"firstSubmissionId":"YUSUF_KULLUK","secondSubmissionId":"EFE_KASAPOGLU","similarities":{"AVG":0.2,"MAX":0.2112676056338028,"MAXIMUM_LENGTH":80.0,"LONGEST_MATCH":9.0},"matches":[{"firstFileName":"YUSUF_KULLUK/LinkedListQuestions.cpp","secondFileName":"EFE_KASAPOGLU/LinkedListQuestions.cpp","startInFirst":{"line":67,"column":0,"tokenListIndex":48},"endInFirst":{"line":76,"column":2,"tokenListIndex":56},"startInSecond":{"line":84,"column":0,"tokenListIndex":58},"endInSecond":{"line":93,"column":11,"tokenListIndex":66},"lengthOfFirst":9,"lengthOfSecond":9},{"firstFileName":"YUSUF_KULLUK/LinkedListQuestions.cpp","secondFileName":"EFE_KASAPOGLU/LinkedListQuestions.cpp","startInFirst":{"line":23,"column":3,"tokenListIndex":15},"endInFirst":{"line":32,"column":2,"tokenListIndex":20},"startInSecond":{"line":48,"column":8,"tokenListIndex":29},"endInSecond":{"line":56,"column":38,"tokenListIndex":34},"lengthOfFirst":6,"lengthOfSecond":6}],"firstSimilarity":0.2112676056338028,"secondSimilarity":0.189873417721519}