{"firstSubmissionId":"YUSUF_KULLUK","secondSubmissionId":"ATAKAN_NAKTURK","similarities":{"AVG":0.24598930481283424,"MAX":0.323943661971831,"MAXIMUM_LENGTH":117.0,"LONGEST_MATCH":10.0},"matches":[{"firstFileName":"YUSUF_KULLUK/LinkedListQuestions.cpp","secondFileName":"ATAKAN_NAKTURK/LinkedListQuestions.cpp","startInFirst":{"line":89,"column":2,"tokenListIndex":67},"endInFirst":{"line":100,"column":0,"tokenListIndex":76},"startInSecond":{"line":135,"column":1,"tokenListIndex":106},"endInSecond":{"line":148,"column":0,"tokenListIndex":115},"lengthOfFirst":10,"lengthOfSecond":10},{"firstFileName":"YUSUF_KULLUK/LinkedListQuestions.cpp","secondFileName":"ATAKAN_NAKTURK/LinkedListQuestions.cpp","startInFirst":{"line":21,"column":2,"tokenListIndex":14},"endInFirst":{"line":32,"column":2,"tokenListIndex":20},"startInSecond":{"line":99,"column":4,"tokenListIndex":82},"endInSecond":{"line":113,"column":59,"tokenListIndex":88},"lengthOfFirst":7,"lengthOfSecond":7},{"firstFileName":"YUSUF_KULLUK/LinkedListQuestions.cpp","secondFileName":"ATAKAN_NAKTURK/LinkedListQuestions.cpp","startInFirst":{"line":49,"column":2,"tokenListIndex":32},"endInFirst":{"line":53,"column":2,"tokenListIndex":37},"startInSecond":{"line":121,"column":1,"tokenListIndex":95},"endInSecond":{"line":126,"column":1,"tokenListIndex":100},"lengthOfFirst":6,"lengthOfSecond":6}],"firstSimilarity":0.323943661971831,"secondSimilarity":0.19827586206896552}