{"firstSubmissionId":"YUSUF_KULLUK","secondSubmissionId":"SELEN_YULAF","similarities":{"AVG":0.36363636363636365,"MAX":0.39436619718309857,"MAXIMUM_LENGTH":92.0,"LONGEST_MATCH":8.0},"matches":[{"firstFileName":"YUSUF_KULLUK/LinkedListQuestions.cpp","secondFileName":"SELEN_YULAF/selen linked list questions.cpp","startInFirst":{"line":21,"column":2,"tokenListIndex":14},"endInFirst":{"line":32,"column":9,"tokenListIndex":21},"startInSecond":{"line":27,"column":4,"tokenListIndex":22},"endInSecond":{"line":39,"column":9,"tokenListIndex":29},"lengthOfFirst":8,"lengthOfSecond":8},{"firstFileName":"YUSUF_KULLUK/LinkedListQuestions.cpp","secondFileName":"SELEN_YULAF/selen linked list questions.cpp","startInFirst":{"line":14,"column":2,"tokenListIndex":6},"endInFirst":{"line":19,"column":2,"tokenListIndex":12},"startInSecond":{"line":18,"column":4,"tokenListIndex":12},"endInSecond":{"line":24,"column":4,"tokenListIndex":18},"lengthOfFirst":7,"lengthOfSecond":7},{"firstFileName":"YUSUF_KULLUK/LinkedListQuestions.cpp","secondFileName":"SELEN_YULAF/LinkedListQuestions.cpp","startInFirst":{"line":36,"column":2,"tokenListIndex":25},"endInFirst":{"line":46,"column":38,"tokenListIndex":31},"startInSecond":{"line":27,"column":4,"tokenListIndex":68},"endInSecond":{"line":39,"column":2,"tokenListIndex":74},"lengthOfFirst":7,"lengthOfSecond":7},{"firstFileName":"YUSUF_KULLUK/LinkedListQuestions.cpp","secondFileName":"SELEN_YULAF/LinkedListQuestions.cpp","startInFirst":{"line":67,"column":0,"tokenListIndex":48},"endInFirst":{"line":76,"column":2,"tokenListIndex":53},"startInSecond":{"line":14,"column":0,"tokenListIndex":55},"endInSecond":{"line":19,"column":11,"tokenListIndex":60},"lengthOfFirst":6,"lengthOfSecond":6}],"firstSimilarity":0.39436619718309857,"secondSimilarity":0.3373493975903614}