{"firstSubmissionId":"YUSUF_KULLUK","secondSubmissionId":"MERT_ACAR","similarities":{"AVG":0.11014492753623188,"MAX":0.2676056338028169,"MAXIMUM_LENGTH":284.0,"LONGEST_MATCH":7.0},"matches":[{"firstFileName":"YUSUF_KULLUK/LinkedListQuestions.cpp","secondFileName":"MERT_ACAR/LinkedList.cpp","startInFirst":{"line":35,"column":2,"tokenListIndex":23},"endInFirst":{"line":46,"column":0,"tokenListIndex":29},"startInSecond":{"line":36,"column":2,"tokenListIndex":41},"endInSecond":{"line":48,"column":0,"tokenListIndex":47},"lengthOfFirst":7,"lengthOfSecond":7},{"firstFileName":"YUSUF_KULLUK/LinkedListQuestions.cpp","secondFileName":"MERT_ACAR/LinkedList.cpp","startInFirst":{"line":20,"column":2,"tokenListIndex":13},"endInFirst":{"line":30,"column":0,"tokenListIndex":18},"startInSecond":{"line":140,"column":9,"tokenListIndex":103},"endInSecond":{"line":155,"column":0,"tokenListIndex":108},"lengthOfFirst":6,"lengthOfSecond":6},{"firstFileName":"YUSUF_KULLUK/LinkedListQuestions.cpp","secondFileName":"MERT_ACAR/LinkedList.cpp","startInFirst":{"line":67,"column":0,"tokenListIndex":48},"endInFirst":{"line":76,"column":2,"tokenListIndex":53},"startInSecond":{"line":110,"column":0,"tokenListIndex":82},"endInSecond":{"line":117,"column":2,"tokenListIndex":87},"lengthOfFirst":6,"lengthOfSecond":6}],"firstSimilarity":0.2676056338028169,"secondSimilarity":0.06934306569343066}