{"firstSubmissionId":"YUSUF_KULLUK","secondSubmissionId":"KARDELEN_KARTAL","similarities":{"AVG":0.12935323383084577,"MAX":0.18309859154929578,"MAXIMUM_LENGTH":131.0,"LONGEST_MATCH":7.0},"matches":[{"firstFileName":"YUSUF_KULLUK/LinkedListQuestions.cpp","secondFileName":"KARDELEN_KARTAL/LinkedListQuestions.cpp","startInFirst":{"line":61,"column":1,"tokenListIndex":45},"endInFirst":{"line":74,"column":2,"tokenListIndex":51},"startInSecond":{"line":65,"column":3,"tokenListIndex":54},"endInSecond":{"line":74,"column":38,"tokenListIndex":60},"lengthOfFirst":7,"lengthOfSecond":7},{"firstFileName":"YUSUF_KULLUK/LinkedListQuestions.cpp","secondFileName":"KARDELEN_KARTAL/LinkedListQuestions.cpp","startInFirst":{"line":72,"column":31,"tokenListIndex":52},"endInFirst":{"line":78,"column":2,"tokenListIndex":57},"startInSecond":{"line":111,"column":31,"tokenListIndex":94},"endInSecond":{"line":125,"column":3,"tokenListIndex":99},"lengthOfFirst":6,"lengthOfSecond":6}],"firstSimilarity":0.18309859154929578,"secondSimilarity":0.1}