{"firstSubmissionId":"ZEYNEP_ECE_BIKEZ","secondSubmissionId":"KARDELEN_KARTAL","similarities":{"AVG":0.24043715846994534,"MAX":0.41509433962264153,"MAXIMUM_LENGTH":131.0,"LONGEST_MATCH":13.0},"matches":[{"firstFileName":"ZEYNEP_ECE_BIKEZ/LinkedListQuestions.cpp","secondFileName":"KARDELEN_KARTAL/LinkedListQuestions.cpp","startInFirst":{"line":37,"column":21,"tokenListIndex":27},"endInFirst":{"line":50,"column":10,"tokenListIndex":39},"startInSecond":{"line":65,"column":3,"tokenListIndex":54},"endInSecond":{"line":79,"column":2,"tokenListIndex":66},"lengthOfFirst":13,"lengthOfSecond":13},{"firstFileName":"ZEYNEP_ECE_BIKEZ/LinkedListQuestions.cpp","secondFileName":"KARDELEN_KARTAL/LinkedListQuestions.cpp","startInFirst":{"line":57,"column":3,"tokenListIndex":46},"endInFirst":{"line":65,"column":5,"tokenListIndex":54},"startInSecond":{"line":42,"column":2,"tokenListIndex":34},"endInSecond":{"line":47,"column":19,"tokenListIndex":42},"lengthOfFirst":9,"lengthOfSecond":9}],"firstSimilarity":0.41509433962264153,"secondSimilarity":0.16923076923076924}