{"firstSubmissionId":"ZEYNEP_ECE_BIKEZ","secondSubmissionId":"MUHAMMED_ENES_CAM","similarities":{"AVG":0.13559322033898305,"MAX":0.1509433962264151,"MAXIMUM_LENGTH":66.0,"LONGEST_MATCH":8.0},"matches":[{"firstFileName":"ZEYNEP_ECE_BIKEZ/LinkedListQuestions.cpp","secondFileName":"MUHAMMED_ENES_CAM/LinkedListQuestions.cpp","startInFirst":{"line":40,"column":3,"tokenListIndex":29},"endInFirst":{"line":48,"column":3,"tokenListIndex":36},"startInSecond":{"line":52,"column":2,"tokenListIndex":32},"endInSecond":{"line":62,"column":15,"tokenListIndex":39},"lengthOfFirst":8,"lengthOfSecond":8}],"firstSimilarity":0.1509433962264151,"secondSimilarity":0.12307692307692308}