{"firstSubmissionId":"ZEYNEP_ECE_BIKEZ","secondSubmissionId":"PELIN_GORER","similarities":{"AVG":0.1834862385321101,"MAX":0.18867924528301888,"MAXIMUM_LENGTH":63.0,"LONGEST_MATCH":10.0},"matches":[{"firstFileName":"ZEYNEP_ECE_BIKEZ/LinkedListQuestions.cpp","secondFileName":"PELIN_GORER/LinkedListQuestions.cpp","startInFirst":{"line":37,"column":21,"tokenListIndex":27},"endInFirst":{"line":48,"column":3,"tokenListIndex":36},"startInSecond":{"line":33,"column":3,"tokenListIndex":22},"endInSecond":{"line":44,"column":2,"tokenListIndex":31},"lengthOfFirst":10,"lengthOfSecond":10}],"firstSimilarity":0.18867924528301888,"secondSimilarity":0.17857142857142858}