{"firstSubmissionId":"ZEYNEP_ECE_BIKEZ","secondSubmissionId":"HASAN_KHALILOV","similarities":{"AVG":0.10344827586206896,"MAX":0.11320754716981132,"MAXIMUM_LENGTH":64.0,"LONGEST_MATCH":6.0},"matches":[{"firstFileName":"ZEYNEP_ECE_BIKEZ/LinkedListQuestions.cpp","secondFileName":"HASAN_KHALILOV/LinkedListQuestions.cpp","startInFirst":{"line":56,"column":3,"tokenListIndex":45},"endInFirst":{"line":60,"column":7,"tokenListIndex":50},"startInSecond":{"line":71,"column":6,"tokenListIndex":46},"endInSecond":{"line":78,"column":11,"tokenListIndex":51},"lengthOfFirst":6,"lengthOfSecond":6}],"firstSimilarity":0.11320754716981132,"secondSimilarity":0.09523809523809523}