{"firstSubmissionId":"ZEYNEP_ECE_BIKEZ","secondSubmissionId":"ATAKAN_NAKTURK","similarities":{"AVG":0.2603550295857988,"MAX":0.41509433962264153,"MAXIMUM_LENGTH":117.0,"LONGEST_MATCH":8.0},"matches":[{"firstFileName":"ZEYNEP_ECE_BIKEZ/LinkedListQuestions.cpp","secondFileName":"ATAKAN_NAKTURK/LinkedListQuestions.cpp","startInFirst":{"line":58,"column":4,"tokenListIndex":47},"endInFirst":{"line":65,"column":5,"tokenListIndex":54},"startInSecond":{"line":44,"column":2,"tokenListIndex":36},"endInSecond":{"line":59,"column":8,"tokenListIndex":43},"lengthOfFirst":8,"lengthOfSecond":8},{"firstFileName":"ZEYNEP_ECE_BIKEZ/LinkedListQuestions.cpp","secondFileName":"ATAKAN_NAKTURK/LinkedListQuestions.cpp","startInFirst":{"line":15,"column":4,"tokenListIndex":10},"endInFirst":{"line":22,"column":22,"tokenListIndex":16},"startInSecond":{"line":135,"column":1,"tokenListIndex":106},"endInSecond":{"line":144,"column":5,"tokenListIndex":112},"lengthOfFirst":7,"lengthOfSecond":7},{"firstFileName":"ZEYNEP_ECE_BIKEZ/LinkedListQuestions.cpp","secondFileName":"ATAKAN_NAKTURK/LinkedListQuestions.cpp","startInFirst":{"line":39,"column":7,"tokenListIndex":28},"endInFirst":{"line":46,"column":2,"tokenListIndex":34},"startInSecond":{"line":101,"column":2,"tokenListIndex":83},"endInSecond":{"line":115,"column":1,"tokenListIndex":89},"lengthOfFirst":7,"lengthOfSecond":7}],"firstSimilarity":0.41509433962264153,"secondSimilarity":0.1896551724137931}