{"firstSubmissionId":"ZEYNEP_ECE_BIKEZ","secondSubmissionId":"MERT_ACAR","similarities":{"AVG":0.12844036697247707,"MAX":0.39622641509433965,"MAXIMUM_LENGTH":284.0,"LONGEST_MATCH":7.0},"matches":[{"firstFileName":"ZEYNEP_ECE_BIKEZ/LinkedListQuestions.cpp","secondFileName":"MERT_ACAR/LinkedList.cpp","startInFirst":{"line":13,"column":3,"tokenListIndex":7},"endInFirst":{"line":18,"column":4,"tokenListIndex":13},"startInSecond":{"line":161,"column":26,"tokenListIndex":112},"endInSecond":{"line":166,"column":2,"tokenListIndex":118},"lengthOfFirst":7,"lengthOfSecond":7},{"firstFileName":"ZEYNEP_ECE_BIKEZ/LinkedListQuestions.cpp","secondFileName":"MERT_ACAR/LinkedList.cpp","startInFirst":{"line":41,"column":0,"tokenListIndex":30},"endInFirst":{"line":48,"column":3,"tokenListIndex":36},"startInSecond":{"line":57,"column":0,"tokenListIndex":51},"endInSecond":{"line":65,"column":2,"tokenListIndex":57},"lengthOfFirst":7,"lengthOfSecond":7},{"firstFileName":"ZEYNEP_ECE_BIKEZ/LinkedListQuestions.cpp","secondFileName":"MERT_ACAR/LinkedList.cpp","startInFirst":{"line":62,"column":3,"tokenListIndex":51},"endInFirst":{"line":76,"column":2,"tokenListIndex":57},"startInSecond":{"line":36,"column":2,"tokenListIndex":41},"endInSecond":{"line":48,"column":0,"tokenListIndex":47},"lengthOfFirst":7,"lengthOfSecond":7}],"firstSimilarity":0.39622641509433965,"secondSimilarity":0.07664233576642336}