{"firstSubmissionId":"ZEYNEP_ECE_BIKEZ","secondSubmissionId":"UMUT_ERTUGRUL_DASGIN","similarities":{"AVG":0.2773722627737226,"MAX":0.3584905660377358,"MAXIMUM_LENGTH":85.0,"LONGEST_MATCH":13.0},"matches":[{"firstFileName":"ZEYNEP_ECE_BIKEZ/LinkedListQuestions.cpp","secondFileName":"UMUT_ERTUGRUL_DASGIN/LinkedListQuestions.cpp","startInFirst":{"line":37,"column":21,"tokenListIndex":27},"endInFirst":{"line":50,"column":10,"tokenListIndex":39},"startInSecond":{"line":43,"column":8,"tokenListIndex":37},"endInSecond":{"line":54,"column":1,"tokenListIndex":49},"lengthOfFirst":13,"lengthOfSecond":13},{"firstFileName":"ZEYNEP_ECE_BIKEZ/LinkedListQuestions.cpp","secondFileName":"UMUT_ERTUGRUL_DASGIN/LinkedListQuestions.cpp","startInFirst":{"line":56,"column":3,"tokenListIndex":45},"endInFirst":{"line":60,"column":7,"tokenListIndex":50},"startInSecond":{"line":28,"column":8,"tokenListIndex":20},"endInSecond":{"line":32,"column":11,"tokenListIndex":25},"lengthOfFirst":6,"lengthOfSecond":6}],"firstSimilarity":0.3584905660377358,"secondSimilarity":0.2261904761904762}