{"firstSubmissionId":"ZEYNEP_ECE_BIKEZ","secondSubmissionId":"AGAH_DEMIR_GOK","similarities":{"AVG":0.2601626016260163,"MAX":0.3018867924528302,"MAXIMUM_LENGTH":71.0,"LONGEST_MATCH":10.0},"matches":[{"firstFileName":"ZEYNEP_ECE_BIKEZ/LinkedListQuestions.cpp","secondFileName":"AGAH_DEMIR_GOK/LinkedListQuestions.cpp","startInFirst":{"line":40,"column":3,"tokenListIndex":29},"endInFirst":{"line":50,"column":10,"tokenListIndex":38},"startInSecond":{"line":48,"column":4,"tokenListIndex":27},"endInSecond":{"line":55,"column":11,"tokenListIndex":36},"lengthOfFirst":10,"lengthOfSecond":10},{"firstFileName":"ZEYNEP_ECE_BIKEZ/LinkedListQuestions.cpp","secondFileName":"AGAH_DEMIR_GOK/LinkedListQuestions.cpp","startInFirst":{"line":56,"column":3,"tokenListIndex":45},"endInFirst":{"line":60,"column":7,"tokenListIndex":50},"startInSecond":{"line":60,"column":6,"tokenListIndex":40},"endInSecond":{"line":63,"column":11,"tokenListIndex":45},"lengthOfFirst":6,"lengthOfSecond":6}],"firstSimilarity":0.3018867924528302,"secondSimilarity":0.22857142857142856}