{"firstSubmissionId":"ZEYNEP_ECE_BIKEZ","secondSubmissionId":"CEM_KAYARDI","similarities":{"AVG":0.10909090909090909,"MAX":0.11320754716981132,"MAXIMUM_LENGTH":64.0,"LONGEST_MATCH":6.0},"matches":[{"firstFileName":"ZEYNEP_ECE_BIKEZ/LinkedListQuestions.cpp","secondFileName":"CEM_KAYARDI/LinkedListQuestions.cpp","startInFirst":{"line":45,"column":0,"tokenListIndex":31},"endInFirst":{"line":48,"column":3,"tokenListIndex":36},"startInSecond":{"line":8,"column":0,"tokenListIndex":0},"endInSecond":{"line":13,"column":1,"tokenListIndex":5},"lengthOfFirst":6,"lengthOfSecond":6}],"firstSimilarity":0.11320754716981132,"secondSimilarity":0.10526315789473684}