{"firstSubmissionId":"ZEYNEP_ECE_BIKEZ","secondSubmissionId":"SELEN_YULAF","similarities":{"AVG":0.19117647058823528,"MAX":0.24528301886792453,"MAXIMUM_LENGTH":92.0,"LONGEST_MATCH":7.0},"matches":[{"firstFileName":"ZEYNEP_ECE_BIKEZ/LinkedListQuestions.cpp","secondFileName":"SELEN_YULAF/selen linked list questions.cpp","startInFirst":{"line":25,"column":4,"tokenListIndex":20},"endInFirst":{"line":35,"column":3,"tokenListIndex":26},"startInSecond":{"line":30,"column":4,"tokenListIndex":24},"endInSecond":{"line":40,"column":3,"tokenListIndex":30},"lengthOfFirst":7,"lengthOfSecond":7},{"firstFileName":"ZEYNEP_ECE_BIKEZ/LinkedListQuestions.cpp","secondFileName":"SELEN_YULAF/LinkedListQuestions.cpp","startInFirst":{"line":39,"column":7,"tokenListIndex":28},"endInFirst":{"line":45,"column":38,"tokenListIndex":33},"startInSecond":{"line":29,"column":8,"tokenListIndex":69},"endInSecond":{"line":39,"column":2,"tokenListIndex":74},"lengthOfFirst":6,"lengthOfSecond":6}],"firstSimilarity":0.24528301886792453,"secondSimilarity":0.1566265060240964}