{"firstSubmissionId":"ZEYNEP_ECE_BIKEZ","secondSubmissionId":"EFE_KASAPOGLU","similarities":{"AVG":0.3181818181818182,"MAX":0.39622641509433965,"MAXIMUM_LENGTH":80.0,"LONGEST_MATCH":13.0},"matches":[{"firstFileName":"ZEYNEP_ECE_BIKEZ/LinkedListQuestions.cpp","secondFileName":"EFE_KASAPOGLU/LinkedListQuestions.cpp","startInFirst":{"line":37,"column":21,"tokenListIndex":27},"endInFirst":{"line":50,"column":10,"tokenListIndex":39},"startInSecond":{"line":47,"column":8,"tokenListIndex":28},"endInSecond":{"line":62,"column":4,"tokenListIndex":40},"lengthOfFirst":13,"lengthOfSecond":13},{"firstFileName":"ZEYNEP_ECE_BIKEZ/LinkedListQuestions.cpp","secondFileName":"EFE_KASAPOGLU/LinkedListQuestions.cpp","startInFirst":{"line":57,"column":3,"tokenListIndex":46},"endInFirst":{"line":63,"column":3,"tokenListIndex":53},"startInSecond":{"line":27,"column":3,"tokenListIndex":15},"endInSecond":{"line":35,"column":4,"tokenListIndex":22},"lengthOfFirst":8,"lengthOfSecond":8}],"firstSimilarity":0.39622641509433965,"secondSimilarity":0.26582278481012656}