{"firstSubmissionId":"ZEYNEP_ECE_BIKEZ","secondSubmissionId":"TARIK_SERTVURAN","similarities":{"AVG":0.22807017543859648,"MAX":0.24528301886792453,"MAXIMUM_LENGTH":62.0,"LONGEST_MATCH":7.0},"matches":[{"firstFileName":"ZEYNEP_ECE_BIKEZ/LinkedListQuestions.cpp","secondFileName":"TARIK_SERTVURAN/LinkedListQuestions.cpp","startInFirst":{"line":37,"column":21,"tokenListIndex":27},"endInFirst":{"line":45,"column":38,"tokenListIndex":33},"startInSecond":{"line":60,"column":2,"tokenListIndex":40},"endInSecond":{"line":73,"column":38,"tokenListIndex":46},"lengthOfFirst":7,"lengthOfSecond":7},{"firstFileName":"ZEYNEP_ECE_BIKEZ/LinkedListQuestions.cpp","secondFileName":"TARIK_SERTVURAN/LinkedListQuestions.cpp","startInFirst":{"line":60,"column":3,"tokenListIndex":49},"endInFirst":{"line":65,"column":5,"tokenListIndex":54},"startInSecond":{"line":75,"column":2,"tokenListIndex":47},"endInSecond":{"line":78,"column":3,"tokenListIndex":52},"lengthOfFirst":6,"lengthOfSecond":6}],"firstSimilarity":0.24528301886792453,"secondSimilarity":0.21311475409836064}