{"firstSubmissionId":"ZEYNEP_ECE_BIKEZ","secondSubmissionId":"YUSUF_KULLUK","similarities":{"AVG":0.45161290322580644,"MAX":0.5283018867924528,"MAXIMUM_LENGTH":78.0,"LONGEST_MATCH":8.0},"matches":[{"firstFileName":"ZEYNEP_ECE_BIKEZ/LinkedListQuestions.cpp","secondFileName":"YUSUF_KULLUK/LinkedListQuestions.cpp","startInFirst":{"line":60,"column":7,"tokenListIndex":50},"endInFirst":{"line":76,"column":2,"tokenListIndex":57},"startInSecond":{"line":33,"column":12,"tokenListIndex":22},"endInSecond":{"line":46,"column":0,"tokenListIndex":29},"lengthOfFirst":8,"lengthOfSecond":8},{"firstFileName":"ZEYNEP_ECE_BIKEZ/LinkedListQuestions.cpp","secondFileName":"YUSUF_KULLUK/LinkedListQuestions.cpp","startInFirst":{"line":15,"column":4,"tokenListIndex":10},"endInFirst":{"line":22,"column":22,"tokenListIndex":16},"startInSecond":{"line":89,"column":2,"tokenListIndex":67},"endInSecond":{"line":96,"column":3,"tokenListIndex":73},"lengthOfFirst":7,"lengthOfSecond":7},{"firstFileName":"ZEYNEP_ECE_BIKEZ/LinkedListQuestions.cpp","secondFileName":"YUSUF_KULLUK/LinkedListQuestions.cpp","startInFirst":{"line":37,"column":21,"tokenListIndex":27},"endInFirst":{"line":45,"column":38,"tokenListIndex":33},"startInSecond":{"line":61,"column":1,"tokenListIndex":45},"endInSecond":{"line":74,"column":2,"tokenListIndex":51},"lengthOfFirst":7,"lengthOfSecond":7},{"firstFileName":"ZEYNEP_ECE_BIKEZ/LinkedListQuestions.cpp","secondFileName":"YUSUF_KULLUK/LinkedListQuestions.cpp","startInFirst":{"line":25,"column":4,"tokenListIndex":20},"endInFirst":{"line":34,"column":9,"tokenListIndex":25},"startInSecond":{"line":24,"column":2,"tokenListIndex":16},"endInSecond":{"line":32,"column":9,"tokenListIndex":21},"lengthOfFirst":6,"lengthOfSecond":6}],"firstSimilarity":0.5283018867924528,"secondSimilarity":0.39436619718309857}