{"submissionIds":{"HASAN_KHALILOV":"HASAN_KHALILOV","MUHAMMED_ENES_CAM":"MUHAMMED_ENES_CAM","EYLUL_SUICMEZ":"EYLUL_SUICMEZ","GPT":"GPT","KAMI_AVCI":"KAMI_AVCI","MERT_ACAR":"MERT_ACAR","PELIN_GORER":"PELIN_GORER","ATAKAN_NAKTURK":"ATAKAN_NAKTURK","KARDELEN_KARTAL":"KARDELEN_KARTAL","ZEYNEP_ECE_BIKEZ":"ZEYNEP_ECE_BIKEZ","UMUT_ERTUGRUL_DASGIN":"UMUT_ERTUGRUL_DASGIN","SAFA_GOKALP_UGUR":"SAFA_GOKALP_UGUR","ALISA_IDA_DELEON":"ALISA_IDA_DELEON","AGAH_DEMIR_GOK":"AGAH_DEMIR_GOK","MEHMET_OGUZHAN_MEMIS":"MEHMET_OGUZHAN_MEMIS","BAHAR_CETIN_ASLAN":"BAHAR_CETIN_ASLAN","ALI_OZUER":"ALI_OZUER","ELIF_KAYAR":"ELIF_KAYAR","KENAN_OZCAKIR":"KENAN_OZCAKIR","CLAUDE":"CLAUDE","CAGATAY_YUREKLI":"CAGATAY_YUREKLI","YUSUF_KULLUK":"YUSUF_KULLUK","TARIK_SERTVURAN":"TARIK_SERTVURAN"},"submissionIdsToComparisonFileName":{"HASAN_KHALILOV":{"MUHAMMED_ENES_CAM":"HASAN_KHALILOV-MUHAMMED_ENES_CAM.json","EYLUL_SUICMEZ":"HASAN_KHALILOV-EYLUL_SUICMEZ.json","GPT":"HASAN_KHALILOV-GPT.json","KAMI_AVCI":"HASAN_KHALILOV-KAMI_AVCI.json","MERT_ACAR":"HASAN_KHALILOV-MERT_ACAR.json","PELIN_GORER":"HASAN_KHALILOV-PELIN_GORER.json","KARDELEN_KARTAL":"HASAN_KHALILOV-KARDELEN_KARTAL.json","ATAKAN_NAKTURK":"HASAN_KHALILOV-ATAKAN_NAKTURK.json","ZEYNEP_ECE_BIKEZ":"HASAN_KHALILOV-ZEYNEP_ECE_BIKEZ.json","UMUT_ERTUGRUL_DASGIN":"HASAN_KHALILOV-UMUT_ERTUGRUL_DASGIN.json","SAFA_GOKALP_UGUR":"HASAN_KHALILOV-SAFA_GOKALP_UGUR.json","ALISA_IDA_DELEON":"HASAN_KHALILOV-ALISA_IDA_DELEON.json","AGAH_DEMIR_GOK":"HASAN_KHALILOV-AGAH_DEMIR_GOK.json","MEHMET_OGUZHAN_MEMIS":"HASAN_KHALILOV-MEHMET_OGUZHAN_MEMIS.json","ALI_OZUER":"HASAN_KHALILOV-ALI_OZUER.json","BAHAR_CETIN_ASLAN":"HASAN_KHALILOV-BAHAR_CETIN_ASLAN.json","ELIF_KAYAR":"HASAN_KHALILOV-ELIF_KAYAR.json","KENAN_OZCAKIR":"HASAN_KHALILOV-KENAN_OZCAKIR.json","CLAUDE":"HASAN_KHALILOV-CLAUDE.json","CAGATAY_YUREKLI":"HASAN_KHALILOV-CAGATAY_YUREKLI.json","YUSUF_KULLUK":"HASAN_KHALILOV-YUSUF_KULLUK.json","TARIK_SERTVURAN":"HASAN_KHALILOV-TARIK_SERTVURAN.json"},"MUHAMMED_ENES_CAM":{"HASAN_KHALILOV":"HASAN_KHALILOV-MUHAMMED_ENES_CAM.json","EYLUL_SUICMEZ":"MUHAMMED_ENES_CAM-EYLUL_SUICMEZ.json","GPT":"MUHAMMED_ENES_CAM-GPT.json","KAMI_AVCI":"KAMI_AVCI-MUHAMMED_ENES_CAM.json","MERT_ACAR":"MUHAMMED_ENES_CAM-MERT_ACAR.json","PELIN_GORER":"MUHAMMED_ENES_CAM-PELIN_GORER.json","ATAKAN_NAKTURK":"MUHAMMED_ENES_CAM-ATAKAN_NAKTURK.json","KARDELEN_KARTAL":"KARDELEN_KARTAL-MUHAMMED_ENES_CAM.json","SAFA_GOKALP_UGUR":"MUHAMMED_ENES_CAM-SAFA_GOKALP_UGUR.json","UMUT_ERTUGRUL_DASGIN":"MUHAMMED_ENES_CAM-UMUT_ERTUGRUL_DASGIN.json","ZEYNEP_ECE_BIKEZ":"MUHAMMED_ENES_CAM-ZEYNEP_ECE_BIKEZ.json","ALISA_IDA_DELEON":"MUHAMMED_ENES_CAM-ALISA_IDA_DELEON.json","AGAH_DEMIR_GOK":"MUHAMMED_ENES_CAM-AGAH_DEMIR_GOK.json","MEHMET_OGUZHAN_MEMIS":"MEHMET_OGUZHAN_MEMIS-MUHAMMED_ENES_CAM.json","ALI_OZUER":"MUHAMMED_ENES_CAM-ALI_OZUER.json","BAHAR_CETIN_ASLAN":"BAHAR_CETIN_ASLAN-MUHAMMED_ENES_CAM.json","ELIF_KAYAR":"MUHAMMED_ENES_CAM-ELIF_KAYAR.json","KENAN_OZCAKIR":"MUHAMMED_ENES_CAM-KENAN_OZCAKIR.json","CLAUDE":"MUHAMMED_ENES_CAM-CLAUDE.json","CAGATAY_YUREKLI":"MUHAMMED_ENES_CAM-CAGATAY_YUREKLI.json","YUSUF_KULLUK":"MUHAMMED_ENES_CAM-YUSUF_KULLUK.json","TARIK_SERTVURAN":"MUHAMMED_ENES_CAM-TARIK_SERTVURAN.json"},"EYLUL_SUICMEZ":{"HASAN_KHALILOV":"HASAN_KHALILOV-EYLUL_SUICMEZ.json","MUHAMMED_ENES_CAM":"MUHAMMED_ENES_CAM-EYLUL_SUICMEZ.json","GPT":"GPT-EYLUL_SUICMEZ.json","KAMI_AVCI":"KAMI_AVCI-EYLUL_SUICMEZ.json","MERT_ACAR":"MERT_ACAR-EYLUL_SUICMEZ.json","PELIN_GORER":"PELIN_GORER-EYLUL_SUICMEZ.json","ATAKAN_NAKTURK":"EYLUL_SUICMEZ-ATAKAN_NAKTURK.json","KARDELEN_KARTAL":"KARDELEN_KARTAL-EYLUL_SUICMEZ.json","SAFA_GOKALP_UGUR":"EYLUL_SUICMEZ-SAFA_GOKALP_UGUR.json","UMUT_ERTUGRUL_DASGIN":"EYLUL_SUICMEZ-UMUT_ERTUGRUL_DASGIN.json","ZEYNEP_ECE_BIKEZ":"EYLUL_SUICMEZ-ZEYNEP_ECE_BIKEZ.json","ALISA_IDA_DELEON":"ALISA_IDA_DELEON-EYLUL_SUICMEZ.json","AGAH_DEMIR_GOK":"EYLUL_SUICMEZ-AGAH_DEMIR_GOK.json","MEHMET_OGUZHAN_MEMIS":"MEHMET_OGUZHAN_MEMIS-EYLUL_SUICMEZ.json","ALI_OZUER":"EYLUL_SUICMEZ-ALI_OZUER.json","BAHAR_CETIN_ASLAN":"BAHAR_CETIN_ASLAN-EYLUL_SUICMEZ.json","ELIF_KAYAR":"ELIF_KAYAR-EYLUL_SUICMEZ.json","KENAN_OZCAKIR":"KENAN_OZCAKIR-EYLUL_SUICMEZ.json","CLAUDE":"EYLUL_SUICMEZ-CLAUDE.json","CAGATAY_YUREKLI":"EYLUL_SUICMEZ-CAGATAY_YUREKLI.json","YUSUF_KULLUK":"EYLUL_SUICMEZ-YUSUF_KULLUK.json","TARIK_SERTVURAN":"TARIK_SERTVURAN-EYLUL_SUICMEZ.json"},"GPT":{"HASAN_KHALILOV":"HASAN_KHALILOV-GPT.json","MUHAMMED_ENES_CAM":"MUHAMMED_ENES_CAM-GPT.json","EYLUL_SUICMEZ":"GPT-EYLUL_SUICMEZ.json","KAMI_AVCI":"KAMI_AVCI-GPT.json","MERT_ACAR":"GPT-MERT_ACAR.json","PELIN_GORER":"GPT-PELIN_GORER.json","KARDELEN_KARTAL":"KARDELEN_KARTAL-GPT.json","ATAKAN_NAKTURK":"GPT-ATAKAN_NAKTURK.json","SAFA_GOKALP_UGUR":"GPT-SAFA_GOKALP_UGUR.json","UMUT_ERTUGRUL_DASGIN":"GPT-UMUT_ERTUGRUL_DASGIN.json","ZEYNEP_ECE_BIKEZ":"GPT-ZEYNEP_ECE_BIKEZ.json","ALISA_IDA_DELEON":"ALISA_IDA_DELEON-GPT.json","AGAH_DEMIR_GOK":"GPT-AGAH_DEMIR_GOK.json","MEHMET_OGUZHAN_MEMIS":"MEHMET_OGUZHAN_MEMIS-GPT.json","ALI_OZUER":"GPT-ALI_OZUER.json","BAHAR_CETIN_ASLAN":"BAHAR_CETIN_ASLAN-GPT.json","ELIF_KAYAR":"GPT-ELIF_KAYAR.json","CLAUDE":"GPT-CLAUDE.json","KENAN_OZCAKIR":"GPT-KENAN_OZCAKIR.json","CAGATAY_YUREKLI":"GPT-CAGATAY_YUREKLI.json","YUSUF_KULLUK":"GPT-YUSUF_KULLUK.json","TARIK_SERTVURAN":"GPT-TARIK_SERTVURAN.json"},"KAMI_AVCI":{"HASAN_KHALILOV":"HASAN_KHALILOV-KAMI_AVCI.json","MUHAMMED_ENES_CAM":"KAMI_AVCI-MUHAMMED_ENES_CAM.json","EYLUL_SUICMEZ":"KAMI_AVCI-EYLUL_SUICMEZ.json","GPT":"KAMI_AVCI-GPT.json","MERT_ACAR":"KAMI_AVCI-MERT_ACAR.json","PELIN_GORER":"KAMI_AVCI-PELIN_GORER.json","KARDELEN_KARTAL":"KAMI_AVCI-KARDELEN_KARTAL.json","ATAKAN_NAKTURK":"KAMI_AVCI-ATAKAN_NAKTURK.json","SAFA_GOKALP_UGUR":"KAMI_AVCI-SAFA_GOKALP_UGUR.json","UMUT_ERTUGRUL_DASGIN":"KAMI_AVCI-UMUT_ERTUGRUL_DASGIN.json","ALISA_IDA_DELEON":"KAMI_AVCI-ALISA_IDA_DELEON.json","ZEYNEP_ECE_BIKEZ":"KAMI_AVCI-ZEYNEP_ECE_BIKEZ.json","AGAH_DEMIR_GOK":"KAMI_AVCI-AGAH_DEMIR_GOK.json","MEHMET_OGUZHAN_MEMIS":"KAMI_AVCI-MEHMET_OGUZHAN_MEMIS.json","ALI_OZUER":"KAMI_AVCI-ALI_OZUER.json","BAHAR_CETIN_ASLAN":"KAMI_AVCI-BAHAR_CETIN_ASLAN.json","ELIF_KAYAR":"KAMI_AVCI-ELIF_KAYAR.json","KENAN_OZCAKIR":"KAMI_AVCI-KENAN_OZCAKIR.json","CLAUDE":"KAMI_AVCI-CLAUDE.json","CAGATAY_YUREKLI":"KAMI_AVCI-CAGATAY_YUREKLI.json","YUSUF_KULLUK":"KAMI_AVCI-YUSUF_KULLUK.json","TARIK_SERTVURAN":"KAMI_AVCI-TARIK_SERTVURAN.json"},"MERT_ACAR":{"HASAN_KHALILOV":"HASAN_KHALILOV-MERT_ACAR.json","MUHAMMED_ENES_CAM":"MUHAMMED_ENES_CAM-MERT_ACAR.json","EYLUL_SUICMEZ":"MERT_ACAR-EYLUL_SUICMEZ.json","GPT":"GPT-MERT_ACAR.json","KAMI_AVCI":"KAMI_AVCI-MERT_ACAR.json","PELIN_GORER":"MERT_ACAR-PELIN_GORER.json","KARDELEN_KARTAL":"KARDELEN_KARTAL-MERT_ACAR.json","ATAKAN_NAKTURK":"MERT_ACAR-ATAKAN_NAKTURK.json","ALISA_IDA_DELEON":"ALISA_IDA_DELEON-MERT_ACAR.json","ZEYNEP_ECE_BIKEZ":"MERT_ACAR-ZEYNEP_ECE_BIKEZ.json","UMUT_ERTUGRUL_DASGIN":"MERT_ACAR-UMUT_ERTUGRUL_DASGIN.json","SAFA_GOKALP_UGUR":"MERT_ACAR-SAFA_GOKALP_UGUR.json","AGAH_DEMIR_GOK":"MERT_ACAR-AGAH_DEMIR_GOK.json","MEHMET_OGUZHAN_MEMIS":"MEHMET_OGUZHAN_MEMIS-MERT_ACAR.json","ALI_OZUER":"MERT_ACAR-ALI_OZUER.json","BAHAR_CETIN_ASLAN":"BAHAR_CETIN_ASLAN-MERT_ACAR.json","ELIF_KAYAR":"ELIF_KAYAR-MERT_ACAR.json","KENAN_OZCAKIR":"MERT_ACAR-KENAN_OZCAKIR.json","CLAUDE":"MERT_ACAR-CLAUDE.json","CAGATAY_YUREKLI":"MERT_ACAR-CAGATAY_YUREKLI.json","YUSUF_KULLUK":"MERT_ACAR-YUSUF_KULLUK.json","TARIK_SERTVURAN":"TARIK_SERTVURAN-MERT_ACAR.json"},"PELIN_GORER":{"HASAN_KHALILOV":"HASAN_KHALILOV-PELIN_GORER.json","MUHAMMED_ENES_CAM":"MUHAMMED_ENES_CAM-PELIN_GORER.json","EYLUL_SUICMEZ":"PELIN_GORER-EYLUL_SUICMEZ.json","GPT":"GPT-PELIN_GORER.json","KAMI_AVCI":"KAMI_AVCI-PELIN_GORER.json","MERT_ACAR":"MERT_ACAR-PELIN_GORER.json","ATAKAN_NAKTURK":"PELIN_GORER-ATAKAN_NAKTURK.json","KARDELEN_KARTAL":"KARDELEN_KARTAL-PELIN_GORER.json","ZEYNEP_ECE_BIKEZ":"PELIN_GORER-ZEYNEP_ECE_BIKEZ.json","SAFA_GOKALP_UGUR":"PELIN_GORER-SAFA_GOKALP_UGUR.json","ALISA_IDA_DELEON":"ALISA_IDA_DELEON-PELIN_GORER.json","UMUT_ERTUGRUL_DASGIN":"PELIN_GORER-UMUT_ERTUGRUL_DASGIN.json","MEHMET_OGUZHAN_MEMIS":"MEHMET_OGUZHAN_MEMIS-PELIN_GORER.json","AGAH_DEMIR_GOK":"PELIN_GORER-AGAH_DEMIR_GOK.json","ALI_OZUER":"PELIN_GORER-ALI_OZUER.json","BAHAR_CETIN_ASLAN":"BAHAR_CETIN_ASLAN-PELIN_GORER.json","ELIF_KAYAR":"ELIF_KAYAR-PELIN_GORER.json","CLAUDE":"PELIN_GORER-CLAUDE.json","KENAN_OZCAKIR":"KENAN_OZCAKIR-PELIN_GORER.json","CAGATAY_YUREKLI":"PELIN_GORER-CAGATAY_YUREKLI.json","YUSUF_KULLUK":"PELIN_GORER-YUSUF_KULLUK.json","TARIK_SERTVURAN":"TARIK_SERTVURAN-PELIN_GORER.json"},"ATAKAN_NAKTURK":{"HASAN_KHALILOV":"HASAN_KHALILOV-ATAKAN_NAKTURK.json","MUHAMMED_ENES_CAM":"MUHAMMED_ENES_CAM-ATAKAN_NAKTURK.json","EYLUL_SUICMEZ":"EYLUL_SUICMEZ-ATAKAN_NAKTURK.json","GPT":"GPT-ATAKAN_NAKTURK.json","KAMI_AVCI":"KAMI_AVCI-ATAKAN_NAKTURK.json","MERT_ACAR":"MERT_ACAR-ATAKAN_NAKTURK.json","PELIN_GORER":"PELIN_GORER-ATAKAN_NAKTURK.json","KARDELEN_KARTAL":"KARDELEN_KARTAL-ATAKAN_NAKTURK.json","SAFA_GOKALP_UGUR":"SAFA_GOKALP_UGUR-ATAKAN_NAKTURK.json","UMUT_ERTUGRUL_DASGIN":"UMUT_ERTUGRUL_DASGIN-ATAKAN_NAKTURK.json","ZEYNEP_ECE_BIKEZ":"ZEYNEP_ECE_BIKEZ-ATAKAN_NAKTURK.json","ALISA_IDA_DELEON":"ALISA_IDA_DELEON-ATAKAN_NAKTURK.json","AGAH_DEMIR_GOK":"AGAH_DEMIR_GOK-ATAKAN_NAKTURK.json","MEHMET_OGUZHAN_MEMIS":"MEHMET_OGUZHAN_MEMIS-ATAKAN_NAKTURK.json","ALI_OZUER":"ALI_OZUER-ATAKAN_NAKTURK.json","BAHAR_CETIN_ASLAN":"BAHAR_CETIN_ASLAN-ATAKAN_NAKTURK.json","ELIF_KAYAR":"ELIF_KAYAR-ATAKAN_NAKTURK.json","KENAN_OZCAKIR":"KENAN_OZCAKIR-ATAKAN_NAKTURK.json","CLAUDE":"CLAUDE-ATAKAN_NAKTURK.json","CAGATAY_YUREKLI":"CAGATAY_YUREKLI-ATAKAN_NAKTURK.json","YUSUF_KULLUK":"YUSUF_KULLUK-ATAKAN_NAKTURK.json","TARIK_SERTVURAN":"TARIK_SERTVURAN-ATAKAN_NAKTURK.json"},"KARDELEN_KARTAL":{"HASAN_KHALILOV":"HASAN_KHALILOV-KARDELEN_KARTAL.json","MUHAMMED_ENES_CAM":"KARDELEN_KARTAL-MUHAMMED_ENES_CAM.json","EYLUL_SUICMEZ":"KARDELEN_KARTAL-EYLUL_SUICMEZ.json","GPT":"KARDELEN_KARTAL-GPT.json","KAMI_AVCI":"KAMI_AVCI-KARDELEN_KARTAL.json","MERT_ACAR":"KARDELEN_KARTAL-MERT_ACAR.json","PELIN_GORER":"KARDELEN_KARTAL-PELIN_GORER.json","ATAKAN_NAKTURK":"KARDELEN_KARTAL-ATAKAN_NAKTURK.json","SAFA_GOKALP_UGUR":"KARDELEN_KARTAL-SAFA_GOKALP_UGUR.json","UMUT_ERTUGRUL_DASGIN":"KARDELEN_KARTAL-UMUT_ERTUGRUL_DASGIN.json","ZEYNEP_ECE_BIKEZ":"KARDELEN_KARTAL-ZEYNEP_ECE_BIKEZ.json","ALISA_IDA_DELEON":"KARDELEN_KARTAL-ALISA_IDA_DELEON.json","AGAH_DEMIR_GOK":"KARDELEN_KARTAL-AGAH_DEMIR_GOK.json","MEHMET_OGUZHAN_MEMIS":"MEHMET_OGUZHAN_MEMIS-KARDELEN_KARTAL.json","ALI_OZUER":"KARDELEN_KARTAL-ALI_OZUER.json","BAHAR_CETIN_ASLAN":"BAHAR_CETIN_ASLAN-KARDELEN_KARTAL.json","ELIF_KAYAR":"KARDELEN_KARTAL-ELIF_KAYAR.json","CLAUDE":"KARDELEN_KARTAL-CLAUDE.json","KENAN_OZCAKIR":"KARDELEN_KARTAL-KENAN_OZCAKIR.json","CAGATAY_YUREKLI":"KARDELEN_KARTAL-CAGATAY_YUREKLI.json","YUSUF_KULLUK":"KARDELEN_KARTAL-YUSUF_KULLUK.json","TARIK_SERTVURAN":"KARDELEN_KARTAL-TARIK_SERTVURAN.json"},"ALISA_IDA_DELEON":{"HASAN_KHALILOV":"HASAN_KHALILOV-ALISA_IDA_DELEON.json","MUHAMMED_ENES_CAM":"MUHAMMED_ENES_CAM-ALISA_IDA_DELEON.json","EYLUL_SUICMEZ":"ALISA_IDA_DELEON-EYLUL_SUICMEZ.json","GPT":"ALISA_IDA_DELEON-GPT.json","KAMI_AVCI":"KAMI_AVCI-ALISA_IDA_DELEON.json","MERT_ACAR":"ALISA_IDA_DELEON-MERT_ACAR.json","PELIN_GORER":"ALISA_IDA_DELEON-PELIN_GORER.json","KARDELEN_KARTAL":"KARDELEN_KARTAL-ALISA_IDA_DELEON.json","ATAKAN_NAKTURK":"ALISA_IDA_DELEON-ATAKAN_NAKTURK.json","UMUT_ERTUGRUL_DASGIN":"ALISA_IDA_DELEON-UMUT_ERTUGRUL_DASGIN.json","SAFA_GOKALP_UGUR":"ALISA_IDA_DELEON-SAFA_GOKALP_UGUR.json","ZEYNEP_ECE_BIKEZ":"ALISA_IDA_DELEON-ZEYNEP_ECE_BIKEZ.json","AGAH_DEMIR_GOK":"ALISA_IDA_DELEON-AGAH_DEMIR_GOK.json","MEHMET_OGUZHAN_MEMIS":"MEHMET_OGUZHAN_MEMIS-ALISA_IDA_DELEON.json","ALI_OZUER":"ALISA_IDA_DELEON-ALI_OZUER.json","BAHAR_CETIN_ASLAN":"BAHAR_CETIN_ASLAN-ALISA_IDA_DELEON.json","ELIF_KAYAR":"ALISA_IDA_DELEON-ELIF_KAYAR.json","CLAUDE":"ALISA_IDA_DELEON-CLAUDE.json","KENAN_OZCAKIR":"ALISA_IDA_DELEON-KENAN_OZCAKIR.json","CAGATAY_YUREKLI":"ALISA_IDA_DELEON-CAGATAY_YUREKLI.json","YUSUF_KULLUK":"ALISA_IDA_DELEON-YUSUF_KULLUK.json","TARIK_SERTVURAN":"ALISA_IDA_DELEON-TARIK_SERTVURAN.json"},"SAFA_GOKALP_UGUR":{"HASAN_KHALILOV":"HASAN_KHALILOV-SAFA_GOKALP_UGUR.json","MUHAMMED_ENES_CAM":"MUHAMMED_ENES_CAM-SAFA_GOKALP_UGUR.json","EYLUL_SUICMEZ":"EYLUL_SUICMEZ-SAFA_GOKALP_UGUR.json","GPT":"GPT-SAFA_GOKALP_UGUR.json","KAMI_AVCI":"KAMI_AVCI-SAFA_GOKALP_UGUR.json","MERT_ACAR":"MERT_ACAR-SAFA_GOKALP_UGUR.json","PELIN_GORER":"PELIN_GORER-SAFA_GOKALP_UGUR.json","ATAKAN_NAKTURK":"SAFA_GOKALP_UGUR-ATAKAN_NAKTURK.json","KARDELEN_KARTAL":"KARDELEN_KARTAL-SAFA_GOKALP_UGUR.json","UMUT_ERTUGRUL_DASGIN":"UMUT_ERTUGRUL_DASGIN-SAFA_GOKALP_UGUR.json","ZEYNEP_ECE_BIKEZ":"SAFA_GOKALP_UGUR-ZEYNEP_ECE_BIKEZ.json","ALISA_IDA_DELEON":"ALISA_IDA_DELEON-SAFA_GOKALP_UGUR.json","AGAH_DEMIR_GOK":"SAFA_GOKALP_UGUR-AGAH_DEMIR_GOK.json","MEHMET_OGUZHAN_MEMIS":"MEHMET_OGUZHAN_MEMIS-SAFA_GOKALP_UGUR.json","ALI_OZUER":"ALI_OZUER-SAFA_GOKALP_UGUR.json","BAHAR_CETIN_ASLAN":"BAHAR_CETIN_ASLAN-SAFA_GOKALP_UGUR.json","ELIF_KAYAR":"ELIF_KAYAR-SAFA_GOKALP_UGUR.json","CLAUDE":"SAFA_GOKALP_UGUR-CLAUDE.json","KENAN_OZCAKIR":"KENAN_OZCAKIR-SAFA_GOKALP_UGUR.json","CAGATAY_YUREKLI":"SAFA_GOKALP_UGUR-CAGATAY_YUREKLI.json","YUSUF_KULLUK":"YUSUF_KULLUK-SAFA_GOKALP_UGUR.json","TARIK_SERTVURAN":"TARIK_SERTVURAN-SAFA_GOKALP_UGUR.json"},"UMUT_ERTUGRUL_DASGIN":{"HASAN_KHALILOV":"HASAN_KHALILOV-UMUT_ERTUGRUL_DASGIN.json","MUHAMMED_ENES_CAM":"MUHAMMED_ENES_CAM-UMUT_ERTUGRUL_DASGIN.json","EYLUL_SUICMEZ":"EYLUL_SUICMEZ-UMUT_ERTUGRUL_DASGIN.json","GPT":"GPT-UMUT_ERTUGRUL_DASGIN.json","KAMI_AVCI":"KAMI_AVCI-UMUT_ERTUGRUL_DASGIN.json","MERT_ACAR":"MERT_ACAR-UMUT_ERTUGRUL_DASGIN.json","PELIN_GORER":"PELIN_GORER-UMUT_ERTUGRUL_DASGIN.json","ATAKAN_NAKTURK":"UMUT_ERTUGRUL_DASGIN-ATAKAN_NAKTURK.json","KARDELEN_KARTAL":"KARDELEN_KARTAL-UMUT_ERTUGRUL_DASGIN.json","SAFA_GOKALP_UGUR":"UMUT_ERTUGRUL_DASGIN-SAFA_GOKALP_UGUR.json","ZEYNEP_ECE_BIKEZ":"UMUT_ERTUGRUL_DASGIN-ZEYNEP_ECE_BIKEZ.json","ALISA_IDA_DELEON":"ALISA_IDA_DELEON-UMUT_ERTUGRUL_DASGIN.json","AGAH_DEMIR_GOK":"UMUT_ERTUGRUL_DASGIN-AGAH_DEMIR_GOK.json","MEHMET_OGUZHAN_MEMIS":"MEHMET_OGUZHAN_MEMIS-UMUT_ERTUGRUL_DASGIN.json","ALI_OZUER":"ALI_OZUER-UMUT_ERTUGRUL_DASGIN.json","BAHAR_CETIN_ASLAN":"BAHAR_CETIN_ASLAN-UMUT_ERTUGRUL_DASGIN.json","ELIF_KAYAR":"ELIF_KAYAR-UMUT_ERTUGRUL_DASGIN.json","CLAUDE":"UMUT_ERTUGRUL_DASGIN-CLAUDE.json","KENAN_OZCAKIR":"KENAN_OZCAKIR-UMUT_ERTUGRUL_DASGIN.json","CAGATAY_YUREKLI":"UMUT_ERTUGRUL_DASGIN-CAGATAY_YUREKLI.json","YUSUF_KULLUK":"YUSUF_KULLUK-UMUT_ERTUGRUL_DASGIN.json","TARIK_SERTVURAN":"TARIK_SERTVURAN-UMUT_ERTUGRUL_DASGIN.json"},"ZEYNEP_ECE_BIKEZ":{"HASAN_KHALILOV":"HASAN_KHALILOV-ZEYNEP_ECE_BIKEZ.json","MUHAMMED_ENES_CAM":"MUHAMMED_ENES_CAM-ZEYNEP_ECE_BIKEZ.json","EYLUL_SUICMEZ":"EYLUL_SUICMEZ-ZEYNEP_ECE_BIKEZ.json","GPT":"GPT-ZEYNEP_ECE_BIKEZ.json","KAMI_AVCI":"KAMI_AVCI-ZEYNEP_ECE_BIKEZ.json","MERT_ACAR":"MERT_ACAR-ZEYNEP_ECE_BIKEZ.json","PELIN_GORER":"PELIN_GORER-ZEYNEP_ECE_BIKEZ.json","KARDELEN_KARTAL":"KARDELEN_KARTAL-ZEYNEP_ECE_BIKEZ.json","ATAKAN_NAKTURK":"ZEYNEP_ECE_BIKEZ-ATAKAN_NAKTURK.json","SAFA_GOKALP_UGUR":"SAFA_GOKALP_UGUR-ZEYNEP_ECE_BIKEZ.json","UMUT_ERTUGRUL_DASGIN":"UMUT_ERTUGRUL_DASGIN-ZEYNEP_ECE_BIKEZ.json","ALISA_IDA_DELEON":"ALISA_IDA_DELEON-ZEYNEP_ECE_BIKEZ.json","AGAH_DEMIR_GOK":"ZEYNEP_ECE_BIKEZ-AGAH_DEMIR_GOK.json","MEHMET_OGUZHAN_MEMIS":"MEHMET_OGUZHAN_MEMIS-ZEYNEP_ECE_BIKEZ.json","ALI_OZUER":"ALI_OZUER-ZEYNEP_ECE_BIKEZ.json","BAHAR_CETIN_ASLAN":"BAHAR_CETIN_ASLAN-ZEYNEP_ECE_BIKEZ.json","ELIF_KAYAR":"ELIF_KAYAR-ZEYNEP_ECE_BIKEZ.json","KENAN_OZCAKIR":"KENAN_OZCAKIR-ZEYNEP_ECE_BIKEZ.json","CLAUDE":"ZEYNEP_ECE_BIKEZ-CLAUDE.json","CAGATAY_YUREKLI":"ZEYNEP_ECE_BIKEZ-CAGATAY_YUREKLI.json","YUSUF_KULLUK":"YUSUF_KULLUK-ZEYNEP_ECE_BIKEZ.json","TARIK_SERTVURAN":"TARIK_SERTVURAN-ZEYNEP_ECE_BIKEZ.json"},"AGAH_DEMIR_GOK":{"HASAN_KHALILOV":"HASAN_KHALILOV-AGAH_DEMIR_GOK.json","MUHAMMED_ENES_CAM":"MUHAMMED_ENES_CAM-AGAH_DEMIR_GOK.json","EYLUL_SUICMEZ":"EYLUL_SUICMEZ-AGAH_DEMIR_GOK.json","GPT":"GPT-AGAH_DEMIR_GOK.json","KAMI_AVCI":"KAMI_AVCI-AGAH_DEMIR_GOK.json","MERT_ACAR":"MERT_ACAR-AGAH_DEMIR_GOK.json","PELIN_GORER":"PELIN_GORER-AGAH_DEMIR_GOK.json","ATAKAN_NAKTURK":"AGAH_DEMIR_GOK-ATAKAN_NAKTURK.json","KARDELEN_KARTAL":"KARDELEN_KARTAL-AGAH_DEMIR_GOK.json","SAFA_GOKALP_UGUR":"SAFA_GOKALP_UGUR-AGAH_DEMIR_GOK.json","UMUT_ERTUGRUL_DASGIN":"UMUT_ERTUGRUL_DASGIN-AGAH_DEMIR_GOK.json","ZEYNEP_ECE_BIKEZ":"ZEYNEP_ECE_BIKEZ-AGAH_DEMIR_GOK.json","ALISA_IDA_DELEON":"ALISA_IDA_DELEON-AGAH_DEMIR_GOK.json","MEHMET_OGUZHAN_MEMIS":"MEHMET_OGUZHAN_MEMIS-AGAH_DEMIR_GOK.json","ALI_OZUER":"ALI_OZUER-AGAH_DEMIR_GOK.json","BAHAR_CETIN_ASLAN":"BAHAR_CETIN_ASLAN-AGAH_DEMIR_GOK.json","ELIF_KAYAR":"ELIF_KAYAR-AGAH_DEMIR_GOK.json","KENAN_OZCAKIR":"KENAN_OZCAKIR-AGAH_DEMIR_GOK.json","CLAUDE":"AGAH_DEMIR_GOK-CLAUDE.json","CAGATAY_YUREKLI":"AGAH_DEMIR_GOK-CAGATAY_YUREKLI.json","YUSUF_KULLUK":"YUSUF_KULLUK-AGAH_DEMIR_GOK.json","TARIK_SERTVURAN":"TARIK_SERTVURAN-AGAH_DEMIR_GOK.json"},"MEHMET_OGUZHAN_MEMIS":{"HASAN_KHALILOV":"HASAN_KHALILOV-MEHMET_OGUZHAN_MEMIS.json","MUHAMMED_ENES_CAM":"MEHMET_OGUZHAN_MEMIS-MUHAMMED_ENES_CAM.json","EYLUL_SUICMEZ":"MEHMET_OGUZHAN_MEMIS-EYLUL_SUICMEZ.json","GPT":"MEHMET_OGUZHAN_MEMIS-GPT.json","KAMI_AVCI":"KAMI_AVCI-MEHMET_OGUZHAN_MEMIS.json","MERT_ACAR":"MEHMET_OGUZHAN_MEMIS-MERT_ACAR.json","PELIN_GORER":"MEHMET_OGUZHAN_MEMIS-PELIN_GORER.json","KARDELEN_KARTAL":"MEHMET_OGUZHAN_MEMIS-KARDELEN_KARTAL.json","ATAKAN_NAKTURK":"MEHMET_OGUZHAN_MEMIS-ATAKAN_NAKTURK.json","SAFA_GOKALP_UGUR":"MEHMET_OGUZHAN_MEMIS-SAFA_GOKALP_UGUR.json","ZEYNEP_ECE_BIKEZ":"MEHMET_OGUZHAN_MEMIS-ZEYNEP_ECE_BIKEZ.json","UMUT_ERTUGRUL_DASGIN":"MEHMET_OGUZHAN_MEMIS-UMUT_ERTUGRUL_DASGIN.json","ALISA_IDA_DELEON":"MEHMET_OGUZHAN_MEMIS-ALISA_IDA_DELEON.json","AGAH_DEMIR_GOK":"MEHMET_OGUZHAN_MEMIS-AGAH_DEMIR_GOK.json","ALI_OZUER":"MEHMET_OGUZHAN_MEMIS-ALI_OZUER.json","BAHAR_CETIN_ASLAN":"MEHMET_OGUZHAN_MEMIS-BAHAR_CETIN_ASLAN.json","ELIF_KAYAR":"MEHMET_OGUZHAN_MEMIS-ELIF_KAYAR.json","KENAN_OZCAKIR":"MEHMET_OGUZHAN_MEMIS-KENAN_OZCAKIR.json","CLAUDE":"MEHMET_OGUZHAN_MEMIS-CLAUDE.json","CAGATAY_YUREKLI":"MEHMET_OGUZHAN_MEMIS-CAGATAY_YUREKLI.json","YUSUF_KULLUK":"MEHMET_OGUZHAN_MEMIS-YUSUF_KULLUK.json","TARIK_SERTVURAN":"MEHMET_OGUZHAN_MEMIS-TARIK_SERTVURAN.json"},"ALI_OZUER":{"HASAN_KHALILOV":"HASAN_KHALILOV-ALI_OZUER.json","MUHAMMED_ENES_CAM":"MUHAMMED_ENES_CAM-ALI_OZUER.json","EYLUL_SUICMEZ":"EYLUL_SUICMEZ-ALI_OZUER.json","GPT":"GPT-ALI_OZUER.json","KAMI_AVCI":"KAMI_AVCI-ALI_OZUER.json","MERT_ACAR":"MERT_ACAR-ALI_OZUER.json","PELIN_GORER":"PELIN_GORER-ALI_OZUER.json","ATAKAN_NAKTURK":"ALI_OZUER-ATAKAN_NAKTURK.json","KARDELEN_KARTAL":"KARDELEN_KARTAL-ALI_OZUER.json","SAFA_GOKALP_UGUR":"ALI_OZUER-SAFA_GOKALP_UGUR.json","UMUT_ERTUGRUL_DASGIN":"ALI_OZUER-UMUT_ERTUGRUL_DASGIN.json","ZEYNEP_ECE_BIKEZ":"ALI_OZUER-ZEYNEP_ECE_BIKEZ.json","ALISA_IDA_DELEON":"ALISA_IDA_DELEON-ALI_OZUER.json","AGAH_DEMIR_GOK":"ALI_OZUER-AGAH_DEMIR_GOK.json","MEHMET_OGUZHAN_MEMIS":"MEHMET_OGUZHAN_MEMIS-ALI_OZUER.json","BAHAR_CETIN_ASLAN":"BAHAR_CETIN_ASLAN-ALI_OZUER.json","ELIF_KAYAR":"ELIF_KAYAR-ALI_OZUER.json","CLAUDE":"ALI_OZUER-CLAUDE.json","KENAN_OZCAKIR":"KENAN_OZCAKIR-ALI_OZUER.json","CAGATAY_YUREKLI":"ALI_OZUER-CAGATAY_YUREKLI.json","YUSUF_KULLUK":"YUSUF_KULLUK-ALI_OZUER.json","TARIK_SERTVURAN":"TARIK_SERTVURAN-ALI_OZUER.json"},"BAHAR_CETIN_ASLAN":{"HASAN_KHALILOV":"HASAN_KHALILOV-BAHAR_CETIN_ASLAN.json","MUHAMMED_ENES_CAM":"BAHAR_CETIN_ASLAN-MUHAMMED_ENES_CAM.json","EYLUL_SUICMEZ":"BAHAR_CETIN_ASLAN-EYLUL_SUICMEZ.json","GPT":"BAHAR_CETIN_ASLAN-GPT.json","KAMI_AVCI":"KAMI_AVCI-BAHAR_CETIN_ASLAN.json","MERT_ACAR":"BAHAR_CETIN_ASLAN-MERT_ACAR.json","PELIN_GORER":"BAHAR_CETIN_ASLAN-PELIN_GORER.json","ATAKAN_NAKTURK":"BAHAR_CETIN_ASLAN-ATAKAN_NAKTURK.json","KARDELEN_KARTAL":"BAHAR_CETIN_ASLAN-KARDELEN_KARTAL.json","SAFA_GOKALP_UGUR":"BAHAR_CETIN_ASLAN-SAFA_GOKALP_UGUR.json","UMUT_ERTUGRUL_DASGIN":"BAHAR_CETIN_ASLAN-UMUT_ERTUGRUL_DASGIN.json","ALISA_IDA_DELEON":"BAHAR_CETIN_ASLAN-ALISA_IDA_DELEON.json","ZEYNEP_ECE_BIKEZ":"BAHAR_CETIN_ASLAN-ZEYNEP_ECE_BIKEZ.json","AGAH_DEMIR_GOK":"BAHAR_CETIN_ASLAN-AGAH_DEMIR_GOK.json","MEHMET_OGUZHAN_MEMIS":"MEHMET_OGUZHAN_MEMIS-BAHAR_CETIN_ASLAN.json","ALI_OZUER":"BAHAR_CETIN_ASLAN-ALI_OZUER.json","ELIF_KAYAR":"BAHAR_CETIN_ASLAN-ELIF_KAYAR.json","CLAUDE":"BAHAR_CETIN_ASLAN-CLAUDE.json","KENAN_OZCAKIR":"BAHAR_CETIN_ASLAN-KENAN_OZCAKIR.json","CAGATAY_YUREKLI":"BAHAR_CETIN_ASLAN-CAGATAY_YUREKLI.json","YUSUF_KULLUK":"BAHAR_CETIN_ASLAN-YUSUF_KULLUK.json","TARIK_SERTVURAN":"BAHAR_CETIN_ASLAN-TARIK_SERTVURAN.json"},"ELIF_KAYAR":{"HASAN_KHALILOV":"HASAN_KHALILOV-ELIF_KAYAR.json","MUHAMMED_ENES_CAM":"MUHAMMED_ENES_CAM-ELIF_KAYAR.json","EYLUL_SUICMEZ":"ELIF_KAYAR-EYLUL_SUICMEZ.json","GPT":"GPT-ELIF_KAYAR.json","KAMI_AVCI":"KAMI_AVCI-ELIF_KAYAR.json","MERT_ACAR":"ELIF_KAYAR-MERT_ACAR.json","PELIN_GORER":"ELIF_KAYAR-PELIN_GORER.json","ATAKAN_NAKTURK":"ELIF_KAYAR-ATAKAN_NAKTURK.json","KARDELEN_KARTAL":"KARDELEN_KARTAL-ELIF_KAYAR.json","SAFA_GOKALP_UGUR":"ELIF_KAYAR-SAFA_GOKALP_UGUR.json","ALISA_IDA_DELEON":"ALISA_IDA_DELEON-ELIF_KAYAR.json","ZEYNEP_ECE_BIKEZ":"ELIF_KAYAR-ZEYNEP_ECE_BIKEZ.json","UMUT_ERTUGRUL_DASGIN":"ELIF_KAYAR-UMUT_ERTUGRUL_DASGIN.json","AGAH_DEMIR_GOK":"ELIF_KAYAR-AGAH_DEMIR_GOK.json","MEHMET_OGUZHAN_MEMIS":"MEHMET_OGUZHAN_MEMIS-ELIF_KAYAR.json","ALI_OZUER":"ELIF_KAYAR-ALI_OZUER.json","BAHAR_CETIN_ASLAN":"BAHAR_CETIN_ASLAN-ELIF_KAYAR.json","KENAN_OZCAKIR":"ELIF_KAYAR-KENAN_OZCAKIR.json","CLAUDE":"ELIF_KAYAR-CLAUDE.json","CAGATAY_YUREKLI":"ELIF_KAYAR-CAGATAY_YUREKLI.json","YUSUF_KULLUK":"ELIF_KAYAR-YUSUF_KULLUK.json","TARIK_SERTVURAN":"TARIK_SERTVURAN-ELIF_KAYAR.json"},"KENAN_OZCAKIR":{"HASAN_KHALILOV":"HASAN_KHALILOV-KENAN_OZCAKIR.json","MUHAMMED_ENES_CAM":"MUHAMMED_ENES_CAM-KENAN_OZCAKIR.json","EYLUL_SUICMEZ":"KENAN_OZCAKIR-EYLUL_SUICMEZ.json","GPT":"GPT-KENAN_OZCAKIR.json","KAMI_AVCI":"KAMI_AVCI-KENAN_OZCAKIR.json","MERT_ACAR":"MERT_ACAR-KENAN_OZCAKIR.json","PELIN_GORER":"KENAN_OZCAKIR-PELIN_GORER.json","ATAKAN_NAKTURK":"KENAN_OZCAKIR-ATAKAN_NAKTURK.json","KARDELEN_KARTAL":"KARDELEN_KARTAL-KENAN_OZCAKIR.json","UMUT_ERTUGRUL_DASGIN":"KENAN_OZCAKIR-UMUT_ERTUGRUL_DASGIN.json","SAFA_GOKALP_UGUR":"KENAN_OZCAKIR-SAFA_GOKALP_UGUR.json","ALISA_IDA_DELEON":"ALISA_IDA_DELEON-KENAN_OZCAKIR.json","ZEYNEP_ECE_BIKEZ":"KENAN_OZCAKIR-ZEYNEP_ECE_BIKEZ.json","AGAH_DEMIR_GOK":"KENAN_OZCAKIR-AGAH_DEMIR_GOK.json","MEHMET_OGUZHAN_MEMIS":"MEHMET_OGUZHAN_MEMIS-KENAN_OZCAKIR.json","ALI_OZUER":"KENAN_OZCAKIR-ALI_OZUER.json","BAHAR_CETIN_ASLAN":"BAHAR_CETIN_ASLAN-KENAN_OZCAKIR.json","ELIF_KAYAR":"ELIF_KAYAR-KENAN_OZCAKIR.json","CLAUDE":"KENAN_OZCAKIR-CLAUDE.json","CAGATAY_YUREKLI":"KENAN_OZCAKIR-CAGATAY_YUREKLI.json","YUSUF_KULLUK":"KENAN_OZCAKIR-YUSUF_KULLUK.json","TARIK_SERTVURAN":"TARIK_SERTVURAN-KENAN_OZCAKIR.json"},"CLAUDE":{"HASAN_KHALILOV":"HASAN_KHALILOV-CLAUDE.json","MUHAMMED_ENES_CAM":"MUHAMMED_ENES_CAM-CLAUDE.json","EYLUL_SUICMEZ":"EYLUL_SUICMEZ-CLAUDE.json","GPT":"GPT-CLAUDE.json","KAMI_AVCI":"KAMI_AVCI-CLAUDE.json","MERT_ACAR":"MERT_ACAR-CLAUDE.json","PELIN_GORER":"PELIN_GORER-CLAUDE.json","ATAKAN_NAKTURK":"CLAUDE-ATAKAN_NAKTURK.json","KARDELEN_KARTAL":"KARDELEN_KARTAL-CLAUDE.json","SAFA_GOKALP_UGUR":"SAFA_GOKALP_UGUR-CLAUDE.json","UMUT_ERTUGRUL_DASGIN":"UMUT_ERTUGRUL_DASGIN-CLAUDE.json","ZEYNEP_ECE_BIKEZ":"ZEYNEP_ECE_BIKEZ-CLAUDE.json","ALISA_IDA_DELEON":"ALISA_IDA_DELEON-CLAUDE.json","AGAH_DEMIR_GOK":"AGAH_DEMIR_GOK-CLAUDE.json","MEHMET_OGUZHAN_MEMIS":"MEHMET_OGUZHAN_MEMIS-CLAUDE.json","ALI_OZUER":"ALI_OZUER-CLAUDE.json","BAHAR_CETIN_ASLAN":"BAHAR_CETIN_ASLAN-CLAUDE.json","ELIF_KAYAR":"ELIF_KAYAR-CLAUDE.json","KENAN_OZCAKIR":"KENAN_OZCAKIR-CLAUDE.json","CAGATAY_YUREKLI":"CLAUDE-CAGATAY_YUREKLI.json","YUSUF_KULLUK":"YUSUF_KULLUK-CLAUDE.json","TARIK_SERTVURAN":"TARIK_SERTVURAN-CLAUDE.json"},"CAGATAY_YUREKLI":{"HASAN_KHALILOV":"HASAN_KHALILOV-CAGATAY_YUREKLI.json","MUHAMMED_ENES_CAM":"MUHAMMED_ENES_CAM-CAGATAY_YUREKLI.json","EYLUL_SUICMEZ":"EYLUL_SUICMEZ-CAGATAY_YUREKLI.json","GPT":"GPT-CAGATAY_YUREKLI.json","KAMI_AVCI":"KAMI_AVCI-CAGATAY_YUREKLI.json","MERT_ACAR":"MERT_ACAR-CAGATAY_YUREKLI.json","PELIN_GORER":"PELIN_GORER-CAGATAY_YUREKLI.json","ATAKAN_NAKTURK":"CAGATAY_YUREKLI-ATAKAN_NAKTURK.json","KARDELEN_KARTAL":"KARDELEN_KARTAL-CAGATAY_YUREKLI.json","UMUT_ERTUGRUL_DASGIN":"UMUT_ERTUGRUL_DASGIN-CAGATAY_YUREKLI.json","ZEYNEP_ECE_BIKEZ":"ZEYNEP_ECE_BIKEZ-CAGATAY_YUREKLI.json","SAFA_GOKALP_UGUR":"SAFA_GOKALP_UGUR-CAGATAY_YUREKLI.json","ALISA_IDA_DELEON":"ALISA_IDA_DELEON-CAGATAY_YUREKLI.json","AGAH_DEMIR_GOK":"AGAH_DEMIR_GOK-CAGATAY_YUREKLI.json","MEHMET_OGUZHAN_MEMIS":"MEHMET_OGUZHAN_MEMIS-CAGATAY_YUREKLI.json","ALI_OZUER":"ALI_OZUER-CAGATAY_YUREKLI.json","BAHAR_CETIN_ASLAN":"BAHAR_CETIN_ASLAN-CAGATAY_YUREKLI.json","ELIF_KAYAR":"ELIF_KAYAR-CAGATAY_YUREKLI.json","KENAN_OZCAKIR":"KENAN_OZCAKIR-CAGATAY_YUREKLI.json","CLAUDE":"CLAUDE-CAGATAY_YUREKLI.json","YUSUF_KULLUK":"YUSUF_KULLUK-CAGATAY_YUREKLI.json","TARIK_SERTVURAN":"TARIK_SERTVURAN-CAGATAY_YUREKLI.json"},"YUSUF_KULLUK":{"HASAN_KHALILOV":"HASAN_KHALILOV-YUSUF_KULLUK.json","MUHAMMED_ENES_CAM":"MUHAMMED_ENES_CAM-YUSUF_KULLUK.json","EYLUL_SUICMEZ":"EYLUL_SUICMEZ-YUSUF_KULLUK.json","GPT":"GPT-YUSUF_KULLUK.json","KAMI_AVCI":"KAMI_AVCI-YUSUF_KULLUK.json","MERT_ACAR":"MERT_ACAR-YUSUF_KULLUK.json","PELIN_GORER":"PELIN_GORER-YUSUF_KULLUK.json","ATAKAN_NAKTURK":"YUSUF_KULLUK-ATAKAN_NAKTURK.json","KARDELEN_KARTAL":"KARDELEN_KARTAL-YUSUF_KULLUK.json","SAFA_GOKALP_UGUR":"YUSUF_KULLUK-SAFA_GOKALP_UGUR.json","UMUT_ERTUGRUL_DASGIN":"YUSUF_KULLUK-UMUT_ERTUGRUL_DASGIN.json","ZEYNEP_ECE_BIKEZ":"YUSUF_KULLUK-ZEYNEP_ECE_BIKEZ.json","ALISA_IDA_DELEON":"ALISA_IDA_DELEON-YUSUF_KULLUK.json","AGAH_DEMIR_GOK":"YUSUF_KULLUK-AGAH_DEMIR_GOK.json","MEHMET_OGUZHAN_MEMIS":"MEHMET_OGUZHAN_MEMIS-YUSUF_KULLUK.json","ALI_OZUER":"YUSUF_KULLUK-ALI_OZUER.json","BAHAR_CETIN_ASLAN":"BAHAR_CETIN_ASLAN-YUSUF_KULLUK.json","ELIF_KAYAR":"ELIF_KAYAR-YUSUF_KULLUK.json","KENAN_OZCAKIR":"KENAN_OZCAKIR-YUSUF_KULLUK.json","CLAUDE":"YUSUF_KULLUK-CLAUDE.json","CAGATAY_YUREKLI":"YUSUF_KULLUK-CAGATAY_YUREKLI.json","TARIK_SERTVURAN":"TARIK_SERTVURAN-YUSUF_KULLUK.json"},"TARIK_SERTVURAN":{"HASAN_KHALILOV":"HASAN_KHALILOV-TARIK_SERTVURAN.json","MUHAMMED_ENES_CAM":"MUHAMMED_ENES_CAM-TARIK_SERTVURAN.json","EYLUL_SUICMEZ":"TARIK_SERTVURAN-EYLUL_SUICMEZ.json","GPT":"GPT-TARIK_SERTVURAN.json","KAMI_AVCI":"KAMI_AVCI-TARIK_SERTVURAN.json","MERT_ACAR":"TARIK_SERTVURAN-MERT_ACAR.json","PELIN_GORER":"TARIK_SERTVURAN-PELIN_GORER.json","KARDELEN_KARTAL":"KARDELEN_KARTAL-TARIK_SERTVURAN.json","ATAKAN_NAKTURK":"TARIK_SERTVURAN-ATAKAN_NAKTURK.json","ALISA_IDA_DELEON":"ALISA_IDA_DELEON-TARIK_SERTVURAN.json","UMUT_ERTUGRUL_DASGIN":"TARIK_SERTVURAN-UMUT_ERTUGRUL_DASGIN.json","ZEYNEP_ECE_BIKEZ":"TARIK_SERTVURAN-ZEYNEP_ECE_BIKEZ.json","SAFA_GOKALP_UGUR":"TARIK_SERTVURAN-SAFA_GOKALP_UGUR.json","AGAH_DEMIR_GOK":"TARIK_SERTVURAN-AGAH_DEMIR_GOK.json","MEHMET_OGUZHAN_MEMIS":"MEHMET_OGUZHAN_MEMIS-TARIK_SERTVURAN.json","ALI_OZUER":"TARIK_SERTVURAN-ALI_OZUER.json","BAHAR_CETIN_ASLAN":"BAHAR_CETIN_ASLAN-TARIK_SERTVURAN.json","ELIF_KAYAR":"TARIK_SERTVURAN-ELIF_KAYAR.json","CLAUDE":"TARIK_SERTVURAN-CLAUDE.json","KENAN_OZCAKIR":"TARIK_SERTVURAN-KENAN_OZCAKIR.json","CAGATAY_YUREKLI":"TARIK_SERTVURAN-CAGATAY_YUREKLI.json","YUSUF_KULLUK":"TARIK_SERTVURAN-YUSUF_KULLUK.json"}}}