{"fileIndexes":{"HASAN_KHALILOV":{"HASAN_KHALILOV/StackQuestionsMember.tpp":{"tokenCount":75}},"MUHAMMED_ENES_CAM":{"MUHAMMED_ENES_CAM/StackQuestionsNonMember.tpp":{"tokenCount":85},"MUHAMMED_ENES_CAM/StackQuestionsMember.tpp":{"tokenCount":24}},"EYLUL_SUICMEZ":{"EYLUL_SUICMEZ/StackQuestionsNonMember.tpp":{"tokenCount":29},"EYLUL_SUICMEZ/StackQuestionsMember.tpp":{"tokenCount":123}},"GPT":{"GPT/StackQuestionsNonMember.tpp":{"tokenCount":70},"GPT/StackQuestionsMember.tpp":{"tokenCount":66}},"KAMI_AVCI":{"KAMI_AVCI/StackQuestionsMember.Kami.Avcı.cpp":{"tokenCount":80}},"MERT_ACAR":{"MERT_ACAR/main.cpp":{"tokenCount":140}},"PELIN_GORER":{"PELIN_GORER/StackQuestionsMember.tpp":{"tokenCount":93},"PELIN_GORER/StackQuestionsNonMember.tpp":{"tokenCount":54}},"KARDELEN_KARTAL":{"KARDELEN_KARTAL/StackQuestionsMember.tpp":{"tokenCount":46},"KARDELEN_KARTAL/StackQuestionsNonMember.tpp":{"tokenCount":53}},"ATAKAN_NAKTURK":{"ATAKAN_NAKTURK/StackQuestionsNonMember.tpp":{"tokenCount":105},"ATAKAN_NAKTURK/StackQuestionsMember.tpp":{"tokenCount":111}},"ALISA_IDA_DELEON":{"ALISA_IDA_DELEON/StackQuestionsMember_ Alisa_İda Deleon.tpp":{"tokenCount":94},"ALISA_IDA_DELEON/StackQuestionsNonMember alisa.tpp":{"tokenCount":38}},"UMUT_ERTUGRUL_DASGIN":{"UMUT_ERTUGRUL_DASGIN/StackQuestionsMember.tpp":{"tokenCount":80},"UMUT_ERTUGRUL_DASGIN/StackQuestionsNonMember.tpp":{"tokenCount":83}},"ZEYNEP_ECE_BIKEZ":{"ZEYNEP_ECE_BIKEZ/StackQuestionsNonMember.tpp":{"tokenCount":95},"ZEYNEP_ECE_BIKEZ/StackQuestionsMember.tpp":{"tokenCount":92}},"SAFA_GOKALP_UGUR":{"SAFA_GOKALP_UGUR/StackQuestionsNonMember.tpp":{"tokenCount":83},"SAFA_GOKALP_UGUR/StackQuestionsMember.tpp":{"tokenCount":83}},"AGAH_DEMIR_GOK":{"AGAH_DEMIR_GOK/StackQuestionsMember.tpp":{"tokenCount":89},"AGAH_DEMIR_GOK/StackQuestionsNonMember.tpp":{"tokenCount":103}},"MEHMET_OGUZHAN_MEMIS":{"MEHMET_OGUZHAN_MEMIS/StackQuestionsMember.tpp":{"tokenCount":36},"MEHMET_OGUZHAN_MEMIS/StackQuestionsNonMember.tpp":{"tokenCount":58}},"ALI_OZUER":{"ALI_OZUER/StackQuestionsNonMember.tpp":{"tokenCount":54},"ALI_OZUER/StackQuestionsMember.tpp":{"tokenCount":107}},"BAHAR_CETIN_ASLAN":{"BAHAR_CETIN_ASLAN/StackQuestionsMemberbc.cpp":{"tokenCount":91},"BAHAR_CETIN_ASLAN/StackQuestionsNonMemberbc.cpp":{"tokenCount":5}},"ELIF_KAYAR":{"ELIF_KAYAR/StackQuestionsNonMember.tpp":{"tokenCount":64},"ELIF_KAYAR/StackQuestionsMember.tpp":{"tokenCount":75}},"KENAN_OZCAKIR":{"KENAN_OZCAKIR/StackQuestionsNonMember.tpp":{"tokenCount":61},"KENAN_OZCAKIR/StackQuestionsMember.tpp":{"tokenCount":80}},"CLAUDE":{"CLAUDE/StackQuestionsNonMember.tpp":{"tokenCount":117},"CLAUDE/StackQuestionsMember.tpp":{"tokenCount":83}},"CAGATAY_YUREKLI":{"CAGATAY_YUREKLI/StackQuestionsMember.tpp":{"tokenCount":89},"CAGATAY_YUREKLI/StackQuestionsNonMember.tpp":{"tokenCount":115}},"YUSUF_KULLUK":{"YUSUF_KULLUK/StackQuestionsNonMember.tpp":{"tokenCount":89},"YUSUF_KULLUK/StackQuestionsMember.tpp":{"tokenCount":65}},"TARIK_SERTVURAN":{"TARIK_SERTVURAN/StackQuestionsNonMember.tpp":{"tokenCount":42},"TARIK_SERTVURAN/StackQuestionsMember.tpp":{"tokenCount":94}}}}