[{"firstSubmission":"KENAN_OZCAKIR","secondSubmission":"CAGATAY_YUREKLI","similarities":{"AVG":0.6392961876832844,"MAX":0.762589928057554,"MAXIMUM_LENGTH":204.0,"LONGEST_MATCH":39.0}},{"firstSubmission":"ELIF_KAYAR","secondSubmission":"ALI_OZUER","similarities":{"AVG":0.625,"MAX":0.6715328467153284,"MAXIMUM_LENGTH":161.0,"LONGEST_MATCH":25.0}},{"firstSubmission":"KAMI_AVCI","secondSubmission":"KENAN_OZCAKIR","similarities":{"AVG":0.5963302752293578,"MAX":0.759493670886076,"MAXIMUM_LENGTH":141.0,"LONGEST_MATCH":25.0}},{"firstSubmission":"KENAN_OZCAKIR","secondSubmission":"CLAUDE","similarities":{"AVG":0.5816023738872403,"MAX":0.7050359712230215,"MAXIMUM_LENGTH":200.0,"LONGEST_MATCH":19.0}},{"firstSubmission":"GPT","secondSubmission":"KENAN_OZCAKIR","similarities":{"AVG":0.5714285714285714,"MAX":0.5827338129496403,"MAXIMUM_LENGTH":141.0,"LONGEST_MATCH":43.0}},{"firstSubmission":"ALISA_IDA_DELEON","secondSubmission":"TARIK_SERTVURAN","similarities":{"AVG":0.5581395348837209,"MAX":0.5625,"MAXIMUM_LENGTH":136.0,"LONGEST_MATCH":15.0}},{"firstSubmission":"EYLUL_SUICMEZ","secondSubmission":"CLAUDE","similarities":{"AVG":0.5517241379310345,"MAX":0.64,"MAXIMUM_LENGTH":200.0,"LONGEST_MATCH":19.0}},{"firstSubmission":"KENAN_OZCAKIR","secondSubmission":"ALI_OZUER","similarities":{"AVG":0.5503355704697986,"MAX":0.5899280575539568,"MAXIMUM_LENGTH":161.0,"LONGEST_MATCH":40.0}},{"firstSubmission":"SAFA_GOKALP_UGUR","secondSubmission":"CLAUDE","similarities":{"AVG":0.5469613259668509,"MAX":0.6036585365853658,"MAXIMUM_LENGTH":200.0,"LONGEST_MATCH":16.0}},{"firstSubmission":"KENAN_OZCAKIR","secondSubmission":"EYLUL_SUICMEZ","similarities":{"AVG":0.5259515570934256,"MAX":0.5467625899280576,"MAXIMUM_LENGTH":152.0,"LONGEST_MATCH":18.0}},{"firstSubmission":"ALI_OZUER","secondSubmission":"CLAUDE","similarities":{"AVG":0.5154061624649859,"MAX":0.5786163522012578,"MAXIMUM_LENGTH":200.0,"LONGEST_MATCH":20.0}},{"firstSubmission":"CLAUDE","secondSubmission":"CAGATAY_YUREKLI","similarities":{"AVG":0.515,"MAX":0.5202020202020202,"MAXIMUM_LENGTH":204.0,"LONGEST_MATCH":20.0}},{"firstSubmission":"EYLUL_SUICMEZ","secondSubmission":"ALI_OZUER","similarities":{"AVG":0.5048543689320388,"MAX":0.52,"MAXIMUM_LENGTH":161.0,"LONGEST_MATCH":18.0}},{"firstSubmission":"KENAN_OZCAKIR","secondSubmission":"ATAKAN_NAKTURK","similarities":{"AVG":0.48158640226628896,"MAX":0.6115107913669064,"MAXIMUM_LENGTH":216.0,"LONGEST_MATCH":22.0}},{"firstSubmission":"CLAUDE","secondSubmission":"ATAKAN_NAKTURK","similarities":{"AVG":0.48058252427184467,"MAX":0.5,"MAXIMUM_LENGTH":216.0,"LONGEST_MATCH":20.0}},{"firstSubmission":"UMUT_ERTUGRUL_DASGIN","secondSubmission":"CLAUDE","similarities":{"AVG":0.479108635097493,"MAX":0.5341614906832298,"MAXIMUM_LENGTH":200.0,"LONGEST_MATCH":26.0}},{"firstSubmission":"ALI_OZUER","secondSubmission":"SAFA_GOKALP_UGUR","similarities":{"AVG":0.47678018575851394,"MAX":0.48427672955974843,"MAXIMUM_LENGTH":166.0,"LONGEST_MATCH":12.0}},{"firstSubmission":"KAMI_AVCI","secondSubmission":"YUSUF_KULLUK","similarities":{"AVG":0.47186147186147187,"MAX":0.6835443037974683,"MAXIMUM_LENGTH":154.0,"LONGEST_MATCH":20.0}},{"firstSubmission":"EYLUL_SUICMEZ","secondSubmission":"SAFA_GOKALP_UGUR","similarities":{"AVG":0.46496815286624205,"MAX":0.4866666666666667,"MAXIMUM_LENGTH":166.0,"LONGEST_MATCH":11.0}},{"firstSubmission":"KAMI_AVCI","secondSubmission":"SAFA_GOKALP_UGUR","similarities":{"AVG":0.4609053497942387,"MAX":0.7088607594936709,"MAXIMUM_LENGTH":166.0,"LONGEST_MATCH":11.0}},{"firstSubmission":"KENAN_OZCAKIR","secondSubmission":"YUSUF_KULLUK","similarities":{"AVG":0.4536082474226804,"MAX":0.4748201438848921,"MAXIMUM_LENGTH":154.0,"LONGEST_MATCH":18.0}},{"firstSubmission":"SAFA_GOKALP_UGUR","secondSubmission":"ATAKAN_NAKTURK","similarities":{"AVG":0.4497354497354497,"MAX":0.5182926829268293,"MAXIMUM_LENGTH":216.0,"LONGEST_MATCH":16.0}},{"firstSubmission":"UMUT_ERTUGRUL_DASGIN","secondSubmission":"CAGATAY_YUREKLI","similarities":{"AVG":0.44077134986225897,"MAX":0.4968944099378882,"MAXIMUM_LENGTH":204.0,"LONGEST_MATCH":14.0}},{"firstSubmission":"ALI_OZUER","secondSubmission":"ATAKAN_NAKTURK","similarities":{"AVG":0.43967828418230565,"MAX":0.5157232704402516,"MAXIMUM_LENGTH":216.0,"LONGEST_MATCH":25.0}},{"firstSubmission":"EYLUL_SUICMEZ","secondSubmission":"ATAKAN_NAKTURK","similarities":{"AVG":0.43956043956043955,"MAX":0.5333333333333333,"MAXIMUM_LENGTH":216.0,"LONGEST_MATCH":18.0}},{"firstSubmission":"MUHAMMED_ENES_CAM","secondSubmission":"KENAN_OZCAKIR","similarities":{"AVG":0.43902439024390244,"MAX":0.5046728971962616,"MAXIMUM_LENGTH":141.0,"LONGEST_MATCH":11.0}},{"firstSubmission":"MUHAMMED_ENES_CAM","secondSubmission":"ATAKAN_NAKTURK","similarities":{"AVG":0.43613707165109034,"MAX":0.6542056074766355,"MAXIMUM_LENGTH":216.0,"LONGEST_MATCH":11.0}},{"firstSubmission":"KARDELEN_KARTAL","secondSubmission":"GPT","similarities":{"AVG":0.4329004329004329,"MAX":0.5154639175257731,"MAXIMUM_LENGTH":136.0,"LONGEST_MATCH":12.0}},{"firstSubmission":"ALI_OZUER","secondSubmission":"CAGATAY_YUREKLI","similarities":{"AVG":0.4265927977839335,"MAX":0.48427672955974843,"MAXIMUM_LENGTH":204.0,"LONGEST_MATCH":18.0}},{"firstSubmission":"ELIF_KAYAR","secondSubmission":"SAFA_GOKALP_UGUR","similarities":{"AVG":0.42524916943521596,"MAX":0.46715328467153283,"MAXIMUM_LENGTH":166.0,"LONGEST_MATCH":12.0}},{"firstSubmission":"EYLUL_SUICMEZ","secondSubmission":"YUSUF_KULLUK","similarities":{"AVG":0.423841059602649,"MAX":0.4266666666666667,"MAXIMUM_LENGTH":154.0,"LONGEST_MATCH":22.0}},{"firstSubmission":"GPT","secondSubmission":"SAFA_GOKALP_UGUR","similarities":{"AVG":0.4228187919463087,"MAX":0.4701492537313433,"MAXIMUM_LENGTH":166.0,"LONGEST_MATCH":16.0}},{"firstSubmission":"YUSUF_KULLUK","secondSubmission":"ALI_OZUER","similarities":{"AVG":0.4180064308681672,"MAX":0.4276315789473684,"MAXIMUM_LENGTH":161.0,"LONGEST_MATCH":18.0}},{"firstSubmission":"HASAN_KHALILOV","secondSubmission":"KENAN_OZCAKIR","similarities":{"AVG":0.4131455399061033,"MAX":0.5945945945945946,"MAXIMUM_LENGTH":141.0,"LONGEST_MATCH":18.0}},{"firstSubmission":"KARDELEN_KARTAL","secondSubmission":"AGAH_DEMIR_GOK","similarities":{"AVG":0.41114982578397213,"MAX":0.6082474226804123,"MAXIMUM_LENGTH":192.0,"LONGEST_MATCH":15.0}},{"firstSubmission":"GPT","secondSubmission":"CLAUDE","similarities":{"AVG":0.40963855421686746,"MAX":0.5074626865671642,"MAXIMUM_LENGTH":200.0,"LONGEST_MATCH":12.0}},{"firstSubmission":"HASAN_KHALILOV","secondSubmission":"KARDELEN_KARTAL","similarities":{"AVG":0.39766081871345027,"MAX":0.4594594594594595,"MAXIMUM_LENGTH":99.0,"LONGEST_MATCH":11.0}},{"firstSubmission":"YUSUF_KULLUK","secondSubmission":"CAGATAY_YUREKLI","similarities":{"AVG":0.3954802259887006,"MAX":0.4605263157894737,"MAXIMUM_LENGTH":204.0,"LONGEST_MATCH":20.0}},{"firstSubmission":"UMUT_ERTUGRUL_DASGIN","secondSubmission":"SAFA_GOKALP_UGUR","similarities":{"AVG":0.39384615384615385,"MAX":0.39751552795031053,"MAXIMUM_LENGTH":166.0,"LONGEST_MATCH":16.0}},{"firstSubmission":"HASAN_KHALILOV","secondSubmission":"TARIK_SERTVURAN","similarities":{"AVG":0.38613861386138615,"MAX":0.527027027027027,"MAXIMUM_LENGTH":136.0,"LONGEST_MATCH":11.0}},{"firstSubmission":"YUSUF_KULLUK","secondSubmission":"SAFA_GOKALP_UGUR","similarities":{"AVG":0.3860759493670886,"MAX":0.40131578947368424,"MAXIMUM_LENGTH":166.0,"LONGEST_MATCH":11.0}},{"firstSubmission":"GPT","secondSubmission":"ATAKAN_NAKTURK","similarities":{"AVG":0.3850574712643678,"MAX":0.5,"MAXIMUM_LENGTH":216.0,"LONGEST_MATCH":16.0}},{"firstSubmission":"GPT","secondSubmission":"AGAH_DEMIR_GOK","similarities":{"AVG":0.38271604938271603,"MAX":0.4626865671641791,"MAXIMUM_LENGTH":192.0,"LONGEST_MATCH":13.0}},{"firstSubmission":"MUHAMMED_ENES_CAM","secondSubmission":"CLAUDE","similarities":{"AVG":0.380327868852459,"MAX":0.5420560747663551,"MAXIMUM_LENGTH":200.0,"LONGEST_MATCH":20.0}},{"firstSubmission":"CAGATAY_YUREKLI","secondSubmission":"ATAKAN_NAKTURK","similarities":{"AVG":0.3798076923076923,"MAX":0.3910891089108911,"MAXIMUM_LENGTH":216.0,"LONGEST_MATCH":19.0}},{"firstSubmission":"MUHAMMED_ENES_CAM","secondSubmission":"AGAH_DEMIR_GOK","similarities":{"AVG":0.3771043771043771,"MAX":0.5233644859813084,"MAXIMUM_LENGTH":192.0,"LONGEST_MATCH":10.0}},{"firstSubmission":"HASAN_KHALILOV","secondSubmission":"GPT","similarities":{"AVG":0.375,"MAX":0.527027027027027,"MAXIMUM_LENGTH":136.0,"LONGEST_MATCH":10.0}},{"firstSubmission":"KAMI_AVCI","secondSubmission":"KARDELEN_KARTAL","similarities":{"AVG":0.375,"MAX":0.4177215189873418,"MAXIMUM_LENGTH":99.0,"LONGEST_MATCH":9.0}},{"firstSubmission":"YUSUF_KULLUK","secondSubmission":"ATAKAN_NAKTURK","similarities":{"AVG":0.366120218579235,"MAX":0.4407894736842105,"MAXIMUM_LENGTH":216.0,"LONGEST_MATCH":21.0}},{"firstSubmission":"YUSUF_KULLUK","secondSubmission":"CLAUDE","similarities":{"AVG":0.3657142857142857,"MAX":0.42105263157894735,"MAXIMUM_LENGTH":200.0,"LONGEST_MATCH":15.0}},{"firstSubmission":"KARDELEN_KARTAL","secondSubmission":"MUHAMMED_ENES_CAM","similarities":{"AVG":0.3627450980392157,"MAX":0.38144329896907214,"MAXIMUM_LENGTH":109.0,"LONGEST_MATCH":9.0}},{"firstSubmission":"MUHAMMED_ENES_CAM","secondSubmission":"ALI_OZUER","similarities":{"AVG":0.3609022556390977,"MAX":0.4485981308411215,"MAXIMUM_LENGTH":161.0,"LONGEST_MATCH":13.0}},{"firstSubmission":"KAMI_AVCI","secondSubmission":"GPT","similarities":{"AVG":0.3568075117370892,"MAX":0.4810126582278481,"MAXIMUM_LENGTH":136.0,"LONGEST_MATCH":12.0}},{"firstSubmission":"SAFA_GOKALP_UGUR","secondSubmission":"ZEYNEP_ECE_BIKEZ","similarities":{"AVG":0.3553008595988539,"MAX":0.3780487804878049,"MAXIMUM_LENGTH":187.0,"LONGEST_MATCH":10.0}},{"firstSubmission":"MUHAMMED_ENES_CAM","secondSubmission":"SAFA_GOKALP_UGUR","similarities":{"AVG":0.35424354243542433,"MAX":0.4485981308411215,"MAXIMUM_LENGTH":166.0,"LONGEST_MATCH":11.0}},{"firstSubmission":"KENAN_OZCAKIR","secondSubmission":"UMUT_ERTUGRUL_DASGIN","similarities":{"AVG":0.35333333333333333,"MAX":0.381294964028777,"MAXIMUM_LENGTH":163.0,"LONGEST_MATCH":13.0}},{"firstSubmission":"GPT","secondSubmission":"UMUT_ERTUGRUL_DASGIN","similarities":{"AVG":0.34576271186440677,"MAX":0.3805970149253731,"MAXIMUM_LENGTH":163.0,"LONGEST_MATCH":10.0}},{"firstSubmission":"KENAN_OZCAKIR","secondSubmission":"SAFA_GOKALP_UGUR","similarities":{"AVG":0.3432343234323432,"MAX":0.37410071942446044,"MAXIMUM_LENGTH":166.0,"LONGEST_MATCH":13.0}},{"firstSubmission":"KAMI_AVCI","secondSubmission":"EYLUL_SUICMEZ","similarities":{"AVG":0.3406113537117904,"MAX":0.4936708860759494,"MAXIMUM_LENGTH":152.0,"LONGEST_MATCH":24.0}},{"firstSubmission":"MUHAMMED_ENES_CAM","secondSubmission":"GPT","similarities":{"AVG":0.34024896265560167,"MAX":0.38317757009345793,"MAXIMUM_LENGTH":136.0,"LONGEST_MATCH":12.0}},{"firstSubmission":"ELIF_KAYAR","secondSubmission":"YUSUF_KULLUK","similarities":{"AVG":0.33217993079584773,"MAX":0.35036496350364965,"MAXIMUM_LENGTH":154.0,"LONGEST_MATCH":8.0}},{"firstSubmission":"KAMI_AVCI","secondSubmission":"CLAUDE","similarities":{"AVG":0.33212996389891697,"MAX":0.5822784810126582,"MAXIMUM_LENGTH":200.0,"LONGEST_MATCH":19.0}},{"firstSubmission":"ELIF_KAYAR","secondSubmission":"CLAUDE","similarities":{"AVG":0.3283582089552239,"MAX":0.40145985401459855,"MAXIMUM_LENGTH":200.0,"LONGEST_MATCH":8.0}},{"firstSubmission":"UMUT_ERTUGRUL_DASGIN","secondSubmission":"ATAKAN_NAKTURK","similarities":{"AVG":0.3253333333333333,"MAX":0.37888198757763975,"MAXIMUM_LENGTH":216.0,"LONGEST_MATCH":13.0}},{"firstSubmission":"MUHAMMED_ENES_CAM","secondSubmission":"YUSUF_KULLUK","similarities":{"AVG":0.32432432432432434,"MAX":0.3925233644859813,"MAXIMUM_LENGTH":154.0,"LONGEST_MATCH":11.0}},{"firstSubmission":"AGAH_DEMIR_GOK","secondSubmission":"ATAKAN_NAKTURK","similarities":{"AVG":0.3217821782178218,"MAX":0.34210526315789475,"MAXIMUM_LENGTH":216.0,"LONGEST_MATCH":13.0}},{"firstSubmission":"TARIK_SERTVURAN","secondSubmission":"AGAH_DEMIR_GOK","similarities":{"AVG":0.32075471698113206,"MAX":0.3984375,"MAXIMUM_LENGTH":192.0,"LONGEST_MATCH":14.0}},{"firstSubmission":"KARDELEN_KARTAL","secondSubmission":"SAFA_GOKALP_UGUR","similarities":{"AVG":0.31417624521072796,"MAX":0.422680412371134,"MAXIMUM_LENGTH":166.0,"LONGEST_MATCH":12.0}},{"firstSubmission":"EYLUL_SUICMEZ","secondSubmission":"CAGATAY_YUREKLI","similarities":{"AVG":0.3125,"MAX":0.36666666666666664,"MAXIMUM_LENGTH":204.0,"LONGEST_MATCH":19.0}},{"firstSubmission":"MUHAMMED_ENES_CAM","secondSubmission":"EYLUL_SUICMEZ","similarities":{"AVG":0.311284046692607,"MAX":0.37383177570093457,"MAXIMUM_LENGTH":152.0,"LONGEST_MATCH":9.0}},{"firstSubmission":"KARDELEN_KARTAL","secondSubmission":"TARIK_SERTVURAN","similarities":{"AVG":0.3111111111111111,"MAX":0.36082474226804123,"MAXIMUM_LENGTH":136.0,"LONGEST_MATCH":19.0}},{"firstSubmission":"SAFA_GOKALP_UGUR","secondSubmission":"AGAH_DEMIR_GOK","similarities":{"AVG":0.3107344632768362,"MAX":0.3353658536585366,"MAXIMUM_LENGTH":192.0,"LONGEST_MATCH":12.0}},{"firstSubmission":"PELIN_GORER","secondSubmission":"ZEYNEP_ECE_BIKEZ","similarities":{"AVG":0.3090909090909091,"MAX":0.35172413793103446,"MAXIMUM_LENGTH":187.0,"LONGEST_MATCH":9.0}},{"firstSubmission":"UMUT_ERTUGRUL_DASGIN","secondSubmission":"AGAH_DEMIR_GOK","similarities":{"AVG":0.3076923076923077,"MAX":0.33540372670807456,"MAXIMUM_LENGTH":192.0,"LONGEST_MATCH":15.0}},{"firstSubmission":"TARIK_SERTVURAN","secondSubmission":"KENAN_OZCAKIR","similarities":{"AVG":0.30711610486891383,"MAX":0.3203125,"MAXIMUM_LENGTH":141.0,"LONGEST_MATCH":11.0}},{"firstSubmission":"ELIF_KAYAR","secondSubmission":"KENAN_OZCAKIR","similarities":{"AVG":0.30434782608695654,"MAX":0.30656934306569344,"MAXIMUM_LENGTH":141.0,"LONGEST_MATCH":9.0}},{"firstSubmission":"MUHAMMED_ENES_CAM","secondSubmission":"PELIN_GORER","similarities":{"AVG":0.30158730158730157,"MAX":0.35514018691588783,"MAXIMUM_LENGTH":147.0,"LONGEST_MATCH":10.0}},{"firstSubmission":"GPT","secondSubmission":"ALI_OZUER","similarities":{"AVG":0.2935153583617747,"MAX":0.3208955223880597,"MAXIMUM_LENGTH":161.0,"LONGEST_MATCH":9.0}},{"firstSubmission":"ELIF_KAYAR","secondSubmission":"EYLUL_SUICMEZ","similarities":{"AVG":0.2926829268292683,"MAX":0.30656934306569344,"MAXIMUM_LENGTH":152.0,"LONGEST_MATCH":9.0}},{"firstSubmission":"TARIK_SERTVURAN","secondSubmission":"UMUT_ERTUGRUL_DASGIN","similarities":{"AVG":0.2906574394463668,"MAX":0.328125,"MAXIMUM_LENGTH":163.0,"LONGEST_MATCH":13.0}},{"firstSubmission":"ELIF_KAYAR","secondSubmission":"CAGATAY_YUREKLI","similarities":{"AVG":0.2890855457227139,"MAX":0.35766423357664234,"MAXIMUM_LENGTH":204.0,"LONGEST_MATCH":8.0}},{"firstSubmission":"YUSUF_KULLUK","secondSubmission":"UMUT_ERTUGRUL_DASGIN","similarities":{"AVG":0.28753993610223644,"MAX":0.29605263157894735,"MAXIMUM_LENGTH":163.0,"LONGEST_MATCH":13.0}},{"firstSubmission":"MEHMET_OGUZHAN_MEMIS","secondSubmission":"KARDELEN_KARTAL","similarities":{"AVG":0.2857142857142857,"MAX":0.29347826086956524,"MAXIMUM_LENGTH":99.0,"LONGEST_MATCH":8.0}},{"firstSubmission":"KENAN_OZCAKIR","secondSubmission":"AGAH_DEMIR_GOK","similarities":{"AVG":0.2857142857142857,"MAX":0.3381294964028777,"MAXIMUM_LENGTH":192.0,"LONGEST_MATCH":13.0}},{"firstSubmission":"KAMI_AVCI","secondSubmission":"ALI_OZUER","similarities":{"AVG":0.2857142857142857,"MAX":0.43037974683544306,"MAXIMUM_LENGTH":161.0,"LONGEST_MATCH":18.0}},{"firstSubmission":"EYLUL_SUICMEZ","secondSubmission":"UMUT_ERTUGRUL_DASGIN","similarities":{"AVG":0.2829581993569132,"MAX":0.29333333333333333,"MAXIMUM_LENGTH":163.0,"LONGEST_MATCH":13.0}},{"firstSubmission":"YUSUF_KULLUK","secondSubmission":"AGAH_DEMIR_GOK","similarities":{"AVG":0.2807017543859649,"MAX":0.3157894736842105,"MAXIMUM_LENGTH":192.0,"LONGEST_MATCH":10.0}},{"firstSubmission":"BAHAR_CETIN_ASLAN","secondSubmission":"SAFA_GOKALP_UGUR","similarities":{"AVG":0.27906976744186046,"MAX":0.3829787234042553,"MAXIMUM_LENGTH":166.0,"LONGEST_MATCH":9.0}},{"firstSubmission":"GPT","secondSubmission":"EYLUL_SUICMEZ","similarities":{"AVG":0.2746478873239437,"MAX":0.291044776119403,"MAXIMUM_LENGTH":152.0,"LONGEST_MATCH":9.0}},{"firstSubmission":"ELIF_KAYAR","secondSubmission":"ATAKAN_NAKTURK","similarities":{"AVG":0.27350427350427353,"MAX":0.35036496350364965,"MAXIMUM_LENGTH":216.0,"LONGEST_MATCH":8.0}},{"firstSubmission":"PELIN_GORER","secondSubmission":"SAFA_GOKALP_UGUR","similarities":{"AVG":0.27184466019417475,"MAX":0.2896551724137931,"MAXIMUM_LENGTH":166.0,"LONGEST_MATCH":10.0}},{"firstSubmission":"ZEYNEP_ECE_BIKEZ","secondSubmission":"CLAUDE","similarities":{"AVG":0.27154046997389036,"MAX":0.2810810810810811,"MAXIMUM_LENGTH":200.0,"LONGEST_MATCH":9.0}},{"firstSubmission":"PELIN_GORER","secondSubmission":"EYLUL_SUICMEZ","similarities":{"AVG":0.2711864406779661,"MAX":0.27586206896551724,"MAXIMUM_LENGTH":152.0,"LONGEST_MATCH":12.0}},{"firstSubmission":"AGAH_DEMIR_GOK","secondSubmission":"CAGATAY_YUREKLI","similarities":{"AVG":0.27040816326530615,"MAX":0.2789473684210526,"MAXIMUM_LENGTH":204.0,"LONGEST_MATCH":14.0}},{"firstSubmission":"TARIK_SERTVURAN","secondSubmission":"CLAUDE","similarities":{"AVG":0.26993865030674846,"MAX":0.34375,"MAXIMUM_LENGTH":200.0,"LONGEST_MATCH":11.0}},{"firstSubmission":"KAMI_AVCI","secondSubmission":"PELIN_GORER","similarities":{"AVG":0.26785714285714285,"MAX":0.379746835443038,"MAXIMUM_LENGTH":147.0,"LONGEST_MATCH":10.0}},{"firstSubmission":"ALISA_IDA_DELEON","secondSubmission":"KENAN_OZCAKIR","similarities":{"AVG":0.26765799256505574,"MAX":0.27692307692307694,"MAXIMUM_LENGTH":141.0,"LONGEST_MATCH":8.0}},{"firstSubmission":"YUSUF_KULLUK","secondSubmission":"ZEYNEP_ECE_BIKEZ","similarities":{"AVG":0.26706231454005935,"MAX":0.29605263157894735,"MAXIMUM_LENGTH":187.0,"LONGEST_MATCH":9.0}},{"firstSubmission":"BAHAR_CETIN_ASLAN","secondSubmission":"ATAKAN_NAKTURK","similarities":{"AVG":0.2662337662337662,"MAX":0.43617021276595747,"MAXIMUM_LENGTH":216.0,"LONGEST_MATCH":10.0}},{"firstSubmission":"ZEYNEP_ECE_BIKEZ","secondSubmission":"CAGATAY_YUREKLI","similarities":{"AVG":0.26356589147286824,"MAX":0.2756756756756757,"MAXIMUM_LENGTH":204.0,"LONGEST_MATCH":8.0}},{"firstSubmission":"KARDELEN_KARTAL","secondSubmission":"UMUT_ERTUGRUL_DASGIN","similarities":{"AVG":0.26356589147286824,"MAX":0.35051546391752575,"MAXIMUM_LENGTH":163.0,"LONGEST_MATCH":12.0}},{"firstSubmission":"AGAH_DEMIR_GOK","secondSubmission":"CLAUDE","similarities":{"AVG":0.26288659793814434,"MAX":0.26842105263157895,"MAXIMUM_LENGTH":200.0,"LONGEST_MATCH":15.0}},{"firstSubmission":"HASAN_KHALILOV","secondSubmission":"ZEYNEP_ECE_BIKEZ","similarities":{"AVG":0.2625482625482625,"MAX":0.4594594594594595,"MAXIMUM_LENGTH":187.0,"LONGEST_MATCH":9.0}},{"firstSubmission":"PELIN_GORER","secondSubmission":"CLAUDE","similarities":{"AVG":0.26239067055393583,"MAX":0.3103448275862069,"MAXIMUM_LENGTH":200.0,"LONGEST_MATCH":13.0}},{"firstSubmission":"MUHAMMED_ENES_CAM","secondSubmission":"UMUT_ERTUGRUL_DASGIN","similarities":{"AVG":0.26119402985074625,"MAX":0.32710280373831774,"MAXIMUM_LENGTH":163.0,"LONGEST_MATCH":9.0}},{"firstSubmission":"KAMI_AVCI","secondSubmission":"ELIF_KAYAR","similarities":{"AVG":0.25925925925925924,"MAX":0.35443037974683544,"MAXIMUM_LENGTH":139.0,"LONGEST_MATCH":8.0}},{"firstSubmission":"MUHAMMED_ENES_CAM","secondSubmission":"CAGATAY_YUREKLI","similarities":{"AVG":0.2588996763754045,"MAX":0.37383177570093457,"MAXIMUM_LENGTH":204.0,"LONGEST_MATCH":13.0}},{"firstSubmission":"KAMI_AVCI","secondSubmission":"UMUT_ERTUGRUL_DASGIN","similarities":{"AVG":0.25833333333333336,"MAX":0.3924050632911392,"MAXIMUM_LENGTH":163.0,"LONGEST_MATCH":16.0}},{"firstSubmission":"KARDELEN_KARTAL","secondSubmission":"ALI_OZUER","similarities":{"AVG":0.2578125,"MAX":0.3402061855670103,"MAXIMUM_LENGTH":161.0,"LONGEST_MATCH":8.0}},{"firstSubmission":"ALISA_IDA_DELEON","secondSubmission":"CLAUDE","similarities":{"AVG":0.25609756097560976,"MAX":0.3230769230769231,"MAXIMUM_LENGTH":200.0,"LONGEST_MATCH":9.0}},{"firstSubmission":"KAMI_AVCI","secondSubmission":"TARIK_SERTVURAN","similarities":{"AVG":0.25120772946859904,"MAX":0.3291139240506329,"MAXIMUM_LENGTH":136.0,"LONGEST_MATCH":8.0}},{"firstSubmission":"KARDELEN_KARTAL","secondSubmission":"EYLUL_SUICMEZ","similarities":{"AVG":0.25101214574898784,"MAX":0.31958762886597936,"MAXIMUM_LENGTH":152.0,"LONGEST_MATCH":10.0}},{"firstSubmission":"GPT","secondSubmission":"ELIF_KAYAR","similarities":{"AVG":0.25092250922509224,"MAX":0.2537313432835821,"MAXIMUM_LENGTH":139.0,"LONGEST_MATCH":8.0}},{"firstSubmission":"HASAN_KHALILOV","secondSubmission":"CLAUDE","similarities":{"AVG":0.25,"MAX":0.4594594594594595,"MAXIMUM_LENGTH":200.0,"LONGEST_MATCH":13.0}},{"firstSubmission":"HASAN_KHALILOV","secondSubmission":"ALI_OZUER","similarities":{"AVG":0.24892703862660945,"MAX":0.3918918918918919,"MAXIMUM_LENGTH":161.0,"LONGEST_MATCH":10.0}},{"firstSubmission":"ELIF_KAYAR","secondSubmission":"PELIN_GORER","similarities":{"AVG":0.24822695035460993,"MAX":0.25547445255474455,"MAXIMUM_LENGTH":147.0,"LONGEST_MATCH":9.0}},{"firstSubmission":"SAFA_GOKALP_UGUR","secondSubmission":"CAGATAY_YUREKLI","similarities":{"AVG":0.2459016393442623,"MAX":0.27439024390243905,"MAXIMUM_LENGTH":204.0,"LONGEST_MATCH":14.0}},{"firstSubmission":"KARDELEN_KARTAL","secondSubmission":"CLAUDE","similarities":{"AVG":0.2440677966101695,"MAX":0.3711340206185567,"MAXIMUM_LENGTH":200.0,"LONGEST_MATCH":9.0}},{"firstSubmission":"EYLUL_SUICMEZ","secondSubmission":"AGAH_DEMIR_GOK","similarities":{"AVG":0.2411764705882353,"MAX":0.2733333333333333,"MAXIMUM_LENGTH":192.0,"LONGEST_MATCH":10.0}},{"firstSubmission":"ALISA_IDA_DELEON","secondSubmission":"ELIF_KAYAR","similarities":{"AVG":0.2397003745318352,"MAX":0.24615384615384617,"MAXIMUM_LENGTH":139.0,"LONGEST_MATCH":12.0}},{"firstSubmission":"PELIN_GORER","secondSubmission":"ATAKAN_NAKTURK","similarities":{"AVG":0.2395543175487465,"MAX":0.296551724137931,"MAXIMUM_LENGTH":216.0,"LONGEST_MATCH":13.0}},{"firstSubmission":"GPT","secondSubmission":"YUSUF_KULLUK","similarities":{"AVG":0.23076923076923078,"MAX":0.2462686567164179,"MAXIMUM_LENGTH":154.0,"LONGEST_MATCH":8.0}},{"firstSubmission":"KARDELEN_KARTAL","secondSubmission":"KENAN_OZCAKIR","similarities":{"AVG":0.2288135593220339,"MAX":0.27835051546391754,"MAXIMUM_LENGTH":141.0,"LONGEST_MATCH":8.0}},{"firstSubmission":"UMUT_ERTUGRUL_DASGIN","secondSubmission":"ZEYNEP_ECE_BIKEZ","similarities":{"AVG":0.2254335260115607,"MAX":0.2422360248447205,"MAXIMUM_LENGTH":187.0,"LONGEST_MATCH":9.0}},{"firstSubmission":"KAMI_AVCI","secondSubmission":"ATAKAN_NAKTURK","similarities":{"AVG":0.22525597269624573,"MAX":0.4177215189873418,"MAXIMUM_LENGTH":216.0,"LONGEST_MATCH":18.0}},{"firstSubmission":"KARDELEN_KARTAL","secondSubmission":"ATAKAN_NAKTURK","similarities":{"AVG":0.22508038585209003,"MAX":0.36082474226804123,"MAXIMUM_LENGTH":216.0,"LONGEST_MATCH":11.0}},{"firstSubmission":"KENAN_OZCAKIR","secondSubmission":"ZEYNEP_ECE_BIKEZ","similarities":{"AVG":0.2222222222222222,"MAX":0.2589928057553957,"MAXIMUM_LENGTH":187.0,"LONGEST_MATCH":6.0}},{"firstSubmission":"HASAN_KHALILOV","secondSubmission":"UMUT_ERTUGRUL_DASGIN","similarities":{"AVG":0.22127659574468084,"MAX":0.35135135135135137,"MAXIMUM_LENGTH":163.0,"LONGEST_MATCH":12.0}},{"firstSubmission":"GPT","secondSubmission":"CAGATAY_YUREKLI","similarities":{"AVG":0.22023809523809523,"MAX":0.27611940298507465,"MAXIMUM_LENGTH":204.0,"LONGEST_MATCH":17.0}},{"firstSubmission":"HASAN_KHALILOV","secondSubmission":"AGAH_DEMIR_GOK","similarities":{"AVG":0.2196969696969697,"MAX":0.3918918918918919,"MAXIMUM_LENGTH":192.0,"LONGEST_MATCH":11.0}},{"firstSubmission":"BAHAR_CETIN_ASLAN","secondSubmission":"GPT","similarities":{"AVG":0.21929824561403508,"MAX":0.26595744680851063,"MAXIMUM_LENGTH":136.0,"LONGEST_MATCH":7.0}},{"firstSubmission":"PELIN_GORER","secondSubmission":"CAGATAY_YUREKLI","similarities":{"AVG":0.21902017291066284,"MAX":0.2620689655172414,"MAXIMUM_LENGTH":204.0,"LONGEST_MATCH":13.0}},{"firstSubmission":"ZEYNEP_ECE_BIKEZ","secondSubmission":"AGAH_DEMIR_GOK","similarities":{"AVG":0.21866666666666668,"MAX":0.22162162162162163,"MAXIMUM_LENGTH":192.0,"LONGEST_MATCH":9.0}},{"firstSubmission":"HASAN_KHALILOV","secondSubmission":"EYLUL_SUICMEZ","similarities":{"AVG":0.21428571428571427,"MAX":0.32432432432432434,"MAXIMUM_LENGTH":152.0,"LONGEST_MATCH":11.0}},{"firstSubmission":"MEHMET_OGUZHAN_MEMIS","secondSubmission":"YUSUF_KULLUK","similarities":{"AVG":0.21311475409836064,"MAX":0.2826086956521739,"MAXIMUM_LENGTH":154.0,"LONGEST_MATCH":8.0}},{"firstSubmission":"ALISA_IDA_DELEON","secondSubmission":"CAGATAY_YUREKLI","similarities":{"AVG":0.21084337349397592,"MAX":0.2692307692307692,"MAXIMUM_LENGTH":204.0,"LONGEST_MATCH":9.0}},{"firstSubmission":"ELIF_KAYAR","secondSubmission":"AGAH_DEMIR_GOK","similarities":{"AVG":0.20795107033639143,"MAX":0.24817518248175183,"MAXIMUM_LENGTH":192.0,"LONGEST_MATCH":8.0}},{"firstSubmission":"ALI_OZUER","secondSubmission":"UMUT_ERTUGRUL_DASGIN","similarities":{"AVG":0.20625,"MAX":0.20754716981132076,"MAXIMUM_LENGTH":163.0,"LONGEST_MATCH":13.0}},{"firstSubmission":"TARIK_SERTVURAN","secondSubmission":"CAGATAY_YUREKLI","similarities":{"AVG":0.20606060606060606,"MAX":0.265625,"MAXIMUM_LENGTH":204.0,"LONGEST_MATCH":9.0}},{"firstSubmission":"KENAN_OZCAKIR","secondSubmission":"PELIN_GORER","similarities":{"AVG":0.20422535211267606,"MAX":0.20863309352517986,"MAXIMUM_LENGTH":147.0,"LONGEST_MATCH":13.0}},{"firstSubmission":"ALI_OZUER","secondSubmission":"ZEYNEP_ECE_BIKEZ","similarities":{"AVG":0.20348837209302326,"MAX":0.22012578616352202,"MAXIMUM_LENGTH":187.0,"LONGEST_MATCH":10.0}},{"firstSubmission":"HASAN_KHALILOV","secondSubmission":"SAFA_GOKALP_UGUR","similarities":{"AVG":0.20168067226890757,"MAX":0.32432432432432434,"MAXIMUM_LENGTH":166.0,"LONGEST_MATCH":11.0}},{"firstSubmission":"KAMI_AVCI","secondSubmission":"ALISA_IDA_DELEON","similarities":{"AVG":0.20095693779904306,"MAX":0.26582278481012656,"MAXIMUM_LENGTH":132.0,"LONGEST_MATCH":8.0}},{"firstSubmission":"ALISA_IDA_DELEON","secondSubmission":"UMUT_ERTUGRUL_DASGIN","similarities":{"AVG":0.19931271477663232,"MAX":0.2230769230769231,"MAXIMUM_LENGTH":163.0,"LONGEST_MATCH":10.0}},{"firstSubmission":"HASAN_KHALILOV","secondSubmission":"ELIF_KAYAR","similarities":{"AVG":0.1990521327014218,"MAX":0.28378378378378377,"MAXIMUM_LENGTH":139.0,"LONGEST_MATCH":8.0}},{"firstSubmission":"KARDELEN_KARTAL","secondSubmission":"PELIN_GORER","similarities":{"AVG":0.19834710743801653,"MAX":0.24742268041237114,"MAXIMUM_LENGTH":147.0,"LONGEST_MATCH":6.0}},{"firstSubmission":"KAMI_AVCI","secondSubmission":"ZEYNEP_ECE_BIKEZ","similarities":{"AVG":0.19696969696969696,"MAX":0.3291139240506329,"MAXIMUM_LENGTH":187.0,"LONGEST_MATCH":7.0}},{"firstSubmission":"PELIN_GORER","secondSubmission":"YUSUF_KULLUK","similarities":{"AVG":0.19528619528619529,"MAX":0.2,"MAXIMUM_LENGTH":154.0,"LONGEST_MATCH":13.0}},{"firstSubmission":"GPT","secondSubmission":"PELIN_GORER","similarities":{"AVG":0.1935483870967742,"MAX":0.20149253731343283,"MAXIMUM_LENGTH":147.0,"LONGEST_MATCH":8.0}},{"firstSubmission":"MEHMET_OGUZHAN_MEMIS","secondSubmission":"MUHAMMED_ENES_CAM","similarities":{"AVG":0.19095477386934673,"MAX":0.20652173913043478,"MAXIMUM_LENGTH":109.0,"LONGEST_MATCH":10.0}},{"firstSubmission":"PELIN_GORER","secondSubmission":"ALI_OZUER","similarities":{"AVG":0.19078947368421054,"MAX":0.2,"MAXIMUM_LENGTH":161.0,"LONGEST_MATCH":13.0}},{"firstSubmission":"ALI_OZUER","secondSubmission":"AGAH_DEMIR_GOK","similarities":{"AVG":0.18911174785100288,"MAX":0.20754716981132076,"MAXIMUM_LENGTH":192.0,"LONGEST_MATCH":9.0}},{"firstSubmission":"BAHAR_CETIN_ASLAN","secondSubmission":"MUHAMMED_ENES_CAM","similarities":{"AVG":0.1890547263681592,"MAX":0.20212765957446807,"MAXIMUM_LENGTH":109.0,"LONGEST_MATCH":7.0}},{"firstSubmission":"HASAN_KHALILOV","secondSubmission":"CAGATAY_YUREKLI","similarities":{"AVG":0.18840579710144928,"MAX":0.35135135135135137,"MAXIMUM_LENGTH":204.0,"LONGEST_MATCH":9.0}},{"firstSubmission":"TARIK_SERTVURAN","secondSubmission":"EYLUL_SUICMEZ","similarities":{"AVG":0.18705035971223022,"MAX":0.203125,"MAXIMUM_LENGTH":152.0,"LONGEST_MATCH":7.0}},{"firstSubmission":"KAMI_AVCI","secondSubmission":"AGAH_DEMIR_GOK","similarities":{"AVG":0.18587360594795538,"MAX":0.31645569620253167,"MAXIMUM_LENGTH":192.0,"LONGEST_MATCH":11.0}},{"firstSubmission":"MEHMET_OGUZHAN_MEMIS","secondSubmission":"ATAKAN_NAKTURK","similarities":{"AVG":0.1830065359477124,"MAX":0.30434782608695654,"MAXIMUM_LENGTH":216.0,"LONGEST_MATCH":12.0}},{"firstSubmission":"HASAN_KHALILOV","secondSubmission":"PELIN_GORER","similarities":{"AVG":0.182648401826484,"MAX":0.2702702702702703,"MAXIMUM_LENGTH":147.0,"LONGEST_MATCH":7.0}},{"firstSubmission":"MEHMET_OGUZHAN_MEMIS","secondSubmission":"SAFA_GOKALP_UGUR","similarities":{"AVG":0.1796875,"MAX":0.25,"MAXIMUM_LENGTH":166.0,"LONGEST_MATCH":10.0}},{"firstSubmission":"KARDELEN_KARTAL","secondSubmission":"ELIF_KAYAR","similarities":{"AVG":0.1794871794871795,"MAX":0.21649484536082475,"MAXIMUM_LENGTH":139.0,"LONGEST_MATCH":8.0}},{"firstSubmission":"TARIK_SERTVURAN","secondSubmission":"ZEYNEP_ECE_BIKEZ","similarities":{"AVG":0.17891373801916932,"MAX":0.21875,"MAXIMUM_LENGTH":187.0,"LONGEST_MATCH":8.0}},{"firstSubmission":"HASAN_KHALILOV","secondSubmission":"YUSUF_KULLUK","similarities":{"AVG":0.17699115044247787,"MAX":0.2702702702702703,"MAXIMUM_LENGTH":154.0,"LONGEST_MATCH":8.0}},{"firstSubmission":"HASAN_KHALILOV","secondSubmission":"MUHAMMED_ENES_CAM","similarities":{"AVG":0.17679558011049723,"MAX":0.21621621621621623,"MAXIMUM_LENGTH":109.0,"LONGEST_MATCH":9.0}},{"firstSubmission":"MUHAMMED_ENES_CAM","secondSubmission":"ELIF_KAYAR","similarities":{"AVG":0.1721311475409836,"MAX":0.19626168224299065,"MAXIMUM_LENGTH":139.0,"LONGEST_MATCH":8.0}},{"firstSubmission":"BAHAR_CETIN_ASLAN","secondSubmission":"CLAUDE","similarities":{"AVG":0.17123287671232876,"MAX":0.26595744680851063,"MAXIMUM_LENGTH":200.0,"LONGEST_MATCH":7.0}},{"firstSubmission":"KARDELEN_KARTAL","secondSubmission":"ZEYNEP_ECE_BIKEZ","similarities":{"AVG":0.1702127659574468,"MAX":0.24742268041237114,"MAXIMUM_LENGTH":187.0,"LONGEST_MATCH":10.0}},{"firstSubmission":"MEHMET_OGUZHAN_MEMIS","secondSubmission":"AGAH_DEMIR_GOK","similarities":{"AVG":0.1702127659574468,"MAX":0.2608695652173913,"MAXIMUM_LENGTH":192.0,"LONGEST_MATCH":9.0}},{"firstSubmission":"MUHAMMED_ENES_CAM","secondSubmission":"TARIK_SERTVURAN","similarities":{"AVG":0.1702127659574468,"MAX":0.18691588785046728,"MAXIMUM_LENGTH":136.0,"LONGEST_MATCH":7.0}},{"firstSubmission":"ALISA_IDA_DELEON","secondSubmission":"SAFA_GOKALP_UGUR","similarities":{"AVG":0.17006802721088435,"MAX":0.19230769230769232,"MAXIMUM_LENGTH":166.0,"LONGEST_MATCH":10.0}},{"firstSubmission":"HASAN_KHALILOV","secondSubmission":"KAMI_AVCI","similarities":{"AVG":0.16993464052287582,"MAX":0.17567567567567569,"MAXIMUM_LENGTH":80.0,"LONGEST_MATCH":7.0}},{"firstSubmission":"HASAN_KHALILOV","secondSubmission":"MEHMET_OGUZHAN_MEMIS","similarities":{"AVG":0.1686746987951807,"MAX":0.1891891891891892,"MAXIMUM_LENGTH":94.0,"LONGEST_MATCH":7.0}},{"firstSubmission":"GPT","secondSubmission":"TARIK_SERTVURAN","similarities":{"AVG":0.16793893129770993,"MAX":0.171875,"MAXIMUM_LENGTH":136.0,"LONGEST_MATCH":8.0}},{"firstSubmission":"TARIK_SERTVURAN","secondSubmission":"ELIF_KAYAR","similarities":{"AVG":0.1660377358490566,"MAX":0.171875,"MAXIMUM_LENGTH":139.0,"LONGEST_MATCH":8.0}},{"firstSubmission":"TARIK_SERTVURAN","secondSubmission":"YUSUF_KULLUK","similarities":{"AVG":0.16428571428571428,"MAX":0.1796875,"MAXIMUM_LENGTH":154.0,"LONGEST_MATCH":9.0}},{"firstSubmission":"BAHAR_CETIN_ASLAN","secondSubmission":"EYLUL_SUICMEZ","similarities":{"AVG":0.16393442622950818,"MAX":0.2127659574468085,"MAXIMUM_LENGTH":152.0,"LONGEST_MATCH":8.0}},{"firstSubmission":"GPT","secondSubmission":"ZEYNEP_ECE_BIKEZ","similarities":{"AVG":0.16300940438871472,"MAX":0.19402985074626866,"MAXIMUM_LENGTH":187.0,"LONGEST_MATCH":7.0}},{"firstSubmission":"KAMI_AVCI","secondSubmission":"MUHAMMED_ENES_CAM","similarities":{"AVG":0.16129032258064516,"MAX":0.189873417721519,"MAXIMUM_LENGTH":109.0,"LONGEST_MATCH":9.0}},{"firstSubmission":"EYLUL_SUICMEZ","secondSubmission":"ZEYNEP_ECE_BIKEZ","similarities":{"AVG":0.16119402985074627,"MAX":0.18,"MAXIMUM_LENGTH":187.0,"LONGEST_MATCH":9.0}},{"firstSubmission":"ZEYNEP_ECE_BIKEZ","secondSubmission":"ATAKAN_NAKTURK","similarities":{"AVG":0.16040100250626566,"MAX":0.17297297297297298,"MAXIMUM_LENGTH":216.0,"LONGEST_MATCH":7.0}},{"firstSubmission":"MEHMET_OGUZHAN_MEMIS","secondSubmission":"PELIN_GORER","similarities":{"AVG":0.16033755274261605,"MAX":0.20652173913043478,"MAXIMUM_LENGTH":147.0,"LONGEST_MATCH":7.0}},{"firstSubmission":"KARDELEN_KARTAL","secondSubmission":"ALISA_IDA_DELEON","similarities":{"AVG":0.15859030837004406,"MAX":0.18556701030927836,"MAXIMUM_LENGTH":132.0,"LONGEST_MATCH":6.0}},{"firstSubmission":"MEHMET_OGUZHAN_MEMIS","secondSubmission":"ELIF_KAYAR","similarities":{"AVG":0.1572052401746725,"MAX":0.1956521739130435,"MAXIMUM_LENGTH":139.0,"LONGEST_MATCH":6.0}},{"firstSubmission":"ALISA_IDA_DELEON","secondSubmission":"YUSUF_KULLUK","similarities":{"AVG":0.15602836879432624,"MAX":0.16923076923076924,"MAXIMUM_LENGTH":154.0,"LONGEST_MATCH":9.0}},{"firstSubmission":"MEHMET_OGUZHAN_MEMIS","secondSubmission":"KENAN_OZCAKIR","similarities":{"AVG":0.15584415584415584,"MAX":0.1956521739130435,"MAXIMUM_LENGTH":141.0,"LONGEST_MATCH":10.0}},{"firstSubmission":"ELIF_KAYAR","secondSubmission":"ZEYNEP_ECE_BIKEZ","similarities":{"AVG":0.15527950310559005,"MAX":0.18248175182481752,"MAXIMUM_LENGTH":187.0,"LONGEST_MATCH":11.0}},{"firstSubmission":"TARIK_SERTVURAN","secondSubmission":"MERT_ACAR","similarities":{"AVG":0.1532567049808429,"MAX":0.15625,"MAXIMUM_LENGTH":140.0,"LONGEST_MATCH":7.0}},{"firstSubmission":"ALISA_IDA_DELEON","secondSubmission":"PELIN_GORER","similarities":{"AVG":0.15272727272727274,"MAX":0.16153846153846155,"MAXIMUM_LENGTH":147.0,"LONGEST_MATCH":9.0}},{"firstSubmission":"KARDELEN_KARTAL","secondSubmission":"YUSUF_KULLUK","similarities":{"AVG":0.15261044176706828,"MAX":0.1958762886597938,"MAXIMUM_LENGTH":154.0,"LONGEST_MATCH":7.0}},{"firstSubmission":"MEHMET_OGUZHAN_MEMIS","secondSubmission":"CLAUDE","similarities":{"AVG":0.15172413793103448,"MAX":0.2391304347826087,"MAXIMUM_LENGTH":200.0,"LONGEST_MATCH":9.0}},{"firstSubmission":"MEHMET_OGUZHAN_MEMIS","secondSubmission":"ZEYNEP_ECE_BIKEZ","similarities":{"AVG":0.15162454873646208,"MAX":0.22826086956521738,"MAXIMUM_LENGTH":187.0,"LONGEST_MATCH":8.0}},{"firstSubmission":"TARIK_SERTVURAN","secondSubmission":"SAFA_GOKALP_UGUR","similarities":{"AVG":0.1506849315068493,"MAX":0.171875,"MAXIMUM_LENGTH":166.0,"LONGEST_MATCH":8.0}},{"firstSubmission":"ALISA_IDA_DELEON","secondSubmission":"MERT_ACAR","similarities":{"AVG":0.1444866920152091,"MAX":0.14615384615384616,"MAXIMUM_LENGTH":140.0,"LONGEST_MATCH":7.0}},{"firstSubmission":"PELIN_GORER","secondSubmission":"AGAH_DEMIR_GOK","similarities":{"AVG":0.14328358208955225,"MAX":0.16551724137931034,"MAXIMUM_LENGTH":192.0,"LONGEST_MATCH":6.0}},{"firstSubmission":"BAHAR_CETIN_ASLAN","secondSubmission":"ALI_OZUER","similarities":{"AVG":0.1422924901185771,"MAX":0.19148936170212766,"MAXIMUM_LENGTH":161.0,"LONGEST_MATCH":6.0}},{"firstSubmission":"ELIF_KAYAR","secondSubmission":"UMUT_ERTUGRUL_DASGIN","similarities":{"AVG":0.14093959731543623,"MAX":0.15328467153284672,"MAXIMUM_LENGTH":163.0,"LONGEST_MATCH":8.0}},{"firstSubmission":"KAMI_AVCI","secondSubmission":"MEHMET_OGUZHAN_MEMIS","similarities":{"AVG":0.14035087719298245,"MAX":0.1518987341772152,"MAXIMUM_LENGTH":94.0,"LONGEST_MATCH":6.0}},{"firstSubmission":"HASAN_KHALILOV","secondSubmission":"ALISA_IDA_DELEON","similarities":{"AVG":0.13725490196078433,"MAX":0.1891891891891892,"MAXIMUM_LENGTH":132.0,"LONGEST_MATCH":8.0}},{"firstSubmission":"ALISA_IDA_DELEON","secondSubmission":"GPT","similarities":{"AVG":0.13636363636363635,"MAX":0.13846153846153847,"MAXIMUM_LENGTH":136.0,"LONGEST_MATCH":6.0}},{"firstSubmission":"MEHMET_OGUZHAN_MEMIS","secondSubmission":"EYLUL_SUICMEZ","similarities":{"AVG":0.1322314049586777,"MAX":0.17391304347826086,"MAXIMUM_LENGTH":152.0,"LONGEST_MATCH":10.0}},{"firstSubmission":"KARDELEN_KARTAL","secondSubmission":"CAGATAY_YUREKLI","similarities":{"AVG":0.12709030100334448,"MAX":0.1958762886597938,"MAXIMUM_LENGTH":204.0,"LONGEST_MATCH":7.0}},{"firstSubmission":"TARIK_SERTVURAN","secondSubmission":"ALI_OZUER","similarities":{"AVG":0.1254355400696864,"MAX":0.140625,"MAXIMUM_LENGTH":161.0,"LONGEST_MATCH":10.0}},{"firstSubmission":"MUHAMMED_ENES_CAM","secondSubmission":"ZEYNEP_ECE_BIKEZ","similarities":{"AVG":0.1232876712328767,"MAX":0.16822429906542055,"MAXIMUM_LENGTH":187.0,"LONGEST_MATCH":6.0}},{"firstSubmission":"BAHAR_CETIN_ASLAN","secondSubmission":"KENAN_OZCAKIR","similarities":{"AVG":0.12017167381974249,"MAX":0.14893617021276595,"MAXIMUM_LENGTH":141.0,"LONGEST_MATCH":8.0}},{"firstSubmission":"MEHMET_OGUZHAN_MEMIS","secondSubmission":"UMUT_ERTUGRUL_DASGIN","similarities":{"AVG":0.11857707509881422,"MAX":0.16304347826086957,"MAXIMUM_LENGTH":163.0,"LONGEST_MATCH":8.0}},{"firstSubmission":"MUHAMMED_ENES_CAM","secondSubmission":"ALISA_IDA_DELEON","similarities":{"AVG":0.11814345991561181,"MAX":0.1308411214953271,"MAXIMUM_LENGTH":132.0,"LONGEST_MATCH":8.0}},{"firstSubmission":"MERT_ACAR","secondSubmission":"AGAH_DEMIR_GOK","similarities":{"AVG":0.11764705882352941,"MAX":0.14285714285714285,"MAXIMUM_LENGTH":192.0,"LONGEST_MATCH":7.0}},{"firstSubmission":"ALISA_IDA_DELEON","secondSubmission":"ALI_OZUER","similarities":{"AVG":0.11764705882352941,"MAX":0.13076923076923078,"MAXIMUM_LENGTH":161.0,"LONGEST_MATCH":10.0}},{"firstSubmission":"BAHAR_CETIN_ASLAN","secondSubmission":"TARIK_SERTVURAN","similarities":{"AVG":0.11711711711711711,"MAX":0.13829787234042554,"MAXIMUM_LENGTH":136.0,"LONGEST_MATCH":7.0}},{"firstSubmission":"HASAN_KHALILOV","secondSubmission":"MERT_ACAR","similarities":{"AVG":0.11594202898550725,"MAX":0.16216216216216217,"MAXIMUM_LENGTH":140.0,"LONGEST_MATCH":6.0}},{"firstSubmission":"ALISA_IDA_DELEON","secondSubmission":"EYLUL_SUICMEZ","similarities":{"AVG":0.11428571428571428,"MAX":0.12307692307692308,"MAXIMUM_LENGTH":152.0,"LONGEST_MATCH":9.0}},{"firstSubmission":"KAMI_AVCI","secondSubmission":"CAGATAY_YUREKLI","similarities":{"AVG":0.11387900355871886,"MAX":0.20253164556962025,"MAXIMUM_LENGTH":204.0,"LONGEST_MATCH":10.0}},{"firstSubmission":"BAHAR_CETIN_ASLAN","secondSubmission":"YUSUF_KULLUK","similarities":{"AVG":0.11382113821138211,"MAX":0.14893617021276595,"MAXIMUM_LENGTH":154.0,"LONGEST_MATCH":8.0}},{"firstSubmission":"MERT_ACAR","secondSubmission":"ZEYNEP_ECE_BIKEZ","similarities":{"AVG":0.11320754716981132,"MAX":0.13533834586466165,"MAXIMUM_LENGTH":187.0,"LONGEST_MATCH":6.0}},{"firstSubmission":"MEHMET_OGUZHAN_MEMIS","secondSubmission":"ALI_OZUER","similarities":{"AVG":0.11155378486055777,"MAX":0.15217391304347827,"MAXIMUM_LENGTH":161.0,"LONGEST_MATCH":8.0}},{"firstSubmission":"PELIN_GORER","secondSubmission":"UMUT_ERTUGRUL_DASGIN","similarities":{"AVG":0.1111111111111111,"MAX":0.11724137931034483,"MAXIMUM_LENGTH":163.0,"LONGEST_MATCH":10.0}},{"firstSubmission":"MERT_ACAR","secondSubmission":"KENAN_OZCAKIR","similarities":{"AVG":0.11029411764705882,"MAX":0.11278195488721804,"MAXIMUM_LENGTH":141.0,"LONGEST_MATCH":8.0}},{"firstSubmission":"MUHAMMED_ENES_CAM","secondSubmission":"MERT_ACAR","similarities":{"AVG":0.10833333333333334,"MAX":0.12149532710280374,"MAXIMUM_LENGTH":140.0,"LONGEST_MATCH":7.0}},{"firstSubmission":"HASAN_KHALILOV","secondSubmission":"BAHAR_CETIN_ASLAN","similarities":{"AVG":0.10714285714285714,"MAX":0.12162162162162163,"MAXIMUM_LENGTH":96.0,"LONGEST_MATCH":9.0}},{"firstSubmission":"BAHAR_CETIN_ASLAN","secondSubmission":"AGAH_DEMIR_GOK","similarities":{"AVG":0.1056338028169014,"MAX":0.1595744680851064,"MAXIMUM_LENGTH":192.0,"LONGEST_MATCH":8.0}},{"firstSubmission":"KARDELEN_KARTAL","secondSubmission":"MERT_ACAR","similarities":{"AVG":0.10434782608695652,"MAX":0.12371134020618557,"MAXIMUM_LENGTH":140.0,"LONGEST_MATCH":6.0}},{"firstSubmission":"BAHAR_CETIN_ASLAN","secondSubmission":"UMUT_ERTUGRUL_DASGIN","similarities":{"AVG":0.10196078431372549,"MAX":0.13829787234042554,"MAXIMUM_LENGTH":163.0,"LONGEST_MATCH":7.0}},{"firstSubmission":"ALISA_IDA_DELEON","secondSubmission":"AGAH_DEMIR_GOK","similarities":{"AVG":0.1,"MAX":0.12307692307692308,"MAXIMUM_LENGTH":192.0,"LONGEST_MATCH":10.0}},{"firstSubmission":"MERT_ACAR","secondSubmission":"UMUT_ERTUGRUL_DASGIN","similarities":{"AVG":0.09523809523809523,"MAX":0.10526315789473684,"MAXIMUM_LENGTH":163.0,"LONGEST_MATCH":7.0}},{"firstSubmission":"MEHMET_OGUZHAN_MEMIS","secondSubmission":"CAGATAY_YUREKLI","similarities":{"AVG":0.09523809523809523,"MAX":0.15217391304347827,"MAXIMUM_LENGTH":204.0,"LONGEST_MATCH":7.0}},{"firstSubmission":"MERT_ACAR","secondSubmission":"YUSUF_KULLUK","similarities":{"AVG":0.0912280701754386,"MAX":0.09774436090225563,"MAXIMUM_LENGTH":154.0,"LONGEST_MATCH":7.0}},{"firstSubmission":"HASAN_KHALILOV","secondSubmission":"ATAKAN_NAKTURK","similarities":{"AVG":0.09027777777777778,"MAX":0.17567567567567569,"MAXIMUM_LENGTH":216.0,"LONGEST_MATCH":7.0}},{"firstSubmission":"MERT_ACAR","secondSubmission":"ALI_OZUER","similarities":{"AVG":0.08904109589041095,"MAX":0.09774436090225563,"MAXIMUM_LENGTH":161.0,"LONGEST_MATCH":7.0}},{"firstSubmission":"TARIK_SERTVURAN","secondSubmission":"PELIN_GORER","similarities":{"AVG":0.08791208791208792,"MAX":0.09375,"MAXIMUM_LENGTH":147.0,"LONGEST_MATCH":6.0}},{"firstSubmission":"BAHAR_CETIN_ASLAN","secondSubmission":"CAGATAY_YUREKLI","similarities":{"AVG":0.08108108108108109,"MAX":0.1276595744680851,"MAXIMUM_LENGTH":204.0,"LONGEST_MATCH":6.0}},{"firstSubmission":"MERT_ACAR","secondSubmission":"ATAKAN_NAKTURK","similarities":{"AVG":0.07492795389048991,"MAX":0.09774436090225563,"MAXIMUM_LENGTH":216.0,"LONGEST_MATCH":7.0}},{"firstSubmission":"TARIK_SERTVURAN","secondSubmission":"ATAKAN_NAKTURK","similarities":{"AVG":0.07017543859649122,"MAX":0.09375,"MAXIMUM_LENGTH":216.0,"LONGEST_MATCH":6.0}},{"firstSubmission":"ALISA_IDA_DELEON","secondSubmission":"ZEYNEP_ECE_BIKEZ","similarities":{"AVG":0.06984126984126984,"MAX":0.08461538461538462,"MAXIMUM_LENGTH":187.0,"LONGEST_MATCH":11.0}},{"firstSubmission":"ALISA_IDA_DELEON","secondSubmission":"ATAKAN_NAKTURK","similarities":{"AVG":0.06976744186046512,"MAX":0.09230769230769231,"MAXIMUM_LENGTH":216.0,"LONGEST_MATCH":6.0}},{"firstSubmission":"KAMI_AVCI","secondSubmission":"BAHAR_CETIN_ASLAN","similarities":{"AVG":0.06936416184971098,"MAX":0.0759493670886076,"MAXIMUM_LENGTH":96.0,"LONGEST_MATCH":6.0}},{"firstSubmission":"MEHMET_OGUZHAN_MEMIS","secondSubmission":"ALISA_IDA_DELEON","similarities":{"AVG":0.06306306306306306,"MAX":0.07608695652173914,"MAXIMUM_LENGTH":132.0,"LONGEST_MATCH":7.0}},{"firstSubmission":"BAHAR_CETIN_ASLAN","secondSubmission":"KARDELEN_KARTAL","similarities":{"AVG":0.06282722513089005,"MAX":0.06382978723404255,"MAXIMUM_LENGTH":99.0,"LONGEST_MATCH":6.0}},{"firstSubmission":"MEHMET_OGUZHAN_MEMIS","secondSubmission":"TARIK_SERTVURAN","similarities":{"AVG":0.05454545454545454,"MAX":0.06521739130434782,"MAXIMUM_LENGTH":136.0,"LONGEST_MATCH":6.0}},{"firstSubmission":"BAHAR_CETIN_ASLAN","secondSubmission":"ALISA_IDA_DELEON","similarities":{"AVG":0.05357142857142857,"MAX":0.06382978723404255,"MAXIMUM_LENGTH":132.0,"LONGEST_MATCH":6.0}},{"firstSubmission":"MEHMET_OGUZHAN_MEMIS","secondSubmission":"GPT","similarities":{"AVG":0.05309734513274336,"MAX":0.06521739130434782,"MAXIMUM_LENGTH":136.0,"LONGEST_MATCH":6.0}},{"firstSubmission":"BAHAR_CETIN_ASLAN","secondSubmission":"PELIN_GORER","similarities":{"AVG":0.0502092050209205,"MAX":0.06382978723404255,"MAXIMUM_LENGTH":147.0,"LONGEST_MATCH":6.0}},{"firstSubmission":"GPT","secondSubmission":"MERT_ACAR","similarities":{"AVG":0.0449438202247191,"MAX":0.045112781954887216,"MAXIMUM_LENGTH":140.0,"LONGEST_MATCH":6.0}},{"firstSubmission":"MERT_ACAR","secondSubmission":"EYLUL_SUICMEZ","similarities":{"AVG":0.04240282685512368,"MAX":0.045112781954887216,"MAXIMUM_LENGTH":152.0,"LONGEST_MATCH":6.0}},{"firstSubmission":"MERT_ACAR","secondSubmission":"CAGATAY_YUREKLI","similarities":{"AVG":0.041791044776119404,"MAX":0.05263157894736842,"MAXIMUM_LENGTH":204.0,"LONGEST_MATCH":7.0}},{"firstSubmission":"BAHAR_CETIN_ASLAN","secondSubmission":"ZEYNEP_ECE_BIKEZ","similarities":{"AVG":0.0,"MAX":0.0,"MAXIMUM_LENGTH":187.0,"LONGEST_MATCH":0.0}},{"firstSubmission":"BAHAR_CETIN_ASLAN","secondSubmission":"ELIF_KAYAR","similarities":{"AVG":0.0,"MAX":0.0,"MAXIMUM_LENGTH":139.0,"LONGEST_MATCH":0.0}},{"firstSubmission":"ELIF_KAYAR","secondSubmission":"MERT_ACAR","similarities":{"AVG":0.0,"MAX":0.0,"MAXIMUM_LENGTH":140.0,"LONGEST_MATCH":0.0}},{"firstSubmission":"BAHAR_CETIN_ASLAN","secondSubmission":"MERT_ACAR","similarities":{"AVG":0.0,"MAX":0.0,"MAXIMUM_LENGTH":140.0,"LONGEST_MATCH":0.0}},{"firstSubmission":"MEHMET_OGUZHAN_MEMIS","secondSubmission":"BAHAR_CETIN_ASLAN","similarities":{"AVG":0.0,"MAX":0.0,"MAXIMUM_LENGTH":96.0,"LONGEST_MATCH":0.0}},{"firstSubmission":"MERT_ACAR","secondSubmission":"PELIN_GORER","similarities":{"AVG":0.0,"MAX":0.0,"MAXIMUM_LENGTH":147.0,"LONGEST_MATCH":0.0}},{"firstSubmission":"MERT_ACAR","secondSubmission":"SAFA_GOKALP_UGUR","similarities":{"AVG":0.0,"MAX":0.0,"MAXIMUM_LENGTH":166.0,"LONGEST_MATCH":0.0}},{"firstSubmission":"MERT_ACAR","secondSubmission":"CLAUDE","similarities":{"AVG":0.0,"MAX":0.0,"MAXIMUM_LENGTH":200.0,"LONGEST_MATCH":0.0}},{"firstSubmission":"MEHMET_OGUZHAN_MEMIS","secondSubmission":"MERT_ACAR","similarities":{"AVG":0.0,"MAX":0.0,"MAXIMUM_LENGTH":140.0,"LONGEST_MATCH":0.0}},{"firstSubmission":"KAMI_AVCI","secondSubmission":"MERT_ACAR","similarities":{"AVG":0.0,"MAX":0.0,"MAXIMUM_LENGTH":140.0,"LONGEST_MATCH":0.0}}]