{"jplag_version":{"major":4,"minor":3,"patch":0},"submission_folder_path":["/home/bestsithineu/Desktop/CSE211-Fall25/section1/labwork2-Even"],"base_code_folder_path":"base","language":"C/C++ Scanner [basic markup]","file_extensions":[".tpp",".cpp"],"submission_id_to_display_name":{"TEMMUZ_AKYOL":"TEMMUZ_AKYOL","ALGUHAN_KURULAR":"ALGUHAN_KURULAR","EYLUL_COSKUN":"EYLUL_COSKUN","DENIZ_KAYRA_AYDIN":"DENIZ_KAYRA_AYDIN","ALP_EMRE_BAYBUGA":"ALP_EMRE_BAYBUGA","GPT":"GPT","AYSE_ALKAN":"AYSE_ALKAN","CEYDA_SENAY":"CEYDA_SENAY","OMER_FARUK_GUCER":"OMER_FARUK_GUCER","MERTCAN_ARSLAN":"MERTCAN_ARSLAN","ISMAIL_EFE_YALCINKAYA":"ISMAIL_EFE_YALCINKAYA","EMRE_ERGUL":"EMRE_ERGUL","DEMIR_OZHAN":"DEMIR_OZHAN","YUSUF_ISA_ZERENUZ":"YUSUF_ISA_ZERENUZ","ERDAL_DENIZ_OZBEY":"ERDAL_DENIZ_OZBEY","HIRANUR_DENIZ":"HIRANUR_DENIZ","EDHEM_TATAR":"EDHEM_TATAR","AHMET_ZEKI_IHTIYAROGLU":"AHMET_ZEKI_IHTIYAROGLU","ALP_DIKMEN":"ALP_DIKMEN","CLAUDE":"CLAUDE","EREN_KOCAGOKCEN":"EREN_KOCAGOKCEN","BORA_ERDEM_ALAN":"BORA_ERDEM_ALAN","SERHAT_YUNUSEMRE_KALPAKLI":"SERHAT_YUNUSEMRE_KALPAKLI"},"submission_ids_to_comparison_file_name":{"TEMMUZ_AKYOL":{"ALGUHAN_KURULAR":"ALGUHAN_KURULAR-TEMMUZ_AKYOL.json","MERTCAN_ARSLAN":"MERTCAN_ARSLAN-TEMMUZ_AKYOL.json","ISMAIL_EFE_YALCINKAYA":"ISMAIL_EFE_YALCINKAYA-TEMMUZ_AKYOL.json","EMRE_ERGUL":"TEMMUZ_AKYOL-EMRE_ERGUL.json","DEMIR_OZHAN":"DEMIR_OZHAN-TEMMUZ_AKYOL.json","DENIZ_KAYRA_AYDIN":"DENIZ_KAYRA_AYDIN-TEMMUZ_AKYOL.json","AYSE_ALKAN":"TEMMUZ_AKYOL-AYSE_ALKAN.json","CLAUDE":"TEMMUZ_AKYOL-CLAUDE.json","BORA_ERDEM_ALAN":"BORA_ERDEM_ALAN-TEMMUZ_AKYOL.json","ALP_DIKMEN":"TEMMUZ_AKYOL-ALP_DIKMEN.json","SERHAT_YUNUSEMRE_KALPAKLI":"TEMMUZ_AKYOL-SERHAT_YUNUSEMRE_KALPAKLI.json"},"ALGUHAN_KURULAR":{"TEMMUZ_AKYOL":"ALGUHAN_KURULAR-TEMMUZ_AKYOL.json","EYLUL_COSKUN":"ALGUHAN_KURULAR-EYLUL_COSKUN.json","DENIZ_KAYRA_AYDIN":"ALGUHAN_KURULAR-DENIZ_KAYRA_AYDIN.json","ALP_EMRE_BAYBUGA":"ALGUHAN_KURULAR-ALP_EMRE_BAYBUGA.json","GPT":"ALGUHAN_KURULAR-GPT.json","AYSE_ALKAN":"ALGUHAN_KURULAR-AYSE_ALKAN.json","CEYDA_SENAY":"ALGUHAN_KURULAR-CEYDA_SENAY.json","OMER_FARUK_GUCER":"ALGUHAN_KURULAR-OMER_FARUK_GUCER.json","MERTCAN_ARSLAN":"MERTCAN_ARSLAN-ALGUHAN_KURULAR.json","ISMAIL_EFE_YALCINKAYA":"ALGUHAN_KURULAR-ISMAIL_EFE_YALCINKAYA.json","EMRE_ERGUL":"ALGUHAN_KURULAR-EMRE_ERGUL.json","DEMIR_OZHAN":"ALGUHAN_KURULAR-DEMIR_OZHAN.json","YUSUF_ISA_ZERENUZ":"ALGUHAN_KURULAR-YUSUF_ISA_ZERENUZ.json","HIRANUR_DENIZ":"HIRANUR_DENIZ-ALGUHAN_KURULAR.json","ERDAL_DENIZ_OZBEY":"ALGUHAN_KURULAR-ERDAL_DENIZ_OZBEY.json","AHMET_ZEKI_IHTIYAROGLU":"ALGUHAN_KURULAR-AHMET_ZEKI_IHTIYAROGLU.json","EDHEM_TATAR":"ALGUHAN_KURULAR-EDHEM_TATAR.json","ALP_DIKMEN":"ALGUHAN_KURULAR-ALP_DIKMEN.json","EREN_KOCAGOKCEN":"EREN_KOCAGOKCEN-ALGUHAN_KURULAR.json","BORA_ERDEM_ALAN":"ALGUHAN_KURULAR-BORA_ERDEM_ALAN.json","CLAUDE":"ALGUHAN_KURULAR-CLAUDE.json","SERHAT_YUNUSEMRE_KALPAKLI":"ALGUHAN_KURULAR-SERHAT_YUNUSEMRE_KALPAKLI.json"},"EYLUL_COSKUN":{"MERTCAN_ARSLAN":"MERTCAN_ARSLAN-EYLUL_COSKUN.json","ALGUHAN_KURULAR":"ALGUHAN_KURULAR-EYLUL_COSKUN.json","EMRE_ERGUL":"EYLUL_COSKUN-EMRE_ERGUL.json"},"DENIZ_KAYRA_AYDIN":{"OMER_FARUK_GUCER":"DENIZ_KAYRA_AYDIN-OMER_FARUK_GUCER.json","TEMMUZ_AKYOL":"DENIZ_KAYRA_AYDIN-TEMMUZ_AKYOL.json","ALGUHAN_KURULAR":"ALGUHAN_KURULAR-DENIZ_KAYRA_AYDIN.json","MERTCAN_ARSLAN":"MERTCAN_ARSLAN-DENIZ_KAYRA_AYDIN.json","EMRE_ERGUL":"DENIZ_KAYRA_AYDIN-EMRE_ERGUL.json","AHMET_ZEKI_IHTIYAROGLU":"DENIZ_KAYRA_AYDIN-AHMET_ZEKI_IHTIYAROGLU.json","AYSE_ALKAN":"DENIZ_KAYRA_AYDIN-AYSE_ALKAN.json","ALP_DIKMEN":"DENIZ_KAYRA_AYDIN-ALP_DIKMEN.json","CLAUDE":"DENIZ_KAYRA_AYDIN-CLAUDE.json"},"ALP_EMRE_BAYBUGA":{"ALGUHAN_KURULAR":"ALGUHAN_KURULAR-ALP_EMRE_BAYBUGA.json","MERTCAN_ARSLAN":"MERTCAN_ARSLAN-ALP_EMRE_BAYBUGA.json","EMRE_ERGUL":"ALP_EMRE_BAYBUGA-EMRE_ERGUL.json","CLAUDE":"ALP_EMRE_BAYBUGA-CLAUDE.json"},"GPT":{"ALGUHAN_KURULAR":"ALGUHAN_KURULAR-GPT.json","MERTCAN_ARSLAN":"MERTCAN_ARSLAN-GPT.json","EMRE_ERGUL":"EMRE_ERGUL-GPT.json","AYSE_ALKAN":"GPT-AYSE_ALKAN.json"},"AYSE_ALKAN":{"TEMMUZ_AKYOL":"TEMMUZ_AKYOL-AYSE_ALKAN.json","MERTCAN_ARSLAN":"MERTCAN_ARSLAN-AYSE_ALKAN.json","ALGUHAN_KURULAR":"ALGUHAN_KURULAR-AYSE_ALKAN.json","EMRE_ERGUL":"EMRE_ERGUL-AYSE_ALKAN.json","DENIZ_KAYRA_AYDIN":"DENIZ_KAYRA_AYDIN-AYSE_ALKAN.json","GPT":"GPT-AYSE_ALKAN.json","ERDAL_DENIZ_OZBEY":"ERDAL_DENIZ_OZBEY-AYSE_ALKAN.json","EDHEM_TATAR":"EDHEM_TATAR-AYSE_ALKAN.json","CLAUDE":"CLAUDE-AYSE_ALKAN.json"},"CEYDA_SENAY":{"ALGUHAN_KURULAR":"ALGUHAN_KURULAR-CEYDA_SENAY.json","MERTCAN_ARSLAN":"MERTCAN_ARSLAN-CEYDA_SENAY.json","EMRE_ERGUL":"EMRE_ERGUL-CEYDA_SENAY.json","YUSUF_ISA_ZERENUZ":"YUSUF_ISA_ZERENUZ-CEYDA_SENAY.json"},"OMER_FARUK_GUCER":{"MERTCAN_ARSLAN":"MERTCAN_ARSLAN-OMER_FARUK_GUCER.json","ALGUHAN_KURULAR":"ALGUHAN_KURULAR-OMER_FARUK_GUCER.json","ISMAIL_EFE_YALCINKAYA":"ISMAIL_EFE_YALCINKAYA-OMER_FARUK_GUCER.json","EMRE_ERGUL":"OMER_FARUK_GUCER-EMRE_ERGUL.json","DENIZ_KAYRA_AYDIN":"DENIZ_KAYRA_AYDIN-OMER_FARUK_GUCER.json","YUSUF_ISA_ZERENUZ":"OMER_FARUK_GUCER-YUSUF_ISA_ZERENUZ.json","AHMET_ZEKI_IHTIYAROGLU":"OMER_FARUK_GUCER-AHMET_ZEKI_IHTIYAROGLU.json","BORA_ERDEM_ALAN":"BORA_ERDEM_ALAN-OMER_FARUK_GUCER.json","CLAUDE":"OMER_FARUK_GUCER-CLAUDE.json"},"MERTCAN_ARSLAN":{"TEMMUZ_AKYOL":"MERTCAN_ARSLAN-TEMMUZ_AKYOL.json","ALGUHAN_KURULAR":"MERTCAN_ARSLAN-ALGUHAN_KURULAR.json","EYLUL_COSKUN":"MERTCAN_ARSLAN-EYLUL_COSKUN.json","DENIZ_KAYRA_AYDIN":"MERTCAN_ARSLAN-DENIZ_KAYRA_AYDIN.json","ALP_EMRE_BAYBUGA":"MERTCAN_ARSLAN-ALP_EMRE_BAYBUGA.json","GPT":"MERTCAN_ARSLAN-GPT.json","AYSE_ALKAN":"MERTCAN_ARSLAN-AYSE_ALKAN.json","CEYDA_SENAY":"MERTCAN_ARSLAN-CEYDA_SENAY.json","OMER_FARUK_GUCER":"MERTCAN_ARSLAN-OMER_FARUK_GUCER.json","ISMAIL_EFE_YALCINKAYA":"MERTCAN_ARSLAN-ISMAIL_EFE_YALCINKAYA.json","EMRE_ERGUL":"MERTCAN_ARSLAN-EMRE_ERGUL.json","DEMIR_OZHAN":"MERTCAN_ARSLAN-DEMIR_OZHAN.json","YUSUF_ISA_ZERENUZ":"MERTCAN_ARSLAN-YUSUF_ISA_ZERENUZ.json","HIRANUR_DENIZ":"MERTCAN_ARSLAN-HIRANUR_DENIZ.json","ERDAL_DENIZ_OZBEY":"MERTCAN_ARSLAN-ERDAL_DENIZ_OZBEY.json","EDHEM_TATAR":"MERTCAN_ARSLAN-EDHEM_TATAR.json","AHMET_ZEKI_IHTIYAROGLU":"MERTCAN_ARSLAN-AHMET_ZEKI_IHTIYAROGLU.json","ALP_DIKMEN":"MERTCAN_ARSLAN-ALP_DIKMEN.json","CLAUDE":"MERTCAN_ARSLAN-CLAUDE.json","EREN_KOCAGOKCEN":"EREN_KOCAGOKCEN-MERTCAN_ARSLAN.json","BORA_ERDEM_ALAN":"MERTCAN_ARSLAN-BORA_ERDEM_ALAN.json","SERHAT_YUNUSEMRE_KALPAKLI":"MERTCAN_ARSLAN-SERHAT_YUNUSEMRE_KALPAKLI.json"},"ISMAIL_EFE_YALCINKAYA":{"TEMMUZ_AKYOL":"ISMAIL_EFE_YALCINKAYA-TEMMUZ_AKYOL.json","OMER_FARUK_GUCER":"ISMAIL_EFE_YALCINKAYA-OMER_FARUK_GUCER.json","ALGUHAN_KURULAR":"ALGUHAN_KURULAR-ISMAIL_EFE_YALCINKAYA.json","MERTCAN_ARSLAN":"MERTCAN_ARSLAN-ISMAIL_EFE_YALCINKAYA.json","EMRE_ERGUL":"ISMAIL_EFE_YALCINKAYA-EMRE_ERGUL.json","AHMET_ZEKI_IHTIYAROGLU":"ISMAIL_EFE_YALCINKAYA-AHMET_ZEKI_IHTIYAROGLU.json","ALP_DIKMEN":"ISMAIL_EFE_YALCINKAYA-ALP_DIKMEN.json","SERHAT_YUNUSEMRE_KALPAKLI":"ISMAIL_EFE_YALCINKAYA-SERHAT_YUNUSEMRE_KALPAKLI.json"},"EMRE_ERGUL":{"TEMMUZ_AKYOL":"TEMMUZ_AKYOL-EMRE_ERGUL.json","ALGUHAN_KURULAR":"ALGUHAN_KURULAR-EMRE_ERGUL.json","EYLUL_COSKUN":"EYLUL_COSKUN-EMRE_ERGUL.json","DENIZ_KAYRA_AYDIN":"DENIZ_KAYRA_AYDIN-EMRE_ERGUL.json","ALP_EMRE_BAYBUGA":"ALP_EMRE_BAYBUGA-EMRE_ERGUL.json","GPT":"EMRE_ERGUL-GPT.json","AYSE_ALKAN":"EMRE_ERGUL-AYSE_ALKAN.json","CEYDA_SENAY":"EMRE_ERGUL-CEYDA_SENAY.json","OMER_FARUK_GUCER":"OMER_FARUK_GUCER-EMRE_ERGUL.json","MERTCAN_ARSLAN":"MERTCAN_ARSLAN-EMRE_ERGUL.json","ISMAIL_EFE_YALCINKAYA":"ISMAIL_EFE_YALCINKAYA-EMRE_ERGUL.json","DEMIR_OZHAN":"DEMIR_OZHAN-EMRE_ERGUL.json","YUSUF_ISA_ZERENUZ":"YUSUF_ISA_ZERENUZ-EMRE_ERGUL.json","HIRANUR_DENIZ":"HIRANUR_DENIZ-EMRE_ERGUL.json","ERDAL_DENIZ_OZBEY":"ERDAL_DENIZ_OZBEY-EMRE_ERGUL.json","EDHEM_TATAR":"EMRE_ERGUL-EDHEM_TATAR.json","AHMET_ZEKI_IHTIYAROGLU":"EMRE_ERGUL-AHMET_ZEKI_IHTIYAROGLU.json","BORA_ERDEM_ALAN":"BORA_ERDEM_ALAN-EMRE_ERGUL.json","ALP_DIKMEN":"EMRE_ERGUL-ALP_DIKMEN.json","EREN_KOCAGOKCEN":"EREN_KOCAGOKCEN-EMRE_ERGUL.json","CLAUDE":"EMRE_ERGUL-CLAUDE.json","SERHAT_YUNUSEMRE_KALPAKLI":"EMRE_ERGUL-SERHAT_YUNUSEMRE_KALPAKLI.json"},"DEMIR_OZHAN":{"TEMMUZ_AKYOL":"DEMIR_OZHAN-TEMMUZ_AKYOL.json","MERTCAN_ARSLAN":"MERTCAN_ARSLAN-DEMIR_OZHAN.json","ALGUHAN_KURULAR":"ALGUHAN_KURULAR-DEMIR_OZHAN.json","EMRE_ERGUL":"DEMIR_OZHAN-EMRE_ERGUL.json","ALP_DIKMEN":"DEMIR_OZHAN-ALP_DIKMEN.json","BORA_ERDEM_ALAN":"BORA_ERDEM_ALAN-DEMIR_OZHAN.json"},"YUSUF_ISA_ZERENUZ":{"OMER_FARUK_GUCER":"OMER_FARUK_GUCER-YUSUF_ISA_ZERENUZ.json","ALGUHAN_KURULAR":"ALGUHAN_KURULAR-YUSUF_ISA_ZERENUZ.json","MERTCAN_ARSLAN":"MERTCAN_ARSLAN-YUSUF_ISA_ZERENUZ.json","EMRE_ERGUL":"YUSUF_ISA_ZERENUZ-EMRE_ERGUL.json","BORA_ERDEM_ALAN":"BORA_ERDEM_ALAN-YUSUF_ISA_ZERENUZ.json","CEYDA_SENAY":"YUSUF_ISA_ZERENUZ-CEYDA_SENAY.json"},"HIRANUR_DENIZ":{"MERTCAN_ARSLAN":"MERTCAN_ARSLAN-HIRANUR_DENIZ.json","ALGUHAN_KURULAR":"HIRANUR_DENIZ-ALGUHAN_KURULAR.json","EMRE_ERGUL":"HIRANUR_DENIZ-EMRE_ERGUL.json"},"ERDAL_DENIZ_OZBEY":{"ALGUHAN_KURULAR":"ALGUHAN_KURULAR-ERDAL_DENIZ_OZBEY.json","MERTCAN_ARSLAN":"MERTCAN_ARSLAN-ERDAL_DENIZ_OZBEY.json","EMRE_ERGUL":"ERDAL_DENIZ_OZBEY-EMRE_ERGUL.json","AYSE_ALKAN":"ERDAL_DENIZ_OZBEY-AYSE_ALKAN.json"},"EDHEM_TATAR":{"MERTCAN_ARSLAN":"MERTCAN_ARSLAN-EDHEM_TATAR.json","ALGUHAN_KURULAR":"ALGUHAN_KURULAR-EDHEM_TATAR.json","EMRE_ERGUL":"EMRE_ERGUL-EDHEM_TATAR.json","AYSE_ALKAN":"EDHEM_TATAR-AYSE_ALKAN.json","CLAUDE":"EDHEM_TATAR-CLAUDE.json"},"AHMET_ZEKI_IHTIYAROGLU":{"OMER_FARUK_GUCER":"OMER_FARUK_GUCER-AHMET_ZEKI_IHTIYAROGLU.json","ALGUHAN_KURULAR":"ALGUHAN_KURULAR-AHMET_ZEKI_IHTIYAROGLU.json","MERTCAN_ARSLAN":"MERTCAN_ARSLAN-AHMET_ZEKI_IHTIYAROGLU.json","ISMAIL_EFE_YALCINKAYA":"ISMAIL_EFE_YALCINKAYA-AHMET_ZEKI_IHTIYAROGLU.json","EMRE_ERGUL":"EMRE_ERGUL-AHMET_ZEKI_IHTIYAROGLU.json","DENIZ_KAYRA_AYDIN":"DENIZ_KAYRA_AYDIN-AHMET_ZEKI_IHTIYAROGLU.json","CLAUDE":"AHMET_ZEKI_IHTIYAROGLU-CLAUDE.json","SERHAT_YUNUSEMRE_KALPAKLI":"AHMET_ZEKI_IHTIYAROGLU-SERHAT_YUNUSEMRE_KALPAKLI.json"},"CLAUDE":{"TEMMUZ_AKYOL":"TEMMUZ_AKYOL-CLAUDE.json","OMER_FARUK_GUCER":"OMER_FARUK_GUCER-CLAUDE.json","MERTCAN_ARSLAN":"MERTCAN_ARSLAN-CLAUDE.json","ALGUHAN_KURULAR":"ALGUHAN_KURULAR-CLAUDE.json","EMRE_ERGUL":"EMRE_ERGUL-CLAUDE.json","DENIZ_KAYRA_AYDIN":"DENIZ_KAYRA_AYDIN-CLAUDE.json","ALP_EMRE_BAYBUGA":"ALP_EMRE_BAYBUGA-CLAUDE.json","AYSE_ALKAN":"CLAUDE-AYSE_ALKAN.json","EDHEM_TATAR":"EDHEM_TATAR-CLAUDE.json","AHMET_ZEKI_IHTIYAROGLU":"AHMET_ZEKI_IHTIYAROGLU-CLAUDE.json","SERHAT_YUNUSEMRE_KALPAKLI":"SERHAT_YUNUSEMRE_KALPAKLI-CLAUDE.json"},"ALP_DIKMEN":{"TEMMUZ_AKYOL":"TEMMUZ_AKYOL-ALP_DIKMEN.json","MERTCAN_ARSLAN":"MERTCAN_ARSLAN-ALP_DIKMEN.json","ALGUHAN_KURULAR":"ALGUHAN_KURULAR-ALP_DIKMEN.json","ISMAIL_EFE_YALCINKAYA":"ISMAIL_EFE_YALCINKAYA-ALP_DIKMEN.json","EMRE_ERGUL":"EMRE_ERGUL-ALP_DIKMEN.json","DEMIR_OZHAN":"DEMIR_OZHAN-ALP_DIKMEN.json","DENIZ_KAYRA_AYDIN":"DENIZ_KAYRA_AYDIN-ALP_DIKMEN.json","BORA_ERDEM_ALAN":"BORA_ERDEM_ALAN-ALP_DIKMEN.json","SERHAT_YUNUSEMRE_KALPAKLI":"ALP_DIKMEN-SERHAT_YUNUSEMRE_KALPAKLI.json"},"BORA_ERDEM_ALAN":{"OMER_FARUK_GUCER":"BORA_ERDEM_ALAN-OMER_FARUK_GUCER.json","TEMMUZ_AKYOL":"BORA_ERDEM_ALAN-TEMMUZ_AKYOL.json","ALGUHAN_KURULAR":"ALGUHAN_KURULAR-BORA_ERDEM_ALAN.json","MERTCAN_ARSLAN":"MERTCAN_ARSLAN-BORA_ERDEM_ALAN.json","EMRE_ERGUL":"BORA_ERDEM_ALAN-EMRE_ERGUL.json","DEMIR_OZHAN":"BORA_ERDEM_ALAN-DEMIR_OZHAN.json","YUSUF_ISA_ZERENUZ":"BORA_ERDEM_ALAN-YUSUF_ISA_ZERENUZ.json","ALP_DIKMEN":"BORA_ERDEM_ALAN-ALP_DIKMEN.json","SERHAT_YUNUSEMRE_KALPAKLI":"BORA_ERDEM_ALAN-SERHAT_YUNUSEMRE_KALPAKLI.json"},"EREN_KOCAGOKCEN":{"MERTCAN_ARSLAN":"EREN_KOCAGOKCEN-MERTCAN_ARSLAN.json","ALGUHAN_KURULAR":"EREN_KOCAGOKCEN-ALGUHAN_KURULAR.json","EMRE_ERGUL":"EREN_KOCAGOKCEN-EMRE_ERGUL.json"},"SERHAT_YUNUSEMRE_KALPAKLI":{"TEMMUZ_AKYOL":"TEMMUZ_AKYOL-SERHAT_YUNUSEMRE_KALPAKLI.json","MERTCAN_ARSLAN":"MERTCAN_ARSLAN-SERHAT_YUNUSEMRE_KALPAKLI.json","ALGUHAN_KURULAR":"ALGUHAN_KURULAR-SERHAT_YUNUSEMRE_KALPAKLI.json","ISMAIL_EFE_YALCINKAYA":"ISMAIL_EFE_YALCINKAYA-SERHAT_YUNUSEMRE_KALPAKLI.json","EMRE_ERGUL":"EMRE_ERGUL-SERHAT_YUNUSEMRE_KALPAKLI.json","AHMET_ZEKI_IHTIYAROGLU":"AHMET_ZEKI_IHTIYAROGLU-SERHAT_YUNUSEMRE_KALPAKLI.json","ALP_DIKMEN":"ALP_DIKMEN-SERHAT_YUNUSEMRE_KALPAKLI.json","CLAUDE":"SERHAT_YUNUSEMRE_KALPAKLI-CLAUDE.json","BORA_ERDEM_ALAN":"BORA_ERDEM_ALAN-SERHAT_YUNUSEMRE_KALPAKLI.json"}},"failed_submission_names":[],"excluded_files":[],"match_sensitivity":10,"date_of_execution":"30/11/25","execution_time":23,"metrics":[{"name":"AVG","distribution":[0,0,0,0,1,3,4,8,24,213],"topComparisons":[{"first_submission":"TEMMUZ_AKYOL","second_submission":"ALP_DIKMEN","similarity":0.5844155844155844},{"first_submission":"TEMMUZ_AKYOL","second_submission":"EMRE_ERGUL","similarity":0.46153846153846156},{"first_submission":"DENIZ_KAYRA_AYDIN","second_submission":"TEMMUZ_AKYOL","similarity":0.42016806722689076},{"first_submission":"DEMIR_OZHAN","second_submission":"EMRE_ERGUL","similarity":0.4166666666666667},{"first_submission":"EMRE_ERGUL","second_submission":"ALP_DIKMEN","similarity":0.379746835443038},{"first_submission":"DENIZ_KAYRA_AYDIN","second_submission":"ALP_DIKMEN","similarity":0.3401360544217687},{"first_submission":"BORA_ERDEM_ALAN","second_submission":"TEMMUZ_AKYOL","similarity":0.3392857142857143},{"first_submission":"BORA_ERDEM_ALAN","second_submission":"EMRE_ERGUL","similarity":0.3275862068965517},{"first_submission":"ALP_DIKMEN","second_submission":"SERHAT_YUNUSEMRE_KALPAKLI","similarity":0.27979274611398963},{"first_submission":"BORA_ERDEM_ALAN","second_submission":"ALP_DIKMEN","similarity":0.2714285714285714},{"first_submission":"BORA_ERDEM_ALAN","second_submission":"DEMIR_OZHAN","similarity":0.2549019607843137},{"first_submission":"OMER_FARUK_GUCER","second_submission":"CLAUDE","similarity":0.25287356321839083},{"first_submission":"DEMIR_OZHAN","second_submission":"TEMMUZ_AKYOL","similarity":0.22413793103448276},{"first_submission":"ISMAIL_EFE_YALCINKAYA","second_submission":"OMER_FARUK_GUCER","similarity":0.21621621621621623},{"first_submission":"CLAUDE","second_submission":"AYSE_ALKAN","similarity":0.216},{"first_submission":"BORA_ERDEM_ALAN","second_submission":"YUSUF_ISA_ZERENUZ","similarity":0.205607476635514},{"first_submission":"DENIZ_KAYRA_AYDIN","second_submission":"EMRE_ERGUL","similarity":0.1951219512195122},{"first_submission":"BORA_ERDEM_ALAN","second_submission":"OMER_FARUK_GUCER","similarity":0.19047619047619047},{"first_submission":"BORA_ERDEM_ALAN","second_submission":"SERHAT_YUNUSEMRE_KALPAKLI","similarity":0.18543046357615894},{"first_submission":"OMER_FARUK_GUCER","second_submission":"AHMET_ZEKI_IHTIYAROGLU","similarity":0.18181818181818182},{"first_submission":"DEMIR_OZHAN","second_submission":"ALP_DIKMEN","similarity":0.18055555555555555},{"first_submission":"DENIZ_KAYRA_AYDIN","second_submission":"OMER_FARUK_GUCER","similarity":0.17857142857142858},{"first_submission":"OMER_FARUK_GUCER","second_submission":"YUSUF_ISA_ZERENUZ","similarity":0.17543859649122806},{"first_submission":"EMRE_ERGUL","second_submission":"CEYDA_SENAY","similarity":0.174496644295302},{"first_submission":"YUSUF_ISA_ZERENUZ","second_submission":"CEYDA_SENAY","similarity":0.17142857142857143},{"first_submission":"TEMMUZ_AKYOL","second_submission":"SERHAT_YUNUSEMRE_KALPAKLI","similarity":0.1696969696969697},{"first_submission":"ISMAIL_EFE_YALCINKAYA","second_submission":"AHMET_ZEKI_IHTIYAROGLU","similarity":0.16793893129770993},{"first_submission":"EMRE_ERGUL","second_submission":"SERHAT_YUNUSEMRE_KALPAKLI","similarity":0.16568047337278108},{"first_submission":"DENIZ_KAYRA_AYDIN","second_submission":"AHMET_ZEKI_IHTIYAROGLU","similarity":0.15151515151515152},{"first_submission":"ALGUHAN_KURULAR","second_submission":"EDHEM_TATAR","similarity":0.14012738853503184},{"first_submission":"DENIZ_KAYRA_AYDIN","second_submission":"CLAUDE","similarity":0.13793103448275862},{"first_submission":"ALGUHAN_KURULAR","second_submission":"CLAUDE","similarity":0.13414634146341464},{"first_submission":"TEMMUZ_AKYOL","second_submission":"CLAUDE","similarity":0.13259668508287292},{"first_submission":"AHMET_ZEKI_IHTIYAROGLU","second_submission":"SERHAT_YUNUSEMRE_KALPAKLI","similarity":0.12359550561797752},{"first_submission":"ERDAL_DENIZ_OZBEY","second_submission":"AYSE_ALKAN","similarity":0.12121212121212122},{"first_submission":"ALP_EMRE_BAYBUGA","second_submission":"CLAUDE","similarity":0.11764705882352941},{"first_submission":"DENIZ_KAYRA_AYDIN","second_submission":"AYSE_ALKAN","similarity":0.11702127659574468},{"first_submission":"GPT","second_submission":"AYSE_ALKAN","similarity":0.10837438423645321},{"first_submission":"AHMET_ZEKI_IHTIYAROGLU","second_submission":"CLAUDE","similarity":0.10309278350515463},{"first_submission":"TEMMUZ_AKYOL","second_submission":"AYSE_ALKAN","similarity":0.10256410256410256},{"first_submission":"SERHAT_YUNUSEMRE_KALPAKLI","second_submission":"CLAUDE","similarity":0.09090909090909091},{"first_submission":"EDHEM_TATAR","second_submission":"CLAUDE","similarity":0.08733624454148471},{"first_submission":"EDHEM_TATAR","second_submission":"AYSE_ALKAN","similarity":0.0823045267489712},{"first_submission":"MERTCAN_ARSLAN","second_submission":"EMRE_ERGUL","similarity":0.0},{"first_submission":"ALGUHAN_KURULAR","second_submission":"EMRE_ERGUL","similarity":0.0},{"first_submission":"ISMAIL_EFE_YALCINKAYA","second_submission":"EMRE_ERGUL","similarity":0.0},{"first_submission":"EMRE_ERGUL","second_submission":"CLAUDE","similarity":0.0},{"first_submission":"EREN_KOCAGOKCEN","second_submission":"EMRE_ERGUL","similarity":0.0},{"first_submission":"EMRE_ERGUL","second_submission":"AYSE_ALKAN","similarity":0.0},{"first_submission":"EYLUL_COSKUN","second_submission":"EMRE_ERGUL","similarity":0.0},{"first_submission":"EMRE_ERGUL","second_submission":"EDHEM_TATAR","similarity":0.0},{"first_submission":"YUSUF_ISA_ZERENUZ","second_submission":"EMRE_ERGUL","similarity":0.0},{"first_submission":"EMRE_ERGUL","second_submission":"AHMET_ZEKI_IHTIYAROGLU","similarity":0.0},{"first_submission":"ALP_EMRE_BAYBUGA","second_submission":"EMRE_ERGUL","similarity":0.0},{"first_submission":"ERDAL_DENIZ_OZBEY","second_submission":"EMRE_ERGUL","similarity":0.0},{"first_submission":"OMER_FARUK_GUCER","second_submission":"EMRE_ERGUL","similarity":0.0},{"first_submission":"EMRE_ERGUL","second_submission":"GPT","similarity":0.0},{"first_submission":"HIRANUR_DENIZ","second_submission":"EMRE_ERGUL","similarity":0.0},{"first_submission":"MERTCAN_ARSLAN","second_submission":"ALGUHAN_KURULAR","similarity":0.0},{"first_submission":"MERTCAN_ARSLAN","second_submission":"ISMAIL_EFE_YALCINKAYA","similarity":0.0},{"first_submission":"MERTCAN_ARSLAN","second_submission":"ALP_DIKMEN","similarity":0.0},{"first_submission":"MERTCAN_ARSLAN","second_submission":"SERHAT_YUNUSEMRE_KALPAKLI","similarity":0.0},{"first_submission":"MERTCAN_ARSLAN","second_submission":"TEMMUZ_AKYOL","similarity":0.0},{"first_submission":"MERTCAN_ARSLAN","second_submission":"CLAUDE","similarity":0.0},{"first_submission":"EREN_KOCAGOKCEN","second_submission":"MERTCAN_ARSLAN","similarity":0.0},{"first_submission":"MERTCAN_ARSLAN","second_submission":"AYSE_ALKAN","similarity":0.0},{"first_submission":"MERTCAN_ARSLAN","second_submission":"EYLUL_COSKUN","similarity":0.0},{"first_submission":"MERTCAN_ARSLAN","second_submission":"EDHEM_TATAR","similarity":0.0},{"first_submission":"MERTCAN_ARSLAN","second_submission":"YUSUF_ISA_ZERENUZ","similarity":0.0},{"first_submission":"MERTCAN_ARSLAN","second_submission":"AHMET_ZEKI_IHTIYAROGLU","similarity":0.0},{"first_submission":"MERTCAN_ARSLAN","second_submission":"ALP_EMRE_BAYBUGA","similarity":0.0},{"first_submission":"MERTCAN_ARSLAN","second_submission":"BORA_ERDEM_ALAN","similarity":0.0},{"first_submission":"MERTCAN_ARSLAN","second_submission":"DENIZ_KAYRA_AYDIN","similarity":0.0},{"first_submission":"MERTCAN_ARSLAN","second_submission":"CEYDA_SENAY","similarity":0.0},{"first_submission":"MERTCAN_ARSLAN","second_submission":"ERDAL_DENIZ_OZBEY","similarity":0.0},{"first_submission":"MERTCAN_ARSLAN","second_submission":"OMER_FARUK_GUCER","similarity":0.0},{"first_submission":"MERTCAN_ARSLAN","second_submission":"GPT","similarity":0.0},{"first_submission":"MERTCAN_ARSLAN","second_submission":"DEMIR_OZHAN","similarity":0.0},{"first_submission":"MERTCAN_ARSLAN","second_submission":"HIRANUR_DENIZ","similarity":0.0},{"first_submission":"ALGUHAN_KURULAR","second_submission":"ISMAIL_EFE_YALCINKAYA","similarity":0.0},{"first_submission":"ALGUHAN_KURULAR","second_submission":"ALP_DIKMEN","similarity":0.0},{"first_submission":"ALGUHAN_KURULAR","second_submission":"SERHAT_YUNUSEMRE_KALPAKLI","similarity":0.0},{"first_submission":"ALGUHAN_KURULAR","second_submission":"TEMMUZ_AKYOL","similarity":0.0},{"first_submission":"EREN_KOCAGOKCEN","second_submission":"ALGUHAN_KURULAR","similarity":0.0},{"first_submission":"ALGUHAN_KURULAR","second_submission":"AYSE_ALKAN","similarity":0.0},{"first_submission":"ALGUHAN_KURULAR","second_submission":"EYLUL_COSKUN","similarity":0.0},{"first_submission":"ALGUHAN_KURULAR","second_submission":"YUSUF_ISA_ZERENUZ","similarity":0.0},{"first_submission":"ALGUHAN_KURULAR","second_submission":"AHMET_ZEKI_IHTIYAROGLU","similarity":0.0},{"first_submission":"ALGUHAN_KURULAR","second_submission":"ALP_EMRE_BAYBUGA","similarity":0.0},{"first_submission":"ALGUHAN_KURULAR","second_submission":"BORA_ERDEM_ALAN","similarity":0.0},{"first_submission":"ALGUHAN_KURULAR","second_submission":"DENIZ_KAYRA_AYDIN","similarity":0.0},{"first_submission":"ALGUHAN_KURULAR","second_submission":"CEYDA_SENAY","similarity":0.0},{"first_submission":"ALGUHAN_KURULAR","second_submission":"ERDAL_DENIZ_OZBEY","similarity":0.0},{"first_submission":"ALGUHAN_KURULAR","second_submission":"OMER_FARUK_GUCER","similarity":0.0},{"first_submission":"ALGUHAN_KURULAR","second_submission":"GPT","similarity":0.0},{"first_submission":"ALGUHAN_KURULAR","second_submission":"DEMIR_OZHAN","similarity":0.0},{"first_submission":"HIRANUR_DENIZ","second_submission":"ALGUHAN_KURULAR","similarity":0.0},{"first_submission":"ISMAIL_EFE_YALCINKAYA","second_submission":"ALP_DIKMEN","similarity":0.0},{"first_submission":"ISMAIL_EFE_YALCINKAYA","second_submission":"SERHAT_YUNUSEMRE_KALPAKLI","similarity":0.0},{"first_submission":"ISMAIL_EFE_YALCINKAYA","second_submission":"TEMMUZ_AKYOL","similarity":0.0}],"description":"Average of both program coverages. This is the default similarity which works in most cases: Matches with a high average similarity indicate that the programs work in a very similar way."},{"name":"MAX","distribution":[0,0,1,0,0,5,4,18,12,213],"topComparisons":[{"first_submission":"TEMMUZ_AKYOL","second_submission":"ALP_DIKMEN","similarity":0.7142857142857143},{"first_submission":"TEMMUZ_AKYOL","second_submission":"EMRE_ERGUL","similarity":0.47619047619047616},{"first_submission":"DEMIR_OZHAN","second_submission":"EMRE_ERGUL","similarity":0.4716981132075472},{"first_submission":"EMRE_ERGUL","second_submission":"ALP_DIKMEN","similarity":0.44776119402985076},{"first_submission":"DENIZ_KAYRA_AYDIN","second_submission":"TEMMUZ_AKYOL","similarity":0.44642857142857145},{"first_submission":"DENIZ_KAYRA_AYDIN","second_submission":"ALP_DIKMEN","similarity":0.44642857142857145},{"first_submission":"OMER_FARUK_GUCER","second_submission":"CLAUDE","similarity":0.39285714285714285},{"first_submission":"BORA_ERDEM_ALAN","second_submission":"TEMMUZ_AKYOL","similarity":0.3877551020408163},{"first_submission":"BORA_ERDEM_ALAN","second_submission":"EMRE_ERGUL","similarity":0.3877551020408163},{"first_submission":"BORA_ERDEM_ALAN","second_submission":"ALP_DIKMEN","similarity":0.3877551020408163},{"first_submission":"ALP_DIKMEN","second_submission":"SERHAT_YUNUSEMRE_KALPAKLI","similarity":0.2967032967032967},{"first_submission":"BORA_ERDEM_ALAN","second_submission":"SERHAT_YUNUSEMRE_KALPAKLI","similarity":0.2857142857142857},{"first_submission":"BORA_ERDEM_ALAN","second_submission":"DEMIR_OZHAN","similarity":0.2653061224489796},{"first_submission":"DEMIR_OZHAN","second_submission":"TEMMUZ_AKYOL","similarity":0.24528301886792453},{"first_submission":"DEMIR_OZHAN","second_submission":"ALP_DIKMEN","similarity":0.24528301886792453},{"first_submission":"ALGUHAN_KURULAR","second_submission":"EDHEM_TATAR","similarity":0.2391304347826087},{"first_submission":"ALGUHAN_KURULAR","second_submission":"CLAUDE","similarity":0.2391304347826087},{"first_submission":"CLAUDE","second_submission":"AYSE_ALKAN","similarity":0.2288135593220339},{"first_submission":"BORA_ERDEM_ALAN","second_submission":"YUSUF_ISA_ZERENUZ","similarity":0.22448979591836735},{"first_submission":"TEMMUZ_AKYOL","second_submission":"SERHAT_YUNUSEMRE_KALPAKLI","similarity":0.2222222222222222},{"first_submission":"ISMAIL_EFE_YALCINKAYA","second_submission":"OMER_FARUK_GUCER","similarity":0.21818181818181817},{"first_submission":"DENIZ_KAYRA_AYDIN","second_submission":"EMRE_ERGUL","similarity":0.21428571428571427},{"first_submission":"OMER_FARUK_GUCER","second_submission":"AHMET_ZEKI_IHTIYAROGLU","similarity":0.21428571428571427},{"first_submission":"DENIZ_KAYRA_AYDIN","second_submission":"CLAUDE","similarity":0.21428571428571427},{"first_submission":"EMRE_ERGUL","second_submission":"SERHAT_YUNUSEMRE_KALPAKLI","similarity":0.208955223880597},{"first_submission":"YUSUF_ISA_ZERENUZ","second_submission":"CEYDA_SENAY","similarity":0.20689655172413793},{"first_submission":"BORA_ERDEM_ALAN","second_submission":"OMER_FARUK_GUCER","similarity":0.20408163265306123},{"first_submission":"ISMAIL_EFE_YALCINKAYA","second_submission":"AHMET_ZEKI_IHTIYAROGLU","similarity":0.2},{"first_submission":"DENIZ_KAYRA_AYDIN","second_submission":"AYSE_ALKAN","similarity":0.19642857142857142},{"first_submission":"EMRE_ERGUL","second_submission":"CEYDA_SENAY","similarity":0.19402985074626866},{"first_submission":"ALP_EMRE_BAYBUGA","second_submission":"CLAUDE","similarity":0.19230769230769232},{"first_submission":"TEMMUZ_AKYOL","second_submission":"CLAUDE","similarity":0.19047619047619047},{"first_submission":"ERDAL_DENIZ_OZBEY","second_submission":"AYSE_ALKAN","similarity":0.18181818181818182},{"first_submission":"DENIZ_KAYRA_AYDIN","second_submission":"OMER_FARUK_GUCER","similarity":0.17857142857142858},{"first_submission":"OMER_FARUK_GUCER","second_submission":"YUSUF_ISA_ZERENUZ","similarity":0.17857142857142858},{"first_submission":"DENIZ_KAYRA_AYDIN","second_submission":"AHMET_ZEKI_IHTIYAROGLU","similarity":0.17857142857142858},{"first_submission":"TEMMUZ_AKYOL","second_submission":"AYSE_ALKAN","similarity":0.15873015873015872},{"first_submission":"GPT","second_submission":"AYSE_ALKAN","similarity":0.15492957746478872},{"first_submission":"AHMET_ZEKI_IHTIYAROGLU","second_submission":"SERHAT_YUNUSEMRE_KALPAKLI","similarity":0.14473684210526316},{"first_submission":"AHMET_ZEKI_IHTIYAROGLU","second_submission":"CLAUDE","similarity":0.13157894736842105},{"first_submission":"SERHAT_YUNUSEMRE_KALPAKLI","second_submission":"CLAUDE","similarity":0.09803921568627451},{"first_submission":"EDHEM_TATAR","second_submission":"CLAUDE","similarity":0.09009009009009009},{"first_submission":"EDHEM_TATAR","second_submission":"AYSE_ALKAN","similarity":0.09009009009009009},{"first_submission":"MERTCAN_ARSLAN","second_submission":"EMRE_ERGUL","similarity":0.0},{"first_submission":"ALGUHAN_KURULAR","second_submission":"EMRE_ERGUL","similarity":0.0},{"first_submission":"ISMAIL_EFE_YALCINKAYA","second_submission":"EMRE_ERGUL","similarity":0.0},{"first_submission":"EMRE_ERGUL","second_submission":"CLAUDE","similarity":0.0},{"first_submission":"EREN_KOCAGOKCEN","second_submission":"EMRE_ERGUL","similarity":0.0},{"first_submission":"EMRE_ERGUL","second_submission":"AYSE_ALKAN","similarity":0.0},{"first_submission":"EYLUL_COSKUN","second_submission":"EMRE_ERGUL","similarity":0.0},{"first_submission":"EMRE_ERGUL","second_submission":"EDHEM_TATAR","similarity":0.0},{"first_submission":"YUSUF_ISA_ZERENUZ","second_submission":"EMRE_ERGUL","similarity":0.0},{"first_submission":"EMRE_ERGUL","second_submission":"AHMET_ZEKI_IHTIYAROGLU","similarity":0.0},{"first_submission":"ALP_EMRE_BAYBUGA","second_submission":"EMRE_ERGUL","similarity":0.0},{"first_submission":"ERDAL_DENIZ_OZBEY","second_submission":"EMRE_ERGUL","similarity":0.0},{"first_submission":"OMER_FARUK_GUCER","second_submission":"EMRE_ERGUL","similarity":0.0},{"first_submission":"EMRE_ERGUL","second_submission":"GPT","similarity":0.0},{"first_submission":"HIRANUR_DENIZ","second_submission":"EMRE_ERGUL","similarity":0.0},{"first_submission":"MERTCAN_ARSLAN","second_submission":"ALGUHAN_KURULAR","similarity":0.0},{"first_submission":"MERTCAN_ARSLAN","second_submission":"ISMAIL_EFE_YALCINKAYA","similarity":0.0},{"first_submission":"MERTCAN_ARSLAN","second_submission":"ALP_DIKMEN","similarity":0.0},{"first_submission":"MERTCAN_ARSLAN","second_submission":"SERHAT_YUNUSEMRE_KALPAKLI","similarity":0.0},{"first_submission":"MERTCAN_ARSLAN","second_submission":"TEMMUZ_AKYOL","similarity":0.0},{"first_submission":"MERTCAN_ARSLAN","second_submission":"CLAUDE","similarity":0.0},{"first_submission":"EREN_KOCAGOKCEN","second_submission":"MERTCAN_ARSLAN","similarity":0.0},{"first_submission":"MERTCAN_ARSLAN","second_submission":"AYSE_ALKAN","similarity":0.0},{"first_submission":"MERTCAN_ARSLAN","second_submission":"EYLUL_COSKUN","similarity":0.0},{"first_submission":"MERTCAN_ARSLAN","second_submission":"EDHEM_TATAR","similarity":0.0},{"first_submission":"MERTCAN_ARSLAN","second_submission":"YUSUF_ISA_ZERENUZ","similarity":0.0},{"first_submission":"MERTCAN_ARSLAN","second_submission":"AHMET_ZEKI_IHTIYAROGLU","similarity":0.0},{"first_submission":"MERTCAN_ARSLAN","second_submission":"ALP_EMRE_BAYBUGA","similarity":0.0},{"first_submission":"MERTCAN_ARSLAN","second_submission":"BORA_ERDEM_ALAN","similarity":0.0},{"first_submission":"MERTCAN_ARSLAN","second_submission":"DENIZ_KAYRA_AYDIN","similarity":0.0},{"first_submission":"MERTCAN_ARSLAN","second_submission":"CEYDA_SENAY","similarity":0.0},{"first_submission":"MERTCAN_ARSLAN","second_submission":"ERDAL_DENIZ_OZBEY","similarity":0.0},{"first_submission":"MERTCAN_ARSLAN","second_submission":"OMER_FARUK_GUCER","similarity":0.0},{"first_submission":"MERTCAN_ARSLAN","second_submission":"GPT","similarity":0.0},{"first_submission":"MERTCAN_ARSLAN","second_submission":"DEMIR_OZHAN","similarity":0.0},{"first_submission":"MERTCAN_ARSLAN","second_submission":"HIRANUR_DENIZ","similarity":0.0},{"first_submission":"ALGUHAN_KURULAR","second_submission":"ISMAIL_EFE_YALCINKAYA","similarity":0.0},{"first_submission":"ALGUHAN_KURULAR","second_submission":"ALP_DIKMEN","similarity":0.0},{"first_submission":"ALGUHAN_KURULAR","second_submission":"SERHAT_YUNUSEMRE_KALPAKLI","similarity":0.0},{"first_submission":"ALGUHAN_KURULAR","second_submission":"TEMMUZ_AKYOL","similarity":0.0},{"first_submission":"EREN_KOCAGOKCEN","second_submission":"ALGUHAN_KURULAR","similarity":0.0},{"first_submission":"ALGUHAN_KURULAR","second_submission":"AYSE_ALKAN","similarity":0.0},{"first_submission":"ALGUHAN_KURULAR","second_submission":"EYLUL_COSKUN","similarity":0.0},{"first_submission":"ALGUHAN_KURULAR","second_submission":"YUSUF_ISA_ZERENUZ","similarity":0.0},{"first_submission":"ALGUHAN_KURULAR","second_submission":"AHMET_ZEKI_IHTIYAROGLU","similarity":0.0},{"first_submission":"ALGUHAN_KURULAR","second_submission":"ALP_EMRE_BAYBUGA","similarity":0.0},{"first_submission":"ALGUHAN_KURULAR","second_submission":"BORA_ERDEM_ALAN","similarity":0.0},{"first_submission":"ALGUHAN_KURULAR","second_submission":"DENIZ_KAYRA_AYDIN","similarity":0.0},{"first_submission":"ALGUHAN_KURULAR","second_submission":"CEYDA_SENAY","similarity":0.0},{"first_submission":"ALGUHAN_KURULAR","second_submission":"ERDAL_DENIZ_OZBEY","similarity":0.0},{"first_submission":"ALGUHAN_KURULAR","second_submission":"OMER_FARUK_GUCER","similarity":0.0},{"first_submission":"ALGUHAN_KURULAR","second_submission":"GPT","similarity":0.0},{"first_submission":"ALGUHAN_KURULAR","second_submission":"DEMIR_OZHAN","similarity":0.0},{"first_submission":"HIRANUR_DENIZ","second_submission":"ALGUHAN_KURULAR","similarity":0.0},{"first_submission":"ISMAIL_EFE_YALCINKAYA","second_submission":"ALP_DIKMEN","similarity":0.0},{"first_submission":"ISMAIL_EFE_YALCINKAYA","second_submission":"SERHAT_YUNUSEMRE_KALPAKLI","similarity":0.0},{"first_submission":"ISMAIL_EFE_YALCINKAYA","second_submission":"TEMMUZ_AKYOL","similarity":0.0}],"description":"Maximum of both program coverages. This ranking is especially useful if the programs are very different in size. This can happen when dead code was inserted to disguise the origin of the plagiarized program."}],"clusters":[{"average_similarity":0.188657776444036,"strength":0.04619439142043395,"members":["OMER_FARUK_GUCER","ISMAIL_EFE_YALCINKAYA","AHMET_ZEKI_IHTIYAROGLU"]},{"average_similarity":0.2990349036458672,"strength":0.047883178598723014,"members":["TEMMUZ_AKYOL","ALP_DIKMEN","DENIZ_KAYRA_AYDIN","SERHAT_YUNUSEMRE_KALPAKLI"]},{"average_similarity":0.07652883514952481,"strength":0.0223953971268421,"members":["AYSE_ALKAN","ERDAL_DENIZ_OZBEY","GPT"]},{"average_similarity":0.14012738853503184,"strength":0.014401845149753982,"members":["ALGUHAN_KURULAR","EDHEM_TATAR"]},{"average_similarity":0.11764705882352941,"strength":0.007096889456060878,"members":["CLAUDE","ALP_EMRE_BAYBUGA"]},{"average_similarity":0.33305161144917733,"strength":0.03507360501706533,"members":["EMRE_ERGUL","DEMIR_OZHAN","BORA_ERDEM_ALAN"]},{"average_similarity":0.17142857142857143,"strength":0.016436188940402975,"members":["YUSUF_ISA_ZERENUZ","CEYDA_SENAY"]}],"total_comparisons":253}