{"id1":"TEMMUZ_AKYOL","id2":"ALP_DIKMEN","similarity":0.5844155844155844,"matches":[{"file1":"TEMMUZ_AKYOL/StackQuestionsNonMember.tpp","file2":"ALP_DIKMEN/StackQuestionsNonMember.tpp","start1":6,"end1":36,"start2":6,"end2":34,"tokens":19},{"file1":"TEMMUZ_AKYOL/StackQuestionsMember.tpp","file2":"ALP_DIKMEN/StackQuestionsMember.tpp","start1":36,"end1":57,"start2":32,"end2":50,"tokens":14},{"file1":"TEMMUZ_AKYOL/StackQuestionsMember.tpp","file2":"ALP_DIKMEN/StackQuestionsMember.tpp","start1":17,"end1":30,"start2":14,"end2":27,"tokens":12}]}