{"firstSubmissionId":"BURHAN_EFE_DEMIR","secondSubmissionId":"EMIRHAN_DEMIR","similarities":{"AVG":0.504424778761062,"MAX":0.504424778761062,"MAXIMUM_LENGTH":115.0,"LONGEST_MATCH":20.0},"matches":[{"firstFileName":"BURHAN_EFE_DEMIR/Burhan Efe Demir/StackQuestionsMember.tpp","secondFileName":"EMIRHAN_DEMIR/StackQuestionsMember.tpp","startInFirst":{"line":13,"column":6,"tokenListIndex":3},"endInFirst":{"line":33,"column":8,"tokenListIndex":22},"startInSecond":{"line":11,"column":33,"tokenListIndex":4},"endInSecond":{"line":30,"column":12,"tokenListIndex":23},"lengthOfFirst":20,"lengthOfSecond":20},{"firstFileName":"BURHAN_EFE_DEMIR/Burhan Efe Demir/StackQuestionsNonMember.tpp","secondFileName":"EMIRHAN_DEMIR/StackQuestionsNonMember.tpp","startInFirst":{"line":34,"column":4,"tokenListIndex":93},"endInFirst":{"line":46,"column":4,"tokenListIndex":105},"startInSecond":{"line":17,"column":4,"tokenListIndex":67},"endInSecond":{"line":28,"column":4,"tokenListIndex":79},"lengthOfFirst":13,"lengthOfSecond":13},{"firstFileName":"BURHAN_EFE_DEMIR/Burhan Efe Demir/StackQuestionsNonMember.tpp","secondFileName":"EMIRHAN_DEMIR/StackQuestionsNonMember.tpp","startInFirst":{"line":11,"column":0,"tokenListIndex":69},"endInFirst":{"line":19,"column":2,"tokenListIndex":77},"startInSecond":{"line":11,"column":0,"tokenListIndex":58},"endInSecond":{"line":15,"column":4,"tokenListIndex":66},"lengthOfFirst":9,"lengthOfSecond":9},{"firstFileName":"BURHAN_EFE_DEMIR/Burhan Efe Demir/StackQuestionsMember.tpp","secondFileName":"EMIRHAN_DEMIR/StackQuestionsMember.tpp","startInFirst":{"line":47,"column":2,"tokenListIndex":31},"endInFirst":{"line":55,"column":2,"tokenListIndex":38},"startInSecond":{"line":46,"column":4,"tokenListIndex":36},"endInSecond":{"line":52,"column":8,"tokenListIndex":43},"lengthOfFirst":8,"lengthOfSecond":8},{"firstFileName":"BURHAN_EFE_DEMIR/Burhan Efe Demir/StackQuestionsMember.tpp","secondFileName":"EMIRHAN_DEMIR/StackQuestionsMember.tpp","startInFirst":{"line":68,"column":2,"tokenListIndex":51},"endInFirst":{"line":73,"column":2,"tokenListIndex":57},"startInSecond":{"line":60,"column":4,"tokenListIndex":49},"endInSecond":{"line":65,"column":4,"tokenListIndex":55},"lengthOfFirst":7,"lengthOfSecond":7}],"firstSimilarity":0.504424778761062,"secondSimilarity":0.504424778761062}