{"firstSubmissionId":"BURHAN_EFE_DEMIR","secondSubmissionId":"EMIRHAN_EREN_ELIBOL","similarities":{"AVG":0.2391304347826087,"MAX":0.2920353982300885,"MAXIMUM_LENGTH":166.0,"LONGEST_MATCH":14.0},"matches":[{"firstFileName":"BURHAN_EFE_DEMIR/Burhan Efe Demir/StackQuestionsMember.tpp","secondFileName":"EMIRHAN_EREN_ELIBOL/StackQuestionsMember.tpp","startInFirst":{"line":22,"column":2,"tokenListIndex":9},"endInFirst":{"line":33,"column":8,"tokenListIndex":22},"startInSecond":{"line":18,"column":4,"tokenListIndex":11},"endInSecond":{"line":27,"column":12,"tokenListIndex":24},"lengthOfFirst":14,"lengthOfSecond":14},{"firstFileName":"BURHAN_EFE_DEMIR/Burhan Efe Demir/StackQuestionsNonMember.tpp","secondFileName":"EMIRHAN_EREN_ELIBOL/StackQuestionsNonMember.tpp","startInFirst":{"line":34,"column":4,"tokenListIndex":93},"endInFirst":{"line":46,"column":4,"tokenListIndex":105},"startInSecond":{"line":18,"column":4,"tokenListIndex":114},"endInSecond":{"line":28,"column":4,"tokenListIndex":126},"lengthOfFirst":13,"lengthOfSecond":13},{"firstFileName":"BURHAN_EFE_DEMIR/Burhan Efe Demir/StackQuestionsMember.tpp","secondFileName":"EMIRHAN_EREN_ELIBOL/StackQuestionsMember.tpp","startInFirst":{"line":70,"column":2,"tokenListIndex":52},"endInFirst":{"line":73,"column":2,"tokenListIndex":57},"startInSecond":{"line":44,"column":4,"tokenListIndex":40},"endInSecond":{"line":47,"column":4,"tokenListIndex":45},"lengthOfFirst":6,"lengthOfSecond":6}],"firstSimilarity":0.2920353982300885,"secondSimilarity":0.20245398773006135}