{"firstSubmissionId":"BURHAN_EFE_DEMIR","secondSubmissionId":"EFE_DEMIRCI","similarities":{"AVG":0.6188524590163934,"MAX":0.6637168141592921,"MAXIMUM_LENGTH":134.0,"LONGEST_MATCH":44.0},"matches":[{"firstFileName":"BURHAN_EFE_DEMIR/Burhan Efe Demir/StackQuestionsMember.tpp","secondFileName":"EFE_DEMIRCI/StackQuestionsMember.tpp","startInFirst":{"line":50,"column":2,"tokenListIndex":32},"endInFirst":{"line":55,"column":2,"tokenListIndex":38},"startInSecond":{"line":46,"column":4,"tokenListIndex":57},"endInSecond":{"line":50,"column":8,"tokenListIndex":63},"lengthOfFirst":7,"lengthOfSecond":7},{"firstFileName":"BURHAN_EFE_DEMIR/Burhan Efe Demir/StackQuestionsMember.tpp","secondFileName":"EFE_DEMIRCI/StackQuestionsMember.tpp","startInFirst":{"line":9,"column":0,"tokenListIndex":0},"endInFirst":{"line":25,"column":2,"tokenListIndex":14},"startInSecond":{"line":9,"column":0,"tokenListIndex":28},"endInSecond":{"line":25,"column":1,"tokenListIndex":42},"lengthOfFirst":15,"lengthOfSecond":15},{"firstFileName":"BURHAN_EFE_DEMIR/Burhan Efe Demir/StackQuestionsMember.tpp","secondFileName":"EFE_DEMIRCI/StackQuestionsMember.tpp","startInFirst":{"line":59,"column":7,"tokenListIndex":41},"endInFirst":{"line":66,"column":13,"tokenListIndex":49},"startInSecond":{"line":26,"column":1,"tokenListIndex":43},"endInSecond":{"line":34,"column":2,"tokenListIndex":52},"lengthOfFirst":9,"lengthOfSecond":10},{"firstFileName":"BURHAN_EFE_DEMIR/Burhan Efe Demir/StackQuestionsNonMember.tpp","secondFileName":"EFE_DEMIRCI/StackQuestionsNonMember.tpp","startInFirst":{"line":11,"column":22,"tokenListIndex":70},"endInFirst":{"line":53,"column":2,"tokenListIndex":113},"startInSecond":{"line":9,"column":0,"tokenListIndex":89},"endInSecond":{"line":41,"column":0,"tokenListIndex":132},"lengthOfFirst":44,"lengthOfSecond":44}],"firstSimilarity":0.6637168141592921,"secondSimilarity":0.5801526717557252}