{"firstSubmissionId":"BURHAN_EFE_DEMIR","secondSubmissionId":"ECENUR_GUNER","similarities":{"AVG":0.34108527131782945,"MAX":0.3893805309734513,"MAXIMUM_LENGTH":148.0,"LONGEST_MATCH":37.0},"matches":[{"firstFileName":"BURHAN_EFE_DEMIR/Burhan Efe Demir/StackQuestionsNonMember.tpp","secondFileName":"ECENUR_GUNER/StackQuestionsNonMember.tpp","startInFirst":{"line":19,"column":2,"tokenListIndex":77},"endInFirst":{"line":53,"column":2,"tokenListIndex":113},"startInSecond":{"line":13,"column":2,"tokenListIndex":79},"endInSecond":{"line":43,"column":0,"tokenListIndex":115},"lengthOfFirst":37,"lengthOfSecond":37},{"firstFileName":"BURHAN_EFE_DEMIR/Burhan Efe Demir/StackQuestionsMember.tpp","secondFileName":"ECENUR_GUNER/StackQuestionsMember.tpp","startInFirst":{"line":9,"column":0,"tokenListIndex":0},"endInFirst":{"line":18,"column":2,"tokenListIndex":6},"startInSecond":{"line":9,"column":0,"tokenListIndex":0},"endInSecond":{"line":17,"column":2,"tokenListIndex":6},"lengthOfFirst":7,"lengthOfSecond":7}],"firstSimilarity":0.3893805309734513,"secondSimilarity":0.30344827586206896}