{"firstSubmissionId":"BURHAN_EFE_DEMIR","secondSubmissionId":"OSMAN_ALPEREN_KARADAG","similarities":{"AVG":0.2832618025751073,"MAX":0.2920353982300885,"MAXIMUM_LENGTH":123.0,"LONGEST_MATCH":13.0},"matches":[{"firstFileName":"BURHAN_EFE_DEMIR/Burhan Efe Demir/StackQuestionsNonMember.tpp","secondFileName":"OSMAN_ALPEREN_KARADAG/StackQuestionsNonMember.tpp","startInFirst":{"line":31,"column":4,"tokenListIndex":92},"endInFirst":{"line":41,"column":4,"tokenListIndex":104},"startInSecond":{"line":28,"column":2,"tokenListIndex":79},"endInSecond":{"line":37,"column":2,"tokenListIndex":91},"lengthOfFirst":13,"lengthOfSecond":13},{"firstFileName":"BURHAN_EFE_DEMIR/Burhan Efe Demir/StackQuestionsNonMember.tpp","secondFileName":"OSMAN_ALPEREN_KARADAG/StackQuestionsNonMember.tpp","startInFirst":{"line":23,"column":4,"tokenListIndex":81},"endInFirst":{"line":30,"column":4,"tokenListIndex":91},"startInSecond":{"line":17,"column":2,"tokenListIndex":63},"endInSecond":{"line":23,"column":4,"tokenListIndex":73},"lengthOfFirst":11,"lengthOfSecond":11},{"firstFileName":"BURHAN_EFE_DEMIR/Burhan Efe Demir/StackQuestionsNonMember.tpp","secondFileName":"OSMAN_ALPEREN_KARADAG/StackQuestionsNonMember.tpp","startInFirst":{"line":11,"column":0,"tokenListIndex":69},"endInFirst":{"line":19,"column":2,"tokenListIndex":77},"startInSecond":{"line":11,"column":0,"tokenListIndex":53},"endInSecond":{"line":14,"column":2,"tokenListIndex":61},"lengthOfFirst":9,"lengthOfSecond":9}],"firstSimilarity":0.2920353982300885,"secondSimilarity":0.275}