{"firstSubmissionId":"BURHAN_EFE_DEMIR","secondSubmissionId":"MERT_ACAR","similarities":{"AVG":0.05863192182410423,"MAX":0.07964601769911504,"MAXIMUM_LENGTH":197.0,"LONGEST_MATCH":9.0},"matches":[{"firstFileName":"BURHAN_EFE_DEMIR/Burhan Efe Demir/StackQuestionsMember.tpp","secondFileName":"MERT_ACAR/StackQuestionsMember.tpp","startInFirst":{"line":9,"column":0,"tokenListIndex":0},"endInFirst":{"line":21,"column":2,"tokenListIndex":8},"startInSecond":{"line":12,"column":0,"tokenListIndex":0},"endInSecond":{"line":18,"column":4,"tokenListIndex":8},"lengthOfFirst":9,"lengthOfSecond":9}],"firstSimilarity":0.07964601769911504,"secondSimilarity":0.04639175257731959}