{"firstSubmissionId":"ECENUR_GUNER","secondSubmissionId":"EMIRHAN_EREN_ELIBOL","similarities":{"AVG":0.2597402597402597,"MAX":0.27586206896551724,"MAXIMUM_LENGTH":166.0,"LONGEST_MATCH":15.0},"matches":[{"firstFileName":"ECENUR_GUNER/StackQuestionsNonMember.cpp","secondFileName":"EMIRHAN_EREN_ELIBOL/StackQuestionsNonMember.cpp","startInFirst":{"line":21,"column":6,"tokenListIndex":132},"endInFirst":{"line":33,"column":0,"tokenListIndex":146},"startInSecond":{"line":23,"column":12,"tokenListIndex":85},"endInSecond":{"line":35,"column":0,"tokenListIndex":99},"lengthOfFirst":15,"lengthOfSecond":15},{"firstFileName":"ECENUR_GUNER/StackQuestionsNonMember.tpp","secondFileName":"EMIRHAN_EREN_ELIBOL/StackQuestionsNonMember.tpp","startInFirst":{"line":25,"column":2,"tokenListIndex":95},"endInFirst":{"line":36,"column":2,"tokenListIndex":107},"startInSecond":{"line":18,"column":4,"tokenListIndex":114},"endInSecond":{"line":28,"column":4,"tokenListIndex":126},"lengthOfFirst":13,"lengthOfSecond":13},{"firstFileName":"ECENUR_GUNER/StackQuestionsMember.tpp","secondFileName":"EMIRHAN_EREN_ELIBOL/StackQuestionsMember.tpp","startInFirst":{"line":13,"column":6,"tokenListIndex":3},"endInFirst":{"line":18,"column":2,"tokenListIndex":8},"startInSecond":{"line":10,"column":27,"tokenListIndex":3},"endInSecond":{"line":16,"column":4,"tokenListIndex":8},"lengthOfFirst":6,"lengthOfSecond":6},{"firstFileName":"ECENUR_GUNER/StackQuestionsNonMember.tpp","secondFileName":"EMIRHAN_EREN_ELIBOL/StackQuestionsMember.tpp","startInFirst":{"line":37,"column":2,"tokenListIndex":108},"endInFirst":{"line":40,"column":2,"tokenListIndex":113},"startInSecond":{"line":18,"column":4,"tokenListIndex":11},"endInSecond":{"line":21,"column":4,"tokenListIndex":16},"lengthOfFirst":6,"lengthOfSecond":6}],"firstSimilarity":0.27586206896551724,"secondSimilarity":0.24539877300613497}