{"firstSubmissionId":"ECENUR_GUNER","secondSubmissionId":"MERT_ACAR","similarities":{"AVG":0.08259587020648967,"MAX":0.09655172413793103,"MAXIMUM_LENGTH":197.0,"LONGEST_MATCH":7.0},"matches":[{"firstFileName":"ECENUR_GUNER/StackQuestionsMember.tpp","secondFileName":"MERT_ACAR/StackQuestionsMember.tpp","startInFirst":{"line":9,"column":0,"tokenListIndex":0},"endInFirst":{"line":17,"column":2,"tokenListIndex":6},"startInSecond":{"line":12,"column":0,"tokenListIndex":0},"endInSecond":{"line":17,"column":4,"tokenListIndex":6},"lengthOfFirst":7,"lengthOfSecond":7},{"firstFileName":"ECENUR_GUNER/StackQuestionsNonMember.cpp","secondFileName":"MERT_ACAR/main.cpp","startInFirst":{"line":15,"column":2,"tokenListIndex":123},"endInFirst":{"line":17,"column":6,"tokenListIndex":129},"startInSecond":{"line":55,"column":2,"tokenListIndex":68},"endInSecond":{"line":57,"column":12,"tokenListIndex":74},"lengthOfFirst":7,"lengthOfSecond":7}],"firstSimilarity":0.09655172413793103,"secondSimilarity":0.07216494845360824}