{"firstSubmissionId":"EFE_DEMIRCI","secondSubmissionId":"MERT_ACAR","similarities":{"AVG":0.08615384615384615,"MAX":0.10687022900763359,"MAXIMUM_LENGTH":197.0,"LONGEST_MATCH":7.0},"matches":[{"firstFileName":"EFE_DEMIRCI/StackQuestionsNonMember.cpp","secondFileName":"MERT_ACAR/main.cpp","startInFirst":{"line":16,"column":2,"tokenListIndex":6},"endInFirst":{"line":20,"column":3,"tokenListIndex":12},"startInSecond":{"line":55,"column":2,"tokenListIndex":68},"endInSecond":{"line":57,"column":12,"tokenListIndex":74},"lengthOfFirst":7,"lengthOfSecond":7},{"firstFileName":"EFE_DEMIRCI/StackQuestionsMember.tpp","secondFileName":"MERT_ACAR/StackQuestionsMember.tpp","startInFirst":{"line":9,"column":0,"tokenListIndex":28},"endInFirst":{"line":16,"column":1,"tokenListIndex":34},"startInSecond":{"line":12,"column":0,"tokenListIndex":0},"endInSecond":{"line":17,"column":4,"tokenListIndex":6},"lengthOfFirst":7,"lengthOfSecond":7}],"firstSimilarity":0.10687022900763359,"secondSimilarity":0.07216494845360824}