{"firstSubmissionId":"EFE_DEMIRCI","secondSubmissionId":"EMIRHAN_EREN_ELIBOL","similarities":{"AVG":0.23129251700680273,"MAX":0.2595419847328244,"MAXIMUM_LENGTH":166.0,"LONGEST_MATCH":12.0},"matches":[{"firstFileName":"EFE_DEMIRCI/StackQuestionsNonMember.tpp","secondFileName":"EMIRHAN_EREN_ELIBOL/StackQuestionsNonMember.tpp","startInFirst":{"line":25,"column":4,"tokenListIndex":113},"endInFirst":{"line":33,"column":4,"tokenListIndex":124},"startInSecond":{"line":18,"column":4,"tokenListIndex":114},"endInSecond":{"line":26,"column":4,"tokenListIndex":125},"lengthOfFirst":12,"lengthOfSecond":12},{"firstFileName":"EFE_DEMIRCI/StackQuestionsNonMember.cpp","secondFileName":"EMIRHAN_EREN_ELIBOL/StackQuestionsNonMember.cpp","startInFirst":{"line":9,"column":0,"tokenListIndex":0},"endInFirst":{"line":16,"column":21,"tokenListIndex":9},"startInSecond":{"line":10,"column":0,"tokenListIndex":66},"endInSecond":{"line":15,"column":24,"tokenListIndex":75},"lengthOfFirst":10,"lengthOfSecond":10},{"firstFileName":"EFE_DEMIRCI/StackQuestionsMember.tpp","secondFileName":"EMIRHAN_EREN_ELIBOL/StackQuestionsMember.tpp","startInFirst":{"line":21,"column":1,"tokenListIndex":37},"endInFirst":{"line":25,"column":1,"tokenListIndex":42},"startInSecond":{"line":18,"column":4,"tokenListIndex":11},"endInSecond":{"line":21,"column":4,"tokenListIndex":16},"lengthOfFirst":6,"lengthOfSecond":6},{"firstFileName":"EFE_DEMIRCI/StackQuestionsNonMember.tpp","secondFileName":"EMIRHAN_EREN_ELIBOL/StackQuestionsMember.tpp","startInFirst":{"line":35,"column":4,"tokenListIndex":125},"endInFirst":{"line":38,"column":4,"tokenListIndex":130},"startInSecond":{"line":44,"column":4,"tokenListIndex":40},"endInSecond":{"line":47,"column":4,"tokenListIndex":45},"lengthOfFirst":6,"lengthOfSecond":6}],"firstSimilarity":0.2595419847328244,"secondSimilarity":0.2085889570552147}