{"firstSubmissionId":"EFE_DEMIRCI","secondSubmissionId":"ECENUR_GUNER","similarities":{"AVG":0.5434782608695652,"MAX":0.5725190839694656,"MAXIMUM_LENGTH":148.0,"LONGEST_MATCH":29.0},"matches":[{"firstFileName":"EFE_DEMIRCI/StackQuestionsNonMember.tpp","secondFileName":"ECENUR_GUNER/StackQuestionsNonMember.tpp","startInFirst":{"line":12,"column":4,"tokenListIndex":96},"endInFirst":{"line":33,"column":4,"tokenListIndex":124},"startInSecond":{"line":12,"column":61,"tokenListIndex":78},"endInSecond":{"line":33,"column":2,"tokenListIndex":106},"lengthOfFirst":29,"lengthOfSecond":29},{"firstFileName":"EFE_DEMIRCI/StackQuestionsNonMember.cpp","secondFileName":"ECENUR_GUNER/StackQuestionsNonMember.cpp","startInFirst":{"line":16,"column":2,"tokenListIndex":6},"endInFirst":{"line":33,"column":3,"tokenListIndex":18},"startInSecond":{"line":15,"column":2,"tokenListIndex":123},"endInSecond":{"line":23,"column":8,"tokenListIndex":135},"lengthOfFirst":13,"lengthOfSecond":13},{"firstFileName":"EFE_DEMIRCI/StackQuestionsMember.tpp","secondFileName":"ECENUR_GUNER/StackQuestionsMember.tpp","startInFirst":{"line":28,"column":1,"tokenListIndex":44},"endInFirst":{"line":39,"column":0,"tokenListIndex":55},"startInSecond":{"line":32,"column":2,"tokenListIndex":25},"endInSecond":{"line":41,"column":0,"tokenListIndex":36},"lengthOfFirst":12,"lengthOfSecond":12},{"firstFileName":"EFE_DEMIRCI/StackQuestionsNonMember.tpp","secondFileName":"ECENUR_GUNER/StackQuestionsNonMember.tpp","startInFirst":{"line":35,"column":4,"tokenListIndex":125},"endInFirst":{"line":41,"column":0,"tokenListIndex":132},"startInSecond":{"line":37,"column":2,"tokenListIndex":108},"endInSecond":{"line":43,"column":0,"tokenListIndex":115},"lengthOfFirst":8,"lengthOfSecond":8},{"firstFileName":"EFE_DEMIRCI/StackQuestionsMember.tpp","secondFileName":"ECENUR_GUNER/StackQuestionsMember.tpp","startInFirst":{"line":9,"column":0,"tokenListIndex":28},"endInFirst":{"line":16,"column":1,"tokenListIndex":34},"startInSecond":{"line":9,"column":0,"tokenListIndex":0},"endInSecond":{"line":17,"column":2,"tokenListIndex":6},"lengthOfFirst":7,"lengthOfSecond":7},{"firstFileName":"EFE_DEMIRCI/StackQuestionsMember.tpp","secondFileName":"ECENUR_GUNER/StackQuestionsMember.tpp","startInFirst":{"line":50,"column":8,"tokenListIndex":63},"endInFirst":{"line":53,"column":20,"tokenListIndex":68},"startInSecond":{"line":20,"column":18,"tokenListIndex":11},"endInSecond":{"line":23,"column":11,"tokenListIndex":16},"lengthOfFirst":6,"lengthOfSecond":6}],"firstSimilarity":0.5725190839694656,"secondSimilarity":0.5172413793103449}