{"firstSubmissionId":"EMIRHAN_DEMIR","secondSubmissionId":"EMIRHAN_EREN_ELIBOL","similarities":{"AVG":0.6666666666666666,"MAX":0.7876106194690266,"MAXIMUM_LENGTH":166.0,"LONGEST_MATCH":47.0},"matches":[{"firstFileName":"EMIRHAN_DEMIR/StackQuestionsMember.tpp","secondFileName":"EMIRHAN_EREN_ELIBOL/StackQuestionsMember.tpp","startInFirst":{"line":62,"column":4,"tokenListIndex":50},"endInFirst":{"line":65,"column":4,"tokenListIndex":55},"startInSecond":{"line":44,"column":4,"tokenListIndex":40},"endInSecond":{"line":47,"column":4,"tokenListIndex":45},"lengthOfFirst":6,"lengthOfSecond":6},{"firstFileName":"EMIRHAN_DEMIR/StackQuestionsMember.tpp","secondFileName":"EMIRHAN_EREN_ELIBOL/StackQuestionsMember.tpp","startInFirst":{"line":9,"column":22,"tokenListIndex":1},"endInFirst":{"line":46,"column":4,"tokenListIndex":36},"startInSecond":{"line":9,"column":0,"tokenListIndex":0},"endInSecond":{"line":42,"column":4,"tokenListIndex":37},"lengthOfFirst":36,"lengthOfSecond":38},{"firstFileName":"EMIRHAN_DEMIR/StackQuestionsNonMember.tpp","secondFileName":"EMIRHAN_EREN_ELIBOL/StackQuestionsNonMember.tpp","startInFirst":{"line":17,"column":4,"tokenListIndex":67},"endInFirst":{"line":56,"column":0,"tokenListIndex":113},"startInSecond":{"line":18,"column":4,"tokenListIndex":114},"endInSecond":{"line":58,"column":0,"tokenListIndex":164},"lengthOfFirst":47,"lengthOfSecond":51}],"firstSimilarity":0.7876106194690266,"secondSimilarity":0.5828220858895705}