{"firstSubmissionId":"EMIRHAN_DEMIR","secondSubmissionId":"ECENUR_GUNER","similarities":{"AVG":0.2713178294573643,"MAX":0.30973451327433627,"MAXIMUM_LENGTH":148.0,"LONGEST_MATCH":13.0},"matches":[{"firstFileName":"EMIRHAN_DEMIR/StackQuestionsNonMember.tpp","secondFileName":"ECENUR_GUNER/StackQuestionsNonMember.tpp","startInFirst":{"line":17,"column":4,"tokenListIndex":67},"endInFirst":{"line":28,"column":4,"tokenListIndex":79},"startInSecond":{"line":25,"column":2,"tokenListIndex":95},"endInSecond":{"line":36,"column":2,"tokenListIndex":107},"lengthOfFirst":13,"lengthOfSecond":13},{"firstFileName":"EMIRHAN_DEMIR/StackQuestionsMember.tpp","secondFileName":"ECENUR_GUNER/StackQuestionsMember.tpp","startInFirst":{"line":33,"column":4,"tokenListIndex":27},"endInFirst":{"line":46,"column":4,"tokenListIndex":36},"startInSecond":{"line":38,"column":2,"tokenListIndex":34},"endInSecond":{"line":55,"column":2,"tokenListIndex":43},"lengthOfFirst":10,"lengthOfSecond":10},{"firstFileName":"EMIRHAN_DEMIR/StackQuestionsMember.tpp","secondFileName":"ECENUR_GUNER/StackQuestionsNonMember.tpp","startInFirst":{"line":19,"column":4,"tokenListIndex":10},"endInFirst":{"line":22,"column":4,"tokenListIndex":15},"startInSecond":{"line":37,"column":2,"tokenListIndex":108},"endInSecond":{"line":40,"column":2,"tokenListIndex":113},"lengthOfFirst":6,"lengthOfSecond":6},{"firstFileName":"EMIRHAN_DEMIR/StackQuestionsMember.tpp","secondFileName":"ECENUR_GUNER/StackQuestionsNonMember.tpp","startInFirst":{"line":51,"column":18,"tokenListIndex":42},"endInFirst":{"line":57,"column":12,"tokenListIndex":47},"startInSecond":{"line":15,"column":10,"tokenListIndex":81},"endInSecond":{"line":17,"column":6,"tokenListIndex":86},"lengthOfFirst":6,"lengthOfSecond":6}],"firstSimilarity":0.30973451327433627,"secondSimilarity":0.2413793103448276}