{"firstSubmissionId":"EMIRHAN_DEMIR","secondSubmissionId":"OSMAN_ALPEREN_KARADAG","similarities":{"AVG":0.2832618025751073,"MAX":0.2920353982300885,"MAXIMUM_LENGTH":123.0,"LONGEST_MATCH":12.0},"matches":[{"firstFileName":"EMIRHAN_DEMIR/StackQuestionsNonMember.tpp","secondFileName":"OSMAN_ALPEREN_KARADAG/StackQuestionsNonMember.tpp","startInFirst":{"line":17,"column":4,"tokenListIndex":67},"endInFirst":{"line":25,"column":4,"tokenListIndex":78},"startInSecond":{"line":25,"column":2,"tokenListIndex":74},"endInSecond":{"line":33,"column":2,"tokenListIndex":85},"lengthOfFirst":12,"lengthOfSecond":12},{"firstFileName":"EMIRHAN_DEMIR/StackQuestionsNonMember.tpp","secondFileName":"OSMAN_ALPEREN_KARADAG/StackQuestionsNonMember.tpp","startInFirst":{"line":11,"column":0,"tokenListIndex":58},"endInFirst":{"line":15,"column":4,"tokenListIndex":66},"startInSecond":{"line":11,"column":0,"tokenListIndex":53},"endInSecond":{"line":14,"column":2,"tokenListIndex":61},"lengthOfFirst":9,"lengthOfSecond":9},{"firstFileName":"EMIRHAN_DEMIR/StackQuestionsMember.tpp","secondFileName":"OSMAN_ALPEREN_KARADAG/StackQuestionsNonMember.tpp","startInFirst":{"line":19,"column":4,"tokenListIndex":10},"endInFirst":{"line":22,"column":4,"tokenListIndex":15},"startInSecond":{"line":34,"column":2,"tokenListIndex":86},"endInSecond":{"line":37,"column":2,"tokenListIndex":91},"lengthOfFirst":6,"lengthOfSecond":6},{"firstFileName":"EMIRHAN_DEMIR/StackQuestionsMember.tpp","secondFileName":"OSMAN_ALPEREN_KARADAG/StackQuestionsMember.tpp","startInFirst":{"line":51,"column":18,"tokenListIndex":42},"endInFirst":{"line":57,"column":12,"tokenListIndex":47},"startInSecond":{"line":42,"column":10,"tokenListIndex":36},"endInSecond":{"line":44,"column":6,"tokenListIndex":41},"lengthOfFirst":6,"lengthOfSecond":6}],"firstSimilarity":0.2920353982300885,"secondSimilarity":0.275}