{"firstSubmissionId":"EMIRHAN_EREN_ELIBOL","secondSubmissionId":"MERT_ACAR","similarities":{"AVG":0.0784313725490196,"MAX":0.08588957055214724,"MAXIMUM_LENGTH":197.0,"LONGEST_MATCH":14.0},"matches":[{"firstFileName":"EMIRHAN_EREN_ELIBOL/StackQuestionsMember.tpp","secondFileName":"MERT_ACAR/StackQuestionsMember.tpp","startInFirst":{"line":23,"column":4,"tokenListIndex":17},"endInFirst":{"line":34,"column":0,"tokenListIndex":30},"startInSecond":{"line":17,"column":4,"tokenListIndex":6},"endInSecond":{"line":30,"column":0,"tokenListIndex":19},"lengthOfFirst":14,"lengthOfSecond":14}],"firstSimilarity":0.08588957055214724,"secondSimilarity":0.07216494845360824}