{"firstSubmissionId":"EMIRHAN_DEMIR","secondSubmissionId":"EFE_DEMIRCI","similarities":{"AVG":0.48360655737704916,"MAX":0.5221238938053098,"MAXIMUM_LENGTH":134.0,"LONGEST_MATCH":12.0},"matches":[{"firstFileName":"EMIRHAN_DEMIR/StackQuestionsNonMember.tpp","secondFileName":"EFE_DEMIRCI/StackQuestionsNonMember.tpp","startInFirst":{"line":17,"column":4,"tokenListIndex":67},"endInFirst":{"line":25,"column":4,"tokenListIndex":78},"startInSecond":{"line":25,"column":4,"tokenListIndex":113},"endInSecond":{"line":33,"column":4,"tokenListIndex":124},"lengthOfFirst":12,"lengthOfSecond":12},{"firstFileName":"EMIRHAN_DEMIR/StackQuestionsMember.tpp","secondFileName":"EFE_DEMIRCI/StackQuestionsMember.tpp","startInFirst":{"line":42,"column":0,"tokenListIndex":30},"endInFirst":{"line":47,"column":4,"tokenListIndex":37},"startInSecond":{"line":9,"column":0,"tokenListIndex":28},"endInSecond":{"line":17,"column":1,"tokenListIndex":35},"lengthOfFirst":8,"lengthOfSecond":8},{"firstFileName":"EMIRHAN_DEMIR/StackQuestionsNonMember.tpp","secondFileName":"EFE_DEMIRCI/StackQuestionsNonMember.tpp","startInFirst":{"line":11,"column":22,"tokenListIndex":59},"endInFirst":{"line":15,"column":4,"tokenListIndex":66},"startInSecond":{"line":9,"column":0,"tokenListIndex":89},"endInSecond":{"line":12,"column":4,"tokenListIndex":96},"lengthOfFirst":8,"lengthOfSecond":8},{"firstFileName":"EMIRHAN_DEMIR/StackQuestionsNonMember.tpp","secondFileName":"EFE_DEMIRCI/StackQuestionsMember.tpp","startInFirst":{"line":50,"column":4,"tokenListIndex":105},"endInFirst":{"line":52,"column":4,"tokenListIndex":111},"startInSecond":{"line":65,"column":4,"tokenListIndex":80},"endInSecond":{"line":67,"column":4,"tokenListIndex":86},"lengthOfFirst":7,"lengthOfSecond":7},{"firstFileName":"EMIRHAN_DEMIR/StackQuestionsMember.tpp","secondFileName":"EFE_DEMIRCI/StackQuestionsMember.tpp","startInFirst":{"line":19,"column":4,"tokenListIndex":10},"endInFirst":{"line":22,"column":4,"tokenListIndex":15},"startInSecond":{"line":21,"column":1,"tokenListIndex":37},"endInSecond":{"line":25,"column":1,"tokenListIndex":42},"lengthOfFirst":6,"lengthOfSecond":6},{"firstFileName":"EMIRHAN_DEMIR/StackQuestionsMember.tpp","secondFileName":"EFE_DEMIRCI/StackQuestionsMember.tpp","startInFirst":{"line":50,"column":4,"tokenListIndex":38},"endInFirst":{"line":52,"column":8,"tokenListIndex":43},"startInSecond":{"line":48,"column":4,"tokenListIndex":58},"endInSecond":{"line":50,"column":8,"tokenListIndex":63},"lengthOfFirst":6,"lengthOfSecond":6},{"firstFileName":"EMIRHAN_DEMIR/StackQuestionsMember.tpp","secondFileName":"EFE_DEMIRCI/StackQuestionsNonMember.tpp","startInFirst":{"line":62,"column":4,"tokenListIndex":50},"endInFirst":{"line":65,"column":4,"tokenListIndex":55},"startInSecond":{"line":35,"column":4,"tokenListIndex":125},"endInSecond":{"line":38,"column":4,"tokenListIndex":130},"lengthOfFirst":6,"lengthOfSecond":6},{"firstFileName":"EMIRHAN_DEMIR/StackQuestionsNonMember.tpp","secondFileName":"EFE_DEMIRCI/StackQuestionsNonMember.tpp","startInFirst":{"line":27,"column":4,"tokenListIndex":82},"endInFirst":{"line":32,"column":12,"tokenListIndex":87},"startInSecond":{"line":13,"column":4,"tokenListIndex":97},"endInSecond":{"line":16,"column":12,"tokenListIndex":102},"lengthOfFirst":6,"lengthOfSecond":6}],"firstSimilarity":0.5221238938053098,"secondSimilarity":0.45038167938931295}