{"firstSubmissionId":"EMIRHAN_DEMIR","secondSubmissionId":"MERT_ACAR","similarities":{"AVG":0.14332247557003258,"MAX":0.19469026548672566,"MAXIMUM_LENGTH":197.0,"LONGEST_MATCH":16.0},"matches":[{"firstFileName":"EMIRHAN_DEMIR/StackQuestionsMember.tpp","secondFileName":"MERT_ACAR/StackQuestionsMember.tpp","startInFirst":{"line":25,"column":4,"tokenListIndex":16},"endInFirst":{"line":42,"column":22,"tokenListIndex":31},"startInSecond":{"line":17,"column":4,"tokenListIndex":6},"endInSecond":{"line":35,"column":22,"tokenListIndex":21},"lengthOfFirst":16,"lengthOfSecond":16},{"firstFileName":"EMIRHAN_DEMIR/StackQuestionsNonMember.tpp","secondFileName":"MERT_ACAR/main.cpp","startInFirst":{"line":49,"column":4,"tokenListIndex":104},"endInFirst":{"line":50,"column":44,"tokenListIndex":109},"startInSecond":{"line":53,"column":39,"tokenListIndex":67},"endInSecond":{"line":55,"column":37,"tokenListIndex":72},"lengthOfFirst":6,"lengthOfSecond":6}],"firstSimilarity":0.19469026548672566,"secondSimilarity":0.1134020618556701}