{"firstSubmissionId":"KEREM_AKDENIZ","secondSubmissionId":"EMIRHAN_DEMIR","similarities":{"AVG":0.5022421524663677,"MAX":0.509090909090909,"MAXIMUM_LENGTH":115.0,"LONGEST_MATCH":14.0},"matches":[{"firstFileName":"KEREM_AKDENIZ/StackQuestionsMember.tpp","secondFileName":"EMIRHAN_DEMIR/StackQuestionsMember.tpp","startInFirst":{"line":12,"column":4,"tokenListIndex":7},"endInFirst":{"line":22,"column":10,"tokenListIndex":20},"startInSecond":{"line":11,"column":33,"tokenListIndex":4},"endInSecond":{"line":25,"column":8,"tokenListIndex":17},"lengthOfFirst":14,"lengthOfSecond":14},{"firstFileName":"KEREM_AKDENIZ/StackQuestionsMember.tpp","secondFileName":"EMIRHAN_DEMIR/StackQuestionsMember.tpp","startInFirst":{"line":65,"column":3,"tokenListIndex":64},"endInFirst":{"line":75,"column":0,"tokenListIndex":73},"startInSecond":{"line":57,"column":12,"tokenListIndex":47},"endInSecond":{"line":66,"column":0,"tokenListIndex":56},"lengthOfFirst":10,"lengthOfSecond":10},{"firstFileName":"KEREM_AKDENIZ/StackQuestionsNonMember.tpp","secondFileName":"EMIRHAN_DEMIR/StackQuestionsNonMember.tpp","startInFirst":{"line":11,"column":0,"tokenListIndex":75},"endInFirst":{"line":18,"column":1,"tokenListIndex":83},"startInSecond":{"line":11,"column":0,"tokenListIndex":58},"endInSecond":{"line":15,"column":4,"tokenListIndex":66},"lengthOfFirst":9,"lengthOfSecond":9},{"firstFileName":"KEREM_AKDENIZ/StackQuestionsNonMember.tpp","secondFileName":"EMIRHAN_DEMIR/StackQuestionsNonMember.tpp","startInFirst":{"line":31,"column":2,"tokenListIndex":101},"endInFirst":{"line":38,"column":1,"tokenListIndex":109},"startInSecond":{"line":18,"column":21,"tokenListIndex":70},"endInSecond":{"line":25,"column":4,"tokenListIndex":78},"lengthOfFirst":9,"lengthOfSecond":9},{"firstFileName":"KEREM_AKDENIZ/StackQuestionsMember.tpp","secondFileName":"EMIRHAN_DEMIR/StackQuestionsMember.tpp","startInFirst":{"line":41,"column":1,"tokenListIndex":36},"endInFirst":{"line":46,"column":2,"tokenListIndex":43},"startInSecond":{"line":46,"column":4,"tokenListIndex":36},"endInSecond":{"line":52,"column":8,"tokenListIndex":43},"lengthOfFirst":8,"lengthOfSecond":8},{"firstFileName":"KEREM_AKDENIZ/StackQuestionsNonMember.tpp","secondFileName":"EMIRHAN_DEMIR/StackQuestionsNonMember.tpp","startInFirst":{"line":19,"column":1,"tokenListIndex":84},"endInFirst":{"line":23,"column":5,"tokenListIndex":89},"startInSecond":{"line":27,"column":4,"tokenListIndex":82},"endInSecond":{"line":32,"column":12,"tokenListIndex":87},"lengthOfFirst":6,"lengthOfSecond":6}],"firstSimilarity":0.509090909090909,"secondSimilarity":0.49557522123893805}