{"firstSubmissionId":"KEREM_AKDENIZ","secondSubmissionId":"MERT_ACAR","similarities":{"AVG":0.13815789473684212,"MAX":0.19090909090909092,"MAXIMUM_LENGTH":197.0,"LONGEST_MATCH":9.0},"matches":[{"firstFileName":"KEREM_AKDENIZ/StackQuestionsMember.tpp","secondFileName":"MERT_ACAR/StackQuestionsMember.tpp","startInFirst":{"line":9,"column":0,"tokenListIndex":4},"endInFirst":{"line":15,"column":1,"tokenListIndex":12},"startInSecond":{"line":12,"column":0,"tokenListIndex":0},"endInSecond":{"line":18,"column":4,"tokenListIndex":8},"lengthOfFirst":9,"lengthOfSecond":9},{"firstFileName":"KEREM_AKDENIZ/StackQuestionsMember.tpp","secondFileName":"MERT_ACAR/StackQuestionsMember.tpp","startInFirst":{"line":30,"column":1,"tokenListIndex":31},"endInFirst":{"line":41,"column":1,"tokenListIndex":36},"startInSecond":{"line":28,"column":4,"tokenListIndex":17},"endInSecond":{"line":37,"column":2,"tokenListIndex":22},"lengthOfFirst":6,"lengthOfSecond":6},{"firstFileName":"KEREM_AKDENIZ/StackQuestionsNonMember.tpp","secondFileName":"MERT_ACAR/main.cpp","startInFirst":{"line":23,"column":5,"tokenListIndex":89},"endInFirst":{"line":25,"column":13,"tokenListIndex":94},"startInSecond":{"line":113,"column":2,"tokenListIndex":120},"endInSecond":{"line":119,"column":2,"tokenListIndex":125},"lengthOfFirst":6,"lengthOfSecond":6}],"firstSimilarity":0.19090909090909092,"secondSimilarity":0.10824742268041238}