{"firstSubmissionId":"KEREM_AKDENIZ","secondSubmissionId":"OSMAN_ALPEREN_KARADAG","similarities":{"AVG":0.3130434782608696,"MAX":0.32727272727272727,"MAXIMUM_LENGTH":123.0,"LONGEST_MATCH":11.0},"matches":[{"firstFileName":"KEREM_AKDENIZ/StackQuestionsNonMember.tpp","secondFileName":"OSMAN_ALPEREN_KARADAG/StackQuestionsNonMember.tpp","startInFirst":{"line":31,"column":2,"tokenListIndex":101},"endInFirst":{"line":42,"column":0,"tokenListIndex":111},"startInSecond":{"line":31,"column":25,"tokenListIndex":83},"endInSecond":{"line":40,"column":0,"tokenListIndex":93},"lengthOfFirst":11,"lengthOfSecond":11},{"firstFileName":"KEREM_AKDENIZ/StackQuestionsNonMember.tpp","secondFileName":"OSMAN_ALPEREN_KARADAG/StackQuestionsNonMember.tpp","startInFirst":{"line":11,"column":0,"tokenListIndex":75},"endInFirst":{"line":19,"column":1,"tokenListIndex":84},"startInSecond":{"line":11,"column":0,"tokenListIndex":53},"endInSecond":{"line":15,"column":2,"tokenListIndex":62},"lengthOfFirst":10,"lengthOfSecond":10},{"firstFileName":"KEREM_AKDENIZ/StackQuestionsNonMember.tpp","secondFileName":"OSMAN_ALPEREN_KARADAG/StackQuestionsNonMember.tpp","startInFirst":{"line":23,"column":21,"tokenListIndex":90},"endInFirst":{"line":28,"column":3,"tokenListIndex":98},"startInSecond":{"line":17,"column":6,"tokenListIndex":64},"endInSecond":{"line":22,"column":6,"tokenListIndex":72},"lengthOfFirst":9,"lengthOfSecond":9},{"firstFileName":"KEREM_AKDENIZ/StackQuestionsMember.tpp","secondFileName":"OSMAN_ALPEREN_KARADAG/StackQuestionsNonMember.tpp","startInFirst":{"line":17,"column":1,"tokenListIndex":13},"endInFirst":{"line":20,"column":1,"tokenListIndex":18},"startInSecond":{"line":25,"column":2,"tokenListIndex":74},"endInSecond":{"line":28,"column":2,"tokenListIndex":79},"lengthOfFirst":6,"lengthOfSecond":6}],"firstSimilarity":0.32727272727272727,"secondSimilarity":0.3}