{"firstSubmissionId":"KEREM_AKDENIZ","secondSubmissionId":"BURHAN_EFE_DEMIR","similarities":{"AVG":0.6547085201793722,"MAX":0.6636363636363637,"MAXIMUM_LENGTH":115.0,"LONGEST_MATCH":17.0},"matches":[{"firstFileName":"KEREM_AKDENIZ/StackQuestionsMember.tpp","secondFileName":"BURHAN_EFE_DEMIR/Burhan Efe Demir/StackQuestionsMember.tpp","startInFirst":{"line":9,"column":0,"tokenListIndex":4},"endInFirst":{"line":22,"column":10,"tokenListIndex":20},"startInSecond":{"line":9,"column":0,"tokenListIndex":0},"endInSecond":{"line":27,"column":6,"tokenListIndex":16},"lengthOfFirst":17,"lengthOfSecond":17},{"firstFileName":"KEREM_AKDENIZ/StackQuestionsMember.tpp","secondFileName":"BURHAN_EFE_DEMIR/Burhan Efe Demir/StackQuestionsMember.tpp","startInFirst":{"line":33,"column":0,"tokenListIndex":33},"endInFirst":{"line":46,"column":2,"tokenListIndex":43},"startInSecond":{"line":39,"column":0,"tokenListIndex":28},"endInSecond":{"line":55,"column":2,"tokenListIndex":38},"lengthOfFirst":11,"lengthOfSecond":11},{"firstFileName":"KEREM_AKDENIZ/StackQuestionsMember.tpp","secondFileName":"BURHAN_EFE_DEMIR/Burhan Efe Demir/StackQuestionsMember.tpp","startInFirst":{"line":57,"column":3,"tokenListIndex":55},"endInFirst":{"line":66,"column":2,"tokenListIndex":65},"startInSecond":{"line":67,"column":4,"tokenListIndex":50},"endInSecond":{"line":77,"column":2,"tokenListIndex":60},"lengthOfFirst":11,"lengthOfSecond":11},{"firstFileName":"KEREM_AKDENIZ/StackQuestionsNonMember.tpp","secondFileName":"BURHAN_EFE_DEMIR/Burhan Efe Demir/StackQuestionsNonMember.tpp","startInFirst":{"line":19,"column":1,"tokenListIndex":84},"endInFirst":{"line":25,"column":3,"tokenListIndex":93},"startInSecond":{"line":19,"column":2,"tokenListIndex":77},"endInSecond":{"line":25,"column":8,"tokenListIndex":86},"lengthOfFirst":10,"lengthOfSecond":10},{"firstFileName":"KEREM_AKDENIZ/StackQuestionsNonMember.tpp","secondFileName":"BURHAN_EFE_DEMIR/Burhan Efe Demir/StackQuestionsNonMember.tpp","startInFirst":{"line":31,"column":2,"tokenListIndex":101},"endInFirst":{"line":38,"column":1,"tokenListIndex":109},"startInSecond":{"line":35,"column":17,"tokenListIndex":96},"endInSecond":{"line":41,"column":4,"tokenListIndex":104},"lengthOfFirst":9,"lengthOfSecond":9},{"firstFileName":"KEREM_AKDENIZ/StackQuestionsNonMember.tpp","secondFileName":"BURHAN_EFE_DEMIR/Burhan Efe Demir/StackQuestionsNonMember.tpp","startInFirst":{"line":11,"column":0,"tokenListIndex":75},"endInFirst":{"line":16,"column":10,"tokenListIndex":82},"startInSecond":{"line":11,"column":0,"tokenListIndex":69},"endInSecond":{"line":16,"column":11,"tokenListIndex":76},"lengthOfFirst":8,"lengthOfSecond":8},{"firstFileName":"KEREM_AKDENIZ/StackQuestionsMember.tpp","secondFileName":"BURHAN_EFE_DEMIR/Burhan Efe Demir/StackQuestionsMember.tpp","startInFirst":{"line":69,"column":1,"tokenListIndex":67},"endInFirst":{"line":75,"column":0,"tokenListIndex":73},"startInSecond":{"line":81,"column":2,"tokenListIndex":61},"endInSecond":{"line":87,"column":0,"tokenListIndex":67},"lengthOfFirst":7,"lengthOfSecond":7}],"firstSimilarity":0.6636363636363637,"secondSimilarity":0.6460176991150443}