{"firstSubmissionId":"KEREM_AKDENIZ","secondSubmissionId":"EMIRHAN_EREN_ELIBOL","similarities":{"AVG":0.1684981684981685,"MAX":0.20909090909090908,"MAXIMUM_LENGTH":166.0,"LONGEST_MATCH":9.0},"matches":[{"firstFileName":"KEREM_AKDENIZ/StackQuestionsNonMember.tpp","secondFileName":"EMIRHAN_EREN_ELIBOL/StackQuestionsNonMember.tpp","startInFirst":{"line":31,"column":2,"tokenListIndex":101},"endInFirst":{"line":38,"column":1,"tokenListIndex":109},"startInSecond":{"line":19,"column":21,"tokenListIndex":117},"endInSecond":{"line":26,"column":4,"tokenListIndex":125},"lengthOfFirst":9,"lengthOfSecond":9},{"firstFileName":"KEREM_AKDENIZ/StackQuestionsMember.tpp","secondFileName":"EMIRHAN_EREN_ELIBOL/StackQuestionsMember.tpp","startInFirst":{"line":17,"column":1,"tokenListIndex":13},"endInFirst":{"line":22,"column":10,"tokenListIndex":20},"startInSecond":{"line":18,"column":4,"tokenListIndex":11},"endInSecond":{"line":23,"column":16,"tokenListIndex":18},"lengthOfFirst":8,"lengthOfSecond":8},{"firstFileName":"KEREM_AKDENIZ/StackQuestionsMember.tpp","secondFileName":"EMIRHAN_EREN_ELIBOL/StackQuestionsMember.tpp","startInFirst":{"line":60,"column":2,"tokenListIndex":57},"endInFirst":{"line":63,"column":2,"tokenListIndex":62},"startInSecond":{"line":44,"column":4,"tokenListIndex":40},"endInSecond":{"line":47,"column":4,"tokenListIndex":45},"lengthOfFirst":6,"lengthOfSecond":6}],"firstSimilarity":0.20909090909090908,"secondSimilarity":0.1411042944785276}