{"firstSubmissionId":"KEREM_AKDENIZ","secondSubmissionId":"EFE_DEMIRCI","similarities":{"AVG":0.5892116182572614,"MAX":0.6454545454545455,"MAXIMUM_LENGTH":134.0,"LONGEST_MATCH":18.0},"matches":[{"firstFileName":"KEREM_AKDENIZ/StackQuestionsNonMember.tpp","secondFileName":"EFE_DEMIRCI/StackQuestionsNonMember.tpp","startInFirst":{"line":11,"column":22,"tokenListIndex":76},"endInFirst":{"line":25,"column":3,"tokenListIndex":93},"startInSecond":{"line":9,"column":0,"tokenListIndex":89},"endInSecond":{"line":18,"column":12,"tokenListIndex":106},"lengthOfFirst":18,"lengthOfSecond":18},{"firstFileName":"KEREM_AKDENIZ/StackQuestionsMember.tpp","secondFileName":"EFE_DEMIRCI/StackQuestionsMember.tpp","startInFirst":{"line":24,"column":31,"tokenListIndex":23},"endInFirst":{"line":33,"column":0,"tokenListIndex":33},"startInSecond":{"line":28,"column":8,"tokenListIndex":45},"endInSecond":{"line":39,"column":0,"tokenListIndex":55},"lengthOfFirst":11,"lengthOfSecond":11},{"firstFileName":"KEREM_AKDENIZ/StackQuestionsNonMember.tpp","secondFileName":"EFE_DEMIRCI/StackQuestionsNonMember.tpp","startInFirst":{"line":31,"column":2,"tokenListIndex":101},"endInFirst":{"line":42,"column":0,"tokenListIndex":111},"startInSecond":{"line":31,"column":25,"tokenListIndex":122},"endInSecond":{"line":41,"column":0,"tokenListIndex":132},"lengthOfFirst":11,"lengthOfSecond":11},{"firstFileName":"KEREM_AKDENIZ/StackQuestionsMember.tpp","secondFileName":"EFE_DEMIRCI/StackQuestionsMember.tpp","startInFirst":{"line":42,"column":1,"tokenListIndex":37},"endInFirst":{"line":49,"column":7,"tokenListIndex":45},"startInSecond":{"line":46,"column":4,"tokenListIndex":57},"endInSecond":{"line":52,"column":13,"tokenListIndex":65},"lengthOfFirst":9,"lengthOfSecond":9},{"firstFileName":"KEREM_AKDENIZ/StackQuestionsMember.tpp","secondFileName":"EFE_DEMIRCI/StackQuestionsNonMember.tpp","startInFirst":{"line":65,"column":3,"tokenListIndex":64},"endInFirst":{"line":72,"column":1,"tokenListIndex":72},"startInSecond":{"line":21,"column":12,"tokenListIndex":110},"endInSecond":{"line":28,"column":4,"tokenListIndex":118},"lengthOfFirst":9,"lengthOfSecond":9},{"firstFileName":"KEREM_AKDENIZ/StackQuestionsMember.tpp","secondFileName":"EFE_DEMIRCI/StackQuestionsMember.tpp","startInFirst":{"line":9,"column":0,"tokenListIndex":4},"endInFirst":{"line":14,"column":1,"tokenListIndex":10},"startInSecond":{"line":9,"column":0,"tokenListIndex":28},"endInSecond":{"line":16,"column":1,"tokenListIndex":34},"lengthOfFirst":7,"lengthOfSecond":7},{"firstFileName":"KEREM_AKDENIZ/StackQuestionsMember.tpp","secondFileName":"EFE_DEMIRCI/StackQuestionsMember.tpp","startInFirst":{"line":17,"column":1,"tokenListIndex":13},"endInFirst":{"line":20,"column":1,"tokenListIndex":18},"startInSecond":{"line":21,"column":1,"tokenListIndex":37},"endInSecond":{"line":25,"column":1,"tokenListIndex":42},"lengthOfFirst":6,"lengthOfSecond":6}],"firstSimilarity":0.6454545454545455,"secondSimilarity":0.5419847328244275}