{"firstSubmissionId":"KEREM_AKDENIZ","secondSubmissionId":"ECENUR_GUNER","similarities":{"AVG":0.43137254901960786,"MAX":0.5,"MAXIMUM_LENGTH":148.0,"LONGEST_MATCH":13.0},"matches":[{"firstFileName":"KEREM_AKDENIZ/StackQuestionsMember.tpp","secondFileName":"ECENUR_GUNER/StackQuestionsMember.tpp","startInFirst":{"line":24,"column":31,"tokenListIndex":23},"endInFirst":{"line":38,"column":22,"tokenListIndex":35},"startInSecond":{"line":32,"column":10,"tokenListIndex":26},"endInSecond":{"line":47,"column":22,"tokenListIndex":38},"lengthOfFirst":13,"lengthOfSecond":13},{"firstFileName":"KEREM_AKDENIZ/StackQuestionsNonMember.tpp","secondFileName":"ECENUR_GUNER/StackQuestionsNonMember.tpp","startInFirst":{"line":18,"column":1,"tokenListIndex":83},"endInFirst":{"line":25,"column":3,"tokenListIndex":93},"startInSecond":{"line":12,"column":61,"tokenListIndex":78},"endInSecond":{"line":18,"column":6,"tokenListIndex":88},"lengthOfFirst":11,"lengthOfSecond":11},{"firstFileName":"KEREM_AKDENIZ/StackQuestionsMember.tpp","secondFileName":"ECENUR_GUNER/StackQuestionsNonMember.tpp","startInFirst":{"line":65,"column":3,"tokenListIndex":64},"endInFirst":{"line":72,"column":1,"tokenListIndex":72},"startInSecond":{"line":21,"column":6,"tokenListIndex":92},"endInSecond":{"line":28,"column":2,"tokenListIndex":100},"lengthOfFirst":9,"lengthOfSecond":9},{"firstFileName":"KEREM_AKDENIZ/StackQuestionsNonMember.tpp","secondFileName":"ECENUR_GUNER/StackQuestionsNonMember.tpp","startInFirst":{"line":35,"column":1,"tokenListIndex":104},"endInFirst":{"line":42,"column":0,"tokenListIndex":111},"startInSecond":{"line":37,"column":2,"tokenListIndex":108},"endInSecond":{"line":43,"column":0,"tokenListIndex":115},"lengthOfFirst":8,"lengthOfSecond":8},{"firstFileName":"KEREM_AKDENIZ/StackQuestionsMember.tpp","secondFileName":"ECENUR_GUNER/StackQuestionsMember.tpp","startInFirst":{"line":9,"column":0,"tokenListIndex":4},"endInFirst":{"line":14,"column":1,"tokenListIndex":10},"startInSecond":{"line":9,"column":0,"tokenListIndex":0},"endInSecond":{"line":17,"column":2,"tokenListIndex":6},"lengthOfFirst":7,"lengthOfSecond":7},{"firstFileName":"KEREM_AKDENIZ/StackQuestionsMember.tpp","secondFileName":"ECENUR_GUNER/StackQuestionsNonMember.tpp","startInFirst":{"line":17,"column":1,"tokenListIndex":13},"endInFirst":{"line":22,"column":1,"tokenListIndex":19},"startInSecond":{"line":30,"column":2,"tokenListIndex":101},"endInSecond":{"line":36,"column":2,"tokenListIndex":107},"lengthOfFirst":7,"lengthOfSecond":7}],"firstSimilarity":0.5,"secondSimilarity":0.3793103448275862}