{"firstSubmissionId":"KUTALMIS_ATA_ALTAYLAR","secondSubmissionId":"BURHAN_EFE_DEMIR","similarities":{"AVG":0.13043478260869565,"MAX":0.36,"MAXIMUM_LENGTH":115.0,"LONGEST_MATCH":9.0},"matches":[{"firstFileName":"KUTALMIS_ATA_ALTAYLAR/lab2.cpp","secondFileName":"BURHAN_EFE_DEMIR/Burhan Efe Demir/StackQuestionsMember.tpp","startInFirst":{"line":11,"column":4,"tokenListIndex":4},"endInFirst":{"line":17,"column":4,"tokenListIndex":12},"startInSecond":{"line":18,"column":2,"tokenListIndex":6},"endInSecond":{"line":25,"column":2,"tokenListIndex":14},"lengthOfFirst":9,"lengthOfSecond":9}],"firstSimilarity":0.36,"secondSimilarity":0.07964601769911504}