{"firstSubmissionId":"KUTALMIS_ATA_ALTAYLAR","secondSubmissionId":"SERRA_PEHLIVANKUCUK","similarities":{"AVG":0.2647058823529412,"MAX":0.36,"MAXIMUM_LENGTH":44.0,"LONGEST_MATCH":9.0},"matches":[{"firstFileName":"KUTALMIS_ATA_ALTAYLAR/lab2.cpp","secondFileName":"SERRA_PEHLIVANKUCUK/Serra Pehlivanküçük 20240702111.tpp","startInFirst":{"line":11,"column":4,"tokenListIndex":4},"endInFirst":{"line":17,"column":4,"tokenListIndex":12},"startInSecond":{"line":10,"column":4,"tokenListIndex":2},"endInSecond":{"line":15,"column":4,"tokenListIndex":10},"lengthOfFirst":9,"lengthOfSecond":9}],"firstSimilarity":0.36,"secondSimilarity":0.20930232558139536}