{"firstSubmissionId":"KUTALMIS_ATA_ALTAYLAR","secondSubmissionId":"EFE_DEMIRCI","similarities":{"AVG":0.23076923076923078,"MAX":0.72,"MAXIMUM_LENGTH":134.0,"LONGEST_MATCH":12.0},"matches":[{"firstFileName":"KUTALMIS_ATA_ALTAYLAR/lab2.cpp","secondFileName":"EFE_DEMIRCI/StackQuestionsMember.tpp","startInFirst":{"line":19,"column":4,"tokenListIndex":13},"endInFirst":{"line":28,"column":0,"tokenListIndex":24},"startInSecond":{"line":28,"column":1,"tokenListIndex":44},"endInSecond":{"line":39,"column":0,"tokenListIndex":55},"lengthOfFirst":12,"lengthOfSecond":12},{"firstFileName":"KUTALMIS_ATA_ALTAYLAR/lab2.cpp","secondFileName":"EFE_DEMIRCI/StackQuestionsMember.tpp","startInFirst":{"line":14,"column":4,"tokenListIndex":7},"endInFirst":{"line":17,"column":4,"tokenListIndex":12},"startInSecond":{"line":21,"column":1,"tokenListIndex":37},"endInSecond":{"line":25,"column":1,"tokenListIndex":42},"lengthOfFirst":6,"lengthOfSecond":6}],"firstSimilarity":0.72,"secondSimilarity":0.13740458015267176}