{"firstSubmissionId":"KUTALMIS_ATA_ALTAYLAR","secondSubmissionId":"EMIRHAN_EREN_ELIBOL","similarities":{"AVG":0.0851063829787234,"MAX":0.32,"MAXIMUM_LENGTH":166.0,"LONGEST_MATCH":8.0},"matches":[{"firstFileName":"KUTALMIS_ATA_ALTAYLAR/lab2.cpp","secondFileName":"EMIRHAN_EREN_ELIBOL/StackQuestionsNonMember.tpp","startInFirst":{"line":14,"column":4,"tokenListIndex":7},"endInFirst":{"line":19,"column":12,"tokenListIndex":14},"startInSecond":{"line":18,"column":4,"tokenListIndex":114},"endInSecond":{"line":23,"column":12,"tokenListIndex":121},"lengthOfFirst":8,"lengthOfSecond":8}],"firstSimilarity":0.32,"secondSimilarity":0.049079754601226995}