{"firstSubmissionId":"KUTALMIS_ATA_ALTAYLAR","secondSubmissionId":"KEREM_AKDENIZ","similarities":{"AVG":0.2962962962962963,"MAX":0.8,"MAXIMUM_LENGTH":113.0,"LONGEST_MATCH":11.0},"matches":[{"firstFileName":"KUTALMIS_ATA_ALTAYLAR/lab2.cpp","secondFileName":"KEREM_AKDENIZ/StackQuestionsMember.tpp","startInFirst":{"line":19,"column":12,"tokenListIndex":14},"endInFirst":{"line":28,"column":0,"tokenListIndex":24},"startInSecond":{"line":24,"column":31,"tokenListIndex":23},"endInSecond":{"line":33,"column":0,"tokenListIndex":33},"lengthOfFirst":11,"lengthOfSecond":11},{"firstFileName":"KUTALMIS_ATA_ALTAYLAR/lab2.cpp","secondFileName":"KEREM_AKDENIZ/StackQuestionsMember.tpp","startInFirst":{"line":11,"column":4,"tokenListIndex":4},"endInFirst":{"line":17,"column":4,"tokenListIndex":12},"startInSecond":{"line":14,"column":1,"tokenListIndex":10},"endInSecond":{"line":20,"column":1,"tokenListIndex":18},"lengthOfFirst":9,"lengthOfSecond":9}],"firstSimilarity":0.8,"secondSimilarity":0.18181818181818182}