{"firstSubmissionId":"KUTALMIS_ATA_ALTAYLAR","secondSubmissionId":"OYKU_AKSUNGUR","similarities":{"AVG":0.1553398058252427,"MAX":0.32,"MAXIMUM_LENGTH":80.0,"LONGEST_MATCH":8.0},"matches":[{"firstFileName":"KUTALMIS_ATA_ALTAYLAR/lab2.cpp","secondFileName":"OYKU_AKSUNGUR/StackQuestionsMember (2).tpp","startInFirst":{"line":14,"column":4,"tokenListIndex":7},"endInFirst":{"line":19,"column":12,"tokenListIndex":14},"startInSecond":{"line":17,"column":3,"tokenListIndex":47},"endInSecond":{"line":22,"column":10,"tokenListIndex":54},"lengthOfFirst":8,"lengthOfSecond":8}],"firstSimilarity":0.32,"secondSimilarity":0.10256410256410256}