{"firstSubmissionId":"KUTALMIS_ATA_ALTAYLAR","secondSubmissionId":"ECENUR_GUNER","similarities":{"AVG":0.2235294117647059,"MAX":0.76,"MAXIMUM_LENGTH":148.0,"LONGEST_MATCH":12.0},"matches":[{"firstFileName":"KUTALMIS_ATA_ALTAYLAR/lab2.cpp","secondFileName":"ECENUR_GUNER/StackQuestionsMember.tpp","startInFirst":{"line":19,"column":4,"tokenListIndex":13},"endInFirst":{"line":28,"column":0,"tokenListIndex":24},"startInSecond":{"line":32,"column":2,"tokenListIndex":25},"endInSecond":{"line":41,"column":0,"tokenListIndex":36},"lengthOfFirst":12,"lengthOfSecond":12},{"firstFileName":"KUTALMIS_ATA_ALTAYLAR/lab2.cpp","secondFileName":"ECENUR_GUNER/StackQuestionsNonMember.tpp","startInFirst":{"line":11,"column":4,"tokenListIndex":6},"endInFirst":{"line":17,"column":4,"tokenListIndex":12},"startInSecond":{"line":36,"column":2,"tokenListIndex":107},"endInSecond":{"line":40,"column":2,"tokenListIndex":113},"lengthOfFirst":7,"lengthOfSecond":7}],"firstSimilarity":0.76,"secondSimilarity":0.1310344827586207}