{"firstSubmissionId":"KUTALMIS_ATA_ALTAYLAR","secondSubmissionId":"EMIRHAN_DEMIR","similarities":{"AVG":0.18840579710144928,"MAX":0.52,"MAXIMUM_LENGTH":115.0,"LONGEST_MATCH":13.0},"matches":[{"firstFileName":"KUTALMIS_ATA_ALTAYLAR/lab2.cpp","secondFileName":"EMIRHAN_DEMIR/StackQuestionsNonMember.tpp","startInFirst":{"line":10,"column":0,"tokenListIndex":2},"endInFirst":{"line":19,"column":12,"tokenListIndex":14},"startInSecond":{"line":12,"column":4,"tokenListIndex":62},"endInSecond":{"line":22,"column":12,"tokenListIndex":74},"lengthOfFirst":13,"lengthOfSecond":13}],"firstSimilarity":0.52,"secondSimilarity":0.11504424778761062}