{"firstSubmissionId":"KUTALMIS_ATA_ALTAYLAR","secondSubmissionId":"MERT_ACAR","similarities":{"AVG":0.0547945205479452,"MAX":0.24,"MAXIMUM_LENGTH":197.0,"LONGEST_MATCH":6.0},"matches":[{"firstFileName":"KUTALMIS_ATA_ALTAYLAR/lab2.cpp","secondFileName":"MERT_ACAR/StackQuestionsMember.tpp","startInFirst":{"line":9,"column":0,"tokenListIndex":0},"endInFirst":{"line":13,"column":18,"tokenListIndex":5},"startInSecond":{"line":35,"column":0,"tokenListIndex":20},"endInSecond":{"line":38,"column":6,"tokenListIndex":25},"lengthOfFirst":6,"lengthOfSecond":6}],"firstSimilarity":0.24,"secondSimilarity":0.030927835051546393}