{"firstSubmissionId":"KUTALMIS_ATA_ALTAYLAR","secondSubmissionId":"OSMAN_ALPEREN_KARADAG","similarities":{"AVG":0.1103448275862069,"MAX":0.32,"MAXIMUM_LENGTH":123.0,"LONGEST_MATCH":8.0},"matches":[{"firstFileName":"KUTALMIS_ATA_ALTAYLAR/lab2.cpp","secondFileName":"OSMAN_ALPEREN_KARADAG/StackQuestionsNonMember.tpp","startInFirst":{"line":14,"column":4,"tokenListIndex":7},"endInFirst":{"line":19,"column":12,"tokenListIndex":14},"startInSecond":{"line":25,"column":2,"tokenListIndex":74},"endInSecond":{"line":30,"column":9,"tokenListIndex":81},"lengthOfFirst":8,"lengthOfSecond":8}],"firstSimilarity":0.32,"secondSimilarity":0.06666666666666667}