{"firstSubmissionId":"KUTALMIS_ATA_ALTAYLAR","secondSubmissionId":"YAREN_TEKIN","similarities":{"AVG":0.16363636363636364,"MAX":0.36,"MAXIMUM_LENGTH":88.0,"LONGEST_MATCH":9.0},"matches":[{"firstFileName":"KUTALMIS_ATA_ALTAYLAR/lab2.cpp","secondFileName":"YAREN_TEKIN/StackQuestionsMember.tpp","startInFirst":{"line":11,"column":4,"tokenListIndex":4},"endInFirst":{"line":17,"column":4,"tokenListIndex":12},"startInSecond":{"line":10,"column":1,"tokenListIndex":41},"endInSecond":{"line":15,"column":1,"tokenListIndex":49},"lengthOfFirst":9,"lengthOfSecond":9}],"firstSimilarity":0.36,"secondSimilarity":0.10588235294117647}