{"firstSubmissionId":"OSMAN_ALPEREN_KARADAG","secondSubmissionId":"ECENUR_GUNER","similarities":{"AVG":0.32452830188679244,"MAX":0.35833333333333334,"MAXIMUM_LENGTH":148.0,"LONGEST_MATCH":13.0},"matches":[{"firstFileName":"OSMAN_ALPEREN_KARADAG/StackQuestionsNonMember.tpp","secondFileName":"ECENUR_GUNER/StackQuestionsNonMember.tpp","startInFirst":{"line":28,"column":2,"tokenListIndex":79},"endInFirst":{"line":37,"column":2,"tokenListIndex":91},"startInSecond":{"line":23,"column":2,"tokenListIndex":94},"endInSecond":{"line":33,"column":2,"tokenListIndex":106},"lengthOfFirst":13,"lengthOfSecond":13},{"firstFileName":"OSMAN_ALPEREN_KARADAG/StackQuestionsNonMember.cpp","secondFileName":"ECENUR_GUNER/StackQuestionsNonMember.cpp","startInFirst":{"line":14,"column":1,"tokenListIndex":101},"endInFirst":{"line":21,"column":9,"tokenListIndex":113},"startInSecond":{"line":15,"column":2,"tokenListIndex":123},"endInSecond":{"line":23,"column":8,"tokenListIndex":135},"lengthOfFirst":13,"lengthOfSecond":13},{"firstFileName":"OSMAN_ALPEREN_KARADAG/StackQuestionsNonMember.tpp","secondFileName":"ECENUR_GUNER/StackQuestionsNonMember.tpp","startInFirst":{"line":17,"column":2,"tokenListIndex":63},"endInFirst":{"line":23,"column":4,"tokenListIndex":73},"startInSecond":{"line":16,"column":4,"tokenListIndex":83},"endInSecond":{"line":22,"column":4,"tokenListIndex":93},"lengthOfFirst":11,"lengthOfSecond":11},{"firstFileName":"OSMAN_ALPEREN_KARADAG/StackQuestionsMember.tpp","secondFileName":"ECENUR_GUNER/StackQuestionsMember.tpp","startInFirst":{"line":13,"column":31,"tokenListIndex":7},"endInFirst":{"line":17,"column":6,"tokenListIndex":12},"startInSecond":{"line":24,"column":4,"tokenListIndex":18},"endInSecond":{"line":29,"column":4,"tokenListIndex":23},"lengthOfFirst":6,"lengthOfSecond":6}],"firstSimilarity":0.35833333333333334,"secondSimilarity":0.296551724137931}