{"firstSubmissionId":"OSMAN_ALPEREN_KARADAG","secondSubmissionId":"EFE_DEMIRCI","similarities":{"AVG":0.5338645418326693,"MAX":0.5583333333333333,"MAXIMUM_LENGTH":134.0,"LONGEST_MATCH":27.0},"matches":[{"firstFileName":"OSMAN_ALPEREN_KARADAG/StackQuestionsNonMember.cpp","secondFileName":"EFE_DEMIRCI/StackQuestionsNonMember.cpp","startInFirst":{"line":9,"column":0,"tokenListIndex":95},"endInFirst":{"line":28,"column":0,"tokenListIndex":121},"startInSecond":{"line":9,"column":0,"tokenListIndex":0},"endInSecond":{"line":46,"column":2,"tokenListIndex":26},"lengthOfFirst":27,"lengthOfSecond":27},{"firstFileName":"OSMAN_ALPEREN_KARADAG/StackQuestionsNonMember.tpp","secondFileName":"EFE_DEMIRCI/StackQuestionsNonMember.tpp","startInFirst":{"line":25,"column":2,"tokenListIndex":74},"endInFirst":{"line":40,"column":0,"tokenListIndex":93},"startInSecond":{"line":25,"column":4,"tokenListIndex":113},"endInSecond":{"line":41,"column":0,"tokenListIndex":132},"lengthOfFirst":20,"lengthOfSecond":20},{"firstFileName":"OSMAN_ALPEREN_KARADAG/StackQuestionsNonMember.tpp","secondFileName":"EFE_DEMIRCI/StackQuestionsNonMember.tpp","startInFirst":{"line":17,"column":2,"tokenListIndex":63},"endInFirst":{"line":23,"column":4,"tokenListIndex":73},"startInSecond":{"line":16,"column":8,"tokenListIndex":101},"endInSecond":{"line":22,"column":8,"tokenListIndex":111},"lengthOfFirst":11,"lengthOfSecond":11},{"firstFileName":"OSMAN_ALPEREN_KARADAG/StackQuestionsNonMember.tpp","secondFileName":"EFE_DEMIRCI/StackQuestionsNonMember.tpp","startInFirst":{"line":11,"column":22,"tokenListIndex":54},"endInFirst":{"line":15,"column":2,"tokenListIndex":62},"startInSecond":{"line":9,"column":0,"tokenListIndex":89},"endInSecond":{"line":13,"column":4,"tokenListIndex":97},"lengthOfFirst":9,"lengthOfSecond":9}],"firstSimilarity":0.5583333333333333,"secondSimilarity":0.5114503816793893}