{"firstSubmissionId":"OSMAN_ALPEREN_KARADAG","secondSubmissionId":"MERT_ACAR","similarities":{"AVG":0.08280254777070063,"MAX":0.10833333333333334,"MAXIMUM_LENGTH":197.0,"LONGEST_MATCH":7.0},"matches":[{"firstFileName":"OSMAN_ALPEREN_KARADAG/StackQuestionsNonMember.cpp","secondFileName":"MERT_ACAR/main.cpp","startInFirst":{"line":14,"column":1,"tokenListIndex":101},"endInFirst":{"line":16,"column":6,"tokenListIndex":107},"startInSecond":{"line":55,"column":2,"tokenListIndex":68},"endInSecond":{"line":57,"column":12,"tokenListIndex":74},"lengthOfFirst":7,"lengthOfSecond":7},{"firstFileName":"OSMAN_ALPEREN_KARADAG/StackQuestionsMember.tpp","secondFileName":"MERT_ACAR/StackQuestionsMember.tpp","startInFirst":{"line":27,"column":2,"tokenListIndex":26},"endInFirst":{"line":36,"column":11,"tokenListIndex":31},"startInSecond":{"line":29,"column":4,"tokenListIndex":18},"endInSecond":{"line":37,"column":6,"tokenListIndex":23},"lengthOfFirst":6,"lengthOfSecond":6}],"firstSimilarity":0.10833333333333334,"secondSimilarity":0.06701030927835051}