{"firstSubmissionId":"OSMAN_ALPEREN_KARADAG","secondSubmissionId":"EMIRHAN_EREN_ELIBOL","similarities":{"AVG":0.1978798586572438,"MAX":0.23333333333333334,"MAXIMUM_LENGTH":166.0,"LONGEST_MATCH":12.0},"matches":[{"firstFileName":"OSMAN_ALPEREN_KARADAG/StackQuestionsNonMember.tpp","secondFileName":"EMIRHAN_EREN_ELIBOL/StackQuestionsNonMember.tpp","startInFirst":{"line":25,"column":2,"tokenListIndex":74},"endInFirst":{"line":33,"column":2,"tokenListIndex":85},"startInSecond":{"line":18,"column":4,"tokenListIndex":114},"endInSecond":{"line":26,"column":4,"tokenListIndex":125},"lengthOfFirst":12,"lengthOfSecond":12},{"firstFileName":"OSMAN_ALPEREN_KARADAG/StackQuestionsNonMember.cpp","secondFileName":"EMIRHAN_EREN_ELIBOL/StackQuestionsNonMember.cpp","startInFirst":{"line":9,"column":0,"tokenListIndex":95},"endInFirst":{"line":14,"column":26,"tokenListIndex":104},"startInSecond":{"line":10,"column":0,"tokenListIndex":66},"endInSecond":{"line":15,"column":24,"tokenListIndex":75},"lengthOfFirst":10,"lengthOfSecond":10},{"firstFileName":"OSMAN_ALPEREN_KARADAG/StackQuestionsNonMember.tpp","secondFileName":"EMIRHAN_EREN_ELIBOL/StackQuestionsMember.tpp","startInFirst":{"line":34,"column":2,"tokenListIndex":86},"endInFirst":{"line":37,"column":2,"tokenListIndex":91},"startInSecond":{"line":18,"column":4,"tokenListIndex":11},"endInSecond":{"line":21,"column":4,"tokenListIndex":16},"lengthOfFirst":6,"lengthOfSecond":6}],"firstSimilarity":0.23333333333333334,"secondSimilarity":0.17177914110429449}