{"firstSubmissionId":"OYKU_AKSUNGUR","secondSubmissionId":"BURHAN_EFE_DEMIR","similarities":{"AVG":0.24083769633507854,"MAX":0.2948717948717949,"MAXIMUM_LENGTH":115.0,"LONGEST_MATCH":9.0},"matches":[{"firstFileName":"OYKU_AKSUNGUR/StackQuestionsMember (2).tpp","secondFileName":"BURHAN_EFE_DEMIR/Burhan Efe Demir/StackQuestionsNonMember.tpp","startInFirst":{"line":17,"column":3,"tokenListIndex":47},"endInFirst":{"line":22,"column":29,"tokenListIndex":55},"startInSecond":{"line":34,"column":4,"tokenListIndex":93},"endInSecond":{"line":39,"column":8,"tokenListIndex":101},"lengthOfFirst":9,"lengthOfSecond":9},{"firstFileName":"OYKU_AKSUNGUR/StackQuestionsNonMember.tpp","secondFileName":"BURHAN_EFE_DEMIR/Burhan Efe Demir/StackQuestionsMember.tpp","startInFirst":{"line":11,"column":0,"tokenListIndex":0},"endInFirst":{"line":14,"column":2,"tokenListIndex":6},"startInSecond":{"line":44,"column":0,"tokenListIndex":29},"endInSecond":{"line":54,"column":2,"tokenListIndex":35},"lengthOfFirst":7,"lengthOfSecond":7},{"firstFileName":"OYKU_AKSUNGUR/StackQuestionsNonMember.tpp","secondFileName":"BURHAN_EFE_DEMIR/Burhan Efe Demir/StackQuestionsNonMember.tpp","startInFirst":{"line":31,"column":5,"tokenListIndex":29},"endInFirst":{"line":36,"column":20,"tokenListIndex":35},"startInSecond":{"line":23,"column":20,"tokenListIndex":83},"endInSecond":{"line":28,"column":17,"tokenListIndex":89},"lengthOfFirst":7,"lengthOfSecond":7}],"firstSimilarity":0.2948717948717949,"secondSimilarity":0.20353982300884957}