{"firstSubmissionId":"OYKU_AKSUNGUR","secondSubmissionId":"EFE_DEMIRCI","similarities":{"AVG":0.15311004784688995,"MAX":0.20512820512820512,"MAXIMUM_LENGTH":134.0,"LONGEST_MATCH":9.0},"matches":[{"firstFileName":"OYKU_AKSUNGUR/StackQuestionsMember (2).tpp","secondFileName":"EFE_DEMIRCI/StackQuestionsNonMember.tpp","startInFirst":{"line":17,"column":3,"tokenListIndex":47},"endInFirst":{"line":22,"column":29,"tokenListIndex":55},"startInSecond":{"line":25,"column":4,"tokenListIndex":113},"endInSecond":{"line":31,"column":8,"tokenListIndex":121},"lengthOfFirst":9,"lengthOfSecond":9},{"firstFileName":"OYKU_AKSUNGUR/StackQuestionsNonMember.tpp","secondFileName":"EFE_DEMIRCI/StackQuestionsNonMember.tpp","startInFirst":{"line":31,"column":5,"tokenListIndex":29},"endInFirst":{"line":36,"column":20,"tokenListIndex":35},"startInSecond":{"line":16,"column":26,"tokenListIndex":103},"endInSecond":{"line":20,"column":29,"tokenListIndex":109},"lengthOfFirst":7,"lengthOfSecond":7}],"firstSimilarity":0.20512820512820512,"secondSimilarity":0.12213740458015267}