{"firstSubmissionId":"OYKU_AKSUNGUR","secondSubmissionId":"KEREM_AKDENIZ","similarities":{"AVG":0.2978723404255319,"MAX":0.358974358974359,"MAXIMUM_LENGTH":113.0,"LONGEST_MATCH":8.0},"matches":[{"firstFileName":"OYKU_AKSUNGUR/StackQuestionsMember (2).tpp","secondFileName":"KEREM_AKDENIZ/StackQuestionsMember.tpp","startInFirst":{"line":22,"column":3,"tokenListIndex":53},"endInFirst":{"line":25,"column":4,"tokenListIndex":60},"startInSecond":{"line":24,"column":1,"tokenListIndex":21},"endInSecond":{"line":27,"column":2,"tokenListIndex":28},"lengthOfFirst":8,"lengthOfSecond":8},{"firstFileName":"OYKU_AKSUNGUR/StackQuestionsNonMember.tpp","secondFileName":"KEREM_AKDENIZ/StackQuestionsMember.tpp","startInFirst":{"line":11,"column":0,"tokenListIndex":0},"endInFirst":{"line":14,"column":2,"tokenListIndex":6},"startInSecond":{"line":38,"column":0,"tokenListIndex":34},"endInSecond":{"line":45,"column":2,"tokenListIndex":40},"lengthOfFirst":7,"lengthOfSecond":7},{"firstFileName":"OYKU_AKSUNGUR/StackQuestionsNonMember.tpp","secondFileName":"KEREM_AKDENIZ/StackQuestionsNonMember.tpp","startInFirst":{"line":31,"column":5,"tokenListIndex":29},"endInFirst":{"line":36,"column":20,"tokenListIndex":35},"startInSecond":{"line":24,"column":3,"tokenListIndex":91},"endInSecond":{"line":27,"column":13,"tokenListIndex":97},"lengthOfFirst":7,"lengthOfSecond":7},{"firstFileName":"OYKU_AKSUNGUR/StackQuestionsMember (2).tpp","secondFileName":"KEREM_AKDENIZ/StackQuestionsMember.tpp","startInFirst":{"line":17,"column":3,"tokenListIndex":47},"endInFirst":{"line":20,"column":3,"tokenListIndex":52},"startInSecond":{"line":17,"column":1,"tokenListIndex":13},"endInSecond":{"line":20,"column":1,"tokenListIndex":18},"lengthOfFirst":6,"lengthOfSecond":6}],"firstSimilarity":0.358974358974359,"secondSimilarity":0.2545454545454545}