{"firstSubmissionId":"OYKU_AKSUNGUR","secondSubmissionId":"EMIRHAN_EREN_ELIBOL","similarities":{"AVG":0.12448132780082988,"MAX":0.19230769230769232,"MAXIMUM_LENGTH":166.0,"LONGEST_MATCH":9.0},"matches":[{"firstFileName":"OYKU_AKSUNGUR/StackQuestionsMember (2).tpp","secondFileName":"EMIRHAN_EREN_ELIBOL/StackQuestionsNonMember.tpp","startInFirst":{"line":17,"column":3,"tokenListIndex":47},"endInFirst":{"line":22,"column":29,"tokenListIndex":55},"startInSecond":{"line":18,"column":4,"tokenListIndex":114},"endInSecond":{"line":24,"column":8,"tokenListIndex":122},"lengthOfFirst":9,"lengthOfSecond":9},{"firstFileName":"OYKU_AKSUNGUR/StackQuestionsMember (2).tpp","secondFileName":"EMIRHAN_EREN_ELIBOL/StackQuestionsMember.tpp","startInFirst":{"line":43,"column":10,"tokenListIndex":69},"endInFirst":{"line":46,"column":16,"tokenListIndex":74},"startInSecond":{"line":17,"column":4,"tokenListIndex":9},"endInSecond":{"line":19,"column":24,"tokenListIndex":14},"lengthOfFirst":6,"lengthOfSecond":6}],"firstSimilarity":0.19230769230769232,"secondSimilarity":0.09202453987730061}