{"firstSubmissionId":"OYKU_AKSUNGUR","secondSubmissionId":"YAREN_TEKIN","similarities":{"AVG":0.26993865030674846,"MAX":0.28205128205128205,"MAXIMUM_LENGTH":88.0,"LONGEST_MATCH":9.0},"matches":[{"firstFileName":"OYKU_AKSUNGUR/StackQuestionsNonMember.tpp","secondFileName":"YAREN_TEKIN/StackQuestionsMember.tpp","startInFirst":{"line":15,"column":2,"tokenListIndex":7},"endInFirst":{"line":20,"column":9,"tokenListIndex":15},"startInSecond":{"line":36,"column":2,"tokenListIndex":73},"endInSecond":{"line":41,"column":9,"tokenListIndex":81},"lengthOfFirst":9,"lengthOfSecond":9},{"firstFileName":"OYKU_AKSUNGUR/StackQuestionsNonMember.tpp","secondFileName":"YAREN_TEKIN/StackQuestionsMember.tpp","startInFirst":{"line":11,"column":0,"tokenListIndex":0},"endInFirst":{"line":14,"column":2,"tokenListIndex":6},"startInSecond":{"line":28,"column":1,"tokenListIndex":63},"endInSecond":{"line":33,"column":2,"tokenListIndex":69},"lengthOfFirst":7,"lengthOfSecond":7},{"firstFileName":"OYKU_AKSUNGUR/StackQuestionsMember (2).tpp","secondFileName":"YAREN_TEKIN/StackQuestionsMember.tpp","startInFirst":{"line":17,"column":3,"tokenListIndex":47},"endInFirst":{"line":20,"column":3,"tokenListIndex":52},"startInSecond":{"line":12,"column":4,"tokenListIndex":44},"endInSecond":{"line":15,"column":1,"tokenListIndex":49},"lengthOfFirst":6,"lengthOfSecond":6}],"firstSimilarity":0.28205128205128205,"secondSimilarity":0.25882352941176473}