{"firstSubmissionId":"OYKU_AKSUNGUR","secondSubmissionId":"ECENUR_GUNER","similarities":{"AVG":0.14349775784753363,"MAX":0.20512820512820512,"MAXIMUM_LENGTH":148.0,"LONGEST_MATCH":9.0},"matches":[{"firstFileName":"OYKU_AKSUNGUR/StackQuestionsMember (2).tpp","secondFileName":"ECENUR_GUNER/StackQuestionsNonMember.tpp","startInFirst":{"line":17,"column":3,"tokenListIndex":47},"endInFirst":{"line":22,"column":29,"tokenListIndex":55},"startInSecond":{"line":25,"column":2,"tokenListIndex":95},"endInSecond":{"line":31,"column":4,"tokenListIndex":103},"lengthOfFirst":9,"lengthOfSecond":9},{"firstFileName":"OYKU_AKSUNGUR/StackQuestionsNonMember.tpp","secondFileName":"ECENUR_GUNER/StackQuestionsNonMember.tpp","startInFirst":{"line":31,"column":5,"tokenListIndex":29},"endInFirst":{"line":36,"column":20,"tokenListIndex":35},"startInSecond":{"line":16,"column":24,"tokenListIndex":85},"endInSecond":{"line":20,"column":16,"tokenListIndex":91},"lengthOfFirst":7,"lengthOfSecond":7}],"firstSimilarity":0.20512820512820512,"secondSimilarity":0.1103448275862069}