{"firstSubmissionId":"OYKU_AKSUNGUR","secondSubmissionId":"OSMAN_ALPEREN_KARADAG","similarities":{"AVG":0.2222222222222222,"MAX":0.28205128205128205,"MAXIMUM_LENGTH":123.0,"LONGEST_MATCH":9.0},"matches":[{"firstFileName":"OYKU_AKSUNGUR/StackQuestionsMember (2).tpp","secondFileName":"OSMAN_ALPEREN_KARADAG/StackQuestionsNonMember.tpp","startInFirst":{"line":17,"column":3,"tokenListIndex":47},"endInFirst":{"line":22,"column":29,"tokenListIndex":55},"startInSecond":{"line":25,"column":2,"tokenListIndex":74},"endInSecond":{"line":31,"column":4,"tokenListIndex":82},"lengthOfFirst":9,"lengthOfSecond":9},{"firstFileName":"OYKU_AKSUNGUR/StackQuestionsNonMember.tpp","secondFileName":"OSMAN_ALPEREN_KARADAG/StackQuestionsNonMember.tpp","startInFirst":{"line":31,"column":5,"tokenListIndex":29},"endInFirst":{"line":36,"column":20,"tokenListIndex":35},"startInSecond":{"line":17,"column":21,"tokenListIndex":65},"endInSecond":{"line":21,"column":27,"tokenListIndex":71},"lengthOfFirst":7,"lengthOfSecond":7},{"firstFileName":"OYKU_AKSUNGUR/StackQuestionsNonMember.tpp","secondFileName":"OSMAN_ALPEREN_KARADAG/StackQuestionsMember.tpp","startInFirst":{"line":15,"column":2,"tokenListIndex":7},"endInFirst":{"line":18,"column":2,"tokenListIndex":12},"startInSecond":{"line":43,"column":4,"tokenListIndex":38},"endInSecond":{"line":45,"column":4,"tokenListIndex":43},"lengthOfFirst":6,"lengthOfSecond":6}],"firstSimilarity":0.28205128205128205,"secondSimilarity":0.18333333333333332}