{"firstSubmissionId":"OYKU_AKSUNGUR","secondSubmissionId":"EMIRHAN_DEMIR","similarities":{"AVG":0.16753926701570682,"MAX":0.20512820512820512,"MAXIMUM_LENGTH":115.0,"LONGEST_MATCH":9.0},"matches":[{"firstFileName":"OYKU_AKSUNGUR/StackQuestionsMember (2).tpp","secondFileName":"EMIRHAN_DEMIR/StackQuestionsNonMember.tpp","startInFirst":{"line":17,"column":3,"tokenListIndex":47},"endInFirst":{"line":22,"column":29,"tokenListIndex":55},"startInSecond":{"line":17,"column":4,"tokenListIndex":67},"endInSecond":{"line":23,"column":8,"tokenListIndex":75},"lengthOfFirst":9,"lengthOfSecond":9},{"firstFileName":"OYKU_AKSUNGUR/StackQuestionsNonMember.tpp","secondFileName":"EMIRHAN_DEMIR/StackQuestionsMember.tpp","startInFirst":{"line":15,"column":18,"tokenListIndex":9},"endInFirst":{"line":20,"column":9,"tokenListIndex":15},"startInSecond":{"line":55,"column":12,"tokenListIndex":45},"endInSecond":{"line":62,"column":12,"tokenListIndex":51},"lengthOfFirst":7,"lengthOfSecond":7}],"firstSimilarity":0.20512820512820512,"secondSimilarity":0.1415929203539823}