{"firstSubmissionId":"SERRA_PEHLIVANKUCUK","secondSubmissionId":"EMIRHAN_DEMIR","similarities":{"AVG":0.5,"MAX":0.9069767441860465,"MAXIMUM_LENGTH":115.0,"LONGEST_MATCH":25.0},"matches":[{"firstFileName":"SERRA_PEHLIVANKUCUK/Serra Pehlivanküçük 20240702111.tpp","secondFileName":"EMIRHAN_DEMIR/StackQuestionsMember.tpp","startInFirst":{"line":10,"column":4,"tokenListIndex":2},"endInFirst":{"line":30,"column":22,"tokenListIndex":26},"startInSecond":{"line":15,"column":4,"tokenListIndex":7},"endInSecond":{"line":42,"column":22,"tokenListIndex":31},"lengthOfFirst":25,"lengthOfSecond":25},{"firstFileName":"SERRA_PEHLIVANKUCUK/Serra Pehlivanküçük 20240702111.tpp","secondFileName":"EMIRHAN_DEMIR/StackQuestionsMember.tpp","startInFirst":{"line":31,"column":4,"tokenListIndex":27},"endInFirst":{"line":35,"column":8,"tokenListIndex":33},"startInSecond":{"line":47,"column":4,"tokenListIndex":37},"endInSecond":{"line":52,"column":8,"tokenListIndex":43},"lengthOfFirst":7,"lengthOfSecond":7},{"firstFileName":"SERRA_PEHLIVANKUCUK/Serra Pehlivanküçük 20240702111.tpp","secondFileName":"EMIRHAN_DEMIR/StackQuestionsNonMember.tpp","startInFirst":{"line":37,"column":4,"tokenListIndex":35},"endInFirst":{"line":41,"column":4,"tokenListIndex":41},"startInSecond":{"line":15,"column":4,"tokenListIndex":66},"endInSecond":{"line":20,"column":4,"tokenListIndex":72},"lengthOfFirst":7,"lengthOfSecond":7}],"firstSimilarity":0.9069767441860465,"secondSimilarity":0.34513274336283184}