{"firstSubmissionId":"SERRA_PEHLIVANKUCUK","secondSubmissionId":"MERT_ACAR","similarities":{"AVG":0.14345991561181434,"MAX":0.3953488372093023,"MAXIMUM_LENGTH":197.0,"LONGEST_MATCH":17.0},"matches":[{"firstFileName":"SERRA_PEHLIVANKUCUK/Serra Pehlivanküçük 20240702111.tpp","secondFileName":"MERT_ACAR/StackQuestionsMember.tpp","startInFirst":{"line":16,"column":4,"tokenListIndex":11},"endInFirst":{"line":31,"column":4,"tokenListIndex":27},"startInSecond":{"line":17,"column":4,"tokenListIndex":6},"endInSecond":{"line":37,"column":2,"tokenListIndex":22},"lengthOfFirst":17,"lengthOfSecond":17}],"firstSimilarity":0.3953488372093023,"secondSimilarity":0.08762886597938144}