{"firstSubmissionId":"SERRA_PEHLIVANKUCUK","secondSubmissionId":"YAREN_TEKIN","similarities":{"AVG":0.625,"MAX":0.9302325581395349,"MAXIMUM_LENGTH":88.0,"LONGEST_MATCH":14.0},"matches":[{"firstFileName":"SERRA_PEHLIVANKUCUK/Serra Pehlivanküçük 20240702111.tpp","secondFileName":"YAREN_TEKIN/StackQuestionsMember.tpp","startInFirst":{"line":17,"column":8,"tokenListIndex":14},"endInFirst":{"line":31,"column":4,"tokenListIndex":27},"startInSecond":{"line":16,"column":15,"tokenListIndex":52},"endInSecond":{"line":29,"column":1,"tokenListIndex":65},"lengthOfFirst":14,"lengthOfSecond":14},{"firstFileName":"SERRA_PEHLIVANKUCUK/Serra Pehlivanküçük 20240702111.tpp","secondFileName":"YAREN_TEKIN/StackQuestionsMember.tpp","startInFirst":{"line":9,"column":0,"tokenListIndex":0},"endInFirst":{"line":16,"column":8,"tokenListIndex":12},"startInSecond":{"line":9,"column":0,"tokenListIndex":39},"endInSecond":{"line":16,"column":5,"tokenListIndex":51},"lengthOfFirst":13,"lengthOfSecond":13},{"firstFileName":"SERRA_PEHLIVANKUCUK/Serra Pehlivanküçük 20240702111.tpp","secondFileName":"YAREN_TEKIN/StackQuestionsMember.tpp","startInFirst":{"line":38,"column":4,"tokenListIndex":36},"endInFirst":{"line":43,"column":0,"tokenListIndex":42},"startInSecond":{"line":41,"column":1,"tokenListIndex":80},"endInSecond":{"line":45,"column":0,"tokenListIndex":86},"lengthOfFirst":7,"lengthOfSecond":7},{"firstFileName":"SERRA_PEHLIVANKUCUK/Serra Pehlivanküçük 20240702111.tpp","secondFileName":"YAREN_TEKIN/StackQuestionsMember.tpp","startInFirst":{"line":33,"column":4,"tokenListIndex":28},"endInFirst":{"line":35,"column":8,"tokenListIndex":33},"startInSecond":{"line":32,"column":1,"tokenListIndex":67},"endInSecond":{"line":34,"column":2,"tokenListIndex":72},"lengthOfFirst":6,"lengthOfSecond":6}],"firstSimilarity":0.9302325581395349,"secondSimilarity":0.47058823529411764}