{"firstSubmissionId":"SERRA_PEHLIVANKUCUK","secondSubmissionId":"BURHAN_EFE_DEMIR","similarities":{"AVG":0.34615384615384615,"MAX":0.627906976744186,"MAXIMUM_LENGTH":115.0,"LONGEST_MATCH":17.0},"matches":[{"firstFileName":"SERRA_PEHLIVANKUCUK/Serra Pehlivanküçük 20240702111.tpp","secondFileName":"BURHAN_EFE_DEMIR/Burhan Efe Demir/StackQuestionsMember.tpp","startInFirst":{"line":10,"column":4,"tokenListIndex":2},"endInFirst":{"line":20,"column":12,"tokenListIndex":18},"startInSecond":{"line":18,"column":2,"tokenListIndex":6},"endInSecond":{"line":33,"column":8,"tokenListIndex":22},"lengthOfFirst":17,"lengthOfSecond":17},{"firstFileName":"SERRA_PEHLIVANKUCUK/Serra Pehlivanküçük 20240702111.tpp","secondFileName":"BURHAN_EFE_DEMIR/Burhan Efe Demir/StackQuestionsNonMember.tpp","startInFirst":{"line":34,"column":16,"tokenListIndex":32},"endInFirst":{"line":41,"column":4,"tokenListIndex":41},"startInSecond":{"line":39,"column":17,"tokenListIndex":102},"endInSecond":{"line":50,"column":4,"tokenListIndex":111},"lengthOfFirst":10,"lengthOfSecond":10}],"firstSimilarity":0.627906976744186,"secondSimilarity":0.23893805309734514}