{"firstSubmissionId":"SERRA_PEHLIVANKUCUK","secondSubmissionId":"ECENUR_GUNER","similarities":{"AVG":0.1702127659574468,"MAX":0.37209302325581395,"MAXIMUM_LENGTH":148.0,"LONGEST_MATCH":10.0},"matches":[{"firstFileName":"SERRA_PEHLIVANKUCUK/Serra Pehlivanküçük 20240702111.tpp","secondFileName":"ECENUR_GUNER/StackQuestionsNonMember.tpp","startInFirst":{"line":34,"column":16,"tokenListIndex":32},"endInFirst":{"line":41,"column":4,"tokenListIndex":41},"startInSecond":{"line":31,"column":14,"tokenListIndex":104},"endInSecond":{"line":40,"column":2,"tokenListIndex":113},"lengthOfFirst":10,"lengthOfSecond":10},{"firstFileName":"SERRA_PEHLIVANKUCUK/Serra Pehlivanküçük 20240702111.tpp","secondFileName":"ECENUR_GUNER/StackQuestionsNonMember.tpp","startInFirst":{"line":12,"column":4,"tokenListIndex":5},"endInFirst":{"line":15,"column":4,"tokenListIndex":10},"startInSecond":{"line":25,"column":2,"tokenListIndex":95},"endInSecond":{"line":28,"column":2,"tokenListIndex":100},"lengthOfFirst":6,"lengthOfSecond":6}],"firstSimilarity":0.37209302325581395,"secondSimilarity":0.1103448275862069}