{"firstSubmissionId":"SERRA_PEHLIVANKUCUK","secondSubmissionId":"EMIRHAN_EREN_ELIBOL","similarities":{"AVG":0.2524271844660194,"MAX":0.6046511627906976,"MAXIMUM_LENGTH":166.0,"LONGEST_MATCH":20.0},"matches":[{"firstFileName":"SERRA_PEHLIVANKUCUK/Serra Pehlivanküçük 20240702111.tpp","secondFileName":"EMIRHAN_EREN_ELIBOL/StackQuestionsMember.tpp","startInFirst":{"line":12,"column":4,"tokenListIndex":5},"endInFirst":{"line":25,"column":0,"tokenListIndex":24},"startInSecond":{"line":18,"column":4,"tokenListIndex":11},"endInSecond":{"line":34,"column":0,"tokenListIndex":30},"lengthOfFirst":20,"lengthOfSecond":20},{"firstFileName":"SERRA_PEHLIVANKUCUK/Serra Pehlivanküçük 20240702111.tpp","secondFileName":"EMIRHAN_EREN_ELIBOL/StackQuestionsMember.tpp","startInFirst":{"line":38,"column":4,"tokenListIndex":36},"endInFirst":{"line":41,"column":4,"tokenListIndex":41},"startInSecond":{"line":44,"column":4,"tokenListIndex":40},"endInSecond":{"line":47,"column":4,"tokenListIndex":45},"lengthOfFirst":6,"lengthOfSecond":6}],"firstSimilarity":0.6046511627906976,"secondSimilarity":0.15950920245398773}