{"firstSubmissionId":"SERRA_PEHLIVANKUCUK","secondSubmissionId":"KEREM_AKDENIZ","similarities":{"AVG":0.32679738562091504,"MAX":0.5813953488372093,"MAXIMUM_LENGTH":113.0,"LONGEST_MATCH":11.0},"matches":[{"firstFileName":"SERRA_PEHLIVANKUCUK/Serra Pehlivanküçük 20240702111.tpp","secondFileName":"KEREM_AKDENIZ/StackQuestionsMember.tpp","startInFirst":{"line":10,"column":4,"tokenListIndex":2},"endInFirst":{"line":16,"column":8,"tokenListIndex":12},"startInSecond":{"line":14,"column":1,"tokenListIndex":10},"endInSecond":{"line":22,"column":10,"tokenListIndex":20},"lengthOfFirst":11,"lengthOfSecond":11},{"firstFileName":"SERRA_PEHLIVANKUCUK/Serra Pehlivanküçük 20240702111.tpp","secondFileName":"KEREM_AKDENIZ/StackQuestionsMember.tpp","startInFirst":{"line":31,"column":4,"tokenListIndex":27},"endInFirst":{"line":35,"column":8,"tokenListIndex":33},"startInSecond":{"line":42,"column":1,"tokenListIndex":37},"endInSecond":{"line":46,"column":2,"tokenListIndex":43},"lengthOfFirst":7,"lengthOfSecond":7},{"firstFileName":"SERRA_PEHLIVANKUCUK/Serra Pehlivanküçük 20240702111.tpp","secondFileName":"KEREM_AKDENIZ/StackQuestionsMember.tpp","startInFirst":{"line":38,"column":4,"tokenListIndex":36},"endInFirst":{"line":43,"column":0,"tokenListIndex":42},"startInSecond":{"line":69,"column":1,"tokenListIndex":67},"endInSecond":{"line":75,"column":0,"tokenListIndex":73},"lengthOfFirst":7,"lengthOfSecond":7}],"firstSimilarity":0.5813953488372093,"secondSimilarity":0.22727272727272727}