{"firstSubmissionId":"SERRA_PEHLIVANKUCUK","secondSubmissionId":"OSMAN_ALPEREN_KARADAG","similarities":{"AVG":0.147239263803681,"MAX":0.27906976744186046,"MAXIMUM_LENGTH":123.0,"LONGEST_MATCH":6.0},"matches":[{"firstFileName":"SERRA_PEHLIVANKUCUK/Serra Pehlivanküçük 20240702111.tpp","secondFileName":"OSMAN_ALPEREN_KARADAG/StackQuestionsNonMember.tpp","startInFirst":{"line":12,"column":4,"tokenListIndex":5},"endInFirst":{"line":15,"column":4,"tokenListIndex":10},"startInSecond":{"line":25,"column":2,"tokenListIndex":74},"endInSecond":{"line":28,"column":2,"tokenListIndex":79},"lengthOfFirst":6,"lengthOfSecond":6},{"firstFileName":"SERRA_PEHLIVANKUCUK/Serra Pehlivanküçük 20240702111.tpp","secondFileName":"OSMAN_ALPEREN_KARADAG/StackQuestionsNonMember.tpp","startInFirst":{"line":38,"column":4,"tokenListIndex":36},"endInFirst":{"line":41,"column":4,"tokenListIndex":41},"startInSecond":{"line":30,"column":2,"tokenListIndex":80},"endInSecond":{"line":33,"column":2,"tokenListIndex":85},"lengthOfFirst":6,"lengthOfSecond":6}],"firstSimilarity":0.27906976744186046,"secondSimilarity":0.1}