{"firstSubmissionId":"SERRA_PEHLIVANKUCUK","secondSubmissionId":"OYKU_AKSUNGUR","similarities":{"AVG":0.19834710743801653,"MAX":0.27906976744186046,"MAXIMUM_LENGTH":80.0,"LONGEST_MATCH":6.0},"matches":[{"firstFileName":"SERRA_PEHLIVANKUCUK/Serra Pehlivanküçük 20240702111.tpp","secondFileName":"OYKU_AKSUNGUR/StackQuestionsMember (2).tpp","startInFirst":{"line":12,"column":4,"tokenListIndex":5},"endInFirst":{"line":15,"column":4,"tokenListIndex":10},"startInSecond":{"line":17,"column":3,"tokenListIndex":47},"endInSecond":{"line":20,"column":3,"tokenListIndex":52},"lengthOfFirst":6,"lengthOfSecond":6},{"firstFileName":"SERRA_PEHLIVANKUCUK/Serra Pehlivanküçük 20240702111.tpp","secondFileName":"OYKU_AKSUNGUR/StackQuestionsMember (2).tpp","startInFirst":{"line":25,"column":0,"tokenListIndex":24},"endInFirst":{"line":33,"column":12,"tokenListIndex":29},"startInSecond":{"line":32,"column":0,"tokenListIndex":64},"endInSecond":{"line":43,"column":10,"tokenListIndex":69},"lengthOfFirst":6,"lengthOfSecond":6}],"firstSimilarity":0.27906976744186046,"secondSimilarity":0.15384615384615385}