{"firstSubmissionId":"SERRA_PEHLIVANKUCUK","secondSubmissionId":"EFE_DEMIRCI","similarities":{"AVG":0.22988505747126436,"MAX":0.46511627906976744,"MAXIMUM_LENGTH":134.0,"LONGEST_MATCH":8.0},"matches":[{"firstFileName":"SERRA_PEHLIVANKUCUK/Serra Pehlivanküçük 20240702111.tpp","secondFileName":"EFE_DEMIRCI/StackQuestionsMember.tpp","startInFirst":{"line":30,"column":22,"tokenListIndex":26},"endInFirst":{"line":35,"column":8,"tokenListIndex":33},"startInSecond":{"line":45,"column":0,"tokenListIndex":56},"endInSecond":{"line":50,"column":8,"tokenListIndex":63},"lengthOfFirst":8,"lengthOfSecond":8},{"firstFileName":"SERRA_PEHLIVANKUCUK/Serra Pehlivanküçük 20240702111.tpp","secondFileName":"EFE_DEMIRCI/StackQuestionsMember.tpp","startInFirst":{"line":12,"column":4,"tokenListIndex":5},"endInFirst":{"line":15,"column":4,"tokenListIndex":10},"startInSecond":{"line":21,"column":1,"tokenListIndex":37},"endInSecond":{"line":25,"column":1,"tokenListIndex":42},"lengthOfFirst":6,"lengthOfSecond":6},{"firstFileName":"SERRA_PEHLIVANKUCUK/Serra Pehlivanküçük 20240702111.tpp","secondFileName":"EFE_DEMIRCI/StackQuestionsNonMember.tpp","startInFirst":{"line":38,"column":4,"tokenListIndex":36},"endInFirst":{"line":41,"column":4,"tokenListIndex":41},"startInSecond":{"line":25,"column":4,"tokenListIndex":113},"endInSecond":{"line":28,"column":4,"tokenListIndex":118},"lengthOfFirst":6,"lengthOfSecond":6}],"firstSimilarity":0.46511627906976744,"secondSimilarity":0.15267175572519084}