{"firstSubmissionId":"YAREN_TEKIN","secondSubmissionId":"EMIRHAN_EREN_ELIBOL","similarities":{"AVG":0.20967741935483872,"MAX":0.3058823529411765,"MAXIMUM_LENGTH":166.0,"LONGEST_MATCH":11.0},"matches":[{"firstFileName":"YAREN_TEKIN/StackQuestionsMember.tpp","secondFileName":"EMIRHAN_EREN_ELIBOL/StackQuestionsMember.tpp","startInFirst":{"line":16,"column":15,"tokenListIndex":52},"endInFirst":{"line":23,"column":0,"tokenListIndex":62},"startInSecond":{"line":24,"column":16,"tokenListIndex":20},"endInSecond":{"line":34,"column":0,"tokenListIndex":30},"lengthOfFirst":11,"lengthOfSecond":11},{"firstFileName":"YAREN_TEKIN/StackQuestionsMember.tpp","secondFileName":"EMIRHAN_EREN_ELIBOL/StackQuestionsMember.tpp","startInFirst":{"line":12,"column":4,"tokenListIndex":44},"endInFirst":{"line":16,"column":5,"tokenListIndex":51},"startInSecond":{"line":18,"column":4,"tokenListIndex":11},"endInSecond":{"line":23,"column":16,"tokenListIndex":18},"lengthOfFirst":8,"lengthOfSecond":8},{"firstFileName":"YAREN_TEKIN/StackQuestionsMember.tpp","secondFileName":"EMIRHAN_EREN_ELIBOL/StackQuestionsNonMember.tpp","startInFirst":{"line":40,"column":1,"tokenListIndex":79},"endInFirst":{"line":44,"column":1,"tokenListIndex":85},"startInSecond":{"line":21,"column":4,"tokenListIndex":119},"endInSecond":{"line":26,"column":4,"tokenListIndex":125},"lengthOfFirst":7,"lengthOfSecond":7}],"firstSimilarity":0.3058823529411765,"secondSimilarity":0.15950920245398773}