{"firstSubmissionId":"YAREN_TEKIN","secondSubmissionId":"OSMAN_ALPEREN_KARADAG","similarities":{"AVG":0.4097560975609756,"MAX":0.49411764705882355,"MAXIMUM_LENGTH":123.0,"LONGEST_MATCH":21.0},"matches":[{"firstFileName":"YAREN_TEKIN/StackQuestionsNonMember.cpp","secondFileName":"OSMAN_ALPEREN_KARADAG/StackQuestionsNonMember.cpp","startInFirst":{"line":19,"column":1,"tokenListIndex":6},"endInFirst":{"line":33,"column":0,"tokenListIndex":26},"startInSecond":{"line":14,"column":1,"tokenListIndex":101},"endInSecond":{"line":28,"column":0,"tokenListIndex":121},"lengthOfFirst":21,"lengthOfSecond":21},{"firstFileName":"YAREN_TEKIN/StackQuestionsMember.tpp","secondFileName":"OSMAN_ALPEREN_KARADAG/StackQuestionsMember.tpp","startInFirst":{"line":33,"column":10,"tokenListIndex":71},"endInFirst":{"line":39,"column":2,"tokenListIndex":78},"startInSecond":{"line":42,"column":10,"tokenListIndex":36},"endInSecond":{"line":45,"column":4,"tokenListIndex":43},"lengthOfFirst":8,"lengthOfSecond":8},{"firstFileName":"YAREN_TEKIN/StackQuestionsMember.tpp","secondFileName":"OSMAN_ALPEREN_KARADAG/StackQuestionsNonMember.tpp","startInFirst":{"line":40,"column":1,"tokenListIndex":79},"endInFirst":{"line":44,"column":1,"tokenListIndex":85},"startInSecond":{"line":28,"column":2,"tokenListIndex":79},"endInSecond":{"line":33,"column":2,"tokenListIndex":85},"lengthOfFirst":7,"lengthOfSecond":7},{"firstFileName":"YAREN_TEKIN/StackQuestionsMember.tpp","secondFileName":"OSMAN_ALPEREN_KARADAG/StackQuestionsNonMember.tpp","startInFirst":{"line":12,"column":4,"tokenListIndex":44},"endInFirst":{"line":15,"column":1,"tokenListIndex":49},"startInSecond":{"line":34,"column":2,"tokenListIndex":86},"endInSecond":{"line":37,"column":2,"tokenListIndex":91},"lengthOfFirst":6,"lengthOfSecond":6}],"firstSimilarity":0.49411764705882355,"secondSimilarity":0.35}