{"firstSubmissionId":"YAREN_TEKIN","secondSubmissionId":"EFE_DEMIRCI","similarities":{"AVG":0.4166666666666667,"MAX":0.5294117647058824,"MAXIMUM_LENGTH":134.0,"LONGEST_MATCH":21.0},"matches":[{"firstFileName":"YAREN_TEKIN/StackQuestionsNonMember.cpp","secondFileName":"EFE_DEMIRCI/StackQuestionsNonMember.cpp","startInFirst":{"line":19,"column":1,"tokenListIndex":6},"endInFirst":{"line":33,"column":0,"tokenListIndex":26},"startInSecond":{"line":16,"column":2,"tokenListIndex":6},"endInSecond":{"line":46,"column":2,"tokenListIndex":26},"lengthOfFirst":21,"lengthOfSecond":21},{"firstFileName":"YAREN_TEKIN/StackQuestionsMember.tpp","secondFileName":"EFE_DEMIRCI/StackQuestionsNonMember.tpp","startInFirst":{"line":36,"column":24,"tokenListIndex":75},"endInFirst":{"line":44,"column":1,"tokenListIndex":85},"startInSecond":{"line":20,"column":12,"tokenListIndex":108},"endInSecond":{"line":28,"column":4,"tokenListIndex":118},"lengthOfFirst":11,"lengthOfSecond":11},{"firstFileName":"YAREN_TEKIN/StackQuestionsMember.tpp","secondFileName":"EFE_DEMIRCI/StackQuestionsMember.tpp","startInFirst":{"line":30,"column":1,"tokenListIndex":66},"endInFirst":{"line":34,"column":2,"tokenListIndex":72},"startInSecond":{"line":46,"column":4,"tokenListIndex":57},"endInSecond":{"line":50,"column":8,"tokenListIndex":63},"lengthOfFirst":7,"lengthOfSecond":7},{"firstFileName":"YAREN_TEKIN/StackQuestionsMember.tpp","secondFileName":"EFE_DEMIRCI/StackQuestionsMember.tpp","startInFirst":{"line":12,"column":4,"tokenListIndex":44},"endInFirst":{"line":15,"column":1,"tokenListIndex":49},"startInSecond":{"line":21,"column":1,"tokenListIndex":37},"endInSecond":{"line":25,"column":1,"tokenListIndex":42},"lengthOfFirst":6,"lengthOfSecond":6}],"firstSimilarity":0.5294117647058824,"secondSimilarity":0.3435114503816794}