{"firstSubmissionId":"YAREN_TEKIN","secondSubmissionId":"MERT_ACAR","similarities":{"AVG":0.15053763440860216,"MAX":0.24705882352941178,"MAXIMUM_LENGTH":197.0,"LONGEST_MATCH":14.0},"matches":[{"firstFileName":"YAREN_TEKIN/StackQuestionsMember.tpp","secondFileName":"MERT_ACAR/StackQuestionsMember.tpp","startInFirst":{"line":16,"column":15,"tokenListIndex":52},"endInFirst":{"line":29,"column":1,"tokenListIndex":65},"startInSecond":{"line":18,"column":8,"tokenListIndex":9},"endInSecond":{"line":37,"column":2,"tokenListIndex":22},"lengthOfFirst":14,"lengthOfSecond":14},{"firstFileName":"YAREN_TEKIN/StackQuestionsNonMember.cpp","secondFileName":"MERT_ACAR/main.cpp","startInFirst":{"line":19,"column":1,"tokenListIndex":6},"endInFirst":{"line":21,"column":3,"tokenListIndex":12},"startInSecond":{"line":55,"column":2,"tokenListIndex":68},"endInSecond":{"line":57,"column":12,"tokenListIndex":74},"lengthOfFirst":7,"lengthOfSecond":7}],"firstSimilarity":0.24705882352941178,"secondSimilarity":0.10824742268041238}