{"firstSubmissionId":"YAREN_TEKIN","secondSubmissionId":"EMIRHAN_DEMIR","similarities":{"AVG":0.45454545454545453,"MAX":0.5294117647058824,"MAXIMUM_LENGTH":115.0,"LONGEST_MATCH":13.0},"matches":[{"firstFileName":"YAREN_TEKIN/StackQuestionsMember.tpp","secondFileName":"EMIRHAN_DEMIR/StackQuestionsMember.tpp","startInFirst":{"line":16,"column":15,"tokenListIndex":52},"endInFirst":{"line":28,"column":23,"tokenListIndex":64},"startInSecond":{"line":26,"column":8,"tokenListIndex":19},"endInSecond":{"line":42,"column":22,"tokenListIndex":31},"lengthOfFirst":13,"lengthOfSecond":13},{"firstFileName":"YAREN_TEKIN/StackQuestionsMember.tpp","secondFileName":"EMIRHAN_DEMIR/StackQuestionsMember.tpp","startInFirst":{"line":29,"column":1,"tokenListIndex":65},"endInFirst":{"line":37,"column":3,"tokenListIndex":76},"startInSecond":{"line":46,"column":4,"tokenListIndex":36},"endInSecond":{"line":57,"column":12,"tokenListIndex":47},"lengthOfFirst":12,"lengthOfSecond":12},{"firstFileName":"YAREN_TEKIN/StackQuestionsMember.tpp","secondFileName":"EMIRHAN_DEMIR/StackQuestionsMember.tpp","startInFirst":{"line":10,"column":1,"tokenListIndex":41},"endInFirst":{"line":16,"column":5,"tokenListIndex":51},"startInSecond":{"line":15,"column":4,"tokenListIndex":7},"endInSecond":{"line":25,"column":8,"tokenListIndex":17},"lengthOfFirst":11,"lengthOfSecond":11},{"firstFileName":"YAREN_TEKIN/StackQuestionsMember.tpp","secondFileName":"EMIRHAN_DEMIR/StackQuestionsMember.tpp","startInFirst":{"line":39,"column":2,"tokenListIndex":78},"endInFirst":{"line":45,"column":0,"tokenListIndex":86},"startInSecond":{"line":58,"column":8,"tokenListIndex":48},"endInSecond":{"line":66,"column":0,"tokenListIndex":56},"lengthOfFirst":9,"lengthOfSecond":9}],"firstSimilarity":0.5294117647058824,"secondSimilarity":0.39823008849557523}