{"firstSubmissionId":"YAREN_TEKIN","secondSubmissionId":"BURHAN_EFE_DEMIR","similarities":{"AVG":0.3333333333333333,"MAX":0.38823529411764707,"MAXIMUM_LENGTH":115.0,"LONGEST_MATCH":11.0},"matches":[{"firstFileName":"YAREN_TEKIN/StackQuestionsMember.tpp","secondFileName":"BURHAN_EFE_DEMIR/Burhan Efe Demir/StackQuestionsMember.tpp","startInFirst":{"line":10,"column":1,"tokenListIndex":41},"endInFirst":{"line":16,"column":5,"tokenListIndex":51},"startInSecond":{"line":18,"column":2,"tokenListIndex":6},"endInSecond":{"line":27,"column":6,"tokenListIndex":16},"lengthOfFirst":11,"lengthOfSecond":11},{"firstFileName":"YAREN_TEKIN/StackQuestionsMember.tpp","secondFileName":"BURHAN_EFE_DEMIR/Burhan Efe Demir/StackQuestionsMember.tpp","startInFirst":{"line":23,"column":0,"tokenListIndex":62},"endInFirst":{"line":34,"column":2,"tokenListIndex":72},"startInSecond":{"line":39,"column":0,"tokenListIndex":28},"endInSecond":{"line":55,"column":2,"tokenListIndex":38},"lengthOfFirst":11,"lengthOfSecond":11},{"firstFileName":"YAREN_TEKIN/StackQuestionsMember.tpp","secondFileName":"BURHAN_EFE_DEMIR/Burhan Efe Demir/StackQuestionsNonMember.tpp","startInFirst":{"line":36,"column":24,"tokenListIndex":75},"endInFirst":{"line":44,"column":1,"tokenListIndex":85},"startInSecond":{"line":28,"column":8,"tokenListIndex":88},"endInSecond":{"line":37,"column":4,"tokenListIndex":98},"lengthOfFirst":11,"lengthOfSecond":11}],"firstSimilarity":0.38823529411764707,"secondSimilarity":0.2920353982300885}