{"firstSubmissionId":"YAREN_TEKIN","secondSubmissionId":"KEREM_AKDENIZ","similarities":{"AVG":0.3487179487179487,"MAX":0.4,"MAXIMUM_LENGTH":113.0,"LONGEST_MATCH":13.0},"matches":[{"firstFileName":"YAREN_TEKIN/StackQuestionsMember.tpp","secondFileName":"KEREM_AKDENIZ/StackQuestionsMember.tpp","startInFirst":{"line":21,"column":1,"tokenListIndex":60},"endInFirst":{"line":34,"column":2,"tokenListIndex":72},"startInSecond":{"line":30,"column":1,"tokenListIndex":31},"endInSecond":{"line":46,"column":2,"tokenListIndex":43},"lengthOfFirst":13,"lengthOfSecond":13},{"firstFileName":"YAREN_TEKIN/StackQuestionsMember.tpp","secondFileName":"KEREM_AKDENIZ/StackQuestionsMember.tpp","startInFirst":{"line":10,"column":1,"tokenListIndex":41},"endInFirst":{"line":16,"column":5,"tokenListIndex":51},"startInSecond":{"line":14,"column":1,"tokenListIndex":10},"endInSecond":{"line":22,"column":10,"tokenListIndex":20},"lengthOfFirst":11,"lengthOfSecond":11},{"firstFileName":"YAREN_TEKIN/StackQuestionsMember.tpp","secondFileName":"KEREM_AKDENIZ/StackQuestionsMember.tpp","startInFirst":{"line":38,"column":3,"tokenListIndex":77},"endInFirst":{"line":45,"column":0,"tokenListIndex":86},"startInSecond":{"line":65,"column":3,"tokenListIndex":64},"endInSecond":{"line":75,"column":0,"tokenListIndex":73},"lengthOfFirst":10,"lengthOfSecond":10}],"firstSimilarity":0.4,"secondSimilarity":0.3090909090909091}