{"firstSubmissionId":"YAREN_TEKIN","secondSubmissionId":"ECENUR_GUNER","similarities":{"AVG":0.3217391304347826,"MAX":0.43529411764705883,"MAXIMUM_LENGTH":148.0,"LONGEST_MATCH":19.0},"matches":[{"firstFileName":"YAREN_TEKIN/StackQuestionsNonMember.cpp","secondFileName":"ECENUR_GUNER/StackQuestionsNonMember.cpp","startInFirst":{"line":12,"column":0,"tokenListIndex":0},"endInFirst":{"line":27,"column":5,"tokenListIndex":18},"startInSecond":{"line":10,"column":0,"tokenListIndex":117},"endInSecond":{"line":23,"column":8,"tokenListIndex":135},"lengthOfFirst":19,"lengthOfSecond":19},{"firstFileName":"YAREN_TEKIN/StackQuestionsMember.tpp","secondFileName":"ECENUR_GUNER/StackQuestionsNonMember.tpp","startInFirst":{"line":36,"column":24,"tokenListIndex":75},"endInFirst":{"line":44,"column":1,"tokenListIndex":85},"startInSecond":{"line":20,"column":6,"tokenListIndex":90},"endInSecond":{"line":28,"column":2,"tokenListIndex":100},"lengthOfFirst":11,"lengthOfSecond":11},{"firstFileName":"YAREN_TEKIN/StackQuestionsMember.tpp","secondFileName":"ECENUR_GUNER/StackQuestionsNonMember.tpp","startInFirst":{"line":10,"column":1,"tokenListIndex":43},"endInFirst":{"line":15,"column":1,"tokenListIndex":49},"startInSecond":{"line":36,"column":2,"tokenListIndex":107},"endInSecond":{"line":40,"column":2,"tokenListIndex":113},"lengthOfFirst":7,"lengthOfSecond":7}],"firstSimilarity":0.43529411764705883,"secondSimilarity":0.25517241379310346}