{"firstSubmissionId":"BETUL_CAGRIL","secondSubmissionId":"OSMAN_ALPEREN_KARADAG","similarities":{"AVG":0.3668639053254438,"MAX":0.3974358974358974,"MAXIMUM_LENGTH":92.0,"LONGEST_MATCH":9.0},"matches":[{"firstFileName":"BETUL_CAGRIL/LinkedListQuestions.cpp","secondFileName":"OSMAN_ALPEREN_KARADAG/LinkedListQuestions.cpp","startInFirst":{"line":70,"column":28,"tokenListIndex":52},"endInFirst":{"line":85,"column":12,"tokenListIndex":60},"startInSecond":{"line":47,"column":4,"tokenListIndex":38},"endInSecond":{"line":55,"column":11,"tokenListIndex":46},"lengthOfFirst":9,"lengthOfSecond":9},{"firstFileName":"BETUL_CAGRIL/LinkedListQuestions.cpp","secondFileName":"OSMAN_ALPEREN_KARADAG/LinkedListQuestions.cpp","startInFirst":{"line":25,"column":8,"tokenListIndex":16},"endInFirst":{"line":38,"column":4,"tokenListIndex":23},"startInSecond":{"line":19,"column":8,"tokenListIndex":13},"endInSecond":{"line":27,"column":4,"tokenListIndex":20},"lengthOfFirst":8,"lengthOfSecond":8},{"firstFileName":"BETUL_CAGRIL/LinkedListQuestions.cpp","secondFileName":"OSMAN_ALPEREN_KARADAG/LinkedListQuestions.cpp","startInFirst":{"line":41,"column":4,"tokenListIndex":24},"endInFirst":{"line":46,"column":8,"tokenListIndex":30},"startInSecond":{"line":30,"column":4,"tokenListIndex":24},"endInSecond":{"line":35,"column":11,"tokenListIndex":30},"lengthOfFirst":7,"lengthOfSecond":7},{"firstFileName":"BETUL_CAGRIL/LinkedListQuestions.cpp","secondFileName":"OSMAN_ALPEREN_KARADAG/LinkedListQuestions.cpp","startInFirst":{"line":54,"column":4,"tokenListIndex":35},"endInFirst":{"line":61,"column":12,"tokenListIndex":41},"startInSecond":{"line":57,"column":4,"tokenListIndex":48},"endInSecond":{"line":63,"column":11,"tokenListIndex":54},"lengthOfFirst":7,"lengthOfSecond":7}],"firstSimilarity":0.3974358974358974,"secondSimilarity":0.34065934065934067}