{"firstSubmissionId":"BETUL_CAGRIL","secondSubmissionId":"EFE_DEMIRCI","similarities":{"AVG":0.2545454545454545,"MAX":0.2692307692307692,"MAXIMUM_LENGTH":88.0,"LONGEST_MATCH":8.0},"matches":[{"firstFileName":"BETUL_CAGRIL/LinkedListQuestions.cpp","secondFileName":"EFE_DEMIRCI/LinkedListQuestions.cpp","startInFirst":{"line":25,"column":8,"tokenListIndex":16},"endInFirst":{"line":38,"column":4,"tokenListIndex":23},"startInSecond":{"line":22,"column":2,"tokenListIndex":14},"endInSecond":{"line":33,"column":1,"tokenListIndex":21},"lengthOfFirst":8,"lengthOfSecond":8},{"firstFileName":"BETUL_CAGRIL/LinkedListQuestions.cpp","secondFileName":"EFE_DEMIRCI/LinkedListQuestions.cpp","startInFirst":{"line":70,"column":28,"tokenListIndex":52},"endInFirst":{"line":82,"column":57,"tokenListIndex":58},"startInSecond":{"line":52,"column":1,"tokenListIndex":38},"endInSecond":{"line":68,"column":57,"tokenListIndex":44},"lengthOfFirst":7,"lengthOfSecond":7},{"firstFileName":"BETUL_CAGRIL/LinkedListQuestions.cpp","secondFileName":"EFE_DEMIRCI/LinkedListQuestions.cpp","startInFirst":{"line":62,"column":4,"tokenListIndex":42},"endInFirst":{"line":65,"column":8,"tokenListIndex":47},"startInSecond":{"line":75,"column":8,"tokenListIndex":50},"endInSecond":{"line":79,"column":2,"tokenListIndex":55},"lengthOfFirst":6,"lengthOfSecond":6}],"firstSimilarity":0.2692307692307692,"secondSimilarity":0.2413793103448276}