{"firstSubmissionId":"BETUL_CAGRIL","secondSubmissionId":"ATAKAN_ORGUN","similarities":{"AVG":0.11989100817438691,"MAX":0.28205128205128205,"MAXIMUM_LENGTH":303.0,"LONGEST_MATCH":10.0},"matches":[{"firstFileName":"BETUL_CAGRIL/LinkedListQuestions.cpp","secondFileName":"ATAKAN_ORGUN/LinkedList.cpp","startInFirst":{"line":18,"column":4,"tokenListIndex":10},"endInFirst":{"line":29,"column":0,"tokenListIndex":19},"startInSecond":{"line":117,"column":6,"tokenListIndex":234},"endInSecond":{"line":128,"column":0,"tokenListIndex":243},"lengthOfFirst":10,"lengthOfSecond":10},{"firstFileName":"BETUL_CAGRIL/LinkedListQuestions.cpp","secondFileName":"ATAKAN_ORGUN/LinkedList.cpp","startInFirst":{"line":35,"column":22,"tokenListIndex":21},"endInFirst":{"line":42,"column":25,"tokenListIndex":26},"startInSecond":{"line":61,"column":0,"tokenListIndex":198},"endInSecond":{"line":65,"column":2,"tokenListIndex":203},"lengthOfFirst":6,"lengthOfSecond":6},{"firstFileName":"BETUL_CAGRIL/LinkedListQuestions.cpp","secondFileName":"ATAKAN_ORGUN/LinkedList.cpp","startInFirst":{"line":90,"column":8,"tokenListIndex":62},"endInFirst":{"line":93,"column":30,"tokenListIndex":67},"startInSecond":{"line":70,"column":4,"tokenListIndex":206},"endInSecond":{"line":75,"column":39,"tokenListIndex":211},"lengthOfFirst":6,"lengthOfSecond":6}],"firstSimilarity":0.28205128205128205,"secondSimilarity":0.07612456747404844}