{"firstSubmissionId":"BETUL_CAGRIL","secondSubmissionId":"YAREN_TEKIN","similarities":{"AVG":0.2485207100591716,"MAX":0.2692307692307692,"MAXIMUM_LENGTH":92.0,"LONGEST_MATCH":15.0},"matches":[{"firstFileName":"BETUL_CAGRIL/LinkedListQuestions.cpp","secondFileName":"YAREN_TEKIN/LinkedListQuestions.cpp","startInFirst":{"line":25,"column":8,"tokenListIndex":16},"endInFirst":{"line":46,"column":8,"tokenListIndex":30},"startInSecond":{"line":16,"column":0,"tokenListIndex":12},"endInSecond":{"line":30,"column":5,"tokenListIndex":26},"lengthOfFirst":15,"lengthOfSecond":15},{"firstFileName":"BETUL_CAGRIL/LinkedListQuestions.cpp","secondFileName":"YAREN_TEKIN/LinkedListQuestions.cpp","startInFirst":{"line":75,"column":4,"tokenListIndex":53},"endInFirst":{"line":82,"column":57,"tokenListIndex":58},"startInSecond":{"line":43,"column":0,"tokenListIndex":35},"endInSecond":{"line":48,"column":57,"tokenListIndex":40},"lengthOfFirst":6,"lengthOfSecond":6}],"firstSimilarity":0.2692307692307692,"secondSimilarity":0.23076923076923078}