{"firstSubmissionId":"BETUL_CAGRIL","secondSubmissionId":"EMIRHAN_EREN_ELIBOL","similarities":{"AVG":0.40540540540540543,"MAX":0.5769230769230769,"MAXIMUM_LENGTH":145.0,"LONGEST_MATCH":17.0},"matches":[{"firstFileName":"BETUL_CAGRIL/LinkedListQuestions.cpp","secondFileName":"EMIRHAN_EREN_ELIBOL/LinkedListQuestions.cpp","startInFirst":{"line":62,"column":4,"tokenListIndex":42},"endInFirst":{"line":82,"column":57,"tokenListIndex":58},"startInSecond":{"line":33,"column":8,"tokenListIndex":28},"endInSecond":{"line":54,"column":57,"tokenListIndex":44},"lengthOfFirst":17,"lengthOfSecond":17},{"firstFileName":"BETUL_CAGRIL/LinkedListQuestions.cpp","secondFileName":"EMIRHAN_EREN_ELIBOL/LinkedListQuestions.cpp","startInFirst":{"line":25,"column":8,"tokenListIndex":16},"endInFirst":{"line":46,"column":8,"tokenListIndex":30},"startInSecond":{"line":17,"column":4,"tokenListIndex":12},"endInSecond":{"line":34,"column":8,"tokenListIndex":26},"lengthOfFirst":15,"lengthOfSecond":15},{"firstFileName":"BETUL_CAGRIL/LinkedListQuestions.cpp","secondFileName":"EMIRHAN_EREN_ELIBOL/LinkedListQuestions.cpp","startInFirst":{"line":47,"column":4,"tokenListIndex":31},"endInFirst":{"line":55,"column":25,"tokenListIndex":37},"startInSecond":{"line":66,"column":1,"tokenListIndex":61},"endInSecond":{"line":71,"column":24,"tokenListIndex":67},"lengthOfFirst":7,"lengthOfSecond":7},{"firstFileName":"BETUL_CAGRIL/LinkedListQuestions.cpp","secondFileName":"EMIRHAN_EREN_ELIBOL/LinkedListQuestions.cpp","startInFirst":{"line":8,"column":0,"tokenListIndex":0},"endInFirst":{"line":11,"column":4,"tokenListIndex":5},"startInSecond":{"line":8,"column":0,"tokenListIndex":0},"endInSecond":{"line":12,"column":1,"tokenListIndex":5},"lengthOfFirst":6,"lengthOfSecond":6}],"firstSimilarity":0.5769230769230769,"secondSimilarity":0.3125}