{"firstSubmissionId":"BETUL_CAGRIL","secondSubmissionId":"ECENUR_GUNER","similarities":{"AVG":0.2988505747126437,"MAX":0.3333333333333333,"MAXIMUM_LENGTH":97.0,"LONGEST_MATCH":13.0},"matches":[{"firstFileName":"BETUL_CAGRIL/LinkedListQuestions.cpp","secondFileName":"ECENUR_GUNER/LinkedListQuestions.cpp","startInFirst":{"line":25,"column":8,"tokenListIndex":16},"endInFirst":{"line":45,"column":12,"tokenListIndex":28},"startInSecond":{"line":20,"column":8,"tokenListIndex":12},"endInSecond":{"line":35,"column":11,"tokenListIndex":24},"lengthOfFirst":13,"lengthOfSecond":13},{"firstFileName":"BETUL_CAGRIL/LinkedListQuestions.cpp","secondFileName":"ECENUR_GUNER/LinkedListQuestions.cpp","startInFirst":{"line":54,"column":4,"tokenListIndex":35},"endInFirst":{"line":61,"column":12,"tokenListIndex":41},"startInSecond":{"line":84,"column":4,"tokenListIndex":69},"endInSecond":{"line":89,"column":11,"tokenListIndex":75},"lengthOfFirst":7,"lengthOfSecond":7},{"firstFileName":"BETUL_CAGRIL/LinkedListQuestions.cpp","secondFileName":"ECENUR_GUNER/LinkedListQuestions.cpp","startInFirst":{"line":75,"column":4,"tokenListIndex":53},"endInFirst":{"line":82,"column":57,"tokenListIndex":58},"startInSecond":{"line":51,"column":4,"tokenListIndex":33},"endInSecond":{"line":56,"column":57,"tokenListIndex":38},"lengthOfFirst":6,"lengthOfSecond":6}],"firstSimilarity":0.3333333333333333,"secondSimilarity":0.2708333333333333}