{"firstSubmissionId":"BETUL_CAGRIL","secondSubmissionId":"EREN_COMOGLU","similarities":{"AVG":0.23030303030303031,"MAX":0.24358974358974358,"MAXIMUM_LENGTH":88.0,"LONGEST_MATCH":13.0},"matches":[{"firstFileName":"BETUL_CAGRIL/LinkedListQuestions.cpp","secondFileName":"EREN_COMOGLU/LinkedListQuestions.cpp","startInFirst":{"line":35,"column":48,"tokenListIndex":22},"endInFirst":{"line":51,"column":4,"tokenListIndex":34},"startInSecond":{"line":54,"column":47,"tokenListIndex":48},"endInSecond":{"line":64,"column":1,"tokenListIndex":60},"lengthOfFirst":13,"lengthOfSecond":13},{"firstFileName":"BETUL_CAGRIL/LinkedListQuestions.cpp","secondFileName":"EREN_COMOGLU/LinkedListQuestions.cpp","startInFirst":{"line":62,"column":4,"tokenListIndex":42},"endInFirst":{"line":65,"column":8,"tokenListIndex":47},"startInSecond":{"line":41,"column":9,"tokenListIndex":37},"endInSecond":{"line":44,"column":2,"tokenListIndex":42},"lengthOfFirst":6,"lengthOfSecond":6}],"firstSimilarity":0.24358974358974358,"secondSimilarity":0.21839080459770116}