{"firstSubmissionId":"BETUL_CAGRIL","secondSubmissionId":"EFE_NEVZAT_CENGER","similarities":{"AVG":0.6325301204819277,"MAX":0.6666666666666666,"MAXIMUM_LENGTH":95.0,"LONGEST_MATCH":27.0},"matches":[{"firstFileName":"BETUL_CAGRIL/LinkedListQuestions.cpp","secondFileName":"EFE_NEVZAT_CENGER/LinkedListQuestions.cpp","startInFirst":{"line":25,"column":8,"tokenListIndex":16},"endInFirst":{"line":35,"column":22,"tokenListIndex":21},"startInSecond":{"line":26,"column":1,"tokenListIndex":17},"endInSecond":{"line":35,"column":22,"tokenListIndex":22},"lengthOfFirst":6,"lengthOfSecond":6},{"firstFileName":"BETUL_CAGRIL/LinkedListQuestions.cpp","secondFileName":"EFE_NEVZAT_CENGER/LinkedListQuestions.cpp","startInFirst":{"line":35,"column":48,"tokenListIndex":22},"endInFirst":{"line":69,"column":4,"tokenListIndex":50},"startInSecond":{"line":85,"column":47,"tokenListIndex":58},"endInSecond":{"line":114,"column":0,"tokenListIndex":84},"lengthOfFirst":29,"lengthOfSecond":27},{"firstFileName":"BETUL_CAGRIL/LinkedListQuestions.cpp","secondFileName":"EFE_NEVZAT_CENGER/LinkedListQuestions.cpp","startInFirst":{"line":82,"column":47,"tokenListIndex":57},"endInFirst":{"line":104,"column":4,"tokenListIndex":73},"startInSecond":{"line":35,"column":48,"tokenListIndex":23},"endInSecond":{"line":59,"column":0,"tokenListIndex":42},"lengthOfFirst":17,"lengthOfSecond":20}],"firstSimilarity":0.6666666666666666,"secondSimilarity":0.6022727272727273}