{"firstSubmissionId":"BETUL_CAGRIL","secondSubmissionId":"SELIN_SUNA_KAYA","similarities":{"AVG":0.35294117647058826,"MAX":0.38461538461538464,"MAXIMUM_LENGTH":93.0,"LONGEST_MATCH":8.0},"matches":[{"firstFileName":"BETUL_CAGRIL/LinkedListQuestions.cpp","secondFileName":"SELIN_SUNA_KAYA/LinkedListQuestions.cpp","startInFirst":{"line":25,"column":8,"tokenListIndex":16},"endInFirst":{"line":38,"column":4,"tokenListIndex":23},"startInSecond":{"line":13,"column":2,"tokenListIndex":14},"endInSecond":{"line":20,"column":1,"tokenListIndex":21},"lengthOfFirst":8,"lengthOfSecond":8},{"firstFileName":"BETUL_CAGRIL/LinkedListQuestions.cpp","secondFileName":"SELIN_SUNA_KAYA/LinkedListQuestions.cpp","startInFirst":{"line":45,"column":4,"tokenListIndex":27},"endInFirst":{"line":51,"column":4,"tokenListIndex":34},"startInSecond":{"line":21,"column":1,"tokenListIndex":25},"endInSecond":{"line":27,"column":1,"tokenListIndex":32},"lengthOfFirst":8,"lengthOfSecond":8},{"firstFileName":"BETUL_CAGRIL/LinkedListQuestions.cpp","secondFileName":"SELIN_SUNA_KAYA/LinkedListQuestions.cpp","startInFirst":{"line":63,"column":4,"tokenListIndex":43},"endInFirst":{"line":67,"column":4,"tokenListIndex":49},"startInSecond":{"line":31,"column":1,"tokenListIndex":39},"endInSecond":{"line":34,"column":1,"tokenListIndex":45},"lengthOfFirst":7,"lengthOfSecond":7},{"firstFileName":"BETUL_CAGRIL/LinkedListQuestions.cpp","secondFileName":"SELIN_SUNA_KAYA/LinkedListQuestions.cpp","startInFirst":{"line":76,"column":0,"tokenListIndex":54},"endInFirst":{"line":85,"column":12,"tokenListIndex":60},"startInSecond":{"line":40,"column":0,"tokenListIndex":46},"endInSecond":{"line":45,"column":5,"tokenListIndex":52},"lengthOfFirst":7,"lengthOfSecond":7}],"firstSimilarity":0.38461538461538464,"secondSimilarity":0.32608695652173914}