{"firstSubmissionId":"BURHAN_EFE_DEMIR","secondSubmissionId":"OYKU_AKSUNGUR","similarities":{"AVG":0.13333333333333333,"MAX":0.42857142857142855,"MAXIMUM_LENGTH":77.0,"LONGEST_MATCH":6.0},"matches":[{"firstFileName":"BURHAN_EFE_DEMIR/burhan_efe_demir.cpp","secondFileName":"OYKU_AKSUNGUR/LinkedListQuestions.cpp","startInFirst":{"line":11,"column":15,"tokenListIndex":1},"endInFirst":{"line":16,"column":9,"tokenListIndex":6},"startInSecond":{"line":65,"column":57,"tokenListIndex":46},"endInSecond":{"line":71,"column":5,"tokenListIndex":51},"lengthOfFirst":6,"lengthOfSecond":6}],"firstSimilarity":0.42857142857142855,"secondSimilarity":0.07894736842105263}