{"firstSubmissionId":"BURHAN_EFE_DEMIR","secondSubmissionId":"EMIRHAN_EREN_ELIBOL","similarities":{"AVG":0.1518987341772152,"MAX":0.8571428571428571,"MAXIMUM_LENGTH":145.0,"LONGEST_MATCH":6.0},"matches":[{"firstFileName":"BURHAN_EFE_DEMIR/burhan_efe_demir.cpp","secondFileName":"EMIRHAN_EREN_ELIBOL/LinkedListQuestions.cpp","startInFirst":{"line":11,"column":15,"tokenListIndex":1},"endInFirst":{"line":16,"column":9,"tokenListIndex":6},"startInSecond":{"line":26,"column":1,"tokenListIndex":19},"endInSecond":{"line":30,"column":8,"tokenListIndex":24},"lengthOfFirst":6,"lengthOfSecond":6},{"firstFileName":"BURHAN_EFE_DEMIR/burhan_efe_demir.cpp","secondFileName":"EMIRHAN_EREN_ELIBOL/LinkedListQuestions.cpp","startInFirst":{"line":18,"column":2,"tokenListIndex":7},"endInFirst":{"line":24,"column":2,"tokenListIndex":12},"startInSecond":{"line":13,"column":1,"tokenListIndex":8},"endInSecond":{"line":18,"column":0,"tokenListIndex":13},"lengthOfFirst":6,"lengthOfSecond":6}],"firstSimilarity":0.8571428571428571,"secondSimilarity":0.08333333333333333}