{"firstSubmissionId":"BURHAN_EFE_DEMIR","secondSubmissionId":"BETUL_CAGRIL","similarities":{"AVG":0.13043478260869565,"MAX":0.42857142857142855,"MAXIMUM_LENGTH":85.0,"LONGEST_MATCH":6.0},"matches":[{"firstFileName":"BURHAN_EFE_DEMIR/burhan_efe_demir.cpp","secondFileName":"BETUL_CAGRIL/LinkedListQuestions.cpp","startInFirst":{"line":11,"column":15,"tokenListIndex":1},"endInFirst":{"line":16,"column":9,"tokenListIndex":6},"startInSecond":{"line":38,"column":4,"tokenListIndex":23},"endInSecond":{"line":45,"column":12,"tokenListIndex":28},"lengthOfFirst":6,"lengthOfSecond":6}],"firstSimilarity":0.42857142857142855,"secondSimilarity":0.07692307692307693}