{"firstSubmissionId":"BURHAN_EFE_DEMIR","secondSubmissionId":"SERRA_PEHLIVANKUCUK","similarities":{"AVG":0.4126984126984127,"MAX":0.9285714285714286,"MAXIMUM_LENGTH":60.0,"LONGEST_MATCH":13.0},"matches":[{"firstFileName":"BURHAN_EFE_DEMIR/burhan_efe_demir.cpp","secondFileName":"SERRA_PEHLIVANKUCUK/LinkedListQuestions.cpp","startInFirst":{"line":11,"column":1,"tokenListIndex":0},"endInFirst":{"line":24,"column":2,"tokenListIndex":12},"startInSecond":{"line":8,"column":22,"tokenListIndex":1},"endInSecond":{"line":19,"column":1,"tokenListIndex":13},"lengthOfFirst":13,"lengthOfSecond":13}],"firstSimilarity":0.9285714285714286,"secondSimilarity":0.2653061224489796}