{"firstSubmissionId":"BURHAN_EFE_DEMIR","secondSubmissionId":"EYLUL_SUICMEZ","similarities":{"AVG":0.8148148148148148,"MAX":0.8461538461538461,"MAXIMUM_LENGTH":29.0,"LONGEST_MATCH":11.0},"matches":[{"firstFileName":"BURHAN_EFE_DEMIR/burhan_efe_demir.cpp","secondFileName":"EYLUL_SUICMEZ/LinkedListQuestions.cpp","startInFirst":{"line":11,"column":1,"tokenListIndex":0},"endInFirst":{"line":22,"column":3,"tokenListIndex":10},"startInSecond":{"line":9,"column":0,"tokenListIndex":0},"endInSecond":{"line":16,"column":1,"tokenListIndex":10},"lengthOfFirst":11,"lengthOfSecond":11}],"firstSimilarity":0.7857142857142857,"secondSimilarity":0.8461538461538461}