{"firstSubmissionId":"BURHAN_EFE_DEMIR","secondSubmissionId":"ILBER_EREN_TUT","similarities":{"AVG":0.3137254901960784,"MAX":0.5714285714285714,"MAXIMUM_LENGTH":38.0,"LONGEST_MATCH":8.0},"matches":[{"firstFileName":"BURHAN_EFE_DEMIR/burhan_efe_demir.cpp","secondFileName":"ILBER_EREN_TUT/LinkedListQuestions.cpp","startInFirst":{"line":16,"column":2,"tokenListIndex":5},"endInFirst":{"line":24,"column":2,"tokenListIndex":12},"startInSecond":{"line":10,"column":4,"tokenListIndex":2},"endInSecond":{"line":17,"column":9,"tokenListIndex":9},"lengthOfFirst":8,"lengthOfSecond":8}],"firstSimilarity":0.5714285714285714,"secondSimilarity":0.21621621621621623}