{"firstSubmissionId":"BURHAN_EFE_DEMIR","secondSubmissionId":"EFE_DEMIRCI","similarities":{"AVG":0.19801980198019803,"MAX":0.7142857142857143,"MAXIMUM_LENGTH":88.0,"LONGEST_MATCH":10.0},"matches":[{"firstFileName":"BURHAN_EFE_DEMIR/burhan_efe_demir.cpp","secondFileName":"EFE_DEMIRCI/LinkedListQuestions.cpp","startInFirst":{"line":13,"column":3,"tokenListIndex":3},"endInFirst":{"line":24,"column":2,"tokenListIndex":12},"startInSecond":{"line":11,"column":2,"tokenListIndex":6},"endInSecond":{"line":25,"column":1,"tokenListIndex":15},"lengthOfFirst":10,"lengthOfSecond":10}],"firstSimilarity":0.7142857142857143,"secondSimilarity":0.11494252873563218}