{"firstSubmissionId":"BURHAN_EFE_DEMIR","secondSubmissionId":"KEREM_AKDENIZ","similarities":{"AVG":0.18666666666666668,"MAX":0.5,"MAXIMUM_LENGTH":68.0,"LONGEST_MATCH":7.0},"matches":[{"firstFileName":"BURHAN_EFE_DEMIR/burhan_efe_demir.cpp","secondFileName":"KEREM_AKDENIZ/LinkedListQuestions.cpp","startInFirst":{"line":16,"column":2,"tokenListIndex":5},"endInFirst":{"line":23,"column":3,"tokenListIndex":11},"startInSecond":{"line":10,"column":1,"tokenListIndex":5},"endInSecond":{"line":16,"column":2,"tokenListIndex":11},"lengthOfFirst":7,"lengthOfSecond":7}],"firstSimilarity":0.5,"secondSimilarity":0.11475409836065574}