{"firstSubmissionId":"BURHAN_EFE_DEMIR","secondSubmissionId":"MERT_ACAR","similarities":{"AVG":0.4444444444444444,"MAX":0.5714285714285714,"MAXIMUM_LENGTH":34.0,"LONGEST_MATCH":8.0},"matches":[{"firstFileName":"BURHAN_EFE_DEMIR/burhan_efe_demir.cpp","secondFileName":"MERT_ACAR/lab1_1.cpp","startInFirst":{"line":11,"column":1,"tokenListIndex":0},"endInFirst":{"line":18,"column":2,"tokenListIndex":7},"startInSecond":{"line":8,"column":22,"tokenListIndex":1},"endInSecond":{"line":14,"column":1,"tokenListIndex":8},"lengthOfFirst":8,"lengthOfSecond":8}],"firstSimilarity":0.5714285714285714,"secondSimilarity":0.36363636363636365}