{"firstSubmissionId":"BURHAN_EFE_DEMIR","secondSubmissionId":"OSMAN_ALPEREN_KARADAG","similarities":{"AVG":0.19047619047619047,"MAX":0.7142857142857143,"MAXIMUM_LENGTH":92.0,"LONGEST_MATCH":10.0},"matches":[{"firstFileName":"BURHAN_EFE_DEMIR/burhan_efe_demir.cpp","secondFileName":"OSMAN_ALPEREN_KARADAG/LinkedListQuestions.cpp","startInFirst":{"line":13,"column":3,"tokenListIndex":3},"endInFirst":{"line":24,"column":2,"tokenListIndex":12},"startInSecond":{"line":10,"column":8,"tokenListIndex":5},"endInSecond":{"line":20,"column":4,"tokenListIndex":14},"lengthOfFirst":10,"lengthOfSecond":10}],"firstSimilarity":0.7142857142857143,"secondSimilarity":0.10989010989010989}