{"firstSubmissionId":"BURHAN_EFE_DEMIR","secondSubmissionId":"SELIN_SUNA_KAYA","similarities":{"AVG":0.11320754716981132,"MAX":0.42857142857142855,"MAXIMUM_LENGTH":93.0,"LONGEST_MATCH":6.0},"matches":[{"firstFileName":"BURHAN_EFE_DEMIR/burhan_efe_demir.cpp","secondFileName":"SELIN_SUNA_KAYA/LinkedListQuestions.cpp","startInFirst":{"line":18,"column":2,"tokenListIndex":7},"endInFirst":{"line":24,"column":2,"tokenListIndex":12},"startInSecond":{"line":11,"column":1,"tokenListIndex":10},"endInSecond":{"line":14,"column":1,"tokenListIndex":15},"lengthOfFirst":6,"lengthOfSecond":6}],"firstSimilarity":0.42857142857142855,"secondSimilarity":0.06521739130434782}