{"firstSubmissionId":"BURHAN_EFE_DEMIR","secondSubmissionId":"RABIA_NILAY_YILMAZ","similarities":{"AVG":0.9655172413793104,"MAX":1.0,"MAXIMUM_LENGTH":16.0,"LONGEST_MATCH":14.0},"matches":[{"firstFileName":"BURHAN_EFE_DEMIR/burhan_efe_demir.cpp","secondFileName":"RABIA_NILAY_YILMAZ/LinkedListQuestions_.cpp","startInFirst":{"line":11,"column":1,"tokenListIndex":0},"endInFirst":{"line":25,"column":1,"tokenListIndex":13},"startInSecond":{"line":8,"column":22,"tokenListIndex":1},"endInSecond":{"line":19,"column":1,"tokenListIndex":14},"lengthOfFirst":14,"lengthOfSecond":14}],"firstSimilarity":1.0,"secondSimilarity":0.9333333333333333}