{"firstSubmissionId":"BURHAN_EFE_DEMIR","secondSubmissionId":"EREN_COMOGLU","similarities":{"AVG":0.1188118811881188,"MAX":0.42857142857142855,"MAXIMUM_LENGTH":88.0,"LONGEST_MATCH":6.0},"matches":[{"firstFileName":"BURHAN_EFE_DEMIR/burhan_efe_demir.cpp","secondFileName":"EREN_COMOGLU/LinkedListQuestions.cpp","startInFirst":{"line":11,"column":15,"tokenListIndex":1},"endInFirst":{"line":16,"column":9,"tokenListIndex":6},"startInSecond":{"line":54,"column":57,"tokenListIndex":49},"endInSecond":{"line":58,"column":9,"tokenListIndex":54},"lengthOfFirst":6,"lengthOfSecond":6}],"firstSimilarity":0.42857142857142855,"secondSimilarity":0.06896551724137931}