{"firstSubmissionId":"BURHAN_EFE_DEMIR","secondSubmissionId":"KUTALMIS_ATA_ALTAYLAR","similarities":{"AVG":0.33766233766233766,"MAX":0.9285714285714286,"MAXIMUM_LENGTH":64.0,"LONGEST_MATCH":13.0},"matches":[{"firstFileName":"BURHAN_EFE_DEMIR/burhan_efe_demir.cpp","secondFileName":"KUTALMIS_ATA_ALTAYLAR/LinkedListQuestions.lab111.cpp","startInFirst":{"line":11,"column":1,"tokenListIndex":0},"endInFirst":{"line":24,"column":2,"tokenListIndex":12},"startInSecond":{"line":8,"column":22,"tokenListIndex":1},"endInSecond":{"line":16,"column":0,"tokenListIndex":13},"lengthOfFirst":13,"lengthOfSecond":13}],"firstSimilarity":0.9285714285714286,"secondSimilarity":0.20634920634920634}