{"firstSubmissionId":"BURHAN_EFE_DEMIR","secondSubmissionId":"MUSAB_TUNC","similarities":{"AVG":0.2318840579710145,"MAX":0.5714285714285714,"MAXIMUM_LENGTH":67.0,"LONGEST_MATCH":8.0},"matches":[{"firstFileName":"BURHAN_EFE_DEMIR/burhan_efe_demir.cpp","secondFileName":"MUSAB_TUNC/musab_tunc.cpp","startInFirst":{"line":16,"column":2,"tokenListIndex":5},"endInFirst":{"line":24,"column":2,"tokenListIndex":12},"startInSecond":{"line":9,"column":1,"tokenListIndex":3},"endInSecond":{"line":16,"column":1,"tokenListIndex":10},"lengthOfFirst":8,"lengthOfSecond":8}],"firstSimilarity":0.5714285714285714,"secondSimilarity":0.14545454545454545}