{"firstSubmissionId":"BURHAN_EFE_DEMIR","secondSubmissionId":"ATAKAN_ORGUN","similarities":{"AVG":0.066006600660066,"MAX":0.7142857142857143,"MAXIMUM_LENGTH":303.0,"LONGEST_MATCH":10.0},"matches":[{"firstFileName":"BURHAN_EFE_DEMIR/burhan_efe_demir.cpp","secondFileName":"ATAKAN_ORGUN/LinkedListQuestions.cpp","startInFirst":{"line":13,"column":3,"tokenListIndex":3},"endInFirst":{"line":24,"column":2,"tokenListIndex":12},"startInSecond":{"line":10,"column":2,"tokenListIndex":5},"endInSecond":{"line":21,"column":1,"tokenListIndex":14},"lengthOfFirst":10,"lengthOfSecond":10}],"firstSimilarity":0.7142857142857143,"secondSimilarity":0.03460207612456748}