{"firstSubmissionId":"BURHAN_EFE_DEMIR","secondSubmissionId":"EFE_NEVZAT_CENGER","similarities":{"AVG":0.11764705882352941,"MAX":0.42857142857142855,"MAXIMUM_LENGTH":95.0,"LONGEST_MATCH":6.0},"matches":[{"firstFileName":"BURHAN_EFE_DEMIR/burhan_efe_demir.cpp","secondFileName":"EFE_NEVZAT_CENGER/LinkedListQuestions.cpp","startInFirst":{"line":11,"column":15,"tokenListIndex":1},"endInFirst":{"line":16,"column":9,"tokenListIndex":6},"startInSecond":{"line":85,"column":57,"tokenListIndex":59},"endInSecond":{"line":90,"column":7,"tokenListIndex":64},"lengthOfFirst":6,"lengthOfSecond":6}],"firstSimilarity":0.42857142857142855,"secondSimilarity":0.06818181818181818}