{"firstSubmissionId":"BURHAN_EFE_DEMIR","secondSubmissionId":"MERVE_NAZ_DIKME","similarities":{"AVG":0.25396825396825395,"MAX":0.5714285714285714,"MAXIMUM_LENGTH":56.0,"LONGEST_MATCH":8.0},"matches":[{"firstFileName":"BURHAN_EFE_DEMIR/burhan_efe_demir.cpp","secondFileName":"MERVE_NAZ_DIKME/LinkedListQuestions.cpp","startInFirst":{"line":16,"column":2,"tokenListIndex":5},"endInFirst":{"line":24,"column":2,"tokenListIndex":12},"startInSecond":{"line":10,"column":4,"tokenListIndex":3},"endInSecond":{"line":17,"column":1,"tokenListIndex":10},"lengthOfFirst":8,"lengthOfSecond":8}],"firstSimilarity":0.5714285714285714,"secondSimilarity":0.16326530612244897}