{"firstSubmissionId":"CEM_KAYARDI","secondSubmissionId":"ECENUR_GUNER","similarities":{"AVG":0.3037974683544304,"MAX":0.3870967741935484,"MAXIMUM_LENGTH":97.0,"LONGEST_MATCH":9.0},"matches":[{"firstFileName":"CEM_KAYARDI/LinkedListQuestions.cpp","secondFileName":"ECENUR_GUNER/LinkedListQuestions.cpp","startInFirst":{"line":88,"column":27,"tokenListIndex":63},"endInFirst":{"line":114,"column":0,"tokenListIndex":71},"startInSecond":{"line":98,"column":12,"tokenListIndex":87},"endInSecond":{"line":107,"column":0,"tokenListIndex":95},"lengthOfFirst":9,"lengthOfSecond":9},{"firstFileName":"CEM_KAYARDI/LinkedListQuestions.cpp","secondFileName":"ECENUR_GUNER/LinkedListQuestions.cpp","startInFirst":{"line":77,"column":4,"tokenListIndex":55},"endInFirst":{"line":87,"column":8,"tokenListIndex":62},"startInSecond":{"line":87,"column":4,"tokenListIndex":72},"endInSecond":{"line":91,"column":8,"tokenListIndex":79},"lengthOfFirst":8,"lengthOfSecond":8},{"firstFileName":"CEM_KAYARDI/LinkedListQuestions.cpp","secondFileName":"ECENUR_GUNER/LinkedListQuestions.cpp","startInFirst":{"line":62,"column":4,"tokenListIndex":41},"endInFirst":{"line":75,"column":4,"tokenListIndex":47},"startInSecond":{"line":48,"column":4,"tokenListIndex":32},"endInSecond":{"line":56,"column":57,"tokenListIndex":38},"lengthOfFirst":7,"lengthOfSecond":7}],"firstSimilarity":0.3870967741935484,"secondSimilarity":0.25}