{"firstSubmissionId":"CEM_KAYARDI","secondSubmissionId":"MEHMET_BARAN_KIRAT","similarities":{"AVG":0.11267605633802817,"MAX":0.12903225806451613,"MAXIMUM_LENGTH":81.0,"LONGEST_MATCH":8.0},"matches":[{"firstFileName":"CEM_KAYARDI/LinkedListQuestions.cpp","secondFileName":"MEHMET_BARAN_KIRAT/LinkedListQuestions.cpp","startInFirst":{"line":10,"column":1,"tokenListIndex":3},"endInFirst":{"line":20,"column":9,"tokenListIndex":10},"startInSecond":{"line":11,"column":1,"tokenListIndex":4},"endInSecond":{"line":17,"column":3,"tokenListIndex":11},"lengthOfFirst":8,"lengthOfSecond":8}],"firstSimilarity":0.12903225806451613,"secondSimilarity":0.1}