{"firstSubmissionId":"CEM_KAYARDI","secondSubmissionId":"EREN_COMOGLU","similarities":{"AVG":0.24161073825503357,"MAX":0.2903225806451613,"MAXIMUM_LENGTH":88.0,"LONGEST_MATCH":6.0},"matches":[{"firstFileName":"CEM_KAYARDI/LinkedListQuestions.cpp","secondFileName":"EREN_COMOGLU/LinkedListQuestions.cpp","startInFirst":{"line":10,"column":1,"tokenListIndex":3},"endInFirst":{"line":17,"column":1,"tokenListIndex":8},"startInSecond":{"line":10,"column":1,"tokenListIndex":5},"endInSecond":{"line":14,"column":1,"tokenListIndex":10},"lengthOfFirst":6,"lengthOfSecond":6},{"firstFileName":"CEM_KAYARDI/LinkedListQuestions.cpp","secondFileName":"EREN_COMOGLU/LinkedListQuestions.cpp","startInFirst":{"line":68,"column":4,"tokenListIndex":42},"endInFirst":{"line":75,"column":4,"tokenListIndex":47},"startInSecond":{"line":49,"column":1,"tokenListIndex":44},"endInSecond":{"line":54,"column":57,"tokenListIndex":49},"lengthOfFirst":6,"lengthOfSecond":6},{"firstFileName":"CEM_KAYARDI/LinkedListQuestions.cpp","secondFileName":"EREN_COMOGLU/LinkedListQuestions.cpp","startInFirst":{"line":77,"column":4,"tokenListIndex":55},"endInFirst":{"line":80,"column":11,"tokenListIndex":60},"startInSecond":{"line":74,"column":1,"tokenListIndex":72},"endInSecond":{"line":76,"column":9,"tokenListIndex":77},"lengthOfFirst":6,"lengthOfSecond":6}],"firstSimilarity":0.2903225806451613,"secondSimilarity":0.20689655172413793}