{"firstSubmissionId":"CEM_KAYARDI","secondSubmissionId":"SELIN_SUNA_KAYA","similarities":{"AVG":0.18181818181818182,"MAX":0.22580645161290322,"MAXIMUM_LENGTH":93.0,"LONGEST_MATCH":7.0},"matches":[{"firstFileName":"CEM_KAYARDI/LinkedListQuestions.cpp","secondFileName":"SELIN_SUNA_KAYA/LinkedListQuestions.cpp","startInFirst":{"line":10,"column":1,"tokenListIndex":3},"endInFirst":{"line":19,"column":5,"tokenListIndex":9},"startInSecond":{"line":9,"column":1,"tokenListIndex":5},"endInSecond":{"line":12,"column":2,"tokenListIndex":11},"lengthOfFirst":7,"lengthOfSecond":7},{"firstFileName":"CEM_KAYARDI/LinkedListQuestions.cpp","secondFileName":"SELIN_SUNA_KAYA/LinkedListQuestions.cpp","startInFirst":{"line":77,"column":4,"tokenListIndex":55},"endInFirst":{"line":86,"column":4,"tokenListIndex":61},"startInSecond":{"line":21,"column":1,"tokenListIndex":23},"endInSecond":{"line":24,"column":1,"tokenListIndex":29},"lengthOfFirst":7,"lengthOfSecond":7}],"firstSimilarity":0.22580645161290322,"secondSimilarity":0.15217391304347827}