{"firstSubmissionId":"CEM_KAYARDI","secondSubmissionId":"OYKU_AKSUNGUR","similarities":{"AVG":0.7101449275362319,"MAX":0.8870967741935484,"MAXIMUM_LENGTH":77.0,"LONGEST_MATCH":25.0},"matches":[{"firstFileName":"CEM_KAYARDI/LinkedListQuestions.cpp","secondFileName":"OYKU_AKSUNGUR/LinkedListQuestions.cpp","startInFirst":{"line":68,"column":4,"tokenListIndex":42},"endInFirst":{"line":75,"column":11,"tokenListIndex":48},"startInSecond":{"line":79,"column":1,"tokenListIndex":58},"endInSecond":{"line":92,"column":6,"tokenListIndex":64},"lengthOfFirst":7,"lengthOfSecond":7},{"firstFileName":"CEM_KAYARDI/LinkedListQuestions.cpp","secondFileName":"OYKU_AKSUNGUR/LinkedListQuestions.cpp","startInFirst":{"line":8,"column":0,"tokenListIndex":0},"endInFirst":{"line":59,"column":4,"tokenListIndex":37},"startInSecond":{"line":8,"column":0,"tokenListIndex":0},"endInSecond":{"line":38,"column":1,"tokenListIndex":24},"lengthOfFirst":38,"lengthOfSecond":25},{"firstFileName":"CEM_KAYARDI/LinkedListQuestions.cpp","secondFileName":"OYKU_AKSUNGUR/LinkedListQuestions.cpp","startInFirst":{"line":76,"column":4,"tokenListIndex":51},"endInFirst":{"line":80,"column":11,"tokenListIndex":60},"startInSecond":{"line":42,"column":1,"tokenListIndex":28},"endInSecond":{"line":49,"column":10,"tokenListIndex":38},"lengthOfFirst":10,"lengthOfSecond":11}],"firstSimilarity":0.8870967741935484,"secondSimilarity":0.5657894736842105}