{"firstSubmissionId":"CEM_KAYARDI","secondSubmissionId":"ATAKAN_ORGUN","similarities":{"AVG":0.03418803418803419,"MAX":0.0967741935483871,"MAXIMUM_LENGTH":303.0,"LONGEST_MATCH":6.0},"matches":[{"firstFileName":"CEM_KAYARDI/LinkedListQuestions.cpp","secondFileName":"ATAKAN_ORGUN/LinkedList.cpp","startInFirst":{"line":78,"column":4,"tokenListIndex":57},"endInFirst":{"line":87,"column":8,"tokenListIndex":62},"startInSecond":{"line":116,"column":2,"tokenListIndex":231},"endInSecond":{"line":120,"column":4,"tokenListIndex":236},"lengthOfFirst":6,"lengthOfSecond":6}],"firstSimilarity":0.0967741935483871,"secondSimilarity":0.020761245674740483}