{"firstSubmissionId":"CEM_KAYARDI","secondSubmissionId":"EMIRHAN_EREN_ELIBOL","similarities":{"AVG":0.3300970873786408,"MAX":0.5483870967741935,"MAXIMUM_LENGTH":145.0,"LONGEST_MATCH":10.0},"matches":[{"firstFileName":"CEM_KAYARDI/LinkedListQuestions.cpp","secondFileName":"EMIRHAN_EREN_ELIBOL/LinkedListQuestions.cpp","startInFirst":{"line":8,"column":0,"tokenListIndex":0},"endInFirst":{"line":19,"column":5,"tokenListIndex":9},"startInSecond":{"line":8,"column":0,"tokenListIndex":0},"endInSecond":{"line":16,"column":1,"tokenListIndex":9},"lengthOfFirst":10,"lengthOfSecond":10},{"firstFileName":"CEM_KAYARDI/LinkedListQuestions.cpp","secondFileName":"EMIRHAN_EREN_ELIBOL/LinkedListQuestions.cpp","startInFirst":{"line":88,"column":27,"tokenListIndex":63},"endInFirst":{"line":114,"column":0,"tokenListIndex":71},"startInSecond":{"line":124,"column":5,"tokenListIndex":135},"endInSecond":{"line":135,"column":0,"tokenListIndex":143},"lengthOfFirst":9,"lengthOfSecond":9},{"firstFileName":"CEM_KAYARDI/LinkedListQuestions.cpp","secondFileName":"EMIRHAN_EREN_ELIBOL/LinkedListQuestions.cpp","startInFirst":{"line":77,"column":4,"tokenListIndex":55},"endInFirst":{"line":87,"column":8,"tokenListIndex":62},"startInSecond":{"line":112,"column":1,"tokenListIndex":120},"endInSecond":{"line":118,"column":1,"tokenListIndex":127},"lengthOfFirst":8,"lengthOfSecond":8},{"firstFileName":"CEM_KAYARDI/LinkedListQuestions.cpp","secondFileName":"EMIRHAN_EREN_ELIBOL/LinkedListQuestions.cpp","startInFirst":{"line":68,"column":4,"tokenListIndex":42},"endInFirst":{"line":75,"column":11,"tokenListIndex":48},"startInSecond":{"line":73,"column":1,"tokenListIndex":68},"endInSecond":{"line":79,"column":9,"tokenListIndex":74},"lengthOfFirst":7,"lengthOfSecond":7}],"firstSimilarity":0.5483870967741935,"secondSimilarity":0.2361111111111111}