{"firstSubmissionId":"CEM_KAYARDI","secondSubmissionId":"OSMAN_ALPEREN_KARADAG","similarities":{"AVG":0.0784313725490196,"MAX":0.0967741935483871,"MAXIMUM_LENGTH":92.0,"LONGEST_MATCH":6.0},"matches":[{"firstFileName":"CEM_KAYARDI/LinkedListQuestions.cpp","secondFileName":"OSMAN_ALPEREN_KARADAG/LinkedListQuestions.cpp","startInFirst":{"line":68,"column":4,"tokenListIndex":42},"endInFirst":{"line":75,"column":4,"tokenListIndex":47},"startInSecond":{"line":49,"column":4,"tokenListIndex":39},"endInSecond":{"line":54,"column":57,"tokenListIndex":44},"lengthOfFirst":6,"lengthOfSecond":6}],"firstSimilarity":0.0967741935483871,"secondSimilarity":0.06593406593406594}