{"firstSubmissionId":"CEM_KAYARDI","secondSubmissionId":"YAREN_TEKIN","similarities":{"AVG":0.2875816993464052,"MAX":0.3548387096774194,"MAXIMUM_LENGTH":92.0,"LONGEST_MATCH":8.0},"matches":[{"firstFileName":"CEM_KAYARDI/LinkedListQuestions.cpp","secondFileName":"YAREN_TEKIN/LinkedListQuestions.cpp","startInFirst":{"line":77,"column":4,"tokenListIndex":55},"endInFirst":{"line":87,"column":8,"tokenListIndex":62},"startInSecond":{"line":80,"column":4,"tokenListIndex":68},"endInSecond":{"line":85,"column":0,"tokenListIndex":75},"lengthOfFirst":8,"lengthOfSecond":8},{"firstFileName":"CEM_KAYARDI/LinkedListQuestions.cpp","secondFileName":"YAREN_TEKIN/LinkedListQuestions.cpp","startInFirst":{"line":89,"column":12,"tokenListIndex":64},"endInFirst":{"line":114,"column":0,"tokenListIndex":71},"startInSecond":{"line":93,"column":0,"tokenListIndex":83},"endInSecond":{"line":102,"column":0,"tokenListIndex":90},"lengthOfFirst":8,"lengthOfSecond":8},{"firstFileName":"CEM_KAYARDI/LinkedListQuestions.cpp","secondFileName":"YAREN_TEKIN/LinkedListQuestions.cpp","startInFirst":{"line":68,"column":4,"tokenListIndex":42},"endInFirst":{"line":75,"column":4,"tokenListIndex":47},"startInSecond":{"line":43,"column":0,"tokenListIndex":35},"endInSecond":{"line":48,"column":57,"tokenListIndex":40},"lengthOfFirst":6,"lengthOfSecond":6}],"firstSimilarity":0.3548387096774194,"secondSimilarity":0.24175824175824176}