{"firstSubmissionId":"CEM_KAYARDI","secondSubmissionId":"EFE_NEVZAT_CENGER","similarities":{"AVG":0.18666666666666668,"MAX":0.22580645161290322,"MAXIMUM_LENGTH":95.0,"LONGEST_MATCH":7.0},"matches":[{"firstFileName":"CEM_KAYARDI/LinkedListQuestions.cpp","secondFileName":"EFE_NEVZAT_CENGER/LinkedListQuestions.cpp","startInFirst":{"line":62,"column":4,"tokenListIndex":41},"endInFirst":{"line":75,"column":4,"tokenListIndex":47},"startInSecond":{"line":76,"column":0,"tokenListIndex":53},"endInSecond":{"line":85,"column":57,"tokenListIndex":59},"lengthOfFirst":7,"lengthOfSecond":7},{"firstFileName":"CEM_KAYARDI/LinkedListQuestions.cpp","secondFileName":"EFE_NEVZAT_CENGER/LinkedListQuestions.cpp","startInFirst":{"line":78,"column":4,"tokenListIndex":57},"endInFirst":{"line":88,"column":27,"tokenListIndex":63},"startInSecond":{"line":13,"column":1,"tokenListIndex":8},"endInSecond":{"line":20,"column":2,"tokenListIndex":14},"lengthOfFirst":7,"lengthOfSecond":7}],"firstSimilarity":0.22580645161290322,"secondSimilarity":0.1590909090909091}