{"firstSubmissionId":"CEM_KAYARDI","secondSubmissionId":"EFE_DEMIRCI","similarities":{"AVG":0.3221476510067114,"MAX":0.3870967741935484,"MAXIMUM_LENGTH":88.0,"LONGEST_MATCH":18.0},"matches":[{"firstFileName":"CEM_KAYARDI/LinkedListQuestions.cpp","secondFileName":"EFE_DEMIRCI/LinkedListQuestions.cpp","startInFirst":{"line":76,"column":39,"tokenListIndex":54},"endInFirst":{"line":114,"column":0,"tokenListIndex":71},"startInSecond":{"line":98,"column":9,"tokenListIndex":69},"endInSecond":{"line":128,"column":0,"tokenListIndex":86},"lengthOfFirst":18,"lengthOfSecond":18},{"firstFileName":"CEM_KAYARDI/LinkedListQuestions.cpp","secondFileName":"EFE_DEMIRCI/LinkedListQuestions.cpp","startInFirst":{"line":68,"column":4,"tokenListIndex":42},"endInFirst":{"line":75,"column":4,"tokenListIndex":47},"startInSecond":{"line":60,"column":1,"tokenListIndex":39},"endInSecond":{"line":68,"column":57,"tokenListIndex":44},"lengthOfFirst":6,"lengthOfSecond":6}],"firstSimilarity":0.3870967741935484,"secondSimilarity":0.27586206896551724}