{"firstSubmissionId":"CEM_KAYARDI","secondSubmissionId":"BETUL_CAGRIL","similarities":{"AVG":0.17142857142857143,"MAX":0.1935483870967742,"MAXIMUM_LENGTH":85.0,"LONGEST_MATCH":6.0},"matches":[{"firstFileName":"CEM_KAYARDI/LinkedListQuestions.cpp","secondFileName":"BETUL_CAGRIL/LinkedListQuestions.cpp","startInFirst":{"line":8,"column":0,"tokenListIndex":0},"endInFirst":{"line":13,"column":4,"tokenListIndex":5},"startInSecond":{"line":8,"column":0,"tokenListIndex":0},"endInSecond":{"line":11,"column":4,"tokenListIndex":5},"lengthOfFirst":6,"lengthOfSecond":6},{"firstFileName":"CEM_KAYARDI/LinkedListQuestions.cpp","secondFileName":"BETUL_CAGRIL/LinkedListQuestions.cpp","startInFirst":{"line":68,"column":4,"tokenListIndex":42},"endInFirst":{"line":75,"column":4,"tokenListIndex":47},"startInSecond":{"line":75,"column":4,"tokenListIndex":53},"endInSecond":{"line":82,"column":57,"tokenListIndex":58},"lengthOfFirst":6,"lengthOfSecond":6}],"firstSimilarity":0.1935483870967742,"secondSimilarity":0.15384615384615385}