{"firstSubmissionId":"ECENUR_GUNER","secondSubmissionId":"ATAKAN_ORGUN","similarities":{"AVG":0.2077922077922078,"MAX":0.4166666666666667,"MAXIMUM_LENGTH":303.0,"LONGEST_MATCH":16.0},"matches":[{"firstFileName":"ECENUR_GUNER/LinkedListQuestions.cpp","secondFileName":"ATAKAN_ORGUN/LinkedListQuestions.cpp","startInFirst":{"line":11,"column":8,"tokenListIndex":4},"endInFirst":{"line":28,"column":4,"tokenListIndex":19},"startInSecond":{"line":10,"column":2,"tokenListIndex":5},"endInSecond":{"line":28,"column":1,"tokenListIndex":20},"lengthOfFirst":16,"lengthOfSecond":16},{"firstFileName":"ECENUR_GUNER/LinkedListQuestions.cpp","secondFileName":"ATAKAN_ORGUN/LinkedList.cpp","startInFirst":{"line":77,"column":22,"tokenListIndex":59},"endInFirst":{"line":83,"column":4,"tokenListIndex":68},"startInSecond":{"line":61,"column":0,"tokenListIndex":198},"endInSecond":{"line":71,"column":2,"tokenListIndex":207},"lengthOfFirst":10,"lengthOfSecond":10},{"firstFileName":"ECENUR_GUNER/LinkedListQuestions.cpp","secondFileName":"ATAKAN_ORGUN/LinkedList.cpp","startInFirst":{"line":31,"column":4,"tokenListIndex":20},"endInFirst":{"line":39,"column":4,"tokenListIndex":27},"startInSecond":{"line":133,"column":2,"tokenListIndex":245},"endInSecond":{"line":147,"column":2,"tokenListIndex":252},"lengthOfFirst":8,"lengthOfSecond":8},{"firstFileName":"ECENUR_GUNER/LinkedListQuestions.cpp","secondFileName":"ATAKAN_ORGUN/LinkedList.cpp","startInFirst":{"line":88,"column":4,"tokenListIndex":74},"endInFirst":{"line":91,"column":8,"tokenListIndex":79},"startInSecond":{"line":116,"column":2,"tokenListIndex":231},"endInSecond":{"line":120,"column":4,"tokenListIndex":236},"lengthOfFirst":6,"lengthOfSecond":6}],"firstSimilarity":0.4166666666666667,"secondSimilarity":0.1384083044982699}