{"firstSubmissionId":"ECENUR_GUNER","secondSubmissionId":"EMIRHAN_EREN_ELIBOL","similarities":{"AVG":0.625,"MAX":0.78125,"MAXIMUM_LENGTH":145.0,"LONGEST_MATCH":26.0},"matches":[{"firstFileName":"ECENUR_GUNER/LinkedListQuestions.cpp","secondFileName":"EMIRHAN_EREN_ELIBOL/LinkedListQuestions.cpp","startInFirst":{"line":85,"column":8,"tokenListIndex":70},"endInFirst":{"line":107,"column":0,"tokenListIndex":95},"startInSecond":{"line":110,"column":29,"tokenListIndex":118},"endInSecond":{"line":135,"column":0,"tokenListIndex":143},"lengthOfFirst":26,"lengthOfSecond":26},{"firstFileName":"ECENUR_GUNER/LinkedListQuestions.cpp","secondFileName":"EMIRHAN_EREN_ELIBOL/LinkedListQuestions.cpp","startInFirst":{"line":16,"column":4,"tokenListIndex":8},"endInFirst":{"line":35,"column":11,"tokenListIndex":24},"startInSecond":{"line":13,"column":1,"tokenListIndex":8},"endInSecond":{"line":30,"column":8,"tokenListIndex":24},"lengthOfFirst":17,"lengthOfSecond":17},{"firstFileName":"ECENUR_GUNER/LinkedListQuestions.cpp","secondFileName":"EMIRHAN_EREN_ELIBOL/LinkedListQuestions.cpp","startInFirst":{"line":60,"column":4,"tokenListIndex":42},"endInFirst":{"line":69,"column":8,"tokenListIndex":54},"startInSecond":{"line":59,"column":1,"tokenListIndex":50},"endInSecond":{"line":68,"column":1,"tokenListIndex":62},"lengthOfFirst":13,"lengthOfSecond":13},{"firstFileName":"ECENUR_GUNER/LinkedListQuestions.cpp","secondFileName":"EMIRHAN_EREN_ELIBOL/LinkedListQuestions.cpp","startInFirst":{"line":74,"column":0,"tokenListIndex":57},"endInFirst":{"line":81,"column":8,"tokenListIndex":66},"startInSecond":{"line":105,"column":0,"tokenListIndex":108},"endInSecond":{"line":110,"column":15,"tokenListIndex":117},"lengthOfFirst":10,"lengthOfSecond":10},{"firstFileName":"ECENUR_GUNER/LinkedListQuestions.cpp","secondFileName":"EMIRHAN_EREN_ELIBOL/LinkedListQuestions.cpp","startInFirst":{"line":51,"column":4,"tokenListIndex":33},"endInFirst":{"line":59,"column":4,"tokenListIndex":41},"startInSecond":{"line":49,"column":1,"tokenListIndex":39},"endInSecond":{"line":56,"column":25,"tokenListIndex":47},"lengthOfFirst":9,"lengthOfSecond":9}],"firstSimilarity":0.78125,"secondSimilarity":0.5208333333333334}