{"firstSubmissionId":"EFE_DEMIRCI","secondSubmissionId":"EFE_NEVZAT_CENGER","similarities":{"AVG":0.4342857142857143,"MAX":0.4367816091954023,"MAXIMUM_LENGTH":95.0,"LONGEST_MATCH":13.0},"matches":[{"firstFileName":"EFE_DEMIRCI/LinkedListQuestions.cpp","secondFileName":"EFE_NEVZAT_CENGER/LinkedListQuestions.cpp","startInFirst":{"line":21,"column":2,"tokenListIndex":13},"endInFirst":{"line":38,"column":1,"tokenListIndex":25},"startInSecond":{"line":24,"column":1,"tokenListIndex":16},"endInSecond":{"line":40,"column":0,"tokenListIndex":28},"lengthOfFirst":13,"lengthOfSecond":13},{"firstFileName":"EFE_DEMIRCI/LinkedListQuestions.cpp","secondFileName":"EFE_NEVZAT_CENGER/LinkedListQuestions.cpp","startInFirst":{"line":8,"column":0,"tokenListIndex":0},"endInFirst":{"line":15,"column":8,"tokenListIndex":9},"startInSecond":{"line":8,"column":0,"tokenListIndex":0},"endInSecond":{"line":13,"column":5,"tokenListIndex":9},"lengthOfFirst":10,"lengthOfSecond":10},{"firstFileName":"EFE_DEMIRCI/LinkedListQuestions.cpp","secondFileName":"EFE_NEVZAT_CENGER/LinkedListQuestions.cpp","startInFirst":{"line":75,"column":1,"tokenListIndex":49},"endInFirst":{"line":80,"column":1,"tokenListIndex":56},"startInSecond":{"line":104,"column":0,"tokenListIndex":76},"endInSecond":{"line":112,"column":0,"tokenListIndex":83},"lengthOfFirst":8,"lengthOfSecond":8},{"firstFileName":"EFE_DEMIRCI/LinkedListQuestions.cpp","secondFileName":"EFE_NEVZAT_CENGER/LinkedListQuestions.cpp","startInFirst":{"line":60,"column":1,"tokenListIndex":39},"endInFirst":{"line":70,"column":1,"tokenListIndex":45},"startInSecond":{"line":79,"column":0,"tokenListIndex":54},"endInSecond":{"line":87,"column":0,"tokenListIndex":60},"lengthOfFirst":7,"lengthOfSecond":7}],"firstSimilarity":0.4367816091954023,"secondSimilarity":0.4318181818181818}