{"firstSubmissionId":"EFE_DEMIRCI","secondSubmissionId":"ATAKAN_ORGUN","similarities":{"AVG":0.1595744680851064,"MAX":0.3448275862068966,"MAXIMUM_LENGTH":303.0,"LONGEST_MATCH":17.0},"matches":[{"firstFileName":"EFE_DEMIRCI/LinkedListQuestions.cpp","secondFileName":"ATAKAN_ORGUN/LinkedListQuestions.cpp","startInFirst":{"line":9,"column":19,"tokenListIndex":5},"endInFirst":{"line":33,"column":1,"tokenListIndex":21},"startInSecond":{"line":9,"column":4,"tokenListIndex":4},"endInSecond":{"line":28,"column":1,"tokenListIndex":20},"lengthOfFirst":17,"lengthOfSecond":17},{"firstFileName":"EFE_DEMIRCI/LinkedListQuestions.cpp","secondFileName":"ATAKAN_ORGUN/LinkedList.cpp","startInFirst":{"line":68,"column":57,"tokenListIndex":44},"endInFirst":{"line":75,"column":8,"tokenListIndex":50},"startInSecond":{"line":29,"column":30,"tokenListIndex":182},"endInSecond":{"line":36,"column":9,"tokenListIndex":188},"lengthOfFirst":7,"lengthOfSecond":7},{"firstFileName":"EFE_DEMIRCI/LinkedListQuestions.cpp","secondFileName":"ATAKAN_ORGUN/LinkedList.cpp","startInFirst":{"line":101,"column":1,"tokenListIndex":72},"endInFirst":{"line":107,"column":2,"tokenListIndex":77},"startInSecond":{"line":116,"column":2,"tokenListIndex":231},"endInSecond":{"line":120,"column":4,"tokenListIndex":236},"lengthOfFirst":6,"lengthOfSecond":6}],"firstSimilarity":0.3448275862068966,"secondSimilarity":0.10380622837370242}