{"firstSubmissionId":"EFE_NEVZAT_CENGER","secondSubmissionId":"ECENUR_GUNER","similarities":{"AVG":0.31521739130434784,"MAX":0.32954545454545453,"MAXIMUM_LENGTH":97.0,"LONGEST_MATCH":13.0},"matches":[{"firstFileName":"EFE_NEVZAT_CENGER/LinkedListQuestions.cpp","secondFileName":"ECENUR_GUNER/LinkedListQuestions.cpp","startInFirst":{"line":73,"column":1,"tokenListIndex":52},"endInFirst":{"line":90,"column":7,"tokenListIndex":64},"startInSecond":{"line":47,"column":8,"tokenListIndex":31},"endInSecond":{"line":60,"column":11,"tokenListIndex":43},"lengthOfFirst":13,"lengthOfSecond":13},{"firstFileName":"EFE_NEVZAT_CENGER/LinkedListQuestions.cpp","secondFileName":"ECENUR_GUNER/LinkedListQuestions.cpp","startInFirst":{"line":24,"column":1,"tokenListIndex":16},"endInFirst":{"line":37,"column":0,"tokenListIndex":24},"startInSecond":{"line":18,"column":24,"tokenListIndex":11},"endInSecond":{"line":28,"column":4,"tokenListIndex":19},"lengthOfFirst":9,"lengthOfSecond":9},{"firstFileName":"EFE_NEVZAT_CENGER/LinkedListQuestions.cpp","secondFileName":"ECENUR_GUNER/LinkedListQuestions.cpp","startInFirst":{"line":40,"column":0,"tokenListIndex":28},"endInFirst":{"line":51,"column":4,"tokenListIndex":34},"startInSecond":{"line":84,"column":4,"tokenListIndex":69},"endInSecond":{"line":89,"column":11,"tokenListIndex":75},"lengthOfFirst":7,"lengthOfSecond":7}],"firstSimilarity":0.32954545454545453,"secondSimilarity":0.3020833333333333}