{"firstSubmissionId":"EFE_DEMIRCI","secondSubmissionId":"SELIN_SUNA_KAYA","similarities":{"AVG":0.27932960893854747,"MAX":0.28735632183908044,"MAXIMUM_LENGTH":93.0,"LONGEST_MATCH":12.0},"matches":[{"firstFileName":"EFE_DEMIRCI/LinkedListQuestions.cpp","secondFileName":"SELIN_SUNA_KAYA/LinkedListQuestions.cpp","startInFirst":{"line":17,"column":1,"tokenListIndex":10},"endInFirst":{"line":33,"column":1,"tokenListIndex":21},"startInSecond":{"line":11,"column":1,"tokenListIndex":10},"endInSecond":{"line":20,"column":1,"tokenListIndex":21},"lengthOfFirst":12,"lengthOfSecond":12},{"firstFileName":"EFE_DEMIRCI/LinkedListQuestions.cpp","secondFileName":"SELIN_SUNA_KAYA/LinkedListQuestions.cpp","startInFirst":{"line":100,"column":1,"tokenListIndex":70},"endInFirst":{"line":105,"column":1,"tokenListIndex":76},"startInSecond":{"line":21,"column":1,"tokenListIndex":23},"endInSecond":{"line":24,"column":1,"tokenListIndex":29},"lengthOfFirst":7,"lengthOfSecond":7},{"firstFileName":"EFE_DEMIRCI/LinkedListQuestions.cpp","secondFileName":"SELIN_SUNA_KAYA/LinkedListQuestions.cpp","startInFirst":{"line":92,"column":0,"tokenListIndex":61},"endInFirst":{"line":97,"column":1,"tokenListIndex":66},"startInSecond":{"line":60,"column":0,"tokenListIndex":66},"endInSecond":{"line":64,"column":1,"tokenListIndex":71},"lengthOfFirst":6,"lengthOfSecond":6}],"firstSimilarity":0.28735632183908044,"secondSimilarity":0.2717391304347826}