{"firstSubmissionId":"EFE_DEMIRCI","secondSubmissionId":"ECENUR_GUNER","similarities":{"AVG":0.644808743169399,"MAX":0.6781609195402298,"MAXIMUM_LENGTH":97.0,"LONGEST_MATCH":16.0},"matches":[{"firstFileName":"EFE_DEMIRCI/LinkedListQuestions.cpp","secondFileName":"ECENUR_GUNER/LinkedListQuestions.cpp","startInFirst":{"line":11,"column":2,"tokenListIndex":6},"endInFirst":{"line":33,"column":1,"tokenListIndex":21},"startInSecond":{"line":11,"column":8,"tokenListIndex":4},"endInSecond":{"line":28,"column":4,"tokenListIndex":19},"lengthOfFirst":16,"lengthOfSecond":16},{"firstFileName":"EFE_DEMIRCI/LinkedListQuestions.cpp","secondFileName":"ECENUR_GUNER/LinkedListQuestions.cpp","startInFirst":{"line":79,"column":2,"tokenListIndex":55},"endInFirst":{"line":95,"column":69,"tokenListIndex":65},"startInSecond":{"line":66,"column":8,"tokenListIndex":51},"endInSecond":{"line":77,"column":63,"tokenListIndex":61},"lengthOfFirst":11,"lengthOfSecond":11},{"firstFileName":"EFE_DEMIRCI/LinkedListQuestions.cpp","secondFileName":"ECENUR_GUNER/LinkedListQuestions.cpp","startInFirst":{"line":108,"column":19,"tokenListIndex":78},"endInFirst":{"line":128,"column":0,"tokenListIndex":86},"startInSecond":{"line":98,"column":12,"tokenListIndex":87},"endInSecond":{"line":107,"column":0,"tokenListIndex":95},"lengthOfFirst":9,"lengthOfSecond":9},{"firstFileName":"EFE_DEMIRCI/LinkedListQuestions.cpp","secondFileName":"ECENUR_GUNER/LinkedListQuestions.cpp","startInFirst":{"line":72,"column":2,"tokenListIndex":47},"endInFirst":{"line":78,"column":20,"tokenListIndex":54},"startInSecond":{"line":58,"column":8,"tokenListIndex":40},"endInSecond":{"line":62,"column":30,"tokenListIndex":47},"lengthOfFirst":8,"lengthOfSecond":8},{"firstFileName":"EFE_DEMIRCI/LinkedListQuestions.cpp","secondFileName":"ECENUR_GUNER/LinkedListQuestions.cpp","startInFirst":{"line":100,"column":1,"tokenListIndex":70},"endInFirst":{"line":107,"column":2,"tokenListIndex":77},"startInSecond":{"line":87,"column":4,"tokenListIndex":72},"endInSecond":{"line":91,"column":8,"tokenListIndex":79},"lengthOfFirst":8,"lengthOfSecond":8},{"firstFileName":"EFE_DEMIRCI/LinkedListQuestions.cpp","secondFileName":"ECENUR_GUNER/LinkedListQuestions.cpp","startInFirst":{"line":60,"column":1,"tokenListIndex":39},"endInFirst":{"line":70,"column":1,"tokenListIndex":45},"startInSecond":{"line":51,"column":4,"tokenListIndex":33},"endInSecond":{"line":57,"column":4,"tokenListIndex":39},"lengthOfFirst":7,"lengthOfSecond":7}],"firstSimilarity":0.6781609195402298,"secondSimilarity":0.6145833333333334}