{"firstSubmissionId":"EFE_DEMIRCI","secondSubmissionId":"OSMAN_ALPEREN_KARADAG","similarities":{"AVG":0.47191011235955055,"MAX":0.4827586206896552,"MAXIMUM_LENGTH":92.0,"LONGEST_MATCH":21.0},"matches":[{"firstFileName":"EFE_DEMIRCI/LinkedListQuestions.cpp","secondFileName":"OSMAN_ALPEREN_KARADAG/LinkedListQuestions.cpp","startInFirst":{"line":9,"column":19,"tokenListIndex":5},"endInFirst":{"line":38,"column":1,"tokenListIndex":25},"startInSecond":{"line":9,"column":8,"tokenListIndex":4},"endInSecond":{"line":30,"column":4,"tokenListIndex":24},"lengthOfFirst":21,"lengthOfSecond":21},{"firstFileName":"EFE_DEMIRCI/LinkedListQuestions.cpp","secondFileName":"OSMAN_ALPEREN_KARADAG/LinkedListQuestions.cpp","startInFirst":{"line":75,"column":1,"tokenListIndex":49},"endInFirst":{"line":80,"column":1,"tokenListIndex":56},"startInSecond":{"line":35,"column":4,"tokenListIndex":29},"endInSecond":{"line":39,"column":4,"tokenListIndex":36},"lengthOfFirst":8,"lengthOfSecond":8},{"firstFileName":"EFE_DEMIRCI/LinkedListQuestions.cpp","secondFileName":"OSMAN_ALPEREN_KARADAG/LinkedListQuestions.cpp","startInFirst":{"line":52,"column":1,"tokenListIndex":38},"endInFirst":{"line":68,"column":57,"tokenListIndex":44},"startInSecond":{"line":47,"column":4,"tokenListIndex":38},"endInSecond":{"line":54,"column":57,"tokenListIndex":44},"lengthOfFirst":7,"lengthOfSecond":7},{"firstFileName":"EFE_DEMIRCI/LinkedListQuestions.cpp","secondFileName":"OSMAN_ALPEREN_KARADAG/LinkedListQuestions.cpp","startInFirst":{"line":88,"column":1,"tokenListIndex":60},"endInFirst":{"line":95,"column":69,"tokenListIndex":65},"startInSecond":{"line":74,"column":4,"tokenListIndex":64},"endInSecond":{"line":78,"column":63,"tokenListIndex":69},"lengthOfFirst":6,"lengthOfSecond":6}],"firstSimilarity":0.4827586206896552,"secondSimilarity":0.46153846153846156}