{"firstSubmissionId":"EFE_NEVZAT_CENGER","secondSubmissionId":"EMIRHAN_EREN_ELIBOL","similarities":{"AVG":0.3879310344827586,"MAX":0.5113636363636364,"MAXIMUM_LENGTH":145.0,"LONGEST_MATCH":13.0},"matches":[{"firstFileName":"EFE_NEVZAT_CENGER/LinkedListQuestions.cpp","secondFileName":"EMIRHAN_EREN_ELIBOL/LinkedListQuestions.cpp","startInFirst":{"line":79,"column":0,"tokenListIndex":54},"endInFirst":{"line":91,"column":4,"tokenListIndex":66},"startInSecond":{"line":49,"column":1,"tokenListIndex":39},"endInSecond":{"line":59,"column":8,"tokenListIndex":51},"lengthOfFirst":13,"lengthOfSecond":13},{"firstFileName":"EFE_NEVZAT_CENGER/LinkedListQuestions.cpp","secondFileName":"EMIRHAN_EREN_ELIBOL/LinkedListQuestions.cpp","startInFirst":{"line":24,"column":1,"tokenListIndex":16},"endInFirst":{"line":37,"column":0,"tokenListIndex":24},"startInSecond":{"line":16,"column":46,"tokenListIndex":11},"endInSecond":{"line":26,"column":1,"tokenListIndex":19},"lengthOfFirst":9,"lengthOfSecond":9},{"firstFileName":"EFE_NEVZAT_CENGER/LinkedListQuestions.cpp","secondFileName":"EMIRHAN_EREN_ELIBOL/LinkedListQuestions.cpp","startInFirst":{"line":103,"column":0,"tokenListIndex":74},"endInFirst":{"line":109,"column":1,"tokenListIndex":82},"startInSecond":{"line":33,"column":1,"tokenListIndex":25},"endInSecond":{"line":38,"column":4,"tokenListIndex":33},"lengthOfFirst":9,"lengthOfSecond":9},{"firstFileName":"EFE_NEVZAT_CENGER/LinkedListQuestions.cpp","secondFileName":"EMIRHAN_EREN_ELIBOL/LinkedListQuestions.cpp","startInFirst":{"line":10,"column":25,"tokenListIndex":5},"endInFirst":{"line":14,"column":6,"tokenListIndex":11},"startInSecond":{"line":110,"column":15,"tokenListIndex":117},"endInSecond":{"line":114,"column":8,"tokenListIndex":123},"lengthOfFirst":7,"lengthOfSecond":7},{"firstFileName":"EFE_NEVZAT_CENGER/LinkedListQuestions.cpp","secondFileName":"EMIRHAN_EREN_ELIBOL/LinkedListQuestions.cpp","startInFirst":{"line":93,"column":0,"tokenListIndex":67},"endInFirst":{"line":101,"column":13,"tokenListIndex":73},"startInSecond":{"line":66,"column":1,"tokenListIndex":61},"endInSecond":{"line":71,"column":24,"tokenListIndex":67},"lengthOfFirst":7,"lengthOfSecond":7}],"firstSimilarity":0.5113636363636364,"secondSimilarity":0.3125}