{"firstSubmissionId":"EFE_DEMIRCI","secondSubmissionId":"EREN_COMOGLU","similarities":{"AVG":0.26436781609195403,"MAX":0.26436781609195403,"MAXIMUM_LENGTH":88.0,"LONGEST_MATCH":8.0},"matches":[{"firstFileName":"EFE_DEMIRCI/LinkedListQuestions.cpp","secondFileName":"EREN_COMOGLU/LinkedListQuestions.cpp","startInFirst":{"line":27,"column":1,"tokenListIndex":16},"endInFirst":{"line":35,"column":8,"tokenListIndex":23},"startInSecond":{"line":68,"column":1,"tokenListIndex":66},"endInSecond":{"line":74,"column":5,"tokenListIndex":73},"lengthOfFirst":8,"lengthOfSecond":8},{"firstFileName":"EFE_DEMIRCI/LinkedListQuestions.cpp","secondFileName":"EREN_COMOGLU/LinkedListQuestions.cpp","startInFirst":{"line":75,"column":1,"tokenListIndex":49},"endInFirst":{"line":80,"column":1,"tokenListIndex":56},"startInSecond":{"line":41,"column":1,"tokenListIndex":36},"endInSecond":{"line":45,"column":1,"tokenListIndex":43},"lengthOfFirst":8,"lengthOfSecond":8},{"firstFileName":"EFE_DEMIRCI/LinkedListQuestions.cpp","secondFileName":"EREN_COMOGLU/LinkedListQuestions.cpp","startInFirst":{"line":60,"column":1,"tokenListIndex":39},"endInFirst":{"line":70,"column":1,"tokenListIndex":45},"startInSecond":{"line":49,"column":1,"tokenListIndex":44},"endInSecond":{"line":55,"column":1,"tokenListIndex":50},"lengthOfFirst":7,"lengthOfSecond":7}],"firstSimilarity":0.26436781609195403,"secondSimilarity":0.26436781609195403}