{"firstSubmissionId":"EFE_NEVZAT_CENGER","secondSubmissionId":"ATAKAN_ORGUN","similarities":{"AVG":0.11140583554376658,"MAX":0.23863636363636365,"MAXIMUM_LENGTH":303.0,"LONGEST_MATCH":9.0},"matches":[{"firstFileName":"EFE_NEVZAT_CENGER/LinkedListQuestions.cpp","secondFileName":"ATAKAN_ORGUN/LinkedListQuestions.cpp","startInFirst":{"line":24,"column":1,"tokenListIndex":16},"endInFirst":{"line":37,"column":0,"tokenListIndex":24},"startInSecond":{"line":19,"column":2,"tokenListIndex":12},"endInSecond":{"line":28,"column":1,"tokenListIndex":20},"lengthOfFirst":9,"lengthOfSecond":9},{"firstFileName":"EFE_NEVZAT_CENGER/LinkedListQuestions.cpp","secondFileName":"ATAKAN_ORGUN/LinkedList.cpp","startInFirst":{"line":13,"column":1,"tokenListIndex":8},"endInFirst":{"line":18,"column":1,"tokenListIndex":13},"startInSecond":{"line":116,"column":2,"tokenListIndex":231},"endInSecond":{"line":120,"column":4,"tokenListIndex":236},"lengthOfFirst":6,"lengthOfSecond":6},{"firstFileName":"EFE_NEVZAT_CENGER/LinkedListQuestions.cpp","secondFileName":"ATAKAN_ORGUN/LinkedList.cpp","startInFirst":{"line":69,"column":0,"tokenListIndex":48},"endInFirst":{"line":76,"column":0,"tokenListIndex":53},"startInSecond":{"line":162,"column":2,"tokenListIndex":259},"endInSecond":{"line":166,"column":2,"tokenListIndex":264},"lengthOfFirst":6,"lengthOfSecond":6}],"firstSimilarity":0.23863636363636365,"secondSimilarity":0.0726643598615917}