{"firstSubmissionId":"EFE_DEMIRCI","secondSubmissionId":"EMIRHAN_EREN_ELIBOL","similarities":{"AVG":0.38095238095238093,"MAX":0.5057471264367817,"MAXIMUM_LENGTH":145.0,"LONGEST_MATCH":12.0},"matches":[{"firstFileName":"EFE_DEMIRCI/LinkedListQuestions.cpp","secondFileName":"EMIRHAN_EREN_ELIBOL/LinkedListQuestions.cpp","startInFirst":{"line":17,"column":1,"tokenListIndex":10},"endInFirst":{"line":33,"column":1,"tokenListIndex":21},"startInSecond":{"line":13,"column":1,"tokenListIndex":8},"endInSecond":{"line":26,"column":1,"tokenListIndex":19},"lengthOfFirst":12,"lengthOfSecond":12},{"firstFileName":"EFE_DEMIRCI/LinkedListQuestions.cpp","secondFileName":"EMIRHAN_EREN_ELIBOL/LinkedListQuestions.cpp","startInFirst":{"line":108,"column":19,"tokenListIndex":78},"endInFirst":{"line":128,"column":0,"tokenListIndex":86},"startInSecond":{"line":124,"column":5,"tokenListIndex":135},"endInSecond":{"line":135,"column":0,"tokenListIndex":143},"lengthOfFirst":9,"lengthOfSecond":9},{"firstFileName":"EFE_DEMIRCI/LinkedListQuestions.cpp","secondFileName":"EMIRHAN_EREN_ELIBOL/LinkedListQuestions.cpp","startInFirst":{"line":52,"column":1,"tokenListIndex":38},"endInFirst":{"line":70,"column":1,"tokenListIndex":45},"startInSecond":{"line":45,"column":31,"tokenListIndex":38},"endInSecond":{"line":56,"column":1,"tokenListIndex":45},"lengthOfFirst":8,"lengthOfSecond":8},{"firstFileName":"EFE_DEMIRCI/LinkedListQuestions.cpp","secondFileName":"EMIRHAN_EREN_ELIBOL/LinkedListQuestions.cpp","startInFirst":{"line":100,"column":1,"tokenListIndex":70},"endInFirst":{"line":107,"column":2,"tokenListIndex":77},"startInSecond":{"line":112,"column":1,"tokenListIndex":120},"endInSecond":{"line":118,"column":1,"tokenListIndex":127},"lengthOfFirst":8,"lengthOfSecond":8},{"firstFileName":"EFE_DEMIRCI/LinkedListQuestions.cpp","secondFileName":"EMIRHAN_EREN_ELIBOL/LinkedListQuestions.cpp","startInFirst":{"line":75,"column":1,"tokenListIndex":49},"endInFirst":{"line":79,"column":2,"tokenListIndex":55},"startInSecond":{"line":33,"column":1,"tokenListIndex":27},"endInSecond":{"line":38,"column":4,"tokenListIndex":33},"lengthOfFirst":7,"lengthOfSecond":7}],"firstSimilarity":0.5057471264367817,"secondSimilarity":0.3055555555555556}