{"firstSubmissionId":"EFE_DEMIRCI","secondSubmissionId":"YAREN_TEKIN","similarities":{"AVG":1.0,"MAX":1.0,"MAXIMUM_LENGTH":92.0,"LONGEST_MATCH":87.0},"matches":[{"firstFileName":"EFE_DEMIRCI/LinkedListQuestions.cpp","secondFileName":"YAREN_TEKIN/LinkedListQuestions.cpp","startInFirst":{"line":8,"column":0,"tokenListIndex":0},"endInFirst":{"line":128,"column":0,"tokenListIndex":86},"startInSecond":{"line":8,"column":0,"tokenListIndex":0},"endInSecond":{"line":102,"column":0,"tokenListIndex":90},"lengthOfFirst":87,"lengthOfSecond":91}],"firstSimilarity":1.0,"secondSimilarity":1.0}