{"firstSubmissionId":"EMIRHAN_DEMIR","secondSubmissionId":"BETUL_CAGRIL","similarities":{"AVG":0.18543046357615894,"MAX":0.1917808219178082,"MAXIMUM_LENGTH":85.0,"LONGEST_MATCH":8.0},"matches":[{"firstFileName":"EMIRHAN_DEMIR/LinkedListQuestions.cpp","secondFileName":"BETUL_CAGRIL/LinkedListQuestions.cpp","startInFirst":{"line":56,"column":1,"tokenListIndex":52},"endInFirst":{"line":64,"column":2,"tokenListIndex":59},"startInSecond":{"line":89,"column":4,"tokenListIndex":61},"endInSecond":{"line":95,"column":8,"tokenListIndex":68},"lengthOfFirst":8,"lengthOfSecond":8},{"firstFileName":"EMIRHAN_DEMIR/LinkedListQuestions.cpp","secondFileName":"BETUL_CAGRIL/LinkedListQuestions.cpp","startInFirst":{"line":21,"column":0,"tokenListIndex":13},"endInFirst":{"line":27,"column":1,"tokenListIndex":18},"startInSecond":{"line":29,"column":0,"tokenListIndex":19},"endInSecond":{"line":41,"column":4,"tokenListIndex":24},"lengthOfFirst":6,"lengthOfSecond":6}],"firstSimilarity":0.1917808219178082,"secondSimilarity":0.1794871794871795}