{"firstSubmissionId":"EMIRHAN_DEMIR","secondSubmissionId":"ECENUR_GUNER","similarities":{"AVG":0.31952662721893493,"MAX":0.3698630136986301,"MAXIMUM_LENGTH":97.0,"LONGEST_MATCH":8.0},"matches":[{"firstFileName":"EMIRHAN_DEMIR/LinkedListQuestions.cpp","secondFileName":"ECENUR_GUNER/LinkedListQuestions.cpp","startInFirst":{"line":51,"column":0,"tokenListIndex":47},"endInFirst":{"line":58,"column":1,"tokenListIndex":54},"startInSecond":{"line":52,"column":0,"tokenListIndex":34},"endInSecond":{"line":59,"column":4,"tokenListIndex":41},"lengthOfFirst":8,"lengthOfSecond":8},{"firstFileName":"EMIRHAN_DEMIR/LinkedListQuestions.cpp","secondFileName":"ECENUR_GUNER/LinkedListQuestions.cpp","startInFirst":{"line":63,"column":1,"tokenListIndex":55},"endInFirst":{"line":66,"column":2,"tokenListIndex":61},"startInSecond":{"line":62,"column":4,"tokenListIndex":44},"endInSecond":{"line":65,"column":8,"tokenListIndex":50},"lengthOfFirst":7,"lengthOfSecond":7},{"firstFileName":"EMIRHAN_DEMIR/LinkedListQuestions.cpp","secondFileName":"ECENUR_GUNER/LinkedListQuestions.cpp","startInFirst":{"line":8,"column":0,"tokenListIndex":0},"endInFirst":{"line":11,"column":1,"tokenListIndex":5},"startInSecond":{"line":8,"column":0,"tokenListIndex":0},"endInSecond":{"line":11,"column":19,"tokenListIndex":5},"lengthOfFirst":6,"lengthOfSecond":6},{"firstFileName":"EMIRHAN_DEMIR/LinkedListQuestions.cpp","secondFileName":"ECENUR_GUNER/LinkedListQuestions.cpp","startInFirst":{"line":21,"column":0,"tokenListIndex":13},"endInFirst":{"line":27,"column":1,"tokenListIndex":18},"startInSecond":{"line":24,"column":0,"tokenListIndex":15},"endInSecond":{"line":31,"column":4,"tokenListIndex":20},"lengthOfFirst":6,"lengthOfSecond":6}],"firstSimilarity":0.3698630136986301,"secondSimilarity":0.28125}