{"firstSubmissionId":"EMIRHAN_DEMIR","secondSubmissionId":"SELIN_SUNA_KAYA","similarities":{"AVG":0.14545454545454545,"MAX":0.1643835616438356,"MAXIMUM_LENGTH":93.0,"LONGEST_MATCH":6.0},"matches":[{"firstFileName":"EMIRHAN_DEMIR/LinkedListQuestions.cpp","secondFileName":"SELIN_SUNA_KAYA/LinkedListQuestions.cpp","startInFirst":{"line":9,"column":1,"tokenListIndex":3},"endInFirst":{"line":17,"column":3,"tokenListIndex":8},"startInSecond":{"line":10,"column":1,"tokenListIndex":7},"endInSecond":{"line":12,"column":31,"tokenListIndex":12},"lengthOfFirst":6,"lengthOfSecond":6},{"firstFileName":"EMIRHAN_DEMIR/LinkedListQuestions.cpp","secondFileName":"SELIN_SUNA_KAYA/LinkedListQuestions.cpp","startInFirst":{"line":20,"column":1,"tokenListIndex":12},"endInFirst":{"line":25,"column":1,"tokenListIndex":17},"startInSecond":{"line":53,"column":1,"tokenListIndex":65},"endInSecond":{"line":63,"column":63,"tokenListIndex":70},"lengthOfFirst":6,"lengthOfSecond":6}],"firstSimilarity":0.1643835616438356,"secondSimilarity":0.13043478260869565}