{"firstSubmissionId":"EMIRHAN_DEMIR","secondSubmissionId":"EREN_COMOGLU","similarities":{"AVG":0.2,"MAX":0.2191780821917808,"MAXIMUM_LENGTH":88.0,"LONGEST_MATCH":8.0},"matches":[{"firstFileName":"EMIRHAN_DEMIR/LinkedListQuestions.cpp","secondFileName":"EREN_COMOGLU/LinkedListQuestions.cpp","startInFirst":{"line":19,"column":7,"tokenListIndex":10},"endInFirst":{"line":25,"column":1,"tokenListIndex":17},"startInSecond":{"line":21,"column":2,"tokenListIndex":17},"endInSecond":{"line":31,"column":1,"tokenListIndex":24},"lengthOfFirst":8,"lengthOfSecond":8},{"firstFileName":"EMIRHAN_DEMIR/LinkedListQuestions.cpp","secondFileName":"EREN_COMOGLU/LinkedListQuestions.cpp","startInFirst":{"line":51,"column":0,"tokenListIndex":47},"endInFirst":{"line":58,"column":1,"tokenListIndex":54},"startInSecond":{"line":50,"column":0,"tokenListIndex":45},"endInSecond":{"line":57,"column":1,"tokenListIndex":52},"lengthOfFirst":8,"lengthOfSecond":8}],"firstSimilarity":0.2191780821917808,"secondSimilarity":0.1839080459770115}