{"firstSubmissionId":"EMIRHAN_DEMIR","secondSubmissionId":"EFE_DEMIRCI","similarities":{"AVG":0.2375,"MAX":0.2602739726027397,"MAXIMUM_LENGTH":88.0,"LONGEST_MATCH":7.0},"matches":[{"firstFileName":"EMIRHAN_DEMIR/LinkedListQuestions.cpp","secondFileName":"EFE_DEMIRCI/LinkedListQuestions.cpp","startInFirst":{"line":27,"column":1,"tokenListIndex":18},"endInFirst":{"line":30,"column":2,"tokenListIndex":24},"startInSecond":{"line":38,"column":1,"tokenListIndex":25},"endInSecond":{"line":41,"column":1,"tokenListIndex":31},"lengthOfFirst":7,"lengthOfSecond":7},{"firstFileName":"EMIRHAN_DEMIR/LinkedListQuestions.cpp","secondFileName":"EFE_DEMIRCI/LinkedListQuestions.cpp","startInFirst":{"line":37,"column":1,"tokenListIndex":32},"endInFirst":{"line":40,"column":2,"tokenListIndex":37},"startInSecond":{"line":46,"column":1,"tokenListIndex":32},"endInSecond":{"line":49,"column":1,"tokenListIndex":37},"lengthOfFirst":6,"lengthOfSecond":6},{"firstFileName":"EMIRHAN_DEMIR/LinkedListQuestions.cpp","secondFileName":"EFE_DEMIRCI/LinkedListQuestions.cpp","startInFirst":{"line":51,"column":0,"tokenListIndex":47},"endInFirst":{"line":56,"column":1,"tokenListIndex":52},"startInSecond":{"line":64,"column":0,"tokenListIndex":40},"endInSecond":{"line":70,"column":1,"tokenListIndex":45},"lengthOfFirst":6,"lengthOfSecond":6}],"firstSimilarity":0.2602739726027397,"secondSimilarity":0.21839080459770116}