{"firstSubmissionId":"EMIRHAN_EREN_ELIBOL","secondSubmissionId":"ATAKAN_ORGUN","similarities":{"AVG":0.12933025404157045,"MAX":0.19444444444444445,"MAXIMUM_LENGTH":303.0,"LONGEST_MATCH":12.0},"matches":[{"firstFileName":"EMIRHAN_EREN_ELIBOL/LinkedListQuestions.cpp","secondFileName":"ATAKAN_ORGUN/LinkedListQuestions.cpp","startInFirst":{"line":13,"column":1,"tokenListIndex":8},"endInFirst":{"line":26,"column":1,"tokenListIndex":19},"startInSecond":{"line":15,"column":1,"tokenListIndex":9},"endInSecond":{"line":28,"column":1,"tokenListIndex":20},"lengthOfFirst":12,"lengthOfSecond":12},{"firstFileName":"EMIRHAN_EREN_ELIBOL/LinkedListQuestions.cpp","secondFileName":"ATAKAN_ORGUN/LinkedList.cpp","startInFirst":{"line":107,"column":22,"tokenListIndex":110},"endInFirst":{"line":110,"column":37,"tokenListIndex":119},"startInSecond":{"line":61,"column":0,"tokenListIndex":198},"endInSecond":{"line":71,"column":2,"tokenListIndex":207},"lengthOfFirst":10,"lengthOfSecond":10},{"firstFileName":"EMIRHAN_EREN_ELIBOL/LinkedListQuestions.cpp","secondFileName":"ATAKAN_ORGUN/LinkedList.cpp","startInFirst":{"line":113,"column":1,"tokenListIndex":122},"endInFirst":{"line":118,"column":1,"tokenListIndex":127},"startInSecond":{"line":116,"column":2,"tokenListIndex":231},"endInSecond":{"line":120,"column":4,"tokenListIndex":236},"lengthOfFirst":6,"lengthOfSecond":6}],"firstSimilarity":0.19444444444444445,"secondSimilarity":0.09688581314878893}