{"firstSubmissionId":"EMIRHAN_DEMIR","secondSubmissionId":"ATAKAN_ORGUN","similarities":{"AVG":0.06629834254143646,"MAX":0.1643835616438356,"MAXIMUM_LENGTH":303.0,"LONGEST_MATCH":6.0},"matches":[{"firstFileName":"EMIRHAN_DEMIR/LinkedListQuestions.cpp","secondFileName":"ATAKAN_ORGUN/LinkedList.cpp","startInFirst":{"line":48,"column":2,"tokenListIndex":45},"endInFirst":{"line":55,"column":47,"tokenListIndex":50},"startInSecond":{"line":50,"column":4,"tokenListIndex":195},"endInSecond":{"line":61,"column":44,"tokenListIndex":200},"lengthOfFirst":6,"lengthOfSecond":6},{"firstFileName":"EMIRHAN_DEMIR/LinkedListQuestions.cpp","secondFileName":"ATAKAN_ORGUN/LinkedList.cpp","startInFirst":{"line":57,"column":2,"tokenListIndex":53},"endInFirst":{"line":63,"column":21,"tokenListIndex":58},"startInSecond":{"line":70,"column":4,"tokenListIndex":206},"endInSecond":{"line":75,"column":39,"tokenListIndex":211},"lengthOfFirst":6,"lengthOfSecond":6}],"firstSimilarity":0.1643835616438356,"secondSimilarity":0.04152249134948097}