{"firstSubmissionId":"EMIRHAN_DEMIR","secondSubmissionId":"OSMAN_ALPEREN_KARADAG","similarities":{"AVG":0.15853658536585366,"MAX":0.1780821917808219,"MAXIMUM_LENGTH":92.0,"LONGEST_MATCH":7.0},"matches":[{"firstFileName":"EMIRHAN_DEMIR/LinkedListQuestions.cpp","secondFileName":"OSMAN_ALPEREN_KARADAG/LinkedListQuestions.cpp","startInFirst":{"line":21,"column":0,"tokenListIndex":13},"endInFirst":{"line":27,"column":5,"tokenListIndex":19},"startInSecond":{"line":75,"column":0,"tokenListIndex":65},"endInSecond":{"line":79,"column":18,"tokenListIndex":71},"lengthOfFirst":7,"lengthOfSecond":7},{"firstFileName":"EMIRHAN_DEMIR/LinkedListQuestions.cpp","secondFileName":"OSMAN_ALPEREN_KARADAG/LinkedListQuestions.cpp","startInFirst":{"line":63,"column":9,"tokenListIndex":57},"endInFirst":{"line":68,"column":1,"tokenListIndex":62},"startInSecond":{"line":88,"column":38,"tokenListIndex":83},"endInSecond":{"line":96,"column":8,"tokenListIndex":88},"lengthOfFirst":6,"lengthOfSecond":6}],"firstSimilarity":0.1780821917808219,"secondSimilarity":0.14285714285714285}