{"firstSubmissionId":"EMIRHAN_DEMIR","secondSubmissionId":"EFE_NEVZAT_CENGER","similarities":{"AVG":0.09937888198757763,"MAX":0.1095890410958904,"MAXIMUM_LENGTH":95.0,"LONGEST_MATCH":8.0},"matches":[{"firstFileName":"EMIRHAN_DEMIR/LinkedListQuestions.cpp","secondFileName":"EFE_NEVZAT_CENGER/LinkedListQuestions.cpp","startInFirst":{"line":51,"column":0,"tokenListIndex":47},"endInFirst":{"line":58,"column":1,"tokenListIndex":54},"startInSecond":{"line":81,"column":0,"tokenListIndex":55},"endInSecond":{"line":88,"column":13,"tokenListIndex":62},"lengthOfFirst":8,"lengthOfSecond":8}],"firstSimilarity":0.1095890410958904,"secondSimilarity":0.09090909090909091}