{"firstSubmissionId":"EMIRHAN_DEMIR","secondSubmissionId":"MEHMET_BARAN_KIRAT","similarities":{"AVG":0.0915032679738562,"MAX":0.0958904109589041,"MAXIMUM_LENGTH":81.0,"LONGEST_MATCH":7.0},"matches":[{"firstFileName":"EMIRHAN_DEMIR/LinkedListQuestions.cpp","secondFileName":"MEHMET_BARAN_KIRAT/LinkedListQuestions.cpp","startInFirst":{"line":48,"column":2,"tokenListIndex":45},"endInFirst":{"line":55,"column":57,"tokenListIndex":51},"startInSecond":{"line":71,"column":2,"tokenListIndex":65},"endInSecond":{"line":79,"column":57,"tokenListIndex":71},"lengthOfFirst":7,"lengthOfSecond":7}],"firstSimilarity":0.0958904109589041,"secondSimilarity":0.0875}