{"firstSubmissionId":"EMIRHAN_DEMIR","secondSubmissionId":"YAREN_TEKIN","similarities":{"AVG":0.32926829268292684,"MAX":0.3698630136986301,"MAXIMUM_LENGTH":92.0,"LONGEST_MATCH":8.0},"matches":[{"firstFileName":"EMIRHAN_DEMIR/LinkedListQuestions.cpp","secondFileName":"YAREN_TEKIN/LinkedListQuestions.cpp","startInFirst":{"line":51,"column":0,"tokenListIndex":47},"endInFirst":{"line":58,"column":1,"tokenListIndex":54},"startInSecond":{"line":44,"column":0,"tokenListIndex":36},"endInSecond":{"line":50,"column":12,"tokenListIndex":43},"lengthOfFirst":8,"lengthOfSecond":8},{"firstFileName":"EMIRHAN_DEMIR/LinkedListQuestions.cpp","secondFileName":"YAREN_TEKIN/LinkedListQuestions.cpp","startInFirst":{"line":63,"column":1,"tokenListIndex":55},"endInFirst":{"line":66,"column":2,"tokenListIndex":61},"startInSecond":{"line":56,"column":0,"tokenListIndex":46},"endInSecond":{"line":58,"column":12,"tokenListIndex":52},"lengthOfFirst":7,"lengthOfSecond":7},{"firstFileName":"EMIRHAN_DEMIR/LinkedListQuestions.cpp","secondFileName":"YAREN_TEKIN/LinkedListQuestions.cpp","startInFirst":{"line":8,"column":0,"tokenListIndex":0},"endInFirst":{"line":11,"column":1,"tokenListIndex":5},"startInSecond":{"line":8,"column":0,"tokenListIndex":0},"endInSecond":{"line":10,"column":11,"tokenListIndex":5},"lengthOfFirst":6,"lengthOfSecond":6},{"firstFileName":"EMIRHAN_DEMIR/LinkedListQuestions.cpp","secondFileName":"YAREN_TEKIN/LinkedListQuestions.cpp","startInFirst":{"line":21,"column":0,"tokenListIndex":13},"endInFirst":{"line":27,"column":1,"tokenListIndex":18},"startInSecond":{"line":19,"column":0,"tokenListIndex":15},"endInSecond":{"line":25,"column":3,"tokenListIndex":20},"lengthOfFirst":6,"lengthOfSecond":6}],"firstSimilarity":0.3698630136986301,"secondSimilarity":0.2967032967032967}