{"firstSubmissionId":"EMIRHAN_DEMIR","secondSubmissionId":"EMIRHAN_EREN_ELIBOL","similarities":{"AVG":0.2488479262672811,"MAX":0.3698630136986301,"MAXIMUM_LENGTH":145.0,"LONGEST_MATCH":8.0},"matches":[{"firstFileName":"EMIRHAN_DEMIR/LinkedListQuestions.cpp","secondFileName":"EMIRHAN_EREN_ELIBOL/LinkedListQuestions.cpp","startInFirst":{"line":51,"column":0,"tokenListIndex":47},"endInFirst":{"line":58,"column":1,"tokenListIndex":54},"startInSecond":{"line":50,"column":0,"tokenListIndex":40},"endInSecond":{"line":56,"column":25,"tokenListIndex":47},"lengthOfFirst":8,"lengthOfSecond":8},{"firstFileName":"EMIRHAN_DEMIR/LinkedListQuestions.cpp","secondFileName":"EMIRHAN_EREN_ELIBOL/LinkedListQuestions.cpp","startInFirst":{"line":63,"column":1,"tokenListIndex":55},"endInFirst":{"line":66,"column":2,"tokenListIndex":61},"startInSecond":{"line":61,"column":1,"tokenListIndex":52},"endInSecond":{"line":63,"column":25,"tokenListIndex":58},"lengthOfFirst":7,"lengthOfSecond":7},{"firstFileName":"EMIRHAN_DEMIR/LinkedListQuestions.cpp","secondFileName":"EMIRHAN_EREN_ELIBOL/LinkedListQuestions.cpp","startInFirst":{"line":9,"column":1,"tokenListIndex":3},"endInFirst":{"line":17,"column":3,"tokenListIndex":8},"startInSecond":{"line":12,"column":1,"tokenListIndex":5},"endInSecond":{"line":16,"column":34,"tokenListIndex":10},"lengthOfFirst":6,"lengthOfSecond":6},{"firstFileName":"EMIRHAN_DEMIR/LinkedListQuestions.cpp","secondFileName":"EMIRHAN_EREN_ELIBOL/LinkedListQuestions.cpp","startInFirst":{"line":21,"column":0,"tokenListIndex":13},"endInFirst":{"line":27,"column":1,"tokenListIndex":18},"startInSecond":{"line":20,"column":0,"tokenListIndex":15},"endInSecond":{"line":28,"column":1,"tokenListIndex":20},"lengthOfFirst":6,"lengthOfSecond":6}],"firstSimilarity":0.3698630136986301,"secondSimilarity":0.1875}