{"firstSubmissionId":"EREN_COMOGLU","secondSubmissionId":"EMIRHAN_EREN_ELIBOL","similarities":{"AVG":0.30303030303030304,"MAX":0.40229885057471265,"MAXIMUM_LENGTH":145.0,"LONGEST_MATCH":13.0},"matches":[{"firstFileName":"EREN_COMOGLU/LinkedListQuestions.cpp","secondFileName":"EMIRHAN_EREN_ELIBOL/LinkedListQuestions.cpp","startInFirst":{"line":49,"column":1,"tokenListIndex":44},"endInFirst":{"line":60,"column":5,"tokenListIndex":56},"startInSecond":{"line":49,"column":1,"tokenListIndex":39},"endInSecond":{"line":59,"column":8,"tokenListIndex":51},"lengthOfFirst":13,"lengthOfSecond":13},{"firstFileName":"EREN_COMOGLU/LinkedListQuestions.cpp","secondFileName":"EMIRHAN_EREN_ELIBOL/LinkedListQuestions.cpp","startInFirst":{"line":73,"column":22,"tokenListIndex":69},"endInFirst":{"line":76,"column":9,"tokenListIndex":77},"startInSecond":{"line":78,"column":0,"tokenListIndex":70},"endInSecond":{"line":84,"column":9,"tokenListIndex":78},"lengthOfFirst":9,"lengthOfSecond":9},{"firstFileName":"EREN_COMOGLU/LinkedListQuestions.cpp","secondFileName":"EMIRHAN_EREN_ELIBOL/LinkedListQuestions.cpp","startInFirst":{"line":41,"column":1,"tokenListIndex":36},"endInFirst":{"line":44,"column":2,"tokenListIndex":42},"startInSecond":{"line":33,"column":1,"tokenListIndex":27},"endInSecond":{"line":38,"column":4,"tokenListIndex":33},"lengthOfFirst":7,"lengthOfSecond":7},{"firstFileName":"EREN_COMOGLU/LinkedListQuestions.cpp","secondFileName":"EMIRHAN_EREN_ELIBOL/LinkedListQuestions.cpp","startInFirst":{"line":10,"column":1,"tokenListIndex":5},"endInFirst":{"line":14,"column":1,"tokenListIndex":10},"startInSecond":{"line":10,"column":1,"tokenListIndex":3},"endInSecond":{"line":13,"column":1,"tokenListIndex":8},"lengthOfFirst":6,"lengthOfSecond":6}],"firstSimilarity":0.40229885057471265,"secondSimilarity":0.24305555555555555}