{"firstSubmissionId":"EREN_COMOGLU","secondSubmissionId":"YAREN_TEKIN","similarities":{"AVG":0.25842696629213485,"MAX":0.26436781609195403,"MAXIMUM_LENGTH":92.0,"LONGEST_MATCH":11.0},"matches":[{"firstFileName":"EREN_COMOGLU/LinkedListQuestions.cpp","secondFileName":"YAREN_TEKIN/LinkedListQuestions.cpp","startInFirst":{"line":49,"column":1,"tokenListIndex":44},"endInFirst":{"line":58,"column":9,"tokenListIndex":54},"startInSecond":{"line":43,"column":0,"tokenListIndex":35},"endInSecond":{"line":52,"column":5,"tokenListIndex":45},"lengthOfFirst":11,"lengthOfSecond":11},{"firstFileName":"EREN_COMOGLU/LinkedListQuestions.cpp","secondFileName":"YAREN_TEKIN/LinkedListQuestions.cpp","startInFirst":{"line":68,"column":1,"tokenListIndex":66},"endInFirst":{"line":73,"column":63,"tokenListIndex":71},"startInSecond":{"line":18,"column":0,"tokenListIndex":14},"endInSecond":{"line":24,"column":1,"tokenListIndex":19},"lengthOfFirst":6,"lengthOfSecond":6},{"firstFileName":"EREN_COMOGLU/LinkedListQuestions.cpp","secondFileName":"YAREN_TEKIN/LinkedListQuestions.cpp","startInFirst":{"line":74,"column":1,"tokenListIndex":72},"endInFirst":{"line":76,"column":9,"tokenListIndex":77},"startInSecond":{"line":28,"column":0,"tokenListIndex":23},"endInSecond":{"line":30,"column":5,"tokenListIndex":28},"lengthOfFirst":6,"lengthOfSecond":6}],"firstSimilarity":0.26436781609195403,"secondSimilarity":0.25274725274725274}