{"firstSubmissionId":"EREN_COMOGLU","secondSubmissionId":"SELIN_SUNA_KAYA","similarities":{"AVG":0.39106145251396646,"MAX":0.40229885057471265,"MAXIMUM_LENGTH":93.0,"LONGEST_MATCH":11.0},"matches":[{"firstFileName":"EREN_COMOGLU/LinkedListQuestions.cpp","secondFileName":"SELIN_SUNA_KAYA/LinkedListQuestions.cpp","startInFirst":{"line":8,"column":0,"tokenListIndex":0},"endInFirst":{"line":14,"column":1,"tokenListIndex":10},"startInSecond":{"line":7,"column":0,"tokenListIndex":0},"endInSecond":{"line":11,"column":1,"tokenListIndex":10},"lengthOfFirst":11,"lengthOfSecond":11},{"firstFileName":"EREN_COMOGLU/LinkedListQuestions.cpp","secondFileName":"SELIN_SUNA_KAYA/LinkedListQuestions.cpp","startInFirst":{"line":26,"column":0,"tokenListIndex":20},"endInFirst":{"line":32,"column":9,"tokenListIndex":28},"startInSecond":{"line":16,"column":0,"tokenListIndex":17},"endInSecond":{"line":23,"column":5,"tokenListIndex":25},"lengthOfFirst":9,"lengthOfSecond":9},{"firstFileName":"EREN_COMOGLU/LinkedListQuestions.cpp","secondFileName":"SELIN_SUNA_KAYA/LinkedListQuestions.cpp","startInFirst":{"line":70,"column":0,"tokenListIndex":67},"endInFirst":{"line":76,"column":1,"tokenListIndex":74},"startInSecond":{"line":60,"column":0,"tokenListIndex":66},"endInSecond":{"line":68,"column":1,"tokenListIndex":73},"lengthOfFirst":8,"lengthOfSecond":8},{"firstFileName":"EREN_COMOGLU/LinkedListQuestions.cpp","secondFileName":"SELIN_SUNA_KAYA/LinkedListQuestions.cpp","startInFirst":{"line":58,"column":9,"tokenListIndex":54},"endInFirst":{"line":64,"column":1,"tokenListIndex":60},"startInSecond":{"line":21,"column":5,"tokenListIndex":26},"endInSecond":{"line":27,"column":1,"tokenListIndex":32},"lengthOfFirst":7,"lengthOfSecond":7}],"firstSimilarity":0.40229885057471265,"secondSimilarity":0.3804347826086957}