{"firstSubmissionId":"EREN_COMOGLU","secondSubmissionId":"EFE_NEVZAT_CENGER","similarities":{"AVG":0.37714285714285717,"MAX":0.3793103448275862,"MAXIMUM_LENGTH":95.0,"LONGEST_MATCH":17.0},"matches":[{"firstFileName":"EREN_COMOGLU/LinkedListQuestions.cpp","secondFileName":"EFE_NEVZAT_CENGER/LinkedListQuestions.cpp","startInFirst":{"line":49,"column":1,"tokenListIndex":44},"endInFirst":{"line":64,"column":1,"tokenListIndex":60},"startInSecond":{"line":79,"column":0,"tokenListIndex":54},"endInSecond":{"line":98,"column":0,"tokenListIndex":70},"lengthOfFirst":17,"lengthOfSecond":17},{"firstFileName":"EREN_COMOGLU/LinkedListQuestions.cpp","secondFileName":"EFE_NEVZAT_CENGER/LinkedListQuestions.cpp","startInFirst":{"line":41,"column":1,"tokenListIndex":36},"endInFirst":{"line":45,"column":1,"tokenListIndex":43},"startInSecond":{"line":104,"column":0,"tokenListIndex":76},"endInSecond":{"line":112,"column":0,"tokenListIndex":83},"lengthOfFirst":8,"lengthOfSecond":8},{"firstFileName":"EREN_COMOGLU/LinkedListQuestions.cpp","secondFileName":"EFE_NEVZAT_CENGER/LinkedListQuestions.cpp","startInFirst":{"line":68,"column":1,"tokenListIndex":66},"endInFirst":{"line":74,"column":5,"tokenListIndex":73},"startInSecond":{"line":30,"column":0,"tokenListIndex":19},"endInSecond":{"line":38,"column":7,"tokenListIndex":26},"lengthOfFirst":8,"lengthOfSecond":8}],"firstSimilarity":0.3793103448275862,"secondSimilarity":0.375}