{"firstSubmissionId":"EREN_COMOGLU","secondSubmissionId":"ATAKAN_ORGUN","similarities":{"AVG":0.06382978723404255,"MAX":0.13793103448275862,"MAXIMUM_LENGTH":303.0,"LONGEST_MATCH":6.0},"matches":[{"firstFileName":"EREN_COMOGLU/LinkedListQuestions.cpp","secondFileName":"ATAKAN_ORGUN/LinkedList.cpp","startInFirst":{"line":8,"column":22,"tokenListIndex":1},"endInFirst":{"line":10,"column":9,"tokenListIndex":6},"startInSecond":{"line":115,"column":0,"tokenListIndex":229},"endInSecond":{"line":117,"column":6,"tokenListIndex":234},"lengthOfFirst":6,"lengthOfSecond":6},{"firstFileName":"EREN_COMOGLU/LinkedListQuestions.cpp","secondFileName":"ATAKAN_ORGUN/LinkedListQuestions.cpp","startInFirst":{"line":26,"column":0,"tokenListIndex":20},"endInFirst":{"line":31,"column":5,"tokenListIndex":25},"startInSecond":{"line":24,"column":0,"tokenListIndex":16},"endInSecond":{"line":28,"column":5,"tokenListIndex":21},"lengthOfFirst":6,"lengthOfSecond":6}],"firstSimilarity":0.13793103448275862,"secondSimilarity":0.04152249134948097}