{"firstSubmissionId":"EREN_COMOGLU","secondSubmissionId":"ECENUR_GUNER","similarities":{"AVG":0.25136612021857924,"MAX":0.26436781609195403,"MAXIMUM_LENGTH":97.0,"LONGEST_MATCH":11.0},"matches":[{"firstFileName":"EREN_COMOGLU/LinkedListQuestions.cpp","secondFileName":"ECENUR_GUNER/LinkedListQuestions.cpp","startInFirst":{"line":49,"column":1,"tokenListIndex":44},"endInFirst":{"line":58,"column":9,"tokenListIndex":54},"startInSecond":{"line":51,"column":4,"tokenListIndex":33},"endInSecond":{"line":60,"column":11,"tokenListIndex":43},"lengthOfFirst":11,"lengthOfSecond":11},{"firstFileName":"EREN_COMOGLU/LinkedListQuestions.cpp","secondFileName":"ECENUR_GUNER/LinkedListQuestions.cpp","startInFirst":{"line":68,"column":1,"tokenListIndex":66},"endInFirst":{"line":73,"column":63,"tokenListIndex":71},"startInSecond":{"line":23,"column":4,"tokenListIndex":14},"endInSecond":{"line":28,"column":4,"tokenListIndex":19},"lengthOfFirst":6,"lengthOfSecond":6},{"firstFileName":"EREN_COMOGLU/LinkedListQuestions.cpp","secondFileName":"ECENUR_GUNER/LinkedListQuestions.cpp","startInFirst":{"line":74,"column":1,"tokenListIndex":72},"endInFirst":{"line":76,"column":9,"tokenListIndex":77},"startInSecond":{"line":87,"column":4,"tokenListIndex":72},"endInSecond":{"line":89,"column":11,"tokenListIndex":77},"lengthOfFirst":6,"lengthOfSecond":6}],"firstSimilarity":0.26436781609195403,"secondSimilarity":0.23958333333333334}