{"firstSubmissionId":"EREN_COMOGLU","secondSubmissionId":"OSMAN_ALPEREN_KARADAG","similarities":{"AVG":0.3258426966292135,"MAX":0.3333333333333333,"MAXIMUM_LENGTH":92.0,"LONGEST_MATCH":8.0},"matches":[{"firstFileName":"EREN_COMOGLU/LinkedListQuestions.cpp","secondFileName":"OSMAN_ALPEREN_KARADAG/LinkedListQuestions.cpp","startInFirst":{"line":41,"column":1,"tokenListIndex":36},"endInFirst":{"line":45,"column":1,"tokenListIndex":43},"startInSecond":{"line":35,"column":4,"tokenListIndex":29},"endInSecond":{"line":39,"column":4,"tokenListIndex":36},"lengthOfFirst":8,"lengthOfSecond":8},{"firstFileName":"EREN_COMOGLU/LinkedListQuestions.cpp","secondFileName":"OSMAN_ALPEREN_KARADAG/LinkedListQuestions.cpp","startInFirst":{"line":68,"column":1,"tokenListIndex":66},"endInFirst":{"line":74,"column":5,"tokenListIndex":73},"startInSecond":{"line":22,"column":4,"tokenListIndex":15},"endInSecond":{"line":28,"column":11,"tokenListIndex":22},"lengthOfFirst":8,"lengthOfSecond":8},{"firstFileName":"EREN_COMOGLU/LinkedListQuestions.cpp","secondFileName":"OSMAN_ALPEREN_KARADAG/LinkedListQuestions.cpp","startInFirst":{"line":55,"column":1,"tokenListIndex":50},"endInFirst":{"line":60,"column":5,"tokenListIndex":56},"startInSecond":{"line":57,"column":4,"tokenListIndex":48},"endInSecond":{"line":63,"column":11,"tokenListIndex":54},"lengthOfFirst":7,"lengthOfSecond":7},{"firstFileName":"EREN_COMOGLU/LinkedListQuestions.cpp","secondFileName":"OSMAN_ALPEREN_KARADAG/LinkedListQuestions.cpp","startInFirst":{"line":49,"column":1,"tokenListIndex":44},"endInFirst":{"line":54,"column":57,"tokenListIndex":49},"startInSecond":{"line":49,"column":4,"tokenListIndex":39},"endInSecond":{"line":54,"column":57,"tokenListIndex":44},"lengthOfFirst":6,"lengthOfSecond":6}],"firstSimilarity":0.3333333333333333,"secondSimilarity":0.31868131868131866}