{"firstSubmissionId":"EYLUL_SUICMEZ","secondSubmissionId":"KEREM_AKDENIZ","similarities":{"AVG":0.16216216216216217,"MAX":0.46153846153846156,"MAXIMUM_LENGTH":68.0,"LONGEST_MATCH":6.0},"matches":[{"firstFileName":"EYLUL_SUICMEZ/LinkedListQuestions.cpp","secondFileName":"KEREM_AKDENIZ/LinkedListQuestions.cpp","startInFirst":{"line":9,"column":14,"tokenListIndex":1},"endInFirst":{"line":12,"column":9,"tokenListIndex":6},"startInSecond":{"line":24,"column":1,"tokenListIndex":19},"endInSecond":{"line":27,"column":8,"tokenListIndex":24},"lengthOfFirst":6,"lengthOfSecond":6}],"firstSimilarity":0.46153846153846156,"secondSimilarity":0.09836065573770492}