{"firstSubmissionId":"EYLUL_SUICMEZ","secondSubmissionId":"OYKU_AKSUNGUR","similarities":{"AVG":0.1348314606741573,"MAX":0.46153846153846156,"MAXIMUM_LENGTH":77.0,"LONGEST_MATCH":6.0},"matches":[{"firstFileName":"EYLUL_SUICMEZ/LinkedListQuestions.cpp","secondFileName":"OYKU_AKSUNGUR/LinkedListQuestions.cpp","startInFirst":{"line":9,"column":14,"tokenListIndex":1},"endInFirst":{"line":12,"column":9,"tokenListIndex":6},"startInSecond":{"line":65,"column":57,"tokenListIndex":46},"endInSecond":{"line":71,"column":5,"tokenListIndex":51},"lengthOfFirst":6,"lengthOfSecond":6}],"firstSimilarity":0.46153846153846156,"secondSimilarity":0.07894736842105263}