{"firstSubmissionId":"EYLUL_SUICMEZ","secondSubmissionId":"MUSAB_TUNC","similarities":{"AVG":0.17647058823529413,"MAX":0.46153846153846156,"MAXIMUM_LENGTH":67.0,"LONGEST_MATCH":6.0},"matches":[{"firstFileName":"EYLUL_SUICMEZ/LinkedListQuestions.cpp","secondFileName":"MUSAB_TUNC/musab_tunc.cpp","startInFirst":{"line":12,"column":1,"tokenListIndex":5},"endInFirst":{"line":16,"column":1,"tokenListIndex":10},"startInSecond":{"line":9,"column":1,"tokenListIndex":3},"endInSecond":{"line":14,"column":2,"tokenListIndex":8},"lengthOfFirst":6,"lengthOfSecond":6}],"firstSimilarity":0.46153846153846156,"secondSimilarity":0.10909090909090909}