{"firstSubmissionId":"EYLUL_SUICMEZ","secondSubmissionId":"ATAKAN_ORGUN","similarities":{"AVG":0.052980132450331126,"MAX":0.6153846153846154,"MAXIMUM_LENGTH":303.0,"LONGEST_MATCH":8.0},"matches":[{"firstFileName":"EYLUL_SUICMEZ/LinkedListQuestions.cpp","secondFileName":"ATAKAN_ORGUN/LinkedListQuestions.cpp","startInFirst":{"line":11,"column":1,"tokenListIndex":3},"endInFirst":{"line":16,"column":1,"tokenListIndex":10},"startInSecond":{"line":10,"column":2,"tokenListIndex":5},"endInSecond":{"line":19,"column":2,"tokenListIndex":12},"lengthOfFirst":8,"lengthOfSecond":8}],"firstSimilarity":0.6153846153846154,"secondSimilarity":0.02768166089965398}