{"firstSubmissionId":"EYLUL_SUICMEZ","secondSubmissionId":"SERRA_PEHLIVANKUCUK","similarities":{"AVG":0.3548387096774194,"MAX":0.8461538461538461,"MAXIMUM_LENGTH":60.0,"LONGEST_MATCH":11.0},"matches":[{"firstFileName":"EYLUL_SUICMEZ/LinkedListQuestions.cpp","secondFileName":"SERRA_PEHLIVANKUCUK/LinkedListQuestions.cpp","startInFirst":{"line":9,"column":0,"tokenListIndex":0},"endInFirst":{"line":16,"column":1,"tokenListIndex":10},"startInSecond":{"line":8,"column":22,"tokenListIndex":1},"endInSecond":{"line":17,"column":15,"tokenListIndex":11},"lengthOfFirst":11,"lengthOfSecond":11}],"firstSimilarity":0.8461538461538461,"secondSimilarity":0.22448979591836735}