{"firstSubmissionId":"EYLUL_SUICMEZ","secondSubmissionId":"ECENUR_GUNER","similarities":{"AVG":0.2018348623853211,"MAX":0.8461538461538461,"MAXIMUM_LENGTH":97.0,"LONGEST_MATCH":11.0},"matches":[{"firstFileName":"EYLUL_SUICMEZ/LinkedListQuestions.cpp","secondFileName":"ECENUR_GUNER/LinkedListQuestions.cpp","startInFirst":{"line":9,"column":0,"tokenListIndex":0},"endInFirst":{"line":16,"column":1,"tokenListIndex":10},"startInSecond":{"line":8,"column":22,"tokenListIndex":1},"endInSecond":{"line":18,"column":24,"tokenListIndex":11},"lengthOfFirst":11,"lengthOfSecond":11}],"firstSimilarity":0.8461538461538461,"secondSimilarity":0.11458333333333333}