{"firstSubmissionId":"EYLUL_SUICMEZ","secondSubmissionId":"EFE_NEVZAT_CENGER","similarities":{"AVG":0.1188118811881188,"MAX":0.46153846153846156,"MAXIMUM_LENGTH":95.0,"LONGEST_MATCH":6.0},"matches":[{"firstFileName":"EYLUL_SUICMEZ/LinkedListQuestions.cpp","secondFileName":"EFE_NEVZAT_CENGER/LinkedListQuestions.cpp","startInFirst":{"line":9,"column":14,"tokenListIndex":1},"endInFirst":{"line":12,"column":9,"tokenListIndex":6},"startInSecond":{"line":85,"column":57,"tokenListIndex":59},"endInSecond":{"line":90,"column":7,"tokenListIndex":64},"lengthOfFirst":6,"lengthOfSecond":6}],"firstSimilarity":0.46153846153846156,"secondSimilarity":0.06818181818181818}