{"firstSubmissionId":"EYLUL_SUICMEZ","secondSubmissionId":"EREN_COMOGLU","similarities":{"AVG":0.12,"MAX":0.46153846153846156,"MAXIMUM_LENGTH":88.0,"LONGEST_MATCH":6.0},"matches":[{"firstFileName":"EYLUL_SUICMEZ/LinkedListQuestions.cpp","secondFileName":"EREN_COMOGLU/LinkedListQuestions.cpp","startInFirst":{"line":9,"column":14,"tokenListIndex":1},"endInFirst":{"line":12,"column":9,"tokenListIndex":6},"startInSecond":{"line":54,"column":57,"tokenListIndex":49},"endInSecond":{"line":58,"column":9,"tokenListIndex":54},"lengthOfFirst":6,"lengthOfSecond":6}],"firstSimilarity":0.46153846153846156,"secondSimilarity":0.06896551724137931}