{"firstSubmissionId":"EYLUL_SUICMEZ","secondSubmissionId":"OSMAN_ALPEREN_KARADAG","similarities":{"AVG":0.15384615384615385,"MAX":0.6153846153846154,"MAXIMUM_LENGTH":92.0,"LONGEST_MATCH":8.0},"matches":[{"firstFileName":"EYLUL_SUICMEZ/LinkedListQuestions.cpp","secondFileName":"OSMAN_ALPEREN_KARADAG/LinkedListQuestions.cpp","startInFirst":{"line":11,"column":1,"tokenListIndex":3},"endInFirst":{"line":16,"column":1,"tokenListIndex":10},"startInSecond":{"line":10,"column":8,"tokenListIndex":5},"endInSecond":{"line":18,"column":8,"tokenListIndex":12},"lengthOfFirst":8,"lengthOfSecond":8}],"firstSimilarity":0.6153846153846154,"secondSimilarity":0.08791208791208792}