{"firstSubmissionId":"EYLUL_SUICMEZ","secondSubmissionId":"ILBER_EREN_TUT","similarities":{"AVG":0.24,"MAX":0.46153846153846156,"MAXIMUM_LENGTH":38.0,"LONGEST_MATCH":6.0},"matches":[{"firstFileName":"EYLUL_SUICMEZ/LinkedListQuestions.cpp","secondFileName":"ILBER_EREN_TUT/LinkedListQuestions.cpp","startInFirst":{"line":12,"column":1,"tokenListIndex":5},"endInFirst":{"line":16,"column":1,"tokenListIndex":10},"startInSecond":{"line":10,"column":4,"tokenListIndex":2},"endInSecond":{"line":15,"column":10,"tokenListIndex":7},"lengthOfFirst":6,"lengthOfSecond":6}],"firstSimilarity":0.46153846153846156,"secondSimilarity":0.16216216216216217}