{"firstSubmissionId":"EYLUL_SUICMEZ","secondSubmissionId":"MERT_ACAR","similarities":{"AVG":0.45714285714285713,"MAX":0.6153846153846154,"MAXIMUM_LENGTH":34.0,"LONGEST_MATCH":8.0},"matches":[{"firstFileName":"EYLUL_SUICMEZ/LinkedListQuestions.cpp","secondFileName":"MERT_ACAR/lab1_1.cpp","startInFirst":{"line":9,"column":0,"tokenListIndex":0},"endInFirst":{"line":13,"column":1,"tokenListIndex":7},"startInSecond":{"line":8,"column":22,"tokenListIndex":1},"endInSecond":{"line":14,"column":1,"tokenListIndex":8},"lengthOfFirst":8,"lengthOfSecond":8}],"firstSimilarity":0.6153846153846154,"secondSimilarity":0.36363636363636365}