{"firstSubmissionId":"EYLUL_SUICMEZ","secondSubmissionId":"MERVE_NAZ_DIKME","similarities":{"AVG":0.22580645161290322,"MAX":0.5384615384615384,"MAXIMUM_LENGTH":56.0,"LONGEST_MATCH":7.0},"matches":[{"firstFileName":"EYLUL_SUICMEZ/LinkedListQuestions.cpp","secondFileName":"MERVE_NAZ_DIKME/LinkedListQuestions.cpp","startInFirst":{"line":9,"column":14,"tokenListIndex":1},"endInFirst":{"line":13,"column":1,"tokenListIndex":7},"startInSecond":{"line":41,"column":57,"tokenListIndex":32},"endInSecond":{"line":47,"column":1,"tokenListIndex":38},"lengthOfFirst":7,"lengthOfSecond":7}],"firstSimilarity":0.5384615384615384,"secondSimilarity":0.14285714285714285}