{"firstSubmissionId":"EYLUL_SUICMEZ","secondSubmissionId":"YAREN_TEKIN","similarities":{"AVG":0.21153846153846154,"MAX":0.8461538461538461,"MAXIMUM_LENGTH":92.0,"LONGEST_MATCH":11.0},"matches":[{"firstFileName":"EYLUL_SUICMEZ/LinkedListQuestions.cpp","secondFileName":"YAREN_TEKIN/LinkedListQuestions.cpp","startInFirst":{"line":9,"column":0,"tokenListIndex":0},"endInFirst":{"line":16,"column":1,"tokenListIndex":10},"startInSecond":{"line":8,"column":22,"tokenListIndex":1},"endInSecond":{"line":15,"column":12,"tokenListIndex":11},"lengthOfFirst":11,"lengthOfSecond":11}],"firstSimilarity":0.8461538461538461,"secondSimilarity":0.12087912087912088}