{"firstSubmissionId":"EYLUL_SUICMEZ","secondSubmissionId":"KUTALMIS_ATA_ALTAYLAR","similarities":{"AVG":0.2894736842105263,"MAX":0.8461538461538461,"MAXIMUM_LENGTH":64.0,"LONGEST_MATCH":11.0},"matches":[{"firstFileName":"EYLUL_SUICMEZ/LinkedListQuestions.cpp","secondFileName":"KUTALMIS_ATA_ALTAYLAR/LinkedListQuestions.lab111.cpp","startInFirst":{"line":9,"column":0,"tokenListIndex":0},"endInFirst":{"line":16,"column":1,"tokenListIndex":10},"startInSecond":{"line":8,"column":22,"tokenListIndex":1},"endInSecond":{"line":14,"column":14,"tokenListIndex":11},"lengthOfFirst":11,"lengthOfSecond":11}],"firstSimilarity":0.8461538461538461,"secondSimilarity":0.1746031746031746}