{"firstSubmissionId":"EYLUL_SUICMEZ","secondSubmissionId":"EMIRHAN_EREN_ELIBOL","similarities":{"AVG":0.07643312101910828,"MAX":0.46153846153846156,"MAXIMUM_LENGTH":145.0,"LONGEST_MATCH":6.0},"matches":[{"firstFileName":"EYLUL_SUICMEZ/LinkedListQuestions.cpp","secondFileName":"EMIRHAN_EREN_ELIBOL/LinkedListQuestions.cpp","startInFirst":{"line":9,"column":14,"tokenListIndex":1},"endInFirst":{"line":12,"column":9,"tokenListIndex":6},"startInSecond":{"line":26,"column":1,"tokenListIndex":19},"endInSecond":{"line":30,"column":8,"tokenListIndex":24},"lengthOfFirst":6,"lengthOfSecond":6}],"firstSimilarity":0.46153846153846156,"secondSimilarity":0.041666666666666664}