{"firstSubmissionId":"EYLUL_SUICMEZ","secondSubmissionId":"BETUL_CAGRIL","similarities":{"AVG":0.13186813186813187,"MAX":0.46153846153846156,"MAXIMUM_LENGTH":85.0,"LONGEST_MATCH":6.0},"matches":[{"firstFileName":"EYLUL_SUICMEZ/LinkedListQuestions.cpp","secondFileName":"BETUL_CAGRIL/LinkedListQuestions.cpp","startInFirst":{"line":9,"column":14,"tokenListIndex":1},"endInFirst":{"line":12,"column":9,"tokenListIndex":6},"startInSecond":{"line":38,"column":4,"tokenListIndex":23},"endInSecond":{"line":45,"column":12,"tokenListIndex":28},"lengthOfFirst":6,"lengthOfSecond":6}],"firstSimilarity":0.46153846153846156,"secondSimilarity":0.07692307692307693}