{"firstSubmissionId":"EYLUL_SUICMEZ","secondSubmissionId":"EFE_DEMIRCI","similarities":{"AVG":0.16,"MAX":0.6153846153846154,"MAXIMUM_LENGTH":88.0,"LONGEST_MATCH":8.0},"matches":[{"firstFileName":"EYLUL_SUICMEZ/LinkedListQuestions.cpp","secondFileName":"EFE_DEMIRCI/LinkedListQuestions.cpp","startInFirst":{"line":11,"column":1,"tokenListIndex":3},"endInFirst":{"line":16,"column":1,"tokenListIndex":10},"startInSecond":{"line":11,"column":2,"tokenListIndex":6},"endInSecond":{"line":21,"column":2,"tokenListIndex":13},"lengthOfFirst":8,"lengthOfSecond":8}],"firstSimilarity":0.6153846153846154,"secondSimilarity":0.09195402298850575}