{"firstSubmissionId":"ILBER_EREN_TUT","secondSubmissionId":"KUTALMIS_ATA_ALTAYLAR","similarities":{"AVG":0.2,"MAX":0.2702702702702703,"MAXIMUM_LENGTH":64.0,"LONGEST_MATCH":10.0},"matches":[{"firstFileName":"ILBER_EREN_TUT/LinkedListQuestions.cpp","secondFileName":"KUTALMIS_ATA_ALTAYLAR/LinkedListQuestions.lab111.cpp","startInFirst":{"line":10,"column":4,"tokenListIndex":2},"endInFirst":{"line":19,"column":0,"tokenListIndex":11},"startInSecond":{"line":11,"column":0,"tokenListIndex":6},"endInSecond":{"line":18,"column":0,"tokenListIndex":15},"lengthOfFirst":10,"lengthOfSecond":10}],"firstSimilarity":0.2702702702702703,"secondSimilarity":0.15873015873015872}