{"firstSubmissionId":"ILBER_EREN_TUT","secondSubmissionId":"EFE_DEMIRCI","similarities":{"AVG":0.2903225806451613,"MAX":0.4864864864864865,"MAXIMUM_LENGTH":88.0,"LONGEST_MATCH":10.0},"matches":[{"firstFileName":"ILBER_EREN_TUT/LinkedListQuestions.cpp","secondFileName":"EFE_DEMIRCI/LinkedListQuestions.cpp","startInFirst":{"line":10,"column":4,"tokenListIndex":2},"endInFirst":{"line":19,"column":0,"tokenListIndex":11},"startInSecond":{"line":15,"column":1,"tokenListIndex":8},"endInSecond":{"line":28,"column":0,"tokenListIndex":17},"lengthOfFirst":10,"lengthOfSecond":10},{"firstFileName":"ILBER_EREN_TUT/LinkedListQuestions.cpp","secondFileName":"EFE_DEMIRCI/LinkedListQuestions.cpp","startInFirst":{"line":21,"column":17,"tokenListIndex":13},"endInFirst":{"line":28,"column":8,"tokenListIndex":20},"startInSecond":{"line":68,"column":47,"tokenListIndex":43},"endInSecond":{"line":75,"column":8,"tokenListIndex":50},"lengthOfFirst":8,"lengthOfSecond":8}],"firstSimilarity":0.4864864864864865,"secondSimilarity":0.20689655172413793}