{"firstSubmissionId":"ILBER_EREN_TUT","secondSubmissionId":"EFE_NEVZAT_CENGER","similarities":{"AVG":0.256,"MAX":0.43243243243243246,"MAXIMUM_LENGTH":95.0,"LONGEST_MATCH":9.0},"matches":[{"firstFileName":"ILBER_EREN_TUT/LinkedListQuestions.cpp","secondFileName":"EFE_NEVZAT_CENGER/LinkedListQuestions.cpp","startInFirst":{"line":30,"column":4,"tokenListIndex":22},"endInFirst":{"line":34,"column":12,"tokenListIndex":30},"startInSecond":{"line":103,"column":0,"tokenListIndex":74},"endInSecond":{"line":109,"column":1,"tokenListIndex":82},"lengthOfFirst":9,"lengthOfSecond":9},{"firstFileName":"ILBER_EREN_TUT/LinkedListQuestions.cpp","secondFileName":"EFE_NEVZAT_CENGER/LinkedListQuestions.cpp","startInFirst":{"line":16,"column":4,"tokenListIndex":8},"endInFirst":{"line":23,"column":4,"tokenListIndex":14},"startInSecond":{"line":73,"column":1,"tokenListIndex":52},"endInSecond":{"line":85,"column":47,"tokenListIndex":58},"lengthOfFirst":7,"lengthOfSecond":7}],"firstSimilarity":0.43243243243243246,"secondSimilarity":0.18181818181818182}