{"firstSubmissionId":"ILBER_EREN_TUT","secondSubmissionId":"SELIN_SUNA_KAYA","similarities":{"AVG":0.23255813953488372,"MAX":0.40540540540540543,"MAXIMUM_LENGTH":93.0,"LONGEST_MATCH":8.0},"matches":[{"firstFileName":"ILBER_EREN_TUT/LinkedListQuestions.cpp","secondFileName":"SELIN_SUNA_KAYA/LinkedListQuestions.cpp","startInFirst":{"line":12,"column":4,"tokenListIndex":4},"endInFirst":{"line":19,"column":0,"tokenListIndex":11},"startInSecond":{"line":11,"column":1,"tokenListIndex":10},"endInSecond":{"line":16,"column":0,"tokenListIndex":17},"lengthOfFirst":8,"lengthOfSecond":8},{"firstFileName":"ILBER_EREN_TUT/LinkedListQuestions.cpp","secondFileName":"SELIN_SUNA_KAYA/LinkedListQuestions.cpp","startInFirst":{"line":33,"column":4,"tokenListIndex":26},"endInFirst":{"line":37,"column":8,"tokenListIndex":32},"startInSecond":{"line":31,"column":1,"tokenListIndex":39},"endInSecond":{"line":34,"column":1,"tokenListIndex":45},"lengthOfFirst":7,"lengthOfSecond":7}],"firstSimilarity":0.40540540540540543,"secondSimilarity":0.16304347826086957}