{"firstSubmissionId":"ILBER_EREN_TUT","secondSubmissionId":"ECENUR_GUNER","similarities":{"AVG":0.24060150375939848,"MAX":0.43243243243243246,"MAXIMUM_LENGTH":97.0,"LONGEST_MATCH":10.0},"matches":[{"firstFileName":"ILBER_EREN_TUT/LinkedListQuestions.cpp","secondFileName":"ECENUR_GUNER/LinkedListQuestions.cpp","startInFirst":{"line":10,"column":4,"tokenListIndex":2},"endInFirst":{"line":19,"column":0,"tokenListIndex":11},"startInSecond":{"line":14,"column":4,"tokenListIndex":6},"endInSecond":{"line":24,"column":0,"tokenListIndex":15},"lengthOfFirst":10,"lengthOfSecond":10},{"firstFileName":"ILBER_EREN_TUT/LinkedListQuestions.cpp","secondFileName":"ECENUR_GUNER/LinkedListQuestions.cpp","startInFirst":{"line":31,"column":4,"tokenListIndex":24},"endInFirst":{"line":33,"column":25,"tokenListIndex":29},"startInSecond":{"line":60,"column":4,"tokenListIndex":42},"endInSecond":{"line":62,"column":30,"tokenListIndex":47},"lengthOfFirst":6,"lengthOfSecond":6}],"firstSimilarity":0.43243243243243246,"secondSimilarity":0.16666666666666666}