{"firstSubmissionId":"ILBER_EREN_TUT","secondSubmissionId":"KEREM_AKDENIZ","similarities":{"AVG":0.30612244897959184,"MAX":0.40540540540540543,"MAXIMUM_LENGTH":68.0,"LONGEST_MATCH":8.0},"matches":[{"firstFileName":"ILBER_EREN_TUT/LinkedListQuestions.cpp","secondFileName":"KEREM_AKDENIZ/LinkedListQuestions.cpp","startInFirst":{"line":30,"column":4,"tokenListIndex":22},"endInFirst":{"line":33,"column":25,"tokenListIndex":29},"startInSecond":{"line":46,"column":1,"tokenListIndex":43},"endInSecond":{"line":49,"column":27,"tokenListIndex":50},"lengthOfFirst":8,"lengthOfSecond":8},{"firstFileName":"ILBER_EREN_TUT/LinkedListQuestions.cpp","secondFileName":"KEREM_AKDENIZ/LinkedListQuestions.cpp","startInFirst":{"line":10,"column":4,"tokenListIndex":2},"endInFirst":{"line":16,"column":4,"tokenListIndex":8},"startInSecond":{"line":10,"column":1,"tokenListIndex":5},"endInSecond":{"line":16,"column":2,"tokenListIndex":11},"lengthOfFirst":7,"lengthOfSecond":7}],"firstSimilarity":0.40540540540540543,"secondSimilarity":0.2459016393442623}