{"firstSubmissionId":"ILBER_EREN_TUT","secondSubmissionId":"YAREN_TEKIN","similarities":{"AVG":0.25,"MAX":0.43243243243243246,"MAXIMUM_LENGTH":92.0,"LONGEST_MATCH":10.0},"matches":[{"firstFileName":"ILBER_EREN_TUT/LinkedListQuestions.cpp","secondFileName":"YAREN_TEKIN/LinkedListQuestions.cpp","startInFirst":{"line":10,"column":4,"tokenListIndex":2},"endInFirst":{"line":19,"column":0,"tokenListIndex":11},"startInSecond":{"line":12,"column":0,"tokenListIndex":6},"endInSecond":{"line":19,"column":0,"tokenListIndex":15},"lengthOfFirst":10,"lengthOfSecond":10},{"firstFileName":"ILBER_EREN_TUT/LinkedListQuestions.cpp","secondFileName":"YAREN_TEKIN/LinkedListQuestions.cpp","startInFirst":{"line":31,"column":4,"tokenListIndex":24},"endInFirst":{"line":33,"column":25,"tokenListIndex":29},"startInSecond":{"line":52,"column":0,"tokenListIndex":44},"endInSecond":{"line":56,"column":32,"tokenListIndex":49},"lengthOfFirst":6,"lengthOfSecond":6}],"firstSimilarity":0.43243243243243246,"secondSimilarity":0.17582417582417584}