{"firstSubmissionId":"ILBER_EREN_TUT","secondSubmissionId":"CEM_KAYARDI","similarities":{"AVG":0.12121212121212122,"MAX":0.16216216216216217,"MAXIMUM_LENGTH":73.0,"LONGEST_MATCH":6.0},"matches":[{"firstFileName":"ILBER_EREN_TUT/LinkedListQuestions.cpp","secondFileName":"CEM_KAYARDI/LinkedListQuestions.cpp","startInFirst":{"line":17,"column":9,"tokenListIndex":9},"endInFirst":{"line":23,"column":4,"tokenListIndex":14},"startInSecond":{"line":62,"column":4,"tokenListIndex":41},"endInSecond":{"line":73,"column":47,"tokenListIndex":46},"lengthOfFirst":6,"lengthOfSecond":6}],"firstSimilarity":0.16216216216216217,"secondSimilarity":0.0967741935483871}