{"firstSubmissionId":"ILBER_EREN_TUT","secondSubmissionId":"MERVE_NAZ_DIKME","similarities":{"AVG":0.27906976744186046,"MAX":0.32432432432432434,"MAXIMUM_LENGTH":56.0,"LONGEST_MATCH":12.0},"matches":[{"firstFileName":"ILBER_EREN_TUT/LinkedListQuestions.cpp","secondFileName":"MERVE_NAZ_DIKME/LinkedListQuestions.cpp","startInFirst":{"line":2,"column":26,"tokenListIndex":0},"endInFirst":{"line":19,"column":0,"tokenListIndex":11},"startInSecond":{"line":8,"column":22,"tokenListIndex":1},"endInSecond":{"line":19,"column":0,"tokenListIndex":12},"lengthOfFirst":12,"lengthOfSecond":12}],"firstSimilarity":0.32432432432432434,"secondSimilarity":0.24489795918367346}