{"firstSubmissionId":"ILBER_EREN_TUT","secondSubmissionId":"ATAKAN_ORGUN","similarities":{"AVG":0.10429447852760736,"MAX":0.4594594594594595,"MAXIMUM_LENGTH":303.0,"LONGEST_MATCH":10.0},"matches":[{"firstFileName":"ILBER_EREN_TUT/LinkedListQuestions.cpp","secondFileName":"ATAKAN_ORGUN/LinkedListQuestions.cpp","startInFirst":{"line":10,"column":4,"tokenListIndex":2},"endInFirst":{"line":19,"column":0,"tokenListIndex":11},"startInSecond":{"line":13,"column":1,"tokenListIndex":7},"endInSecond":{"line":24,"column":0,"tokenListIndex":16},"lengthOfFirst":10,"lengthOfSecond":10},{"firstFileName":"ILBER_EREN_TUT/LinkedListQuestions.cpp","secondFileName":"ATAKAN_ORGUN/LinkedList.cpp","startInFirst":{"line":23,"column":4,"tokenListIndex":14},"endInFirst":{"line":28,"column":8,"tokenListIndex":20},"startInSecond":{"line":29,"column":30,"tokenListIndex":182},"endInSecond":{"line":36,"column":9,"tokenListIndex":188},"lengthOfFirst":7,"lengthOfSecond":7}],"firstSimilarity":0.4594594594594595,"secondSimilarity":0.058823529411764705}