{"firstSubmissionId":"ILBER_EREN_TUT","secondSubmissionId":"BETUL_CAGRIL","similarities":{"AVG":0.2608695652173913,"MAX":0.40540540540540543,"MAXIMUM_LENGTH":85.0,"LONGEST_MATCH":9.0},"matches":[{"firstFileName":"ILBER_EREN_TUT/LinkedListQuestions.cpp","secondFileName":"BETUL_CAGRIL/LinkedListQuestions.cpp","startInFirst":{"line":31,"column":12,"tokenListIndex":25},"endInFirst":{"line":43,"column":4,"tokenListIndex":33},"startInSecond":{"line":62,"column":4,"tokenListIndex":42},"endInSecond":{"line":69,"column":4,"tokenListIndex":50},"lengthOfFirst":9,"lengthOfSecond":9},{"firstFileName":"ILBER_EREN_TUT/LinkedListQuestions.cpp","secondFileName":"BETUL_CAGRIL/LinkedListQuestions.cpp","startInFirst":{"line":10,"column":16,"tokenListIndex":3},"endInFirst":{"line":16,"column":4,"tokenListIndex":8},"startInSecond":{"line":18,"column":4,"tokenListIndex":10},"endInSecond":{"line":24,"column":8,"tokenListIndex":15},"lengthOfFirst":6,"lengthOfSecond":6}],"firstSimilarity":0.40540540540540543,"secondSimilarity":0.19230769230769232}