{"firstSubmissionId":"ILBER_EREN_TUT","secondSubmissionId":"EMIRHAN_EREN_ELIBOL","similarities":{"AVG":0.287292817679558,"MAX":0.7027027027027027,"MAXIMUM_LENGTH":145.0,"LONGEST_MATCH":12.0},"matches":[{"firstFileName":"ILBER_EREN_TUT/LinkedListQuestions.cpp","secondFileName":"EMIRHAN_EREN_ELIBOL/LinkedListQuestions.cpp","startInFirst":{"line":30,"column":4,"tokenListIndex":22},"endInFirst":{"line":43,"column":4,"tokenListIndex":33},"startInSecond":{"line":33,"column":1,"tokenListIndex":25},"endInSecond":{"line":45,"column":1,"tokenListIndex":36},"lengthOfFirst":12,"lengthOfSecond":12},{"firstFileName":"ILBER_EREN_TUT/LinkedListQuestions.cpp","secondFileName":"EMIRHAN_EREN_ELIBOL/LinkedListQuestions.cpp","startInFirst":{"line":12,"column":4,"tokenListIndex":4},"endInFirst":{"line":19,"column":0,"tokenListIndex":11},"startInSecond":{"line":13,"column":1,"tokenListIndex":8},"endInSecond":{"line":20,"column":0,"tokenListIndex":15},"lengthOfFirst":8,"lengthOfSecond":8},{"firstFileName":"ILBER_EREN_TUT/LinkedListQuestions.cpp","secondFileName":"EMIRHAN_EREN_ELIBOL/LinkedListQuestions.cpp","startInFirst":{"line":25,"column":8,"tokenListIndex":15},"endInFirst":{"line":28,"column":8,"tokenListIndex":20},"startInSecond":{"line":110,"column":1,"tokenListIndex":116},"endInSecond":{"line":112,"column":8,"tokenListIndex":121},"lengthOfFirst":6,"lengthOfSecond":6}],"firstSimilarity":0.7027027027027027,"secondSimilarity":0.18055555555555555}