{"firstSubmissionId":"ILBER_EREN_TUT","secondSubmissionId":"MUSAB_TUNC","similarities":{"AVG":0.45652173913043476,"MAX":0.5675675675675675,"MAXIMUM_LENGTH":67.0,"LONGEST_MATCH":12.0},"matches":[{"firstFileName":"ILBER_EREN_TUT/LinkedListQuestions.cpp","secondFileName":"MUSAB_TUNC/musab_tunc.cpp","startInFirst":{"line":2,"column":26,"tokenListIndex":0},"endInFirst":{"line":19,"column":0,"tokenListIndex":11},"startInSecond":{"line":8,"column":22,"tokenListIndex":1},"endInSecond":{"line":19,"column":0,"tokenListIndex":12},"lengthOfFirst":12,"lengthOfSecond":12},{"firstFileName":"ILBER_EREN_TUT/LinkedListQuestions.cpp","secondFileName":"MUSAB_TUNC/musab_tunc.cpp","startInFirst":{"line":30,"column":4,"tokenListIndex":22},"endInFirst":{"line":34,"column":12,"tokenListIndex":30},"startInSecond":{"line":32,"column":2,"tokenListIndex":23},"endInSecond":{"line":35,"column":3,"tokenListIndex":31},"lengthOfFirst":9,"lengthOfSecond":9}],"firstSimilarity":0.5675675675675675,"secondSimilarity":0.38181818181818183}