{"firstSubmissionId":"ILBER_EREN_TUT","secondSubmissionId":"EREN_COMOGLU","similarities":{"AVG":0.11290322580645161,"MAX":0.1891891891891892,"MAXIMUM_LENGTH":88.0,"LONGEST_MATCH":7.0},"matches":[{"firstFileName":"ILBER_EREN_TUT/LinkedListQuestions.cpp","secondFileName":"EREN_COMOGLU/LinkedListQuestions.cpp","startInFirst":{"line":31,"column":4,"tokenListIndex":24},"endInFirst":{"line":34,"column":12,"tokenListIndex":30},"startInSecond":{"line":41,"column":1,"tokenListIndex":36},"endInSecond":{"line":44,"column":2,"tokenListIndex":42},"lengthOfFirst":7,"lengthOfSecond":7}],"firstSimilarity":0.1891891891891892,"secondSimilarity":0.08045977011494253}