{"firstSubmissionId":"ILBER_EREN_TUT","secondSubmissionId":"OSMAN_ALPEREN_KARADAG","similarities":{"AVG":0.421875,"MAX":0.7297297297297297,"MAXIMUM_LENGTH":92.0,"LONGEST_MATCH":10.0},"matches":[{"firstFileName":"ILBER_EREN_TUT/LinkedListQuestions.cpp","secondFileName":"OSMAN_ALPEREN_KARADAG/LinkedListQuestions.cpp","startInFirst":{"line":10,"column":4,"tokenListIndex":2},"endInFirst":{"line":19,"column":0,"tokenListIndex":11},"startInSecond":{"line":13,"column":4,"tokenListIndex":7},"endInSecond":{"line":23,"column":0,"tokenListIndex":16},"lengthOfFirst":10,"lengthOfSecond":10},{"firstFileName":"ILBER_EREN_TUT/LinkedListQuestions.cpp","secondFileName":"OSMAN_ALPEREN_KARADAG/LinkedListQuestions.cpp","startInFirst":{"line":30,"column":4,"tokenListIndex":22},"endInFirst":{"line":34,"column":12,"tokenListIndex":30},"startInSecond":{"line":33,"column":4,"tokenListIndex":27},"endInSecond":{"line":38,"column":8,"tokenListIndex":35},"lengthOfFirst":9,"lengthOfSecond":9},{"firstFileName":"ILBER_EREN_TUT/LinkedListQuestions.cpp","secondFileName":"OSMAN_ALPEREN_KARADAG/LinkedListQuestions.cpp","startInFirst":{"line":21,"column":0,"tokenListIndex":12},"endInFirst":{"line":28,"column":4,"tokenListIndex":19},"startInSecond":{"line":78,"column":22,"tokenListIndex":67},"endInSecond":{"line":83,"column":4,"tokenListIndex":74},"lengthOfFirst":8,"lengthOfSecond":8}],"firstSimilarity":0.7297297297297297,"secondSimilarity":0.2967032967032967}