{"firstSubmissionId":"ILBER_EREN_TUT","secondSubmissionId":"SERRA_PEHLIVANKUCUK","similarities":{"AVG":0.23255813953488372,"MAX":0.2702702702702703,"MAXIMUM_LENGTH":60.0,"LONGEST_MATCH":10.0},"matches":[{"firstFileName":"ILBER_EREN_TUT/LinkedListQuestions.cpp","secondFileName":"SERRA_PEHLIVANKUCUK/LinkedListQuestions.cpp","startInFirst":{"line":10,"column":4,"tokenListIndex":2},"endInFirst":{"line":19,"column":0,"tokenListIndex":11},"startInSecond":{"line":14,"column":1,"tokenListIndex":6},"endInSecond":{"line":22,"column":0,"tokenListIndex":15},"lengthOfFirst":10,"lengthOfSecond":10}],"firstSimilarity":0.2702702702702703,"secondSimilarity":0.20408163265306123}