{"firstSubmissionId":"ILBER_EREN_TUT","secondSubmissionId":"OYKU_AKSUNGUR","similarities":{"AVG":0.12389380530973451,"MAX":0.1891891891891892,"MAXIMUM_LENGTH":77.0,"LONGEST_MATCH":7.0},"matches":[{"firstFileName":"ILBER_EREN_TUT/LinkedListQuestions.cpp","secondFileName":"OYKU_AKSUNGUR/LinkedListQuestions.cpp","startInFirst":{"line":28,"column":4,"tokenListIndex":19},"endInFirst":{"line":31,"column":12,"tokenListIndex":25},"startInSecond":{"line":42,"column":1,"tokenListIndex":28},"endInSecond":{"line":44,"column":5,"tokenListIndex":34},"lengthOfFirst":7,"lengthOfSecond":7}],"firstSimilarity":0.1891891891891892,"secondSimilarity":0.09210526315789473}