{"firstSubmissionId":"KEREM_AKDENIZ","secondSubmissionId":"MEHMET_BARAN_KIRAT","similarities":{"AVG":0.19858156028368795,"MAX":0.22950819672131148,"MAXIMUM_LENGTH":81.0,"LONGEST_MATCH":8.0},"matches":[{"firstFileName":"KEREM_AKDENIZ/LinkedListQuestions.cpp","secondFileName":"MEHMET_BARAN_KIRAT/LinkedListQuestions.cpp","startInFirst":{"line":8,"column":0,"tokenListIndex":0},"endInFirst":{"line":12,"column":1,"tokenListIndex":7},"startInSecond":{"line":31,"column":0,"tokenListIndex":19},"endInSecond":{"line":34,"column":1,"tokenListIndex":26},"lengthOfFirst":8,"lengthOfSecond":8},{"firstFileName":"KEREM_AKDENIZ/LinkedListQuestions.cpp","secondFileName":"MEHMET_BARAN_KIRAT/LinkedListQuestions.cpp","startInFirst":{"line":19,"column":1,"tokenListIndex":14},"endInFirst":{"line":24,"column":1,"tokenListIndex":19},"startInSecond":{"line":80,"column":0,"tokenListIndex":72},"endInSecond":{"line":83,"column":63,"tokenListIndex":77},"lengthOfFirst":6,"lengthOfSecond":6}],"firstSimilarity":0.22950819672131148,"secondSimilarity":0.175}