{"firstSubmissionId":"KEREM_AKDENIZ","secondSubmissionId":"CEM_KAYARDI","similarities":{"AVG":0.21138211382113822,"MAX":0.21311475409836064,"MAXIMUM_LENGTH":73.0,"LONGEST_MATCH":7.0},"matches":[{"firstFileName":"KEREM_AKDENIZ/LinkedListQuestions.cpp","secondFileName":"CEM_KAYARDI/LinkedListQuestions.cpp","startInFirst":{"line":27,"column":1,"tokenListIndex":23},"endInFirst":{"line":31,"column":1,"tokenListIndex":29},"startInSecond":{"line":77,"column":4,"tokenListIndex":55},"endInSecond":{"line":86,"column":4,"tokenListIndex":61},"lengthOfFirst":7,"lengthOfSecond":7},{"firstFileName":"KEREM_AKDENIZ/LinkedListQuestions.cpp","secondFileName":"CEM_KAYARDI/LinkedListQuestions.cpp","startInFirst":{"line":41,"column":1,"tokenListIndex":37},"endInFirst":{"line":45,"column":57,"tokenListIndex":42},"startInSecond":{"line":68,"column":4,"tokenListIndex":42},"endInSecond":{"line":75,"column":4,"tokenListIndex":47},"lengthOfFirst":6,"lengthOfSecond":6}],"firstSimilarity":0.21311475409836064,"secondSimilarity":0.20967741935483872}