{"firstSubmissionId":"KEREM_AKDENIZ","secondSubmissionId":"EFE_DEMIRCI","similarities":{"AVG":0.4594594594594595,"MAX":0.5573770491803278,"MAXIMUM_LENGTH":88.0,"LONGEST_MATCH":8.0},"matches":[{"firstFileName":"KEREM_AKDENIZ/LinkedListQuestions.cpp","secondFileName":"EFE_DEMIRCI/LinkedListQuestions.cpp","startInFirst":{"line":17,"column":2,"tokenListIndex":12},"endInFirst":{"line":24,"column":1,"tokenListIndex":19},"startInSecond":{"line":22,"column":2,"tokenListIndex":14},"endInSecond":{"line":33,"column":1,"tokenListIndex":21},"lengthOfFirst":8,"lengthOfSecond":8},{"firstFileName":"KEREM_AKDENIZ/LinkedListQuestions.cpp","secondFileName":"EFE_DEMIRCI/LinkedListQuestions.cpp","startInFirst":{"line":27,"column":1,"tokenListIndex":23},"endInFirst":{"line":31,"column":1,"tokenListIndex":29},"startInSecond":{"line":100,"column":1,"tokenListIndex":70},"endInSecond":{"line":105,"column":1,"tokenListIndex":76},"lengthOfFirst":7,"lengthOfSecond":7},{"firstFileName":"KEREM_AKDENIZ/LinkedListQuestions.cpp","secondFileName":"EFE_DEMIRCI/LinkedListQuestions.cpp","startInFirst":{"line":40,"column":1,"tokenListIndex":36},"endInFirst":{"line":45,"column":57,"tokenListIndex":42},"startInSecond":{"line":52,"column":1,"tokenListIndex":38},"endInSecond":{"line":68,"column":57,"tokenListIndex":44},"lengthOfFirst":7,"lengthOfSecond":7},{"firstFileName":"KEREM_AKDENIZ/LinkedListQuestions.cpp","secondFileName":"EFE_DEMIRCI/LinkedListQuestions.cpp","startInFirst":{"line":10,"column":1,"tokenListIndex":5},"endInFirst":{"line":15,"column":2,"tokenListIndex":10},"startInSecond":{"line":15,"column":1,"tokenListIndex":8},"endInSecond":{"line":21,"column":2,"tokenListIndex":13},"lengthOfFirst":6,"lengthOfSecond":6},{"firstFileName":"KEREM_AKDENIZ/LinkedListQuestions.cpp","secondFileName":"EFE_DEMIRCI/LinkedListQuestions.cpp","startInFirst":{"line":47,"column":1,"tokenListIndex":45},"endInFirst":{"line":49,"column":27,"tokenListIndex":50},"startInSecond":{"line":75,"column":1,"tokenListIndex":49},"endInSecond":{"line":78,"column":20,"tokenListIndex":54},"lengthOfFirst":6,"lengthOfSecond":6}],"firstSimilarity":0.5573770491803278,"secondSimilarity":0.39080459770114945}