{"firstSubmissionId":"KEREM_AKDENIZ","secondSubmissionId":"YAREN_TEKIN","similarities":{"AVG":0.618421052631579,"MAX":0.7704918032786885,"MAXIMUM_LENGTH":92.0,"LONGEST_MATCH":22.0},"matches":[{"firstFileName":"KEREM_AKDENIZ/LinkedListQuestions.cpp","secondFileName":"YAREN_TEKIN/LinkedListQuestions.cpp","startInFirst":{"line":17,"column":2,"tokenListIndex":12},"endInFirst":{"line":35,"column":1,"tokenListIndex":33},"startInSecond":{"line":16,"column":0,"tokenListIndex":12},"endInSecond":{"line":37,"column":0,"tokenListIndex":33},"lengthOfFirst":22,"lengthOfSecond":22},{"firstFileName":"KEREM_AKDENIZ/LinkedListQuestions.cpp","secondFileName":"YAREN_TEKIN/LinkedListQuestions.cpp","startInFirst":{"line":47,"column":1,"tokenListIndex":45},"endInFirst":{"line":55,"column":1,"tokenListIndex":57},"startInSecond":{"line":52,"column":0,"tokenListIndex":44},"endInSecond":{"line":64,"column":0,"tokenListIndex":56},"lengthOfFirst":13,"lengthOfSecond":13},{"firstFileName":"KEREM_AKDENIZ/LinkedListQuestions.cpp","secondFileName":"YAREN_TEKIN/LinkedListQuestions.cpp","startInFirst":{"line":9,"column":1,"tokenListIndex":3},"endInFirst":{"line":13,"column":2,"tokenListIndex":8},"startInSecond":{"line":81,"column":0,"tokenListIndex":70},"endInSecond":{"line":85,"column":0,"tokenListIndex":75},"lengthOfFirst":6,"lengthOfSecond":6},{"firstFileName":"KEREM_AKDENIZ/LinkedListQuestions.cpp","secondFileName":"YAREN_TEKIN/LinkedListQuestions.cpp","startInFirst":{"line":41,"column":1,"tokenListIndex":37},"endInFirst":{"line":45,"column":57,"tokenListIndex":42},"startInSecond":{"line":43,"column":0,"tokenListIndex":35},"endInSecond":{"line":48,"column":57,"tokenListIndex":40},"lengthOfFirst":6,"lengthOfSecond":6}],"firstSimilarity":0.7704918032786885,"secondSimilarity":0.5164835164835165}