{"firstSubmissionId":"KEREM_AKDENIZ","secondSubmissionId":"BETUL_CAGRIL","similarities":{"AVG":0.460431654676259,"MAX":0.5245901639344263,"MAXIMUM_LENGTH":85.0,"LONGEST_MATCH":21.0},"matches":[{"firstFileName":"KEREM_AKDENIZ/LinkedListQuestions.cpp","secondFileName":"BETUL_CAGRIL/LinkedListQuestions.cpp","startInFirst":{"line":10,"column":8,"tokenListIndex":6},"endInFirst":{"line":29,"column":8,"tokenListIndex":26},"startInSecond":{"line":18,"column":4,"tokenListIndex":10},"endInSecond":{"line":46,"column":8,"tokenListIndex":30},"lengthOfFirst":21,"lengthOfSecond":21},{"firstFileName":"KEREM_AKDENIZ/LinkedListQuestions.cpp","secondFileName":"BETUL_CAGRIL/LinkedListQuestions.cpp","startInFirst":{"line":37,"column":1,"tokenListIndex":34},"endInFirst":{"line":46,"column":8,"tokenListIndex":44},"startInSecond":{"line":69,"column":4,"tokenListIndex":50},"endInSecond":{"line":85,"column":12,"tokenListIndex":60},"lengthOfFirst":11,"lengthOfSecond":11}],"firstSimilarity":0.5245901639344263,"secondSimilarity":0.41025641025641024}