{"firstSubmissionId":"KEREM_AKDENIZ","secondSubmissionId":"OSMAN_ALPEREN_KARADAG","similarities":{"AVG":0.47368421052631576,"MAX":0.5901639344262295,"MAXIMUM_LENGTH":92.0,"LONGEST_MATCH":9.0},"matches":[{"firstFileName":"KEREM_AKDENIZ/LinkedListQuestions.cpp","secondFileName":"OSMAN_ALPEREN_KARADAG/LinkedListQuestions.cpp","startInFirst":{"line":40,"column":1,"tokenListIndex":36},"endInFirst":{"line":46,"column":8,"tokenListIndex":44},"startInSecond":{"line":47,"column":4,"tokenListIndex":38},"endInSecond":{"line":55,"column":11,"tokenListIndex":46},"lengthOfFirst":9,"lengthOfSecond":9},{"firstFileName":"KEREM_AKDENIZ/LinkedListQuestions.cpp","secondFileName":"OSMAN_ALPEREN_KARADAG/LinkedListQuestions.cpp","startInFirst":{"line":17,"column":2,"tokenListIndex":12},"endInFirst":{"line":24,"column":1,"tokenListIndex":19},"startInSecond":{"line":19,"column":8,"tokenListIndex":13},"endInSecond":{"line":27,"column":4,"tokenListIndex":20},"lengthOfFirst":8,"lengthOfSecond":8},{"firstFileName":"KEREM_AKDENIZ/LinkedListQuestions.cpp","secondFileName":"OSMAN_ALPEREN_KARADAG/LinkedListQuestions.cpp","startInFirst":{"line":25,"column":1,"tokenListIndex":20},"endInFirst":{"line":29,"column":8,"tokenListIndex":26},"startInSecond":{"line":30,"column":4,"tokenListIndex":24},"endInSecond":{"line":35,"column":11,"tokenListIndex":30},"lengthOfFirst":7,"lengthOfSecond":7},{"firstFileName":"KEREM_AKDENIZ/LinkedListQuestions.cpp","secondFileName":"OSMAN_ALPEREN_KARADAG/LinkedListQuestions.cpp","startInFirst":{"line":10,"column":1,"tokenListIndex":5},"endInFirst":{"line":15,"column":2,"tokenListIndex":10},"startInSecond":{"line":13,"column":4,"tokenListIndex":7},"endInSecond":{"line":18,"column":8,"tokenListIndex":12},"lengthOfFirst":6,"lengthOfSecond":6},{"firstFileName":"KEREM_AKDENIZ/LinkedListQuestions.cpp","secondFileName":"OSMAN_ALPEREN_KARADAG/LinkedListQuestions.cpp","startInFirst":{"line":47,"column":1,"tokenListIndex":45},"endInFirst":{"line":49,"column":27,"tokenListIndex":50},"startInSecond":{"line":63,"column":4,"tokenListIndex":53},"endInSecond":{"line":65,"column":43,"tokenListIndex":58},"lengthOfFirst":6,"lengthOfSecond":6}],"firstSimilarity":0.5901639344262295,"secondSimilarity":0.3956043956043956}