{"firstSubmissionId":"KEREM_AKDENIZ","secondSubmissionId":"EMIRHAN_DEMIR","similarities":{"AVG":0.19402985074626866,"MAX":0.21311475409836064,"MAXIMUM_LENGTH":80.0,"LONGEST_MATCH":7.0},"matches":[{"firstFileName":"KEREM_AKDENIZ/LinkedListQuestions.cpp","secondFileName":"EMIRHAN_DEMIR/LinkedListQuestions.cpp","startInFirst":{"line":49,"column":1,"tokenListIndex":47},"endInFirst":{"line":50,"column":34,"tokenListIndex":53},"startInSecond":{"line":63,"column":1,"tokenListIndex":55},"endInSecond":{"line":66,"column":2,"tokenListIndex":61},"lengthOfFirst":7,"lengthOfSecond":7},{"firstFileName":"KEREM_AKDENIZ/LinkedListQuestions.cpp","secondFileName":"EMIRHAN_DEMIR/LinkedListQuestions.cpp","startInFirst":{"line":20,"column":0,"tokenListIndex":15},"endInFirst":{"line":25,"column":1,"tokenListIndex":20},"startInSecond":{"line":21,"column":0,"tokenListIndex":13},"endInSecond":{"line":27,"column":1,"tokenListIndex":18},"lengthOfFirst":6,"lengthOfSecond":6}],"firstSimilarity":0.21311475409836064,"secondSimilarity":0.1780821917808219}