{"firstSubmissionId":"KEREM_AKDENIZ","secondSubmissionId":"ATAKAN_ORGUN","similarities":{"AVG":0.12,"MAX":0.3442622950819672,"MAXIMUM_LENGTH":303.0,"LONGEST_MATCH":15.0},"matches":[{"firstFileName":"KEREM_AKDENIZ/LinkedListQuestions.cpp","secondFileName":"ATAKAN_ORGUN/LinkedList.cpp","startInFirst":{"line":8,"column":22,"tokenListIndex":1},"endInFirst":{"line":20,"column":0,"tokenListIndex":15},"startInSecond":{"line":115,"column":0,"tokenListIndex":229},"endInSecond":{"line":128,"column":0,"tokenListIndex":243},"lengthOfFirst":15,"lengthOfSecond":15},{"firstFileName":"KEREM_AKDENIZ/LinkedListQuestions.cpp","secondFileName":"ATAKAN_ORGUN/LinkedList.cpp","startInFirst":{"line":23,"column":22,"tokenListIndex":17},"endInFirst":{"line":25,"column":40,"tokenListIndex":22},"startInSecond":{"line":61,"column":0,"tokenListIndex":198},"endInSecond":{"line":65,"column":2,"tokenListIndex":203},"lengthOfFirst":6,"lengthOfSecond":6}],"firstSimilarity":0.3442622950819672,"secondSimilarity":0.0726643598615917}