{"firstSubmissionId":"KEREM_AKDENIZ","secondSubmissionId":"OYKU_AKSUNGUR","similarities":{"AVG":0.30656934306569344,"MAX":0.3442622950819672,"MAXIMUM_LENGTH":77.0,"LONGEST_MATCH":8.0},"matches":[{"firstFileName":"KEREM_AKDENIZ/LinkedListQuestions.cpp","secondFileName":"OYKU_AKSUNGUR/LinkedListQuestions.cpp","startInFirst":{"line":8,"column":0,"tokenListIndex":0},"endInFirst":{"line":12,"column":1,"tokenListIndex":7},"startInSecond":{"line":32,"column":0,"tokenListIndex":17},"endInSecond":{"line":38,"column":1,"tokenListIndex":24},"lengthOfFirst":8,"lengthOfSecond":8},{"firstFileName":"KEREM_AKDENIZ/LinkedListQuestions.cpp","secondFileName":"OYKU_AKSUNGUR/LinkedListQuestions.cpp","startInFirst":{"line":23,"column":48,"tokenListIndex":18},"endInFirst":{"line":27,"column":8,"tokenListIndex":24},"startInSecond":{"line":65,"column":47,"tokenListIndex":45},"endInSecond":{"line":71,"column":5,"tokenListIndex":51},"lengthOfFirst":7,"lengthOfSecond":7},{"firstFileName":"KEREM_AKDENIZ/LinkedListQuestions.cpp","secondFileName":"OYKU_AKSUNGUR/LinkedListQuestions.cpp","startInFirst":{"line":41,"column":1,"tokenListIndex":37},"endInFirst":{"line":45,"column":57,"tokenListIndex":42},"startInSecond":{"line":79,"column":1,"tokenListIndex":58},"endInSecond":{"line":92,"column":2,"tokenListIndex":63},"lengthOfFirst":6,"lengthOfSecond":6}],"firstSimilarity":0.3442622950819672,"secondSimilarity":0.27631578947368424}