{"firstSubmissionId":"KEREM_AKDENIZ","secondSubmissionId":"SELIN_SUNA_KAYA","similarities":{"AVG":0.43137254901960786,"MAX":0.5409836065573771,"MAXIMUM_LENGTH":93.0,"LONGEST_MATCH":9.0},"matches":[{"firstFileName":"KEREM_AKDENIZ/LinkedListQuestions.cpp","secondFileName":"SELIN_SUNA_KAYA/LinkedListQuestions.cpp","startInFirst":{"line":27,"column":1,"tokenListIndex":23},"endInFirst":{"line":33,"column":1,"tokenListIndex":31},"startInSecond":{"line":21,"column":1,"tokenListIndex":23},"endInSecond":{"line":26,"column":2,"tokenListIndex":31},"lengthOfFirst":9,"lengthOfSecond":9},{"firstFileName":"KEREM_AKDENIZ/LinkedListQuestions.cpp","secondFileName":"SELIN_SUNA_KAYA/LinkedListQuestions.cpp","startInFirst":{"line":42,"column":0,"tokenListIndex":38},"endInFirst":{"line":47,"column":8,"tokenListIndex":46},"startInSecond":{"line":40,"column":0,"tokenListIndex":46},"endInSecond":{"line":48,"column":5,"tokenListIndex":54},"lengthOfFirst":9,"lengthOfSecond":9},{"firstFileName":"KEREM_AKDENIZ/LinkedListQuestions.cpp","secondFileName":"SELIN_SUNA_KAYA/LinkedListQuestions.cpp","startInFirst":{"line":17,"column":2,"tokenListIndex":12},"endInFirst":{"line":24,"column":1,"tokenListIndex":19},"startInSecond":{"line":13,"column":2,"tokenListIndex":14},"endInSecond":{"line":20,"column":1,"tokenListIndex":21},"lengthOfFirst":8,"lengthOfSecond":8},{"firstFileName":"KEREM_AKDENIZ/LinkedListQuestions.cpp","secondFileName":"SELIN_SUNA_KAYA/LinkedListQuestions.cpp","startInFirst":{"line":8,"column":0,"tokenListIndex":0},"endInFirst":{"line":10,"column":8,"tokenListIndex":6},"startInSecond":{"line":7,"column":0,"tokenListIndex":0},"endInSecond":{"line":9,"column":5,"tokenListIndex":6},"lengthOfFirst":7,"lengthOfSecond":7}],"firstSimilarity":0.5409836065573771,"secondSimilarity":0.358695652173913}