{"firstSubmissionId":"KEREM_AKDENIZ","secondSubmissionId":"ECENUR_GUNER","similarities":{"AVG":0.4840764331210191,"MAX":0.6229508196721312,"MAXIMUM_LENGTH":97.0,"LONGEST_MATCH":13.0},"matches":[{"firstFileName":"KEREM_AKDENIZ/LinkedListQuestions.cpp","secondFileName":"ECENUR_GUNER/LinkedListQuestions.cpp","startInFirst":{"line":17,"column":2,"tokenListIndex":12},"endInFirst":{"line":27,"column":8,"tokenListIndex":24},"startInSecond":{"line":20,"column":8,"tokenListIndex":12},"endInSecond":{"line":35,"column":11,"tokenListIndex":24},"lengthOfFirst":13,"lengthOfSecond":13},{"firstFileName":"KEREM_AKDENIZ/LinkedListQuestions.cpp","secondFileName":"ECENUR_GUNER/LinkedListQuestions.cpp","startInFirst":{"line":47,"column":1,"tokenListIndex":45},"endInFirst":{"line":55,"column":1,"tokenListIndex":57},"startInSecond":{"line":60,"column":4,"tokenListIndex":42},"endInSecond":{"line":69,"column":8,"tokenListIndex":54},"lengthOfFirst":13,"lengthOfSecond":13},{"firstFileName":"KEREM_AKDENIZ/LinkedListQuestions.cpp","secondFileName":"ECENUR_GUNER/LinkedListQuestions.cpp","startInFirst":{"line":9,"column":1,"tokenListIndex":3},"endInFirst":{"line":13,"column":2,"tokenListIndex":8},"startInSecond":{"line":88,"column":4,"tokenListIndex":74},"endInSecond":{"line":91,"column":8,"tokenListIndex":79},"lengthOfFirst":6,"lengthOfSecond":6},{"firstFileName":"KEREM_AKDENIZ/LinkedListQuestions.cpp","secondFileName":"ECENUR_GUNER/LinkedListQuestions.cpp","startInFirst":{"line":41,"column":1,"tokenListIndex":37},"endInFirst":{"line":45,"column":57,"tokenListIndex":42},"startInSecond":{"line":51,"column":4,"tokenListIndex":33},"endInSecond":{"line":56,"column":57,"tokenListIndex":38},"lengthOfFirst":6,"lengthOfSecond":6}],"firstSimilarity":0.6229508196721312,"secondSimilarity":0.3958333333333333}