{"firstSubmissionId":"KEREM_AKDENIZ","secondSubmissionId":"EREN_COMOGLU","similarities":{"AVG":0.2972972972972973,"MAX":0.36065573770491804,"MAXIMUM_LENGTH":88.0,"LONGEST_MATCH":9.0},"matches":[{"firstFileName":"KEREM_AKDENIZ/LinkedListQuestions.cpp","secondFileName":"EREN_COMOGLU/LinkedListQuestions.cpp","startInFirst":{"line":23,"column":48,"tokenListIndex":18},"endInFirst":{"line":29,"column":8,"tokenListIndex":26},"startInSecond":{"line":54,"column":47,"tokenListIndex":48},"endInSecond":{"line":60,"column":5,"tokenListIndex":56},"lengthOfFirst":9,"lengthOfSecond":9},{"firstFileName":"KEREM_AKDENIZ/LinkedListQuestions.cpp","secondFileName":"EREN_COMOGLU/LinkedListQuestions.cpp","startInFirst":{"line":8,"column":0,"tokenListIndex":0},"endInFirst":{"line":10,"column":8,"tokenListIndex":6},"startInSecond":{"line":8,"column":0,"tokenListIndex":0},"endInSecond":{"line":10,"column":9,"tokenListIndex":6},"lengthOfFirst":7,"lengthOfSecond":7},{"firstFileName":"KEREM_AKDENIZ/LinkedListQuestions.cpp","secondFileName":"EREN_COMOGLU/LinkedListQuestions.cpp","startInFirst":{"line":45,"column":47,"tokenListIndex":41},"endInFirst":{"line":47,"column":8,"tokenListIndex":46},"startInSecond":{"line":73,"column":42,"tokenListIndex":70},"endInSecond":{"line":76,"column":9,"tokenListIndex":75},"lengthOfFirst":6,"lengthOfSecond":6}],"firstSimilarity":0.36065573770491804,"secondSimilarity":0.25287356321839083}