{"firstSubmissionId":"KEREM_AKDENIZ","secondSubmissionId":"EMIRHAN_EREN_ELIBOL","similarities":{"AVG":0.47804878048780486,"MAX":0.8032786885245902,"MAXIMUM_LENGTH":145.0,"LONGEST_MATCH":17.0},"matches":[{"firstFileName":"KEREM_AKDENIZ/LinkedListQuestions.cpp","secondFileName":"EMIRHAN_EREN_ELIBOL/LinkedListQuestions.cpp","startInFirst":{"line":17,"column":2,"tokenListIndex":12},"endInFirst":{"line":29,"column":8,"tokenListIndex":28},"startInSecond":{"line":17,"column":4,"tokenListIndex":12},"endInSecond":{"line":34,"column":8,"tokenListIndex":28},"lengthOfFirst":17,"lengthOfSecond":17},{"firstFileName":"KEREM_AKDENIZ/LinkedListQuestions.cpp","secondFileName":"EMIRHAN_EREN_ELIBOL/LinkedListQuestions.cpp","startInFirst":{"line":46,"column":1,"tokenListIndex":43},"endInFirst":{"line":57,"column":1,"tokenListIndex":59},"startInSecond":{"line":58,"column":1,"tokenListIndex":48},"endInSecond":{"line":70,"column":0,"tokenListIndex":64},"lengthOfFirst":17,"lengthOfSecond":17},{"firstFileName":"KEREM_AKDENIZ/LinkedListQuestions.cpp","secondFileName":"EMIRHAN_EREN_ELIBOL/LinkedListQuestions.cpp","startInFirst":{"line":37,"column":1,"tokenListIndex":34},"endInFirst":{"line":45,"column":57,"tokenListIndex":42},"startInSecond":{"line":45,"column":1,"tokenListIndex":36},"endInSecond":{"line":54,"column":57,"tokenListIndex":44},"lengthOfFirst":9,"lengthOfSecond":9},{"firstFileName":"KEREM_AKDENIZ/LinkedListQuestions.cpp","secondFileName":"EMIRHAN_EREN_ELIBOL/LinkedListQuestions.cpp","startInFirst":{"line":9,"column":1,"tokenListIndex":3},"endInFirst":{"line":13,"column":2,"tokenListIndex":8},"startInSecond":{"line":113,"column":1,"tokenListIndex":122},"endInSecond":{"line":118,"column":1,"tokenListIndex":127},"lengthOfFirst":6,"lengthOfSecond":6}],"firstSimilarity":0.8032786885245902,"secondSimilarity":0.3402777777777778}