{"firstSubmissionId":"KEREM_AKDENIZ","secondSubmissionId":"EFE_NEVZAT_CENGER","similarities":{"AVG":0.40268456375838924,"MAX":0.4918032786885246,"MAXIMUM_LENGTH":95.0,"LONGEST_MATCH":9.0},"matches":[{"firstFileName":"KEREM_AKDENIZ/LinkedListQuestions.cpp","secondFileName":"EFE_NEVZAT_CENGER/LinkedListQuestions.cpp","startInFirst":{"line":23,"column":48,"tokenListIndex":18},"endInFirst":{"line":29,"column":8,"tokenListIndex":26},"startInSecond":{"line":85,"column":47,"tokenListIndex":58},"endInSecond":{"line":91,"column":4,"tokenListIndex":66},"lengthOfFirst":9,"lengthOfSecond":9},{"firstFileName":"KEREM_AKDENIZ/LinkedListQuestions.cpp","secondFileName":"EFE_NEVZAT_CENGER/LinkedListQuestions.cpp","startInFirst":{"line":46,"column":1,"tokenListIndex":43},"endInFirst":{"line":50,"column":1,"tokenListIndex":51},"startInSecond":{"line":49,"column":0,"tokenListIndex":31},"endInSecond":{"line":55,"column":1,"tokenListIndex":39},"lengthOfFirst":9,"lengthOfSecond":9},{"firstFileName":"KEREM_AKDENIZ/LinkedListQuestions.cpp","secondFileName":"EFE_NEVZAT_CENGER/LinkedListQuestions.cpp","startInFirst":{"line":9,"column":1,"tokenListIndex":3},"endInFirst":{"line":13,"column":2,"tokenListIndex":8},"startInSecond":{"line":13,"column":1,"tokenListIndex":8},"endInSecond":{"line":18,"column":1,"tokenListIndex":13},"lengthOfFirst":6,"lengthOfSecond":6},{"firstFileName":"KEREM_AKDENIZ/LinkedListQuestions.cpp","secondFileName":"EFE_NEVZAT_CENGER/LinkedListQuestions.cpp","startInFirst":{"line":17,"column":2,"tokenListIndex":12},"endInFirst":{"line":23,"column":22,"tokenListIndex":17},"startInSecond":{"line":26,"column":1,"tokenListIndex":17},"endInSecond":{"line":35,"column":22,"tokenListIndex":22},"lengthOfFirst":6,"lengthOfSecond":6}],"firstSimilarity":0.4918032786885246,"secondSimilarity":0.3409090909090909}