{"firstSubmissionId":"KUTALMIS_ATA_ALTAYLAR","secondSubmissionId":"EMIRHAN_EREN_ELIBOL","similarities":{"AVG":0.33816425120772947,"MAX":0.5555555555555556,"MAXIMUM_LENGTH":145.0,"LONGEST_MATCH":13.0},"matches":[{"firstFileName":"KUTALMIS_ATA_ALTAYLAR/LinkedListQuestions.lab111.cpp","secondFileName":"EMIRHAN_EREN_ELIBOL/LinkedListQuestions.cpp","startInFirst":{"line":12,"column":0,"tokenListIndex":8},"endInFirst":{"line":23,"column":0,"tokenListIndex":20},"startInSecond":{"line":13,"column":1,"tokenListIndex":8},"endInSecond":{"line":28,"column":1,"tokenListIndex":20},"lengthOfFirst":13,"lengthOfSecond":13},{"firstFileName":"KUTALMIS_ATA_ALTAYLAR/LinkedListQuestions.lab111.cpp","secondFileName":"EMIRHAN_EREN_ELIBOL/LinkedListQuestions.cpp","startInFirst":{"line":45,"column":22,"tokenListIndex":46},"endInFirst":{"line":48,"column":5,"tokenListIndex":54},"startInSecond":{"line":78,"column":0,"tokenListIndex":70},"endInSecond":{"line":84,"column":9,"tokenListIndex":78},"lengthOfFirst":9,"lengthOfSecond":9},{"firstFileName":"KUTALMIS_ATA_ALTAYLAR/LinkedListQuestions.lab111.cpp","secondFileName":"EMIRHAN_EREN_ELIBOL/LinkedListQuestions.cpp","startInFirst":{"line":25,"column":0,"tokenListIndex":23},"endInFirst":{"line":28,"column":0,"tokenListIndex":29},"startInSecond":{"line":112,"column":1,"tokenListIndex":120},"endInSecond":{"line":116,"column":1,"tokenListIndex":126},"lengthOfFirst":7,"lengthOfSecond":7},{"firstFileName":"KUTALMIS_ATA_ALTAYLAR/LinkedListQuestions.lab111.cpp","secondFileName":"EMIRHAN_EREN_ELIBOL/LinkedListQuestions.cpp","startInFirst":{"line":8,"column":36,"tokenListIndex":2},"endInFirst":{"line":11,"column":5,"tokenListIndex":7},"startInSecond":{"line":54,"column":57,"tokenListIndex":44},"endInSecond":{"line":58,"column":8,"tokenListIndex":49},"lengthOfFirst":6,"lengthOfSecond":6}],"firstSimilarity":0.5555555555555556,"secondSimilarity":0.24305555555555555}