{"firstSubmissionId":"KUTALMIS_ATA_ALTAYLAR","secondSubmissionId":"CEM_KAYARDI","similarities":{"AVG":0.208,"MAX":0.20967741935483872,"MAXIMUM_LENGTH":73.0,"LONGEST_MATCH":7.0},"matches":[{"firstFileName":"KUTALMIS_ATA_ALTAYLAR/LinkedListQuestions.lab111.cpp","secondFileName":"CEM_KAYARDI/LinkedListQuestions.cpp","startInFirst":{"line":25,"column":0,"tokenListIndex":23},"endInFirst":{"line":28,"column":0,"tokenListIndex":29},"startInSecond":{"line":77,"column":4,"tokenListIndex":55},"endInSecond":{"line":86,"column":4,"tokenListIndex":61},"lengthOfFirst":7,"lengthOfSecond":7},{"firstFileName":"KUTALMIS_ATA_ALTAYLAR/LinkedListQuestions.lab111.cpp","secondFileName":"CEM_KAYARDI/LinkedListQuestions.cpp","startInFirst":{"line":47,"column":0,"tokenListIndex":53},"endInFirst":{"line":51,"column":1,"tokenListIndex":58},"startInSecond":{"line":10,"column":1,"tokenListIndex":3},"endInSecond":{"line":17,"column":1,"tokenListIndex":8},"lengthOfFirst":6,"lengthOfSecond":6}],"firstSimilarity":0.20634920634920634,"secondSimilarity":0.20967741935483872}