{"firstSubmissionId":"KUTALMIS_ATA_ALTAYLAR","secondSubmissionId":"KEREM_AKDENIZ","similarities":{"AVG":0.5161290322580645,"MAX":0.5245901639344263,"MAXIMUM_LENGTH":68.0,"LONGEST_MATCH":10.0},"matches":[{"firstFileName":"KUTALMIS_ATA_ALTAYLAR/LinkedListQuestions.lab111.cpp","secondFileName":"KEREM_AKDENIZ/LinkedListQuestions.cpp","startInFirst":{"line":25,"column":0,"tokenListIndex":23},"endInFirst":{"line":32,"column":11,"tokenListIndex":32},"startInSecond":{"line":27,"column":1,"tokenListIndex":23},"endInSecond":{"line":34,"column":1,"tokenListIndex":32},"lengthOfFirst":10,"lengthOfSecond":10},{"firstFileName":"KUTALMIS_ATA_ALTAYLAR/LinkedListQuestions.lab111.cpp","secondFileName":"KEREM_AKDENIZ/LinkedListQuestions.cpp","startInFirst":{"line":15,"column":1,"tokenListIndex":12},"endInFirst":{"line":23,"column":0,"tokenListIndex":20},"startInSecond":{"line":17,"column":2,"tokenListIndex":12},"endInSecond":{"line":25,"column":1,"tokenListIndex":20},"lengthOfFirst":9,"lengthOfSecond":9},{"firstFileName":"KUTALMIS_ATA_ALTAYLAR/LinkedListQuestions.lab111.cpp","secondFileName":"KEREM_AKDENIZ/LinkedListQuestions.cpp","startInFirst":{"line":36,"column":0,"tokenListIndex":37},"endInFirst":{"line":41,"column":5,"tokenListIndex":43},"startInSecond":{"line":42,"column":0,"tokenListIndex":38},"endInSecond":{"line":46,"column":8,"tokenListIndex":44},"lengthOfFirst":7,"lengthOfSecond":7},{"firstFileName":"KUTALMIS_ATA_ALTAYLAR/LinkedListQuestions.lab111.cpp","secondFileName":"KEREM_AKDENIZ/LinkedListQuestions.cpp","startInFirst":{"line":11,"column":0,"tokenListIndex":6},"endInFirst":{"line":14,"column":14,"tokenListIndex":11},"startInSecond":{"line":10,"column":1,"tokenListIndex":5},"endInSecond":{"line":15,"column":2,"tokenListIndex":10},"lengthOfFirst":6,"lengthOfSecond":6}],"firstSimilarity":0.5079365079365079,"secondSimilarity":0.5245901639344263}