{"firstSubmissionId":"KUTALMIS_ATA_ALTAYLAR","secondSubmissionId":"EMIRHAN_DEMIR","similarities":{"AVG":0.17647058823529413,"MAX":0.19047619047619047,"MAXIMUM_LENGTH":80.0,"LONGEST_MATCH":6.0},"matches":[{"firstFileName":"KUTALMIS_ATA_ALTAYLAR/LinkedListQuestions.lab111.cpp","secondFileName":"EMIRHAN_DEMIR/LinkedListQuestions.cpp","startInFirst":{"line":8,"column":0,"tokenListIndex":0},"endInFirst":{"line":10,"column":11,"tokenListIndex":5},"startInSecond":{"line":8,"column":0,"tokenListIndex":0},"endInSecond":{"line":11,"column":1,"tokenListIndex":5},"lengthOfFirst":6,"lengthOfSecond":6},{"firstFileName":"KUTALMIS_ATA_ALTAYLAR/LinkedListQuestions.lab111.cpp","secondFileName":"EMIRHAN_DEMIR/LinkedListQuestions.cpp","startInFirst":{"line":18,"column":0,"tokenListIndex":15},"endInFirst":{"line":23,"column":0,"tokenListIndex":20},"startInSecond":{"line":21,"column":0,"tokenListIndex":13},"endInSecond":{"line":27,"column":1,"tokenListIndex":18},"lengthOfFirst":6,"lengthOfSecond":6}],"firstSimilarity":0.19047619047619047,"secondSimilarity":0.1643835616438356}