{"firstSubmissionId":"KUTALMIS_ATA_ALTAYLAR","secondSubmissionId":"ATAKAN_ORGUN","similarities":{"AVG":0.09090909090909091,"MAX":0.25396825396825395,"MAXIMUM_LENGTH":303.0,"LONGEST_MATCH":16.0},"matches":[{"firstFileName":"KUTALMIS_ATA_ALTAYLAR/LinkedListQuestions.lab111.cpp","secondFileName":"ATAKAN_ORGUN/LinkedListQuestions.cpp","startInFirst":{"line":10,"column":0,"tokenListIndex":4},"endInFirst":{"line":22,"column":0,"tokenListIndex":19},"startInSecond":{"line":10,"column":2,"tokenListIndex":5},"endInSecond":{"line":28,"column":1,"tokenListIndex":20},"lengthOfFirst":16,"lengthOfSecond":16}],"firstSimilarity":0.25396825396825395,"secondSimilarity":0.05536332179930796}