{"firstSubmissionId":"KUTALMIS_ATA_ALTAYLAR","secondSubmissionId":"ECENUR_GUNER","similarities":{"AVG":0.3522012578616352,"MAX":0.4444444444444444,"MAXIMUM_LENGTH":97.0,"LONGEST_MATCH":21.0},"matches":[{"firstFileName":"KUTALMIS_ATA_ALTAYLAR/LinkedListQuestions.lab111.cpp","secondFileName":"ECENUR_GUNER/LinkedListQuestions.cpp","startInFirst":{"line":8,"column":0,"tokenListIndex":0},"endInFirst":{"line":23,"column":0,"tokenListIndex":20},"startInSecond":{"line":8,"column":0,"tokenListIndex":0},"endInSecond":{"line":31,"column":4,"tokenListIndex":20},"lengthOfFirst":21,"lengthOfSecond":21},{"firstFileName":"KUTALMIS_ATA_ALTAYLAR/LinkedListQuestions.lab111.cpp","secondFileName":"ECENUR_GUNER/LinkedListQuestions.cpp","startInFirst":{"line":25,"column":0,"tokenListIndex":23},"endInFirst":{"line":28,"column":0,"tokenListIndex":29},"startInSecond":{"line":87,"column":4,"tokenListIndex":72},"endInSecond":{"line":90,"column":4,"tokenListIndex":78},"lengthOfFirst":7,"lengthOfSecond":7}],"firstSimilarity":0.4444444444444444,"secondSimilarity":0.2916666666666667}