{"firstSubmissionId":"KUTALMIS_ATA_ALTAYLAR","secondSubmissionId":"YAREN_TEKIN","similarities":{"AVG":0.4805194805194805,"MAX":0.5873015873015873,"MAXIMUM_LENGTH":92.0,"LONGEST_MATCH":21.0},"matches":[{"firstFileName":"KUTALMIS_ATA_ALTAYLAR/LinkedListQuestions.lab111.cpp","secondFileName":"YAREN_TEKIN/LinkedListQuestions.cpp","startInFirst":{"line":8,"column":0,"tokenListIndex":0},"endInFirst":{"line":23,"column":0,"tokenListIndex":20},"startInSecond":{"line":8,"column":0,"tokenListIndex":0},"endInSecond":{"line":25,"column":3,"tokenListIndex":20},"lengthOfFirst":21,"lengthOfSecond":21},{"firstFileName":"KUTALMIS_ATA_ALTAYLAR/LinkedListQuestions.lab111.cpp","secondFileName":"YAREN_TEKIN/LinkedListQuestions.cpp","startInFirst":{"line":25,"column":0,"tokenListIndex":23},"endInFirst":{"line":32,"column":11,"tokenListIndex":32},"startInSecond":{"line":28,"column":0,"tokenListIndex":23},"endInSecond":{"line":36,"column":0,"tokenListIndex":32},"lengthOfFirst":10,"lengthOfSecond":10},{"firstFileName":"KUTALMIS_ATA_ALTAYLAR/LinkedListQuestions.lab111.cpp","secondFileName":"YAREN_TEKIN/LinkedListQuestions.cpp","startInFirst":{"line":46,"column":0,"tokenListIndex":49},"endInFirst":{"line":48,"column":5,"tokenListIndex":54},"startInSecond":{"line":80,"column":4,"tokenListIndex":68},"endInSecond":{"line":82,"column":7,"tokenListIndex":73},"lengthOfFirst":6,"lengthOfSecond":6}],"firstSimilarity":0.5873015873015873,"secondSimilarity":0.4065934065934066}