{"firstSubmissionId":"KUTALMIS_ATA_ALTAYLAR","secondSubmissionId":"OYKU_AKSUNGUR","similarities":{"AVG":0.2733812949640288,"MAX":0.30158730158730157,"MAXIMUM_LENGTH":77.0,"LONGEST_MATCH":7.0},"matches":[{"firstFileName":"KUTALMIS_ATA_ALTAYLAR/LinkedListQuestions.lab111.cpp","secondFileName":"OYKU_AKSUNGUR/LinkedListQuestions.cpp","startInFirst":{"line":26,"column":0,"tokenListIndex":25},"endInFirst":{"line":32,"column":11,"tokenListIndex":31},"startInSecond":{"line":34,"column":1,"tokenListIndex":20},"endInSecond":{"line":40,"column":2,"tokenListIndex":26},"lengthOfFirst":7,"lengthOfSecond":7},{"firstFileName":"KUTALMIS_ATA_ALTAYLAR/LinkedListQuestions.lab111.cpp","secondFileName":"OYKU_AKSUNGUR/LinkedListQuestions.cpp","startInFirst":{"line":8,"column":36,"tokenListIndex":2},"endInFirst":{"line":11,"column":5,"tokenListIndex":7},"startInSecond":{"line":65,"column":57,"tokenListIndex":46},"endInSecond":{"line":71,"column":5,"tokenListIndex":51},"lengthOfFirst":6,"lengthOfSecond":6},{"firstFileName":"KUTALMIS_ATA_ALTAYLAR/LinkedListQuestions.lab111.cpp","secondFileName":"OYKU_AKSUNGUR/LinkedListQuestions.cpp","startInFirst":{"line":47,"column":0,"tokenListIndex":53},"endInFirst":{"line":51,"column":1,"tokenListIndex":58},"startInSecond":{"line":9,"column":1,"tokenListIndex":3},"endInSecond":{"line":14,"column":1,"tokenListIndex":8},"lengthOfFirst":6,"lengthOfSecond":6}],"firstSimilarity":0.30158730158730157,"secondSimilarity":0.25}