{"firstSubmissionId":"KUTALMIS_ATA_ALTAYLAR","secondSubmissionId":"MEHMET_BARAN_KIRAT","similarities":{"AVG":0.2937062937062937,"MAX":0.3333333333333333,"MAXIMUM_LENGTH":81.0,"LONGEST_MATCH":8.0},"matches":[{"firstFileName":"KUTALMIS_ATA_ALTAYLAR/LinkedListQuestions.lab111.cpp","secondFileName":"MEHMET_BARAN_KIRAT/LinkedListQuestions.cpp","startInFirst":{"line":47,"column":0,"tokenListIndex":51},"endInFirst":{"line":51,"column":1,"tokenListIndex":58},"startInSecond":{"line":10,"column":1,"tokenListIndex":2},"endInSecond":{"line":15,"column":1,"tokenListIndex":9},"lengthOfFirst":8,"lengthOfSecond":8},{"firstFileName":"KUTALMIS_ATA_ALTAYLAR/LinkedListQuestions.lab111.cpp","secondFileName":"MEHMET_BARAN_KIRAT/LinkedListQuestions.cpp","startInFirst":{"line":16,"column":0,"tokenListIndex":13},"endInFirst":{"line":22,"column":0,"tokenListIndex":19},"startInSecond":{"line":26,"column":1,"tokenListIndex":16},"endInSecond":{"line":32,"column":4,"tokenListIndex":22},"lengthOfFirst":7,"lengthOfSecond":7},{"firstFileName":"KUTALMIS_ATA_ALTAYLAR/LinkedListQuestions.lab111.cpp","secondFileName":"MEHMET_BARAN_KIRAT/LinkedListQuestions.cpp","startInFirst":{"line":26,"column":0,"tokenListIndex":26},"endInFirst":{"line":32,"column":11,"tokenListIndex":31},"startInSecond":{"line":32,"column":12,"tokenListIndex":23},"endInSecond":{"line":36,"column":2,"tokenListIndex":28},"lengthOfFirst":6,"lengthOfSecond":6}],"firstSimilarity":0.3333333333333333,"secondSimilarity":0.2625}