{"firstSubmissionId":"KUTALMIS_ATA_ALTAYLAR","secondSubmissionId":"OSMAN_ALPEREN_KARADAG","similarities":{"AVG":0.2987012987012987,"MAX":0.36507936507936506,"MAXIMUM_LENGTH":92.0,"LONGEST_MATCH":16.0},"matches":[{"firstFileName":"KUTALMIS_ATA_ALTAYLAR/LinkedListQuestions.lab111.cpp","secondFileName":"OSMAN_ALPEREN_KARADAG/LinkedListQuestions.cpp","startInFirst":{"line":10,"column":0,"tokenListIndex":4},"endInFirst":{"line":22,"column":0,"tokenListIndex":19},"startInSecond":{"line":10,"column":8,"tokenListIndex":5},"endInSecond":{"line":27,"column":4,"tokenListIndex":20},"lengthOfFirst":16,"lengthOfSecond":16},{"firstFileName":"KUTALMIS_ATA_ALTAYLAR/LinkedListQuestions.lab111.cpp","secondFileName":"OSMAN_ALPEREN_KARADAG/LinkedListQuestions.cpp","startInFirst":{"line":36,"column":0,"tokenListIndex":37},"endInFirst":{"line":41,"column":5,"tokenListIndex":43},"startInSecond":{"line":50,"column":0,"tokenListIndex":40},"endInSecond":{"line":55,"column":11,"tokenListIndex":46},"lengthOfFirst":7,"lengthOfSecond":7}],"firstSimilarity":0.36507936507936506,"secondSimilarity":0.25274725274725274}