{"firstSubmissionId":"KUTALMIS_ATA_ALTAYLAR","secondSubmissionId":"EFE_NEVZAT_CENGER","similarities":{"AVG":0.2119205298013245,"MAX":0.25396825396825395,"MAXIMUM_LENGTH":95.0,"LONGEST_MATCH":9.0},"matches":[{"firstFileName":"KUTALMIS_ATA_ALTAYLAR/LinkedListQuestions.lab111.cpp","secondFileName":"EFE_NEVZAT_CENGER/LinkedListQuestions.cpp","startInFirst":{"line":14,"column":14,"tokenListIndex":11},"endInFirst":{"line":22,"column":0,"tokenListIndex":19},"startInSecond":{"line":24,"column":1,"tokenListIndex":16},"endInSecond":{"line":37,"column":0,"tokenListIndex":24},"lengthOfFirst":9,"lengthOfSecond":9},{"firstFileName":"KUTALMIS_ATA_ALTAYLAR/LinkedListQuestions.lab111.cpp","secondFileName":"EFE_NEVZAT_CENGER/LinkedListQuestions.cpp","startInFirst":{"line":26,"column":0,"tokenListIndex":25},"endInFirst":{"line":32,"column":11,"tokenListIndex":31},"startInSecond":{"line":90,"column":0,"tokenListIndex":63},"endInSecond":{"line":96,"column":1,"tokenListIndex":69},"lengthOfFirst":7,"lengthOfSecond":7}],"firstSimilarity":0.25396825396825395,"secondSimilarity":0.18181818181818182}