{"firstSubmissionId":"KUTALMIS_ATA_ALTAYLAR","secondSubmissionId":"EREN_COMOGLU","similarities":{"AVG":0.32,"MAX":0.38095238095238093,"MAXIMUM_LENGTH":88.0,"LONGEST_MATCH":17.0},"matches":[{"firstFileName":"KUTALMIS_ATA_ALTAYLAR/LinkedListQuestions.lab111.cpp","secondFileName":"EREN_COMOGLU/LinkedListQuestions.cpp","startInFirst":{"line":41,"column":25,"tokenListIndex":44},"endInFirst":{"line":54,"column":2,"tokenListIndex":60},"startInSecond":{"line":70,"column":0,"tokenListIndex":67},"endInSecond":{"line":83,"column":2,"tokenListIndex":83},"lengthOfFirst":17,"lengthOfSecond":17},{"firstFileName":"KUTALMIS_ATA_ALTAYLAR/LinkedListQuestions.lab111.cpp","secondFileName":"EREN_COMOGLU/LinkedListQuestions.cpp","startInFirst":{"line":26,"column":0,"tokenListIndex":25},"endInFirst":{"line":32,"column":11,"tokenListIndex":31},"startInSecond":{"line":58,"column":1,"tokenListIndex":53},"endInSecond":{"line":63,"column":2,"tokenListIndex":59},"lengthOfFirst":7,"lengthOfSecond":7}],"firstSimilarity":0.38095238095238093,"secondSimilarity":0.27586206896551724}