{"firstSubmissionId":"KUTALMIS_ATA_ALTAYLAR","secondSubmissionId":"MUSAB_TUNC","similarities":{"AVG":0.23728813559322035,"MAX":0.2545454545454545,"MAXIMUM_LENGTH":67.0,"LONGEST_MATCH":14.0},"matches":[{"firstFileName":"KUTALMIS_ATA_ALTAYLAR/LinkedListQuestions.lab111.cpp","secondFileName":"MUSAB_TUNC/musab_tunc.cpp","startInFirst":{"line":11,"column":0,"tokenListIndex":6},"endInFirst":{"line":22,"column":0,"tokenListIndex":19},"startInSecond":{"line":9,"column":1,"tokenListIndex":3},"endInSecond":{"line":23,"column":1,"tokenListIndex":16},"lengthOfFirst":14,"lengthOfSecond":14}],"firstSimilarity":0.2222222222222222,"secondSimilarity":0.2545454545454545}