{"firstSubmissionId":"KUTALMIS_ATA_ALTAYLAR","secondSubmissionId":"EFE_DEMIRCI","similarities":{"AVG":0.38666666666666666,"MAX":0.4603174603174603,"MAXIMUM_LENGTH":88.0,"LONGEST_MATCH":16.0},"matches":[{"firstFileName":"KUTALMIS_ATA_ALTAYLAR/LinkedListQuestions.lab111.cpp","secondFileName":"EFE_DEMIRCI/LinkedListQuestions.cpp","startInFirst":{"line":10,"column":0,"tokenListIndex":4},"endInFirst":{"line":22,"column":0,"tokenListIndex":19},"startInSecond":{"line":11,"column":2,"tokenListIndex":6},"endInSecond":{"line":33,"column":1,"tokenListIndex":21},"lengthOfFirst":16,"lengthOfSecond":16},{"firstFileName":"KUTALMIS_ATA_ALTAYLAR/LinkedListQuestions.lab111.cpp","secondFileName":"EFE_DEMIRCI/LinkedListQuestions.cpp","startInFirst":{"line":25,"column":0,"tokenListIndex":23},"endInFirst":{"line":28,"column":0,"tokenListIndex":29},"startInSecond":{"line":100,"column":1,"tokenListIndex":70},"endInSecond":{"line":105,"column":1,"tokenListIndex":76},"lengthOfFirst":7,"lengthOfSecond":7},{"firstFileName":"KUTALMIS_ATA_ALTAYLAR/LinkedListQuestions.lab111.cpp","secondFileName":"EFE_DEMIRCI/LinkedListQuestions.cpp","startInFirst":{"line":41,"column":25,"tokenListIndex":44},"endInFirst":{"line":46,"column":0,"tokenListIndex":49},"startInSecond":{"line":92,"column":0,"tokenListIndex":61},"endInSecond":{"line":97,"column":1,"tokenListIndex":66},"lengthOfFirst":6,"lengthOfSecond":6}],"firstSimilarity":0.4603174603174603,"secondSimilarity":0.3333333333333333}