{"firstSubmissionId":"KUTALMIS_ATA_ALTAYLAR","secondSubmissionId":"BETUL_CAGRIL","similarities":{"AVG":0.3262411347517731,"MAX":0.36507936507936506,"MAXIMUM_LENGTH":85.0,"LONGEST_MATCH":9.0},"matches":[{"firstFileName":"KUTALMIS_ATA_ALTAYLAR/LinkedListQuestions.lab111.cpp","secondFileName":"BETUL_CAGRIL/LinkedListQuestions.cpp","startInFirst":{"line":15,"column":1,"tokenListIndex":12},"endInFirst":{"line":23,"column":0,"tokenListIndex":20},"startInSecond":{"line":25,"column":8,"tokenListIndex":16},"endInSecond":{"line":41,"column":4,"tokenListIndex":24},"lengthOfFirst":9,"lengthOfSecond":9},{"firstFileName":"KUTALMIS_ATA_ALTAYLAR/LinkedListQuestions.lab111.cpp","secondFileName":"BETUL_CAGRIL/LinkedListQuestions.cpp","startInFirst":{"line":26,"column":0,"tokenListIndex":25},"endInFirst":{"line":32,"column":11,"tokenListIndex":31},"startInSecond":{"line":45,"column":4,"tokenListIndex":27},"endInSecond":{"line":50,"column":8,"tokenListIndex":33},"lengthOfFirst":7,"lengthOfSecond":7},{"firstFileName":"KUTALMIS_ATA_ALTAYLAR/LinkedListQuestions.lab111.cpp","secondFileName":"BETUL_CAGRIL/LinkedListQuestions.cpp","startInFirst":{"line":36,"column":0,"tokenListIndex":37},"endInFirst":{"line":41,"column":5,"tokenListIndex":43},"startInSecond":{"line":76,"column":0,"tokenListIndex":54},"endInSecond":{"line":85,"column":12,"tokenListIndex":60},"lengthOfFirst":7,"lengthOfSecond":7}],"firstSimilarity":0.36507936507936506,"secondSimilarity":0.2948717948717949}