{"firstSubmissionId":"KUTALMIS_ATA_ALTAYLAR","secondSubmissionId":"SELIN_SUNA_KAYA","similarities":{"AVG":0.5419354838709678,"MAX":0.6666666666666666,"MAXIMUM_LENGTH":93.0,"LONGEST_MATCH":12.0},"matches":[{"firstFileName":"KUTALMIS_ATA_ALTAYLAR/LinkedListQuestions.lab111.cpp","secondFileName":"SELIN_SUNA_KAYA/LinkedListQuestions.cpp","startInFirst":{"line":12,"column":0,"tokenListIndex":8},"endInFirst":{"line":22,"column":0,"tokenListIndex":19},"startInSecond":{"line":11,"column":1,"tokenListIndex":10},"endInSecond":{"line":20,"column":1,"tokenListIndex":21},"lengthOfFirst":12,"lengthOfSecond":12},{"firstFileName":"KUTALMIS_ATA_ALTAYLAR/LinkedListQuestions.lab111.cpp","secondFileName":"SELIN_SUNA_KAYA/LinkedListQuestions.cpp","startInFirst":{"line":25,"column":0,"tokenListIndex":23},"endInFirst":{"line":32,"column":11,"tokenListIndex":31},"startInSecond":{"line":21,"column":1,"tokenListIndex":23},"endInSecond":{"line":26,"column":2,"tokenListIndex":31},"lengthOfFirst":9,"lengthOfSecond":9},{"firstFileName":"KUTALMIS_ATA_ALTAYLAR/LinkedListQuestions.lab111.cpp","secondFileName":"SELIN_SUNA_KAYA/LinkedListQuestions.cpp","startInFirst":{"line":41,"column":25,"tokenListIndex":44},"endInFirst":{"line":48,"column":0,"tokenListIndex":51},"startInSecond":{"line":60,"column":0,"tokenListIndex":66},"endInSecond":{"line":68,"column":1,"tokenListIndex":73},"lengthOfFirst":8,"lengthOfSecond":8},{"firstFileName":"KUTALMIS_ATA_ALTAYLAR/LinkedListQuestions.lab111.cpp","secondFileName":"SELIN_SUNA_KAYA/LinkedListQuestions.cpp","startInFirst":{"line":36,"column":0,"tokenListIndex":37},"endInFirst":{"line":41,"column":5,"tokenListIndex":43},"startInSecond":{"line":40,"column":0,"tokenListIndex":46},"endInSecond":{"line":45,"column":5,"tokenListIndex":52},"lengthOfFirst":7,"lengthOfSecond":7},{"firstFileName":"KUTALMIS_ATA_ALTAYLAR/LinkedListQuestions.lab111.cpp","secondFileName":"SELIN_SUNA_KAYA/LinkedListQuestions.cpp","startInFirst":{"line":47,"column":0,"tokenListIndex":52},"endInFirst":{"line":50,"column":8,"tokenListIndex":57},"startInSecond":{"line":8,"column":5,"tokenListIndex":4},"endInSecond":{"line":10,"column":44,"tokenListIndex":9},"lengthOfFirst":6,"lengthOfSecond":6}],"firstSimilarity":0.6666666666666666,"secondSimilarity":0.45652173913043476}