{"firstSubmissionId":"MEHMET_BARAN_KIRAT","secondSubmissionId":"SELIN_SUNA_KAYA","similarities":{"AVG":0.313953488372093,"MAX":0.3375,"MAXIMUM_LENGTH":93.0,"LONGEST_MATCH":11.0},"matches":[{"firstFileName":"MEHMET_BARAN_KIRAT/LinkedListQuestions.cpp","secondFileName":"SELIN_SUNA_KAYA/LinkedListQuestions.cpp","startInFirst":{"line":9,"column":0,"tokenListIndex":0},"endInFirst":{"line":16,"column":2,"tokenListIndex":10},"startInSecond":{"line":7,"column":22,"tokenListIndex":1},"endInSecond":{"line":12,"column":2,"tokenListIndex":11},"lengthOfFirst":11,"lengthOfSecond":11},{"firstFileName":"MEHMET_BARAN_KIRAT/LinkedListQuestions.cpp","secondFileName":"SELIN_SUNA_KAYA/LinkedListQuestions.cpp","startInFirst":{"line":26,"column":1,"tokenListIndex":16},"endInFirst":{"line":33,"column":5,"tokenListIndex":25},"startInSecond":{"line":14,"column":1,"tokenListIndex":15},"endInSecond":{"line":23,"column":5,"tokenListIndex":24},"lengthOfFirst":10,"lengthOfSecond":10},{"firstFileName":"MEHMET_BARAN_KIRAT/LinkedListQuestions.cpp","secondFileName":"SELIN_SUNA_KAYA/LinkedListQuestions.cpp","startInFirst":{"line":34,"column":1,"tokenListIndex":26},"endInFirst":{"line":38,"column":5,"tokenListIndex":31},"startInSecond":{"line":24,"column":1,"tokenListIndex":29},"endInSecond":{"line":29,"column":5,"tokenListIndex":34},"lengthOfFirst":6,"lengthOfSecond":6}],"firstSimilarity":0.3375,"secondSimilarity":0.29347826086956524}