{"firstSubmissionId":"MEHMET_BARAN_KIRAT","secondSubmissionId":"YAREN_TEKIN","similarities":{"AVG":0.2222222222222222,"MAX":0.2375,"MAXIMUM_LENGTH":92.0,"LONGEST_MATCH":7.0},"matches":[{"firstFileName":"MEHMET_BARAN_KIRAT/LinkedListQuestions.cpp","secondFileName":"YAREN_TEKIN/LinkedListQuestions.cpp","startInFirst":{"line":26,"column":1,"tokenListIndex":16},"endInFirst":{"line":32,"column":4,"tokenListIndex":22},"startInSecond":{"line":17,"column":0,"tokenListIndex":13},"endInSecond":{"line":24,"column":1,"tokenListIndex":19},"lengthOfFirst":7,"lengthOfSecond":7},{"firstFileName":"MEHMET_BARAN_KIRAT/LinkedListQuestions.cpp","secondFileName":"YAREN_TEKIN/LinkedListQuestions.cpp","startInFirst":{"line":32,"column":12,"tokenListIndex":23},"endInFirst":{"line":36,"column":2,"tokenListIndex":28},"startInSecond":{"line":29,"column":0,"tokenListIndex":26},"endInSecond":{"line":36,"column":0,"tokenListIndex":31},"lengthOfFirst":6,"lengthOfSecond":6},{"firstFileName":"MEHMET_BARAN_KIRAT/LinkedListQuestions.cpp","secondFileName":"YAREN_TEKIN/LinkedListQuestions.cpp","startInFirst":{"line":80,"column":0,"tokenListIndex":72},"endInFirst":{"line":83,"column":63,"tokenListIndex":77},"startInSecond":{"line":69,"column":0,"tokenListIndex":58},"endInSecond":{"line":75,"column":63,"tokenListIndex":63},"lengthOfFirst":6,"lengthOfSecond":6}],"firstSimilarity":0.2375,"secondSimilarity":0.2087912087912088}