{"firstSubmissionId":"MEHMET_BARAN_KIRAT","secondSubmissionId":"EREN_COMOGLU","similarities":{"AVG":0.3592814371257485,"MAX":0.375,"MAXIMUM_LENGTH":88.0,"LONGEST_MATCH":10.0},"matches":[{"firstFileName":"MEHMET_BARAN_KIRAT/LinkedListQuestions.cpp","secondFileName":"EREN_COMOGLU/LinkedListQuestions.cpp","startInFirst":{"line":9,"column":0,"tokenListIndex":0},"endInFirst":{"line":15,"column":1,"tokenListIndex":9},"startInSecond":{"line":8,"column":22,"tokenListIndex":1},"endInSecond":{"line":14,"column":1,"tokenListIndex":10},"lengthOfFirst":10,"lengthOfSecond":10},{"firstFileName":"MEHMET_BARAN_KIRAT/LinkedListQuestions.cpp","secondFileName":"EREN_COMOGLU/LinkedListQuestions.cpp","startInFirst":{"line":28,"column":0,"tokenListIndex":18},"endInFirst":{"line":33,"column":5,"tokenListIndex":25},"startInSecond":{"line":26,"column":0,"tokenListIndex":20},"endInSecond":{"line":32,"column":9,"tokenListIndex":27},"lengthOfFirst":8,"lengthOfSecond":8},{"firstFileName":"MEHMET_BARAN_KIRAT/LinkedListQuestions.cpp","secondFileName":"EREN_COMOGLU/LinkedListQuestions.cpp","startInFirst":{"line":34,"column":1,"tokenListIndex":26},"endInFirst":{"line":38,"column":5,"tokenListIndex":31},"startInSecond":{"line":36,"column":1,"tokenListIndex":32},"endInSecond":{"line":41,"column":9,"tokenListIndex":37},"lengthOfFirst":6,"lengthOfSecond":6},{"firstFileName":"MEHMET_BARAN_KIRAT/LinkedListQuestions.cpp","secondFileName":"EREN_COMOGLU/LinkedListQuestions.cpp","startInFirst":{"line":80,"column":0,"tokenListIndex":72},"endInFirst":{"line":83,"column":63,"tokenListIndex":77},"startInSecond":{"line":68,"column":1,"tokenListIndex":66},"endInSecond":{"line":73,"column":63,"tokenListIndex":71},"lengthOfFirst":6,"lengthOfSecond":6}],"firstSimilarity":0.375,"secondSimilarity":0.3448275862068966}