{"firstSubmissionId":"MEHMET_BARAN_KIRAT","secondSubmissionId":"EFE_DEMIRCI","similarities":{"AVG":0.15568862275449102,"MAX":0.1625,"MAXIMUM_LENGTH":88.0,"LONGEST_MATCH":7.0},"matches":[{"firstFileName":"MEHMET_BARAN_KIRAT/LinkedListQuestions.cpp","secondFileName":"EFE_DEMIRCI/LinkedListQuestions.cpp","startInFirst":{"line":26,"column":1,"tokenListIndex":16},"endInFirst":{"line":32,"column":4,"tokenListIndex":22},"startInSecond":{"line":25,"column":1,"tokenListIndex":15},"endInSecond":{"line":33,"column":1,"tokenListIndex":21},"lengthOfFirst":7,"lengthOfSecond":7},{"firstFileName":"MEHMET_BARAN_KIRAT/LinkedListQuestions.cpp","secondFileName":"EFE_DEMIRCI/LinkedListQuestions.cpp","startInFirst":{"line":80,"column":0,"tokenListIndex":72},"endInFirst":{"line":83,"column":63,"tokenListIndex":77},"startInSecond":{"line":88,"column":1,"tokenListIndex":60},"endInSecond":{"line":95,"column":69,"tokenListIndex":65},"lengthOfFirst":6,"lengthOfSecond":6}],"firstSimilarity":0.1625,"secondSimilarity":0.14942528735632185}