{"firstSubmissionId":"MEHMET_BARAN_KIRAT","secondSubmissionId":"ECENUR_GUNER","similarities":{"AVG":0.14772727272727273,"MAX":0.1625,"MAXIMUM_LENGTH":97.0,"LONGEST_MATCH":7.0},"matches":[{"firstFileName":"MEHMET_BARAN_KIRAT/LinkedListQuestions.cpp","secondFileName":"ECENUR_GUNER/LinkedListQuestions.cpp","startInFirst":{"line":26,"column":1,"tokenListIndex":16},"endInFirst":{"line":32,"column":4,"tokenListIndex":22},"startInSecond":{"line":21,"column":4,"tokenListIndex":13},"endInSecond":{"line":28,"column":4,"tokenListIndex":19},"lengthOfFirst":7,"lengthOfSecond":7},{"firstFileName":"MEHMET_BARAN_KIRAT/LinkedListQuestions.cpp","secondFileName":"ECENUR_GUNER/LinkedListQuestions.cpp","startInFirst":{"line":80,"column":0,"tokenListIndex":72},"endInFirst":{"line":83,"column":63,"tokenListIndex":77},"startInSecond":{"line":73,"column":4,"tokenListIndex":56},"endInSecond":{"line":77,"column":63,"tokenListIndex":61},"lengthOfFirst":6,"lengthOfSecond":6}],"firstSimilarity":0.1625,"secondSimilarity":0.13541666666666666}