{"firstSubmissionId":"MEHMET_BARAN_KIRAT","secondSubmissionId":"OSMAN_ALPEREN_KARADAG","similarities":{"AVG":0.15204678362573099,"MAX":0.1625,"MAXIMUM_LENGTH":92.0,"LONGEST_MATCH":7.0},"matches":[{"firstFileName":"MEHMET_BARAN_KIRAT/LinkedListQuestions.cpp","secondFileName":"OSMAN_ALPEREN_KARADAG/LinkedListQuestions.cpp","startInFirst":{"line":26,"column":1,"tokenListIndex":16},"endInFirst":{"line":32,"column":4,"tokenListIndex":22},"startInSecond":{"line":20,"column":4,"tokenListIndex":14},"endInSecond":{"line":27,"column":4,"tokenListIndex":20},"lengthOfFirst":7,"lengthOfSecond":7},{"firstFileName":"MEHMET_BARAN_KIRAT/LinkedListQuestions.cpp","secondFileName":"OSMAN_ALPEREN_KARADAG/LinkedListQuestions.cpp","startInFirst":{"line":80,"column":0,"tokenListIndex":72},"endInFirst":{"line":83,"column":63,"tokenListIndex":77},"startInSecond":{"line":74,"column":4,"tokenListIndex":64},"endInSecond":{"line":78,"column":63,"tokenListIndex":69},"lengthOfFirst":6,"lengthOfSecond":6}],"firstSimilarity":0.1625,"secondSimilarity":0.14285714285714285}