{"firstSubmissionId":"MEHMET_BARAN_KIRAT","secondSubmissionId":"EMIRHAN_EREN_ELIBOL","similarities":{"AVG":0.125,"MAX":0.175,"MAXIMUM_LENGTH":145.0,"LONGEST_MATCH":7.0},"matches":[{"firstFileName":"MEHMET_BARAN_KIRAT/LinkedListQuestions.cpp","secondFileName":"EMIRHAN_EREN_ELIBOL/LinkedListQuestions.cpp","startInFirst":{"line":11,"column":1,"tokenListIndex":4},"endInFirst":{"line":16,"column":2,"tokenListIndex":10},"startInSecond":{"line":10,"column":1,"tokenListIndex":3},"endInSecond":{"line":16,"column":1,"tokenListIndex":9},"lengthOfFirst":7,"lengthOfSecond":7},{"firstFileName":"MEHMET_BARAN_KIRAT/LinkedListQuestions.cpp","secondFileName":"EMIRHAN_EREN_ELIBOL/LinkedListQuestions.cpp","startInFirst":{"line":26,"column":1,"tokenListIndex":16},"endInFirst":{"line":32,"column":4,"tokenListIndex":22},"startInSecond":{"line":18,"column":0,"tokenListIndex":13},"endInSecond":{"line":26,"column":1,"tokenListIndex":19},"lengthOfFirst":7,"lengthOfSecond":7}],"firstSimilarity":0.175,"secondSimilarity":0.09722222222222222}