{"firstSubmissionId":"MEHMET_BARAN_KIRAT","secondSubmissionId":"BETUL_CAGRIL","similarities":{"AVG":0.17721518987341772,"MAX":0.1794871794871795,"MAXIMUM_LENGTH":85.0,"LONGEST_MATCH":8.0},"matches":[{"firstFileName":"MEHMET_BARAN_KIRAT/LinkedListQuestions.cpp","secondFileName":"BETUL_CAGRIL/LinkedListQuestions.cpp","startInFirst":{"line":32,"column":4,"tokenListIndex":22},"endInFirst":{"line":37,"column":1,"tokenListIndex":29},"startInSecond":{"line":45,"column":4,"tokenListIndex":27},"endInSecond":{"line":51,"column":4,"tokenListIndex":34},"lengthOfFirst":8,"lengthOfSecond":8},{"firstFileName":"MEHMET_BARAN_KIRAT/LinkedListQuestions.cpp","secondFileName":"BETUL_CAGRIL/LinkedListQuestions.cpp","startInFirst":{"line":26,"column":1,"tokenListIndex":16},"endInFirst":{"line":31,"column":48,"tokenListIndex":21},"startInSecond":{"line":26,"column":4,"tokenListIndex":17},"endInSecond":{"line":35,"column":48,"tokenListIndex":22},"lengthOfFirst":6,"lengthOfSecond":6}],"firstSimilarity":0.175,"secondSimilarity":0.1794871794871795}