{"firstSubmissionId":"MEHMET_BARAN_KIRAT","secondSubmissionId":"EFE_NEVZAT_CENGER","similarities":{"AVG":0.23809523809523808,"MAX":0.25,"MAXIMUM_LENGTH":95.0,"LONGEST_MATCH":8.0},"matches":[{"firstFileName":"MEHMET_BARAN_KIRAT/LinkedListQuestions.cpp","secondFileName":"EFE_NEVZAT_CENGER/LinkedListQuestions.cpp","startInFirst":{"line":32,"column":4,"tokenListIndex":22},"endInFirst":{"line":37,"column":1,"tokenListIndex":29},"startInSecond":{"line":90,"column":0,"tokenListIndex":63},"endInSecond":{"line":98,"column":0,"tokenListIndex":70},"lengthOfFirst":8,"lengthOfSecond":8},{"firstFileName":"MEHMET_BARAN_KIRAT/LinkedListQuestions.cpp","secondFileName":"EFE_NEVZAT_CENGER/LinkedListQuestions.cpp","startInFirst":{"line":26,"column":1,"tokenListIndex":16},"endInFirst":{"line":31,"column":48,"tokenListIndex":21},"startInSecond":{"line":28,"column":0,"tokenListIndex":18},"endInSecond":{"line":35,"column":48,"tokenListIndex":23},"lengthOfFirst":6,"lengthOfSecond":6},{"firstFileName":"MEHMET_BARAN_KIRAT/LinkedListQuestions.cpp","secondFileName":"EFE_NEVZAT_CENGER/LinkedListQuestions.cpp","startInFirst":{"line":38,"column":1,"tokenListIndex":30},"endInFirst":{"line":42,"column":1,"tokenListIndex":35},"startInSecond":{"line":61,"column":0,"tokenListIndex":43},"endInSecond":{"line":69,"column":0,"tokenListIndex":48},"lengthOfFirst":6,"lengthOfSecond":6}],"firstSimilarity":0.25,"secondSimilarity":0.22727272727272727}