{"firstSubmissionId":"MEHMET_BARAN_KIRAT","secondSubmissionId":"ATAKAN_ORGUN","similarities":{"AVG":0.10840108401084012,"MAX":0.25,"MAXIMUM_LENGTH":303.0,"LONGEST_MATCH":8.0},"matches":[{"firstFileName":"MEHMET_BARAN_KIRAT/LinkedListQuestions.cpp","secondFileName":"ATAKAN_ORGUN/LinkedListQuestions.cpp","startInFirst":{"line":26,"column":1,"tokenListIndex":16},"endInFirst":{"line":32,"column":12,"tokenListIndex":23},"startInSecond":{"line":21,"column":1,"tokenListIndex":14},"endInSecond":{"line":28,"column":5,"tokenListIndex":21},"lengthOfFirst":8,"lengthOfSecond":8},{"firstFileName":"MEHMET_BARAN_KIRAT/LinkedListQuestions.cpp","secondFileName":"ATAKAN_ORGUN/LinkedList.cpp","startInFirst":{"line":9,"column":0,"tokenListIndex":0},"endInFirst":{"line":11,"column":9,"tokenListIndex":5},"startInSecond":{"line":115,"column":0,"tokenListIndex":229},"endInSecond":{"line":117,"column":6,"tokenListIndex":234},"lengthOfFirst":6,"lengthOfSecond":6},{"firstFileName":"MEHMET_BARAN_KIRAT/LinkedListQuestions.cpp","secondFileName":"ATAKAN_ORGUN/LinkedList.cpp","startInFirst":{"line":71,"column":2,"tokenListIndex":65},"endInFirst":{"line":79,"column":47,"tokenListIndex":70},"startInSecond":{"line":50,"column":4,"tokenListIndex":195},"endInSecond":{"line":61,"column":44,"tokenListIndex":200},"lengthOfFirst":6,"lengthOfSecond":6}],"firstSimilarity":0.25,"secondSimilarity":0.06920415224913495}