{"firstSubmissionId":"MERT_ACAR","secondSubmissionId":"MUSAB_TUNC","similarities":{"AVG":0.2597402597402597,"MAX":0.45454545454545453,"MAXIMUM_LENGTH":67.0,"LONGEST_MATCH":10.0},"matches":[{"firstFileName":"MERT_ACAR/lab1_1.cpp","secondFileName":"MUSAB_TUNC/musab_tunc.cpp","startInFirst":{"line":15,"column":2,"tokenListIndex":10},"endInFirst":{"line":23,"column":48,"tokenListIndex":19},"startInSecond":{"line":12,"column":2,"tokenListIndex":6},"endInSecond":{"line":22,"column":48,"tokenListIndex":15},"lengthOfFirst":10,"lengthOfSecond":10}],"firstSimilarity":0.45454545454545453,"secondSimilarity":0.18181818181818182}