{"firstSubmissionId":"MERT_ACAR","secondSubmissionId":"SERRA_PEHLIVANKUCUK","similarities":{"AVG":0.5352112676056338,"MAX":0.8636363636363636,"MAXIMUM_LENGTH":60.0,"LONGEST_MATCH":10.0},"matches":[{"firstFileName":"MERT_ACAR/lab1_1.cpp","secondFileName":"SERRA_PEHLIVANKUCUK/LinkedListQuestions.cpp","startInFirst":{"line":15,"column":2,"tokenListIndex":10},"endInFirst":{"line":23,"column":48,"tokenListIndex":19},"startInSecond":{"line":16,"column":2,"tokenListIndex":9},"endInSecond":{"line":26,"column":48,"tokenListIndex":18},"lengthOfFirst":10,"lengthOfSecond":10},{"firstFileName":"MERT_ACAR/lab1_1.cpp","secondFileName":"SERRA_PEHLIVANKUCUK/LinkedListQuestions.cpp","startInFirst":{"line":8,"column":0,"tokenListIndex":0},"endInFirst":{"line":14,"column":1,"tokenListIndex":8},"startInSecond":{"line":8,"column":0,"tokenListIndex":0},"endInSecond":{"line":15,"column":1,"tokenListIndex":8},"lengthOfFirst":9,"lengthOfSecond":9}],"firstSimilarity":0.8636363636363636,"secondSimilarity":0.3877551020408163}