{"firstSubmissionId":"MERT_ACAR","secondSubmissionId":"OYKU_AKSUNGUR","similarities":{"AVG":0.12244897959183673,"MAX":0.2727272727272727,"MAXIMUM_LENGTH":77.0,"LONGEST_MATCH":6.0},"matches":[{"firstFileName":"MERT_ACAR/lab1_1.cpp","secondFileName":"OYKU_AKSUNGUR/LinkedListQuestions.cpp","startInFirst":{"line":8,"column":36,"tokenListIndex":2},"endInFirst":{"line":13,"column":8,"tokenListIndex":7},"startInSecond":{"line":65,"column":57,"tokenListIndex":46},"endInSecond":{"line":71,"column":5,"tokenListIndex":51},"lengthOfFirst":6,"lengthOfSecond":6}],"firstSimilarity":0.2727272727272727,"secondSimilarity":0.07894736842105263}