{"firstSubmissionId":"MERT_ACAR","secondSubmissionId":"ILBER_EREN_TUT","similarities":{"AVG":0.23728813559322035,"MAX":0.3181818181818182,"MAXIMUM_LENGTH":38.0,"LONGEST_MATCH":7.0},"matches":[{"firstFileName":"MERT_ACAR/lab1_1.cpp","secondFileName":"ILBER_EREN_TUT/LinkedListQuestions.cpp","startInFirst":{"line":15,"column":2,"tokenListIndex":10},"endInFirst":{"line":20,"column":0,"tokenListIndex":16},"startInSecond":{"line":13,"column":8,"tokenListIndex":5},"endInSecond":{"line":19,"column":0,"tokenListIndex":11},"lengthOfFirst":7,"lengthOfSecond":7}],"firstSimilarity":0.3181818181818182,"secondSimilarity":0.1891891891891892}