{"firstSubmissionId":"MERT_ACAR","secondSubmissionId":"BETUL_CAGRIL","similarities":{"AVG":0.26,"MAX":0.5909090909090909,"MAXIMUM_LENGTH":85.0,"LONGEST_MATCH":7.0},"matches":[{"firstFileName":"MERT_ACAR/lab1_1.cpp","secondFileName":"BETUL_CAGRIL/LinkedListQuestions.cpp","startInFirst":{"line":17,"column":2,"tokenListIndex":13},"endInFirst":{"line":23,"column":48,"tokenListIndex":19},"startInSecond":{"line":25,"column":8,"tokenListIndex":16},"endInSecond":{"line":35,"column":48,"tokenListIndex":22},"lengthOfFirst":7,"lengthOfSecond":7},{"firstFileName":"MERT_ACAR/lab1_1.cpp","secondFileName":"BETUL_CAGRIL/LinkedListQuestions.cpp","startInFirst":{"line":8,"column":36,"tokenListIndex":2},"endInFirst":{"line":13,"column":8,"tokenListIndex":7},"startInSecond":{"line":38,"column":4,"tokenListIndex":23},"endInSecond":{"line":45,"column":12,"tokenListIndex":28},"lengthOfFirst":6,"lengthOfSecond":6}],"firstSimilarity":0.5909090909090909,"secondSimilarity":0.16666666666666666}