{"firstSubmissionId":"MERT_ACAR","secondSubmissionId":"MEHMET_BARAN_KIRAT","similarities":{"AVG":0.11764705882352941,"MAX":0.2727272727272727,"MAXIMUM_LENGTH":81.0,"LONGEST_MATCH":6.0},"matches":[{"firstFileName":"MERT_ACAR/lab1_1.cpp","secondFileName":"MEHMET_BARAN_KIRAT/LinkedListQuestions.cpp","startInFirst":{"line":18,"column":1,"tokenListIndex":14},"endInFirst":{"line":23,"column":48,"tokenListIndex":19},"startInSecond":{"line":26,"column":1,"tokenListIndex":16},"endInSecond":{"line":31,"column":48,"tokenListIndex":21},"lengthOfFirst":6,"lengthOfSecond":6}],"firstSimilarity":0.2727272727272727,"secondSimilarity":0.075}