{"firstSubmissionId":"MERT_ACAR","secondSubmissionId":"EFE_DEMIRCI","similarities":{"AVG":0.1834862385321101,"MAX":0.45454545454545453,"MAXIMUM_LENGTH":88.0,"LONGEST_MATCH":10.0},"matches":[{"firstFileName":"MERT_ACAR/lab1_1.cpp","secondFileName":"EFE_DEMIRCI/LinkedListQuestions.cpp","startInFirst":{"line":15,"column":2,"tokenListIndex":10},"endInFirst":{"line":23,"column":48,"tokenListIndex":19},"startInSecond":{"line":18,"column":2,"tokenListIndex":11},"endInSecond":{"line":31,"column":48,"tokenListIndex":20},"lengthOfFirst":10,"lengthOfSecond":10}],"firstSimilarity":0.45454545454545453,"secondSimilarity":0.11494252873563218}