{"firstSubmissionId":"MERT_ACAR","secondSubmissionId":"EMIRHAN_EREN_ELIBOL","similarities":{"AVG":0.1927710843373494,"MAX":0.7272727272727273,"MAXIMUM_LENGTH":145.0,"LONGEST_MATCH":10.0},"matches":[{"firstFileName":"MERT_ACAR/lab1_1.cpp","secondFileName":"EMIRHAN_EREN_ELIBOL/LinkedListQuestions.cpp","startInFirst":{"line":15,"column":2,"tokenListIndex":10},"endInFirst":{"line":23,"column":48,"tokenListIndex":19},"startInSecond":{"line":16,"column":1,"tokenListIndex":9},"endInSecond":{"line":23,"column":48,"tokenListIndex":18},"lengthOfFirst":10,"lengthOfSecond":10},{"firstFileName":"MERT_ACAR/lab1_1.cpp","secondFileName":"EMIRHAN_EREN_ELIBOL/LinkedListQuestions.cpp","startInFirst":{"line":8,"column":36,"tokenListIndex":2},"endInFirst":{"line":13,"column":8,"tokenListIndex":7},"startInSecond":{"line":26,"column":1,"tokenListIndex":19},"endInSecond":{"line":30,"column":8,"tokenListIndex":24},"lengthOfFirst":6,"lengthOfSecond":6}],"firstSimilarity":0.7272727272727273,"secondSimilarity":0.1111111111111111}