{"firstSubmissionId":"MERT_ACAR","secondSubmissionId":"OSMAN_ALPEREN_KARADAG","similarities":{"AVG":0.17699115044247787,"MAX":0.45454545454545453,"MAXIMUM_LENGTH":92.0,"LONGEST_MATCH":10.0},"matches":[{"firstFileName":"MERT_ACAR/lab1_1.cpp","secondFileName":"OSMAN_ALPEREN_KARADAG/LinkedListQuestions.cpp","startInFirst":{"line":15,"column":2,"tokenListIndex":10},"endInFirst":{"line":23,"column":48,"tokenListIndex":19},"startInSecond":{"line":16,"column":8,"tokenListIndex":10},"endInSecond":{"line":26,"column":48,"tokenListIndex":19},"lengthOfFirst":10,"lengthOfSecond":10}],"firstSimilarity":0.45454545454545453,"secondSimilarity":0.10989010989010989}