{"firstSubmissionId":"MERT_ACAR","secondSubmissionId":"EMIRHAN_DEMIR","similarities":{"AVG":0.12631578947368421,"MAX":0.2727272727272727,"MAXIMUM_LENGTH":80.0,"LONGEST_MATCH":6.0},"matches":[{"firstFileName":"MERT_ACAR/lab1_1.cpp","secondFileName":"EMIRHAN_DEMIR/LinkedListQuestions.cpp","startInFirst":{"line":8,"column":0,"tokenListIndex":0},"endInFirst":{"line":11,"column":13,"tokenListIndex":5},"startInSecond":{"line":8,"column":0,"tokenListIndex":0},"endInSecond":{"line":11,"column":1,"tokenListIndex":5},"lengthOfFirst":6,"lengthOfSecond":6}],"firstSimilarity":0.2727272727272727,"secondSimilarity":0.0821917808219178}