{"firstSubmissionId":"MERT_ACAR","secondSubmissionId":"YAREN_TEKIN","similarities":{"AVG":0.336283185840708,"MAX":0.8636363636363636,"MAXIMUM_LENGTH":92.0,"LONGEST_MATCH":10.0},"matches":[{"firstFileName":"MERT_ACAR/lab1_1.cpp","secondFileName":"YAREN_TEKIN/LinkedListQuestions.cpp","startInFirst":{"line":15,"column":2,"tokenListIndex":10},"endInFirst":{"line":23,"column":48,"tokenListIndex":19},"startInSecond":{"line":14,"column":0,"tokenListIndex":9},"endInSecond":{"line":23,"column":48,"tokenListIndex":18},"lengthOfFirst":10,"lengthOfSecond":10},{"firstFileName":"MERT_ACAR/lab1_1.cpp","secondFileName":"YAREN_TEKIN/LinkedListQuestions.cpp","startInFirst":{"line":8,"column":0,"tokenListIndex":0},"endInFirst":{"line":14,"column":1,"tokenListIndex":8},"startInSecond":{"line":8,"column":0,"tokenListIndex":0},"endInSecond":{"line":13,"column":0,"tokenListIndex":8},"lengthOfFirst":9,"lengthOfSecond":9}],"firstSimilarity":0.8636363636363636,"secondSimilarity":0.2087912087912088}