{"firstSubmissionId":"MERT_ACAR","secondSubmissionId":"EREN_COMOGLU","similarities":{"AVG":0.11009174311926606,"MAX":0.2727272727272727,"MAXIMUM_LENGTH":88.0,"LONGEST_MATCH":6.0},"matches":[{"firstFileName":"MERT_ACAR/lab1_1.cpp","secondFileName":"EREN_COMOGLU/LinkedListQuestions.cpp","startInFirst":{"line":8,"column":36,"tokenListIndex":2},"endInFirst":{"line":13,"column":8,"tokenListIndex":7},"startInSecond":{"line":54,"column":57,"tokenListIndex":49},"endInSecond":{"line":58,"column":9,"tokenListIndex":54},"lengthOfFirst":6,"lengthOfSecond":6}],"firstSimilarity":0.2727272727272727,"secondSimilarity":0.06896551724137931}