{"firstSubmissionId":"MERT_ACAR","secondSubmissionId":"SELIN_SUNA_KAYA","similarities":{"AVG":0.17543859649122806,"MAX":0.45454545454545453,"MAXIMUM_LENGTH":93.0,"LONGEST_MATCH":10.0},"matches":[{"firstFileName":"MERT_ACAR/lab1_1.cpp","secondFileName":"SELIN_SUNA_KAYA/LinkedListQuestions.cpp","startInFirst":{"line":15,"column":2,"tokenListIndex":10},"endInFirst":{"line":23,"column":48,"tokenListIndex":19},"startInSecond":{"line":12,"column":2,"tokenListIndex":11},"endInSecond":{"line":19,"column":48,"tokenListIndex":20},"lengthOfFirst":10,"lengthOfSecond":10}],"firstSimilarity":0.45454545454545453,"secondSimilarity":0.10869565217391304}