{"firstSubmissionId":"MERT_ACAR","secondSubmissionId":"ATAKAN_ORGUN","similarities":{"AVG":0.10289389067524116,"MAX":0.7272727272727273,"MAXIMUM_LENGTH":303.0,"LONGEST_MATCH":10.0},"matches":[{"firstFileName":"MERT_ACAR/lab1_1.cpp","secondFileName":"ATAKAN_ORGUN/LinkedListQuestions.cpp","startInFirst":{"line":15,"column":2,"tokenListIndex":10},"endInFirst":{"line":23,"column":48,"tokenListIndex":19},"startInSecond":{"line":16,"column":2,"tokenListIndex":10},"endInSecond":{"line":27,"column":48,"tokenListIndex":19},"lengthOfFirst":10,"lengthOfSecond":10},{"firstFileName":"MERT_ACAR/lab1_1.cpp","secondFileName":"ATAKAN_ORGUN/LinkedList.cpp","startInFirst":{"line":10,"column":1,"tokenListIndex":3},"endInFirst":{"line":14,"column":1,"tokenListIndex":8},"startInSecond":{"line":133,"column":2,"tokenListIndex":245},"endInSecond":{"line":141,"column":2,"tokenListIndex":250},"lengthOfFirst":6,"lengthOfSecond":6}],"firstSimilarity":0.7272727272727273,"secondSimilarity":0.05536332179930796}