{"firstSubmissionId":"MERT_ACAR","secondSubmissionId":"EFE_NEVZAT_CENGER","similarities":{"AVG":0.2545454545454545,"MAX":0.6363636363636364,"MAXIMUM_LENGTH":95.0,"LONGEST_MATCH":8.0},"matches":[{"firstFileName":"MERT_ACAR/lab1_1.cpp","secondFileName":"EFE_NEVZAT_CENGER/LinkedListQuestions.cpp","startInFirst":{"line":16,"column":15,"tokenListIndex":12},"endInFirst":{"line":23,"column":48,"tokenListIndex":19},"startInSecond":{"line":24,"column":1,"tokenListIndex":16},"endInSecond":{"line":35,"column":48,"tokenListIndex":23},"lengthOfFirst":8,"lengthOfSecond":8},{"firstFileName":"MERT_ACAR/lab1_1.cpp","secondFileName":"EFE_NEVZAT_CENGER/LinkedListQuestions.cpp","startInFirst":{"line":8,"column":36,"tokenListIndex":2},"endInFirst":{"line":13,"column":8,"tokenListIndex":7},"startInSecond":{"line":85,"column":57,"tokenListIndex":59},"endInSecond":{"line":90,"column":7,"tokenListIndex":64},"lengthOfFirst":6,"lengthOfSecond":6}],"firstSimilarity":0.6363636363636364,"secondSimilarity":0.1590909090909091}