{"firstSubmissionId":"MERT_ACAR","secondSubmissionId":"KEREM_AKDENIZ","similarities":{"AVG":0.3132530120481928,"MAX":0.5909090909090909,"MAXIMUM_LENGTH":68.0,"LONGEST_MATCH":7.0},"matches":[{"firstFileName":"MERT_ACAR/lab1_1.cpp","secondFileName":"KEREM_AKDENIZ/LinkedListQuestions.cpp","startInFirst":{"line":17,"column":2,"tokenListIndex":13},"endInFirst":{"line":23,"column":48,"tokenListIndex":19},"startInSecond":{"line":17,"column":2,"tokenListIndex":12},"endInSecond":{"line":23,"column":48,"tokenListIndex":18},"lengthOfFirst":7,"lengthOfSecond":7},{"firstFileName":"MERT_ACAR/lab1_1.cpp","secondFileName":"KEREM_AKDENIZ/LinkedListQuestions.cpp","startInFirst":{"line":8,"column":36,"tokenListIndex":2},"endInFirst":{"line":13,"column":8,"tokenListIndex":7},"startInSecond":{"line":24,"column":1,"tokenListIndex":19},"endInSecond":{"line":27,"column":8,"tokenListIndex":24},"lengthOfFirst":6,"lengthOfSecond":6}],"firstSimilarity":0.5909090909090909,"secondSimilarity":0.21311475409836064}