{"firstSubmissionId":"MERT_ACAR","secondSubmissionId":"MERVE_NAZ_DIKME","similarities":{"AVG":0.4788732394366197,"MAX":0.7727272727272727,"MAXIMUM_LENGTH":56.0,"LONGEST_MATCH":10.0},"matches":[{"firstFileName":"MERT_ACAR/lab1_1.cpp","secondFileName":"MERVE_NAZ_DIKME/LinkedListQuestions.cpp","startInFirst":{"line":15,"column":2,"tokenListIndex":10},"endInFirst":{"line":23,"column":48,"tokenListIndex":19},"startInSecond":{"line":13,"column":5,"tokenListIndex":6},"endInSecond":{"line":22,"column":48,"tokenListIndex":15},"lengthOfFirst":10,"lengthOfSecond":10},{"firstFileName":"MERT_ACAR/lab1_1.cpp","secondFileName":"MERVE_NAZ_DIKME/LinkedListQuestions.cpp","startInFirst":{"line":8,"column":36,"tokenListIndex":2},"endInFirst":{"line":14,"column":1,"tokenListIndex":8},"startInSecond":{"line":41,"column":57,"tokenListIndex":32},"endInSecond":{"line":47,"column":1,"tokenListIndex":38},"lengthOfFirst":7,"lengthOfSecond":7}],"firstSimilarity":0.7727272727272727,"secondSimilarity":0.3469387755102041}