{"firstSubmissionId":"MERVE_NAZ_DIKME","secondSubmissionId":"OYKU_AKSUNGUR","similarities":{"AVG":0.288,"MAX":0.3673469387755102,"MAXIMUM_LENGTH":77.0,"LONGEST_MATCH":11.0},"matches":[{"firstFileName":"MERVE_NAZ_DIKME/LinkedListQuestions.cpp","secondFileName":"OYKU_AKSUNGUR/LinkedListQuestions.cpp","startInFirst":{"line":34,"column":3,"tokenListIndex":27},"endInFirst":{"line":46,"column":5,"tokenListIndex":37},"startInSecond":{"line":54,"column":1,"tokenListIndex":41},"endInSecond":{"line":71,"column":5,"tokenListIndex":51},"lengthOfFirst":11,"lengthOfSecond":11},{"firstFileName":"MERVE_NAZ_DIKME/LinkedListQuestions.cpp","secondFileName":"OYKU_AKSUNGUR/LinkedListQuestions.cpp","startInFirst":{"line":28,"column":3,"tokenListIndex":20},"endInFirst":{"line":32,"column":4,"tokenListIndex":26},"startInSecond":{"line":34,"column":1,"tokenListIndex":20},"endInSecond":{"line":40,"column":2,"tokenListIndex":26},"lengthOfFirst":7,"lengthOfSecond":7}],"firstSimilarity":0.3673469387755102,"secondSimilarity":0.23684210526315788}