{"firstSubmissionId":"MERVE_NAZ_DIKME","secondSubmissionId":"EMIRHAN_EREN_ELIBOL","similarities":{"AVG":0.3005181347150259,"MAX":0.5918367346938775,"MAXIMUM_LENGTH":145.0,"LONGEST_MATCH":19.0},"matches":[{"firstFileName":"MERVE_NAZ_DIKME/LinkedListQuestions.cpp","secondFileName":"EMIRHAN_EREN_ELIBOL/LinkedListQuestions.cpp","startInFirst":{"line":12,"column":4,"tokenListIndex":5},"endInFirst":{"line":29,"column":11,"tokenListIndex":23},"startInSecond":{"line":13,"column":1,"tokenListIndex":8},"endInSecond":{"line":34,"column":8,"tokenListIndex":26},"lengthOfFirst":19,"lengthOfSecond":19},{"firstFileName":"MERVE_NAZ_DIKME/LinkedListQuestions.cpp","secondFileName":"EMIRHAN_EREN_ELIBOL/LinkedListQuestions.cpp","startInFirst":{"line":37,"column":0,"tokenListIndex":28},"endInFirst":{"line":46,"column":5,"tokenListIndex":37},"startInSecond":{"line":50,"column":0,"tokenListIndex":40},"endInSecond":{"line":58,"column":8,"tokenListIndex":49},"lengthOfFirst":10,"lengthOfSecond":10}],"firstSimilarity":0.5918367346938775,"secondSimilarity":0.2013888888888889}