{"firstSubmissionId":"MERVE_NAZ_DIKME","secondSubmissionId":"KEREM_AKDENIZ","similarities":{"AVG":0.38181818181818183,"MAX":0.42857142857142855,"MAXIMUM_LENGTH":68.0,"LONGEST_MATCH":15.0},"matches":[{"firstFileName":"MERVE_NAZ_DIKME/LinkedListQuestions.cpp","secondFileName":"KEREM_AKDENIZ/LinkedListQuestions.cpp","startInFirst":{"line":16,"column":2,"tokenListIndex":9},"endInFirst":{"line":29,"column":11,"tokenListIndex":23},"startInSecond":{"line":17,"column":2,"tokenListIndex":12},"endInSecond":{"line":29,"column":8,"tokenListIndex":26},"lengthOfFirst":15,"lengthOfSecond":15},{"firstFileName":"MERVE_NAZ_DIKME/LinkedListQuestions.cpp","secondFileName":"KEREM_AKDENIZ/LinkedListQuestions.cpp","startInFirst":{"line":10,"column":4,"tokenListIndex":3},"endInFirst":{"line":15,"column":2,"tokenListIndex":8},"startInSecond":{"line":10,"column":1,"tokenListIndex":5},"endInSecond":{"line":15,"column":2,"tokenListIndex":10},"lengthOfFirst":6,"lengthOfSecond":6}],"firstSimilarity":0.42857142857142855,"secondSimilarity":0.3442622950819672}