{"firstSubmissionId":"MERVE_NAZ_DIKME","secondSubmissionId":"ATAKAN_ORGUN","similarities":{"AVG":0.17159763313609466,"MAX":0.5918367346938775,"MAXIMUM_LENGTH":303.0,"LONGEST_MATCH":14.0},"matches":[{"firstFileName":"MERVE_NAZ_DIKME/LinkedListQuestions.cpp","secondFileName":"ATAKAN_ORGUN/LinkedListQuestions.cpp","startInFirst":{"line":10,"column":4,"tokenListIndex":3},"endInFirst":{"line":24,"column":3,"tokenListIndex":16},"startInSecond":{"line":13,"column":1,"tokenListIndex":7},"endInSecond":{"line":28,"column":1,"tokenListIndex":20},"lengthOfFirst":14,"lengthOfSecond":14},{"firstFileName":"MERVE_NAZ_DIKME/LinkedListQuestions.cpp","secondFileName":"ATAKAN_ORGUN/LinkedList.cpp","startInFirst":{"line":43,"column":1,"tokenListIndex":33},"endInFirst":{"line":50,"column":1,"tokenListIndex":40},"startInSecond":{"line":133,"column":2,"tokenListIndex":245},"endInSecond":{"line":147,"column":2,"tokenListIndex":252},"lengthOfFirst":8,"lengthOfSecond":8},{"firstFileName":"MERVE_NAZ_DIKME/LinkedListQuestions.cpp","secondFileName":"ATAKAN_ORGUN/LinkedList.cpp","startInFirst":{"line":52,"column":2,"tokenListIndex":42},"endInFirst":{"line":56,"column":1,"tokenListIndex":48},"startInSecond":{"line":70,"column":4,"tokenListIndex":206},"endInSecond":{"line":77,"column":2,"tokenListIndex":212},"lengthOfFirst":7,"lengthOfSecond":7}],"firstSimilarity":0.5918367346938775,"secondSimilarity":0.10034602076124567}