{"firstSubmissionId":"MERVE_NAZ_DIKME","secondSubmissionId":"MUSAB_TUNC","similarities":{"AVG":0.3269230769230769,"MAX":0.3469387755102041,"MAXIMUM_LENGTH":67.0,"LONGEST_MATCH":17.0},"matches":[{"firstFileName":"MERVE_NAZ_DIKME/LinkedListQuestions.cpp","secondFileName":"MUSAB_TUNC/musab_tunc.cpp","startInFirst":{"line":8,"column":0,"tokenListIndex":0},"endInFirst":{"line":24,"column":3,"tokenListIndex":16},"startInSecond":{"line":8,"column":0,"tokenListIndex":0},"endInSecond":{"line":23,"column":1,"tokenListIndex":16},"lengthOfFirst":17,"lengthOfSecond":17}],"firstSimilarity":0.3469387755102041,"secondSimilarity":0.3090909090909091}