{"firstSubmissionId":"MERVE_NAZ_DIKME","secondSubmissionId":"MEHMET_BARAN_KIRAT","similarities":{"AVG":0.21705426356589147,"MAX":0.2857142857142857,"MAXIMUM_LENGTH":81.0,"LONGEST_MATCH":8.0},"matches":[{"firstFileName":"MERVE_NAZ_DIKME/LinkedListQuestions.cpp","secondFileName":"MEHMET_BARAN_KIRAT/LinkedListQuestions.cpp","startInFirst":{"line":28,"column":3,"tokenListIndex":20},"endInFirst":{"line":34,"column":3,"tokenListIndex":27},"startInSecond":{"line":32,"column":4,"tokenListIndex":22},"endInSecond":{"line":37,"column":1,"tokenListIndex":29},"lengthOfFirst":8,"lengthOfSecond":8},{"firstFileName":"MERVE_NAZ_DIKME/LinkedListQuestions.cpp","secondFileName":"MEHMET_BARAN_KIRAT/LinkedListQuestions.cpp","startInFirst":{"line":17,"column":1,"tokenListIndex":10},"endInFirst":{"line":22,"column":48,"tokenListIndex":15},"startInSecond":{"line":26,"column":1,"tokenListIndex":16},"endInSecond":{"line":31,"column":48,"tokenListIndex":21},"lengthOfFirst":6,"lengthOfSecond":6}],"firstSimilarity":0.2857142857142857,"secondSimilarity":0.175}