{"firstSubmissionId":"MERVE_NAZ_DIKME","secondSubmissionId":"OSMAN_ALPEREN_KARADAG","similarities":{"AVG":0.3,"MAX":0.42857142857142855,"MAXIMUM_LENGTH":92.0,"LONGEST_MATCH":14.0},"matches":[{"firstFileName":"MERVE_NAZ_DIKME/LinkedListQuestions.cpp","secondFileName":"OSMAN_ALPEREN_KARADAG/LinkedListQuestions.cpp","startInFirst":{"line":10,"column":4,"tokenListIndex":3},"endInFirst":{"line":24,"column":3,"tokenListIndex":16},"startInSecond":{"line":13,"column":4,"tokenListIndex":7},"endInSecond":{"line":27,"column":4,"tokenListIndex":20},"lengthOfFirst":14,"lengthOfSecond":14},{"firstFileName":"MERVE_NAZ_DIKME/LinkedListQuestions.cpp","secondFileName":"OSMAN_ALPEREN_KARADAG/LinkedListQuestions.cpp","startInFirst":{"line":25,"column":3,"tokenListIndex":17},"endInFirst":{"line":29,"column":11,"tokenListIndex":23},"startInSecond":{"line":30,"column":4,"tokenListIndex":24},"endInSecond":{"line":35,"column":11,"tokenListIndex":30},"lengthOfFirst":7,"lengthOfSecond":7}],"firstSimilarity":0.42857142857142855,"secondSimilarity":0.23076923076923078}