{"firstSubmissionId":"MERVE_NAZ_DIKME","secondSubmissionId":"YAREN_TEKIN","similarities":{"AVG":0.44285714285714284,"MAX":0.6326530612244898,"MAXIMUM_LENGTH":92.0,"LONGEST_MATCH":21.0},"matches":[{"firstFileName":"MERVE_NAZ_DIKME/LinkedListQuestions.cpp","secondFileName":"YAREN_TEKIN/LinkedListQuestions.cpp","startInFirst":{"line":10,"column":4,"tokenListIndex":3},"endInFirst":{"line":29,"column":11,"tokenListIndex":23},"startInSecond":{"line":12,"column":0,"tokenListIndex":6},"endInSecond":{"line":30,"column":5,"tokenListIndex":26},"lengthOfFirst":21,"lengthOfSecond":21},{"firstFileName":"MERVE_NAZ_DIKME/LinkedListQuestions.cpp","secondFileName":"YAREN_TEKIN/LinkedListQuestions.cpp","startInFirst":{"line":37,"column":0,"tokenListIndex":28},"endInFirst":{"line":46,"column":5,"tokenListIndex":37},"startInSecond":{"line":44,"column":0,"tokenListIndex":36},"endInSecond":{"line":52,"column":5,"tokenListIndex":45},"lengthOfFirst":10,"lengthOfSecond":10}],"firstSimilarity":0.6326530612244898,"secondSimilarity":0.34065934065934067}