{"firstSubmissionId":"MERVE_NAZ_DIKME","secondSubmissionId":"SELIN_SUNA_KAYA","similarities":{"AVG":0.28368794326241137,"MAX":0.40816326530612246,"MAXIMUM_LENGTH":93.0,"LONGEST_MATCH":12.0},"matches":[{"firstFileName":"MERVE_NAZ_DIKME/LinkedListQuestions.cpp","secondFileName":"SELIN_SUNA_KAYA/LinkedListQuestions.cpp","startInFirst":{"line":12,"column":4,"tokenListIndex":5},"endInFirst":{"line":24,"column":3,"tokenListIndex":16},"startInSecond":{"line":11,"column":1,"tokenListIndex":10},"endInSecond":{"line":20,"column":1,"tokenListIndex":21},"lengthOfFirst":12,"lengthOfSecond":12},{"firstFileName":"MERVE_NAZ_DIKME/LinkedListQuestions.cpp","secondFileName":"SELIN_SUNA_KAYA/LinkedListQuestions.cpp","startInFirst":{"line":28,"column":3,"tokenListIndex":20},"endInFirst":{"line":34,"column":3,"tokenListIndex":27},"startInSecond":{"line":21,"column":1,"tokenListIndex":25},"endInSecond":{"line":27,"column":1,"tokenListIndex":32},"lengthOfFirst":8,"lengthOfSecond":8}],"firstSimilarity":0.40816326530612246,"secondSimilarity":0.21739130434782608}