{"firstSubmissionId":"MERVE_NAZ_DIKME","secondSubmissionId":"EREN_COMOGLU","similarities":{"AVG":0.19117647058823528,"MAX":0.2653061224489796,"MAXIMUM_LENGTH":88.0,"LONGEST_MATCH":13.0},"matches":[{"firstFileName":"MERVE_NAZ_DIKME/LinkedListQuestions.cpp","secondFileName":"EREN_COMOGLU/LinkedListQuestions.cpp","startInFirst":{"line":22,"column":48,"tokenListIndex":15},"endInFirst":{"line":34,"column":3,"tokenListIndex":27},"startInSecond":{"line":54,"column":47,"tokenListIndex":48},"endInSecond":{"line":64,"column":1,"tokenListIndex":60},"lengthOfFirst":13,"lengthOfSecond":13}],"firstSimilarity":0.2653061224489796,"secondSimilarity":0.14942528735632185}