{"firstSubmissionId":"MERVE_NAZ_DIKME","secondSubmissionId":"KUTALMIS_ATA_ALTAYLAR","similarities":{"AVG":0.5,"MAX":0.5714285714285714,"MAXIMUM_LENGTH":64.0,"LONGEST_MATCH":15.0},"matches":[{"firstFileName":"MERVE_NAZ_DIKME/LinkedListQuestions.cpp","secondFileName":"KUTALMIS_ATA_ALTAYLAR/LinkedListQuestions.lab111.cpp","startInFirst":{"line":10,"column":4,"tokenListIndex":3},"endInFirst":{"line":25,"column":3,"tokenListIndex":17},"startInSecond":{"line":11,"column":0,"tokenListIndex":6},"endInSecond":{"line":23,"column":0,"tokenListIndex":20},"lengthOfFirst":15,"lengthOfSecond":15},{"firstFileName":"MERVE_NAZ_DIKME/LinkedListQuestions.cpp","secondFileName":"KUTALMIS_ATA_ALTAYLAR/LinkedListQuestions.lab111.cpp","startInFirst":{"line":28,"column":3,"tokenListIndex":20},"endInFirst":{"line":32,"column":4,"tokenListIndex":26},"startInSecond":{"line":26,"column":0,"tokenListIndex":25},"endInSecond":{"line":32,"column":11,"tokenListIndex":31},"lengthOfFirst":7,"lengthOfSecond":7},{"firstFileName":"MERVE_NAZ_DIKME/LinkedListQuestions.cpp","secondFileName":"KUTALMIS_ATA_ALTAYLAR/LinkedListQuestions.lab111.cpp","startInFirst":{"line":34,"column":3,"tokenListIndex":27},"endInFirst":{"line":41,"column":57,"tokenListIndex":32},"startInSecond":{"line":36,"column":0,"tokenListIndex":36},"endInSecond":{"line":40,"column":57,"tokenListIndex":41},"lengthOfFirst":6,"lengthOfSecond":6}],"firstSimilarity":0.5714285714285714,"secondSimilarity":0.4444444444444444}