{"firstSubmissionId":"MERVE_NAZ_DIKME","secondSubmissionId":"BETUL_CAGRIL","similarities":{"AVG":0.4094488188976378,"MAX":0.5306122448979592,"MAXIMUM_LENGTH":85.0,"LONGEST_MATCH":19.0},"matches":[{"firstFileName":"MERVE_NAZ_DIKME/LinkedListQuestions.cpp","secondFileName":"BETUL_CAGRIL/LinkedListQuestions.cpp","startInFirst":{"line":16,"column":2,"tokenListIndex":9},"endInFirst":{"line":34,"column":3,"tokenListIndex":27},"startInSecond":{"line":25,"column":8,"tokenListIndex":16},"endInSecond":{"line":51,"column":4,"tokenListIndex":34},"lengthOfFirst":19,"lengthOfSecond":19},{"firstFileName":"MERVE_NAZ_DIKME/LinkedListQuestions.cpp","secondFileName":"BETUL_CAGRIL/LinkedListQuestions.cpp","startInFirst":{"line":51,"column":1,"tokenListIndex":41},"endInFirst":{"line":54,"column":23,"tokenListIndex":47},"startInSecond":{"line":89,"column":4,"tokenListIndex":61},"endInSecond":{"line":93,"column":30,"tokenListIndex":67},"lengthOfFirst":7,"lengthOfSecond":7}],"firstSimilarity":0.5306122448979592,"secondSimilarity":0.3333333333333333}