{"firstSubmissionId":"MERVE_NAZ_DIKME","secondSubmissionId":"EFE_DEMIRCI","similarities":{"AVG":0.29411764705882354,"MAX":0.40816326530612246,"MAXIMUM_LENGTH":88.0,"LONGEST_MATCH":14.0},"matches":[{"firstFileName":"MERVE_NAZ_DIKME/LinkedListQuestions.cpp","secondFileName":"EFE_DEMIRCI/LinkedListQuestions.cpp","startInFirst":{"line":10,"column":4,"tokenListIndex":3},"endInFirst":{"line":24,"column":3,"tokenListIndex":16},"startInSecond":{"line":15,"column":1,"tokenListIndex":8},"endInSecond":{"line":33,"column":1,"tokenListIndex":21},"lengthOfFirst":14,"lengthOfSecond":14},{"firstFileName":"MERVE_NAZ_DIKME/LinkedListQuestions.cpp","secondFileName":"EFE_DEMIRCI/LinkedListQuestions.cpp","startInFirst":{"line":37,"column":0,"tokenListIndex":28},"endInFirst":{"line":43,"column":1,"tokenListIndex":33},"startInSecond":{"line":64,"column":0,"tokenListIndex":40},"endInSecond":{"line":70,"column":1,"tokenListIndex":45},"lengthOfFirst":6,"lengthOfSecond":6}],"firstSimilarity":0.40816326530612246,"secondSimilarity":0.22988505747126436}