{"firstSubmissionId":"MERVE_NAZ_DIKME","secondSubmissionId":"SERRA_PEHLIVANKUCUK","similarities":{"AVG":0.3469387755102041,"MAX":0.3469387755102041,"MAXIMUM_LENGTH":60.0,"LONGEST_MATCH":17.0},"matches":[{"firstFileName":"MERVE_NAZ_DIKME/LinkedListQuestions.cpp","secondFileName":"SERRA_PEHLIVANKUCUK/LinkedListQuestions.cpp","startInFirst":{"line":10,"column":4,"tokenListIndex":3},"endInFirst":{"line":27,"column":3,"tokenListIndex":19},"startInSecond":{"line":14,"column":1,"tokenListIndex":6},"endInSecond":{"line":31,"column":19,"tokenListIndex":22},"lengthOfFirst":17,"lengthOfSecond":17}],"firstSimilarity":0.3469387755102041,"secondSimilarity":0.3469387755102041}