{"firstSubmissionId":"MERVE_NAZ_DIKME","secondSubmissionId":"EMIRHAN_DEMIR","similarities":{"AVG":0.22950819672131148,"MAX":0.2857142857142857,"MAXIMUM_LENGTH":80.0,"LONGEST_MATCH":8.0},"matches":[{"firstFileName":"MERVE_NAZ_DIKME/LinkedListQuestions.cpp","secondFileName":"EMIRHAN_DEMIR/LinkedListQuestions.cpp","startInFirst":{"line":37,"column":0,"tokenListIndex":28},"endInFirst":{"line":45,"column":1,"tokenListIndex":35},"startInSecond":{"line":51,"column":0,"tokenListIndex":47},"endInSecond":{"line":58,"column":1,"tokenListIndex":54},"lengthOfFirst":8,"lengthOfSecond":8},{"firstFileName":"MERVE_NAZ_DIKME/LinkedListQuestions.cpp","secondFileName":"EMIRHAN_DEMIR/LinkedListQuestions.cpp","startInFirst":{"line":19,"column":0,"tokenListIndex":12},"endInFirst":{"line":25,"column":3,"tokenListIndex":17},"startInSecond":{"line":21,"column":0,"tokenListIndex":13},"endInSecond":{"line":27,"column":1,"tokenListIndex":18},"lengthOfFirst":6,"lengthOfSecond":6}],"firstSimilarity":0.2857142857142857,"secondSimilarity":0.1917808219178082}