{"firstSubmissionId":"MERVE_NAZ_DIKME","secondSubmissionId":"EFE_NEVZAT_CENGER","similarities":{"AVG":0.291970802919708,"MAX":0.40816326530612246,"MAXIMUM_LENGTH":95.0,"LONGEST_MATCH":13.0},"matches":[{"firstFileName":"MERVE_NAZ_DIKME/LinkedListQuestions.cpp","secondFileName":"EFE_NEVZAT_CENGER/LinkedListQuestions.cpp","startInFirst":{"line":22,"column":48,"tokenListIndex":15},"endInFirst":{"line":34,"column":3,"tokenListIndex":27},"startInSecond":{"line":85,"column":47,"tokenListIndex":58},"endInSecond":{"line":98,"column":0,"tokenListIndex":70},"lengthOfFirst":13,"lengthOfSecond":13},{"firstFileName":"MERVE_NAZ_DIKME/LinkedListQuestions.cpp","secondFileName":"EFE_NEVZAT_CENGER/LinkedListQuestions.cpp","startInFirst":{"line":15,"column":2,"tokenListIndex":8},"endInFirst":{"line":22,"column":22,"tokenListIndex":14},"startInSecond":{"line":24,"column":1,"tokenListIndex":16},"endInSecond":{"line":35,"column":22,"tokenListIndex":22},"lengthOfFirst":7,"lengthOfSecond":7}],"firstSimilarity":0.40816326530612246,"secondSimilarity":0.22727272727272727}