{"firstSubmissionId":"MERVE_NAZ_DIKME","secondSubmissionId":"ECENUR_GUNER","similarities":{"AVG":0.4,"MAX":0.5918367346938775,"MAXIMUM_LENGTH":97.0,"LONGEST_MATCH":19.0},"matches":[{"firstFileName":"MERVE_NAZ_DIKME/LinkedListQuestions.cpp","secondFileName":"ECENUR_GUNER/LinkedListQuestions.cpp","startInFirst":{"line":10,"column":4,"tokenListIndex":3},"endInFirst":{"line":28,"column":10,"tokenListIndex":21},"startInSecond":{"line":14,"column":4,"tokenListIndex":6},"endInSecond":{"line":35,"column":11,"tokenListIndex":24},"lengthOfFirst":19,"lengthOfSecond":19},{"firstFileName":"MERVE_NAZ_DIKME/LinkedListQuestions.cpp","secondFileName":"ECENUR_GUNER/LinkedListQuestions.cpp","startInFirst":{"line":37,"column":0,"tokenListIndex":28},"endInFirst":{"line":46,"column":5,"tokenListIndex":37},"startInSecond":{"line":52,"column":0,"tokenListIndex":34},"endInSecond":{"line":60,"column":11,"tokenListIndex":43},"lengthOfFirst":10,"lengthOfSecond":10}],"firstSimilarity":0.5918367346938775,"secondSimilarity":0.3020833333333333}