{"firstSubmissionId":"MUSAB_TUNC","secondSubmissionId":"EFE_DEMIRCI","similarities":{"AVG":0.30985915492957744,"MAX":0.4,"MAXIMUM_LENGTH":88.0,"LONGEST_MATCH":14.0},"matches":[{"firstFileName":"MUSAB_TUNC/musab_tunc.cpp","secondFileName":"EFE_DEMIRCI/LinkedListQuestions.cpp","startInFirst":{"line":9,"column":1,"tokenListIndex":3},"endInFirst":{"line":23,"column":1,"tokenListIndex":16},"startInSecond":{"line":15,"column":1,"tokenListIndex":8},"endInSecond":{"line":33,"column":1,"tokenListIndex":21},"lengthOfFirst":14,"lengthOfSecond":14},{"firstFileName":"MUSAB_TUNC/musab_tunc.cpp","secondFileName":"EFE_DEMIRCI/LinkedListQuestions.cpp","startInFirst":{"line":33,"column":2,"tokenListIndex":25},"endInFirst":{"line":36,"column":2,"tokenListIndex":32},"startInSecond":{"line":75,"column":1,"tokenListIndex":49},"endInSecond":{"line":80,"column":1,"tokenListIndex":56},"lengthOfFirst":8,"lengthOfSecond":8}],"firstSimilarity":0.4,"secondSimilarity":0.25287356321839083}