{"firstSubmissionId":"MUSAB_TUNC","secondSubmissionId":"MEHMET_BARAN_KIRAT","similarities":{"AVG":0.13333333333333333,"MAX":0.16363636363636364,"MAXIMUM_LENGTH":81.0,"LONGEST_MATCH":9.0},"matches":[{"firstFileName":"MUSAB_TUNC/musab_tunc.cpp","secondFileName":"MEHMET_BARAN_KIRAT/LinkedListQuestions.cpp","startInFirst":{"line":16,"column":1,"tokenListIndex":10},"endInFirst":{"line":24,"column":1,"tokenListIndex":18},"startInSecond":{"line":26,"column":1,"tokenListIndex":16},"endInSecond":{"line":33,"column":1,"tokenListIndex":24},"lengthOfFirst":9,"lengthOfSecond":9}],"firstSimilarity":0.16363636363636364,"secondSimilarity":0.1125}