{"firstSubmissionId":"MUSAB_TUNC","secondSubmissionId":"EMIRHAN_EREN_ELIBOL","similarities":{"AVG":0.2914572864321608,"MAX":0.5272727272727272,"MAXIMUM_LENGTH":145.0,"LONGEST_MATCH":12.0},"matches":[{"firstFileName":"MUSAB_TUNC/musab_tunc.cpp","secondFileName":"EMIRHAN_EREN_ELIBOL/LinkedListQuestions.cpp","startInFirst":{"line":10,"column":1,"tokenListIndex":5},"endInFirst":{"line":23,"column":1,"tokenListIndex":16},"startInSecond":{"line":13,"column":1,"tokenListIndex":8},"endInSecond":{"line":26,"column":1,"tokenListIndex":19},"lengthOfFirst":12,"lengthOfSecond":12},{"firstFileName":"MUSAB_TUNC/musab_tunc.cpp","secondFileName":"EMIRHAN_EREN_ELIBOL/LinkedListQuestions.cpp","startInFirst":{"line":32,"column":2,"tokenListIndex":23},"endInFirst":{"line":35,"column":3,"tokenListIndex":31},"startInSecond":{"line":33,"column":1,"tokenListIndex":25},"endInSecond":{"line":38,"column":4,"tokenListIndex":33},"lengthOfFirst":9,"lengthOfSecond":9},{"firstFileName":"MUSAB_TUNC/musab_tunc.cpp","secondFileName":"EMIRHAN_EREN_ELIBOL/LinkedListQuestions.cpp","startInFirst":{"line":45,"column":2,"tokenListIndex":39},"endInFirst":{"line":47,"column":26,"tokenListIndex":46},"startInSecond":{"line":58,"column":1,"tokenListIndex":48},"endInSecond":{"line":61,"column":27,"tokenListIndex":55},"lengthOfFirst":8,"lengthOfSecond":8}],"firstSimilarity":0.5272727272727272,"secondSimilarity":0.2013888888888889}