{"firstSubmissionId":"MUSAB_TUNC","secondSubmissionId":"EFE_NEVZAT_CENGER","similarities":{"AVG":0.3776223776223776,"MAX":0.4909090909090909,"MAXIMUM_LENGTH":95.0,"LONGEST_MATCH":10.0},"matches":[{"firstFileName":"MUSAB_TUNC/musab_tunc.cpp","secondFileName":"EFE_NEVZAT_CENGER/LinkedListQuestions.cpp","startInFirst":{"line":32,"column":2,"tokenListIndex":23},"endInFirst":{"line":36,"column":2,"tokenListIndex":32},"startInSecond":{"line":103,"column":0,"tokenListIndex":74},"endInSecond":{"line":112,"column":0,"tokenListIndex":83},"lengthOfFirst":10,"lengthOfSecond":10},{"firstFileName":"MUSAB_TUNC/musab_tunc.cpp","secondFileName":"EFE_NEVZAT_CENGER/LinkedListQuestions.cpp","startInFirst":{"line":14,"column":2,"tokenListIndex":8},"endInFirst":{"line":23,"column":1,"tokenListIndex":16},"startInSecond":{"line":24,"column":1,"tokenListIndex":16},"endInSecond":{"line":37,"column":0,"tokenListIndex":24},"lengthOfFirst":9,"lengthOfSecond":9},{"firstFileName":"MUSAB_TUNC/musab_tunc.cpp","secondFileName":"EFE_NEVZAT_CENGER/LinkedListQuestions.cpp","startInFirst":{"line":45,"column":2,"tokenListIndex":39},"endInFirst":{"line":47,"column":26,"tokenListIndex":46},"startInSecond":{"line":49,"column":0,"tokenListIndex":31},"endInSecond":{"line":53,"column":35,"tokenListIndex":38},"lengthOfFirst":8,"lengthOfSecond":8}],"firstSimilarity":0.4909090909090909,"secondSimilarity":0.3068181818181818}