{"firstSubmissionId":"MUSAB_TUNC","secondSubmissionId":"ECENUR_GUNER","similarities":{"AVG":0.26490066225165565,"MAX":0.36363636363636365,"MAXIMUM_LENGTH":97.0,"LONGEST_MATCH":14.0},"matches":[{"firstFileName":"MUSAB_TUNC/musab_tunc.cpp","secondFileName":"ECENUR_GUNER/LinkedListQuestions.cpp","startInFirst":{"line":9,"column":1,"tokenListIndex":3},"endInFirst":{"line":23,"column":1,"tokenListIndex":16},"startInSecond":{"line":14,"column":4,"tokenListIndex":6},"endInSecond":{"line":28,"column":4,"tokenListIndex":19},"lengthOfFirst":14,"lengthOfSecond":14},{"firstFileName":"MUSAB_TUNC/musab_tunc.cpp","secondFileName":"ECENUR_GUNER/LinkedListQuestions.cpp","startInFirst":{"line":33,"column":2,"tokenListIndex":25},"endInFirst":{"line":34,"column":24,"tokenListIndex":30},"startInSecond":{"line":60,"column":4,"tokenListIndex":42},"endInSecond":{"line":62,"column":30,"tokenListIndex":47},"lengthOfFirst":6,"lengthOfSecond":6}],"firstSimilarity":0.36363636363636365,"secondSimilarity":0.20833333333333334}