{"firstSubmissionId":"MUSAB_TUNC","secondSubmissionId":"EREN_COMOGLU","similarities":{"AVG":0.2112676056338028,"MAX":0.2727272727272727,"MAXIMUM_LENGTH":88.0,"LONGEST_MATCH":8.0},"matches":[{"firstFileName":"MUSAB_TUNC/musab_tunc.cpp","secondFileName":"EREN_COMOGLU/LinkedListQuestions.cpp","startInFirst":{"line":33,"column":2,"tokenListIndex":25},"endInFirst":{"line":36,"column":2,"tokenListIndex":32},"startInSecond":{"line":41,"column":1,"tokenListIndex":36},"endInSecond":{"line":45,"column":1,"tokenListIndex":43},"lengthOfFirst":8,"lengthOfSecond":8},{"firstFileName":"MUSAB_TUNC/musab_tunc.cpp","secondFileName":"EREN_COMOGLU/LinkedListQuestions.cpp","startInFirst":{"line":19,"column":0,"tokenListIndex":12},"endInFirst":{"line":24,"column":1,"tokenListIndex":18},"startInSecond":{"line":26,"column":0,"tokenListIndex":20},"endInSecond":{"line":32,"column":1,"tokenListIndex":26},"lengthOfFirst":7,"lengthOfSecond":7}],"firstSimilarity":0.2727272727272727,"secondSimilarity":0.1724137931034483}