{"firstSubmissionId":"MUSAB_TUNC","secondSubmissionId":"OSMAN_ALPEREN_KARADAG","similarities":{"AVG":0.4657534246575342,"MAX":0.6181818181818182,"MAXIMUM_LENGTH":92.0,"LONGEST_MATCH":14.0},"matches":[{"firstFileName":"MUSAB_TUNC/musab_tunc.cpp","secondFileName":"OSMAN_ALPEREN_KARADAG/LinkedListQuestions.cpp","startInFirst":{"line":9,"column":1,"tokenListIndex":3},"endInFirst":{"line":23,"column":1,"tokenListIndex":16},"startInSecond":{"line":13,"column":4,"tokenListIndex":7},"endInSecond":{"line":27,"column":4,"tokenListIndex":20},"lengthOfFirst":14,"lengthOfSecond":14},{"firstFileName":"MUSAB_TUNC/musab_tunc.cpp","secondFileName":"OSMAN_ALPEREN_KARADAG/LinkedListQuestions.cpp","startInFirst":{"line":32,"column":2,"tokenListIndex":23},"endInFirst":{"line":36,"column":2,"tokenListIndex":32},"startInSecond":{"line":33,"column":4,"tokenListIndex":27},"endInSecond":{"line":39,"column":4,"tokenListIndex":36},"lengthOfFirst":10,"lengthOfSecond":10},{"firstFileName":"MUSAB_TUNC/musab_tunc.cpp","secondFileName":"OSMAN_ALPEREN_KARADAG/LinkedListQuestions.cpp","startInFirst":{"line":45,"column":2,"tokenListIndex":39},"endInFirst":{"line":49,"column":2,"tokenListIndex":48},"startInSecond":{"line":61,"column":4,"tokenListIndex":51},"endInSecond":{"line":67,"column":4,"tokenListIndex":60},"lengthOfFirst":10,"lengthOfSecond":10}],"firstSimilarity":0.6181818181818182,"secondSimilarity":0.37362637362637363}