{"firstSubmissionId":"MUSAB_TUNC","secondSubmissionId":"SELIN_SUNA_KAYA","similarities":{"AVG":0.19047619047619047,"MAX":0.2545454545454545,"MAXIMUM_LENGTH":93.0,"LONGEST_MATCH":14.0},"matches":[{"firstFileName":"MUSAB_TUNC/musab_tunc.cpp","secondFileName":"SELIN_SUNA_KAYA/LinkedListQuestions.cpp","startInFirst":{"line":10,"column":1,"tokenListIndex":5},"endInFirst":{"line":24,"column":1,"tokenListIndex":18},"startInSecond":{"line":11,"column":1,"tokenListIndex":10},"endInSecond":{"line":23,"column":1,"tokenListIndex":23},"lengthOfFirst":14,"lengthOfSecond":14}],"firstSimilarity":0.2545454545454545,"secondSimilarity":0.15217391304347827}