{"firstSubmissionId":"MUSAB_TUNC","secondSubmissionId":"YAREN_TEKIN","similarities":{"AVG":0.273972602739726,"MAX":0.36363636363636365,"MAXIMUM_LENGTH":92.0,"LONGEST_MATCH":14.0},"matches":[{"firstFileName":"MUSAB_TUNC/musab_tunc.cpp","secondFileName":"YAREN_TEKIN/LinkedListQuestions.cpp","startInFirst":{"line":9,"column":1,"tokenListIndex":3},"endInFirst":{"line":23,"column":1,"tokenListIndex":16},"startInSecond":{"line":12,"column":0,"tokenListIndex":6},"endInSecond":{"line":24,"column":1,"tokenListIndex":19},"lengthOfFirst":14,"lengthOfSecond":14},{"firstFileName":"MUSAB_TUNC/musab_tunc.cpp","secondFileName":"YAREN_TEKIN/LinkedListQuestions.cpp","startInFirst":{"line":33,"column":2,"tokenListIndex":25},"endInFirst":{"line":34,"column":24,"tokenListIndex":30},"startInSecond":{"line":52,"column":0,"tokenListIndex":44},"endInSecond":{"line":56,"column":32,"tokenListIndex":49},"lengthOfFirst":6,"lengthOfSecond":6}],"firstSimilarity":0.36363636363636365,"secondSimilarity":0.21978021978021978}