{"firstSubmissionId":"MUSAB_TUNC","secondSubmissionId":"BETUL_CAGRIL","similarities":{"AVG":0.21052631578947367,"MAX":0.2545454545454545,"MAXIMUM_LENGTH":85.0,"LONGEST_MATCH":8.0},"matches":[{"firstFileName":"MUSAB_TUNC/musab_tunc.cpp","secondFileName":"BETUL_CAGRIL/LinkedListQuestions.cpp","startInFirst":{"line":15,"column":2,"tokenListIndex":9},"endInFirst":{"line":23,"column":1,"tokenListIndex":16},"startInSecond":{"line":25,"column":8,"tokenListIndex":16},"endInSecond":{"line":38,"column":4,"tokenListIndex":23},"lengthOfFirst":8,"lengthOfSecond":8},{"firstFileName":"MUSAB_TUNC/musab_tunc.cpp","secondFileName":"BETUL_CAGRIL/LinkedListQuestions.cpp","startInFirst":{"line":33,"column":6,"tokenListIndex":26},"endInFirst":{"line":35,"column":3,"tokenListIndex":31},"startInSecond":{"line":62,"column":4,"tokenListIndex":42},"endInSecond":{"line":65,"column":8,"tokenListIndex":47},"lengthOfFirst":6,"lengthOfSecond":6}],"firstSimilarity":0.2545454545454545,"secondSimilarity":0.1794871794871795}