{"firstSubmissionId":"MUSAB_TUNC","secondSubmissionId":"ATAKAN_ORGUN","similarities":{"AVG":0.0872093023255814,"MAX":0.2727272727272727,"MAXIMUM_LENGTH":303.0,"LONGEST_MATCH":15.0},"matches":[{"firstFileName":"MUSAB_TUNC/musab_tunc.cpp","secondFileName":"ATAKAN_ORGUN/LinkedListQuestions.cpp","startInFirst":{"line":9,"column":1,"tokenListIndex":3},"endInFirst":{"line":23,"column":5,"tokenListIndex":17},"startInSecond":{"line":13,"column":1,"tokenListIndex":7},"endInSecond":{"line":28,"column":5,"tokenListIndex":21},"lengthOfFirst":15,"lengthOfSecond":15}],"firstSimilarity":0.2727272727272727,"secondSimilarity":0.05190311418685121}