{"firstSubmissionId":"MUSAB_TUNC","secondSubmissionId":"KEREM_AKDENIZ","similarities":{"AVG":0.3793103448275862,"MAX":0.4,"MAXIMUM_LENGTH":68.0,"LONGEST_MATCH":8.0},"matches":[{"firstFileName":"MUSAB_TUNC/musab_tunc.cpp","secondFileName":"KEREM_AKDENIZ/LinkedListQuestions.cpp","startInFirst":{"line":15,"column":2,"tokenListIndex":9},"endInFirst":{"line":23,"column":1,"tokenListIndex":16},"startInSecond":{"line":17,"column":2,"tokenListIndex":12},"endInSecond":{"line":24,"column":1,"tokenListIndex":19},"lengthOfFirst":8,"lengthOfSecond":8},{"firstFileName":"MUSAB_TUNC/musab_tunc.cpp","secondFileName":"KEREM_AKDENIZ/LinkedListQuestions.cpp","startInFirst":{"line":32,"column":2,"tokenListIndex":23},"endInFirst":{"line":34,"column":24,"tokenListIndex":30},"startInSecond":{"line":46,"column":1,"tokenListIndex":43},"endInSecond":{"line":49,"column":27,"tokenListIndex":50},"lengthOfFirst":8,"lengthOfSecond":8},{"firstFileName":"MUSAB_TUNC/musab_tunc.cpp","secondFileName":"KEREM_AKDENIZ/LinkedListQuestions.cpp","startInFirst":{"line":9,"column":1,"tokenListIndex":3},"endInFirst":{"line":14,"column":2,"tokenListIndex":8},"startInSecond":{"line":10,"column":1,"tokenListIndex":5},"endInSecond":{"line":15,"column":2,"tokenListIndex":10},"lengthOfFirst":6,"lengthOfSecond":6}],"firstSimilarity":0.4,"secondSimilarity":0.36065573770491804}