{"firstSubmissionId":"MUSAB_TUNC","secondSubmissionId":"OYKU_AKSUNGUR","similarities":{"AVG":0.22900763358778625,"MAX":0.2727272727272727,"MAXIMUM_LENGTH":77.0,"LONGEST_MATCH":8.0},"matches":[{"firstFileName":"MUSAB_TUNC/musab_tunc.cpp","secondFileName":"OYKU_AKSUNGUR/LinkedListQuestions.cpp","startInFirst":{"line":33,"column":2,"tokenListIndex":25},"endInFirst":{"line":36,"column":2,"tokenListIndex":32},"startInSecond":{"line":71,"column":1,"tokenListIndex":50},"endInSecond":{"line":77,"column":1,"tokenListIndex":57},"lengthOfFirst":8,"lengthOfSecond":8},{"firstFileName":"MUSAB_TUNC/musab_tunc.cpp","secondFileName":"OYKU_AKSUNGUR/LinkedListQuestions.cpp","startInFirst":{"line":19,"column":0,"tokenListIndex":12},"endInFirst":{"line":24,"column":1,"tokenListIndex":18},"startInSecond":{"line":29,"column":0,"tokenListIndex":16},"endInSecond":{"line":36,"column":1,"tokenListIndex":22},"lengthOfFirst":7,"lengthOfSecond":7}],"firstSimilarity":0.2727272727272727,"secondSimilarity":0.19736842105263158}