{"firstSubmissionId":"NILSU_KOC","secondSubmissionId":"YAREN_TEKIN","similarities":{"AVG":0.17142857142857143,"MAX":0.6428571428571429,"MAXIMUM_LENGTH":92.0,"LONGEST_MATCH":9.0},"matches":[{"firstFileName":"NILSU_KOC/LinkedListQuestions.cpp","secondFileName":"YAREN_TEKIN/LinkedListQuestions.cpp","startInFirst":{"line":19,"column":1,"tokenListIndex":10},"endInFirst":{"line":23,"column":14,"tokenListIndex":18},"startInSecond":{"line":52,"column":0,"tokenListIndex":44},"endInSecond":{"line":58,"column":12,"tokenListIndex":52},"lengthOfFirst":9,"lengthOfSecond":9}],"firstSimilarity":0.6428571428571429,"secondSimilarity":0.0989010989010989}