{"firstSubmissionId":"NILSU_KOC","secondSubmissionId":"ECENUR_GUNER","similarities":{"AVG":0.16363636363636364,"MAX":0.6428571428571429,"MAXIMUM_LENGTH":97.0,"LONGEST_MATCH":9.0},"matches":[{"firstFileName":"NILSU_KOC/LinkedListQuestions.cpp","secondFileName":"ECENUR_GUNER/LinkedListQuestions.cpp","startInFirst":{"line":19,"column":1,"tokenListIndex":10},"endInFirst":{"line":23,"column":14,"tokenListIndex":18},"startInSecond":{"line":60,"column":4,"tokenListIndex":42},"endInSecond":{"line":65,"column":8,"tokenListIndex":50},"lengthOfFirst":9,"lengthOfSecond":9}],"firstSimilarity":0.6428571428571429,"secondSimilarity":0.09375}