{"firstSubmissionId":"NILSU_KOC","secondSubmissionId":"EFE_DEMIRCI","similarities":{"AVG":0.1188118811881188,"MAX":0.42857142857142855,"MAXIMUM_LENGTH":88.0,"LONGEST_MATCH":6.0},"matches":[{"firstFileName":"NILSU_KOC/LinkedListQuestions.cpp","secondFileName":"EFE_DEMIRCI/LinkedListQuestions.cpp","startInFirst":{"line":19,"column":1,"tokenListIndex":10},"endInFirst":{"line":21,"column":21,"tokenListIndex":15},"startInSecond":{"line":75,"column":1,"tokenListIndex":49},"endInSecond":{"line":78,"column":20,"tokenListIndex":54},"lengthOfFirst":6,"lengthOfSecond":6}],"firstSimilarity":0.42857142857142855,"secondSimilarity":0.06896551724137931}