{"firstSubmissionId":"NILSU_KOC","secondSubmissionId":"ILBER_EREN_TUT","similarities":{"AVG":0.23529411764705882,"MAX":0.42857142857142855,"MAXIMUM_LENGTH":38.0,"LONGEST_MATCH":6.0},"matches":[{"firstFileName":"NILSU_KOC/LinkedListQuestions.cpp","secondFileName":"ILBER_EREN_TUT/LinkedListQuestions.cpp","startInFirst":{"line":19,"column":1,"tokenListIndex":10},"endInFirst":{"line":21,"column":21,"tokenListIndex":15},"startInSecond":{"line":31,"column":4,"tokenListIndex":24},"endInSecond":{"line":33,"column":25,"tokenListIndex":29},"lengthOfFirst":6,"lengthOfSecond":6}],"firstSimilarity":0.42857142857142855,"secondSimilarity":0.16216216216216217}