{"firstSubmissionId":"NILSU_KOC","secondSubmissionId":"OSMAN_ALPEREN_KARADAG","similarities":{"AVG":0.11428571428571428,"MAX":0.42857142857142855,"MAXIMUM_LENGTH":92.0,"LONGEST_MATCH":6.0},"matches":[{"firstFileName":"NILSU_KOC/LinkedListQuestions.cpp","secondFileName":"OSMAN_ALPEREN_KARADAG/LinkedListQuestions.cpp","startInFirst":{"line":19,"column":1,"tokenListIndex":10},"endInFirst":{"line":21,"column":21,"tokenListIndex":15},"startInSecond":{"line":35,"column":4,"tokenListIndex":29},"endInSecond":{"line":37,"column":41,"tokenListIndex":34},"lengthOfFirst":6,"lengthOfSecond":6}],"firstSimilarity":0.42857142857142855,"secondSimilarity":0.06593406593406594}