{"firstSubmissionId":"NILSU_KOC","secondSubmissionId":"EMIRHAN_EREN_ELIBOL","similarities":{"AVG":0.11392405063291139,"MAX":0.6428571428571429,"MAXIMUM_LENGTH":145.0,"LONGEST_MATCH":9.0},"matches":[{"firstFileName":"NILSU_KOC/LinkedListQuestions.cpp","secondFileName":"EMIRHAN_EREN_ELIBOL/LinkedListQuestions.cpp","startInFirst":{"line":19,"column":1,"tokenListIndex":10},"endInFirst":{"line":23,"column":14,"tokenListIndex":18},"startInSecond":{"line":59,"column":1,"tokenListIndex":50},"endInSecond":{"line":63,"column":25,"tokenListIndex":58},"lengthOfFirst":9,"lengthOfSecond":9}],"firstSimilarity":0.6428571428571429,"secondSimilarity":0.0625}