{"firstSubmissionId":"NILSU_KOC","secondSubmissionId":"KEREM_AKDENIZ","similarities":{"AVG":0.24,"MAX":0.6428571428571429,"MAXIMUM_LENGTH":68.0,"LONGEST_MATCH":9.0},"matches":[{"firstFileName":"NILSU_KOC/LinkedListQuestions.cpp","secondFileName":"KEREM_AKDENIZ/LinkedListQuestions.cpp","startInFirst":{"line":19,"column":1,"tokenListIndex":10},"endInFirst":{"line":23,"column":14,"tokenListIndex":18},"startInSecond":{"line":47,"column":1,"tokenListIndex":45},"endInSecond":{"line":50,"column":34,"tokenListIndex":53},"lengthOfFirst":9,"lengthOfSecond":9}],"firstSimilarity":0.6428571428571429,"secondSimilarity":0.14754098360655737}