{"firstSubmissionId":"NILSU_KOC","secondSubmissionId":"EREN_COMOGLU","similarities":{"AVG":0.1188118811881188,"MAX":0.42857142857142855,"MAXIMUM_LENGTH":88.0,"LONGEST_MATCH":6.0},"matches":[{"firstFileName":"NILSU_KOC/LinkedListQuestions.cpp","secondFileName":"EREN_COMOGLU/LinkedListQuestions.cpp","startInFirst":{"line":19,"column":1,"tokenListIndex":10},"endInFirst":{"line":21,"column":21,"tokenListIndex":15},"startInSecond":{"line":41,"column":1,"tokenListIndex":36},"endInSecond":{"line":42,"column":31,"tokenListIndex":41},"lengthOfFirst":6,"lengthOfSecond":6}],"firstSimilarity":0.42857142857142855,"secondSimilarity":0.06896551724137931}