{"firstSubmissionId":"NILSU_KOC","secondSubmissionId":"EFE_NEVZAT_CENGER","similarities":{"AVG":0.13725490196078433,"MAX":0.5,"MAXIMUM_LENGTH":95.0,"LONGEST_MATCH":7.0},"matches":[{"firstFileName":"NILSU_KOC/LinkedListQuestions.cpp","secondFileName":"EFE_NEVZAT_CENGER/LinkedListQuestions.cpp","startInFirst":{"line":19,"column":1,"tokenListIndex":10},"endInFirst":{"line":22,"column":2,"tokenListIndex":16},"startInSecond":{"line":51,"column":0,"tokenListIndex":33},"endInSecond":{"line":55,"column":1,"tokenListIndex":39},"lengthOfFirst":7,"lengthOfSecond":7}],"firstSimilarity":0.5,"secondSimilarity":0.07954545454545454}