{"firstSubmissionId":"NILSU_KOC","secondSubmissionId":"MUSAB_TUNC","similarities":{"AVG":0.17391304347826086,"MAX":0.42857142857142855,"MAXIMUM_LENGTH":67.0,"LONGEST_MATCH":6.0},"matches":[{"firstFileName":"NILSU_KOC/LinkedListQuestions.cpp","secondFileName":"MUSAB_TUNC/musab_tunc.cpp","startInFirst":{"line":19,"column":1,"tokenListIndex":10},"endInFirst":{"line":21,"column":21,"tokenListIndex":15},"startInSecond":{"line":33,"column":2,"tokenListIndex":25},"endInSecond":{"line":34,"column":24,"tokenListIndex":30},"lengthOfFirst":6,"lengthOfSecond":6}],"firstSimilarity":0.42857142857142855,"secondSimilarity":0.10909090909090909}