{"firstSubmissionId":"NILSU_KOC","secondSubmissionId":"OYKU_AKSUNGUR","similarities":{"AVG":0.13333333333333333,"MAX":0.42857142857142855,"MAXIMUM_LENGTH":77.0,"LONGEST_MATCH":6.0},"matches":[{"firstFileName":"NILSU_KOC/LinkedListQuestions.cpp","secondFileName":"OYKU_AKSUNGUR/LinkedListQuestions.cpp","startInFirst":{"line":19,"column":1,"tokenListIndex":10},"endInFirst":{"line":21,"column":21,"tokenListIndex":15},"startInSecond":{"line":71,"column":1,"tokenListIndex":50},"endInSecond":{"line":73,"column":25,"tokenListIndex":55},"lengthOfFirst":6,"lengthOfSecond":6}],"firstSimilarity":0.42857142857142855,"secondSimilarity":0.07894736842105263}