{"firstSubmissionId":"NILSU_KOC","secondSubmissionId":"EMIRHAN_DEMIR","similarities":{"AVG":0.1839080459770115,"MAX":0.5714285714285714,"MAXIMUM_LENGTH":80.0,"LONGEST_MATCH":8.0},"matches":[{"firstFileName":"NILSU_KOC/LinkedListQuestions.cpp","secondFileName":"EMIRHAN_DEMIR/LinkedListQuestions.cpp","startInFirst":{"line":21,"column":1,"tokenListIndex":12},"endInFirst":{"line":25,"column":1,"tokenListIndex":19},"startInSecond":{"line":63,"column":1,"tokenListIndex":55},"endInSecond":{"line":68,"column":1,"tokenListIndex":62},"lengthOfFirst":8,"lengthOfSecond":8}],"firstSimilarity":0.5714285714285714,"secondSimilarity":0.1095890410958904}