{"firstSubmissionId":"OSMAN_ALPEREN_KARADAG","secondSubmissionId":"EFE_NEVZAT_CENGER","similarities":{"AVG":0.5139664804469274,"MAX":0.5227272727272727,"MAXIMUM_LENGTH":95.0,"LONGEST_MATCH":23.0},"matches":[{"firstFileName":"OSMAN_ALPEREN_KARADAG/LinkedListQuestions.cpp","secondFileName":"EFE_NEVZAT_CENGER/LinkedListQuestions.cpp","startInFirst":{"line":18,"column":8,"tokenListIndex":12},"endInFirst":{"line":37,"column":41,"tokenListIndex":34},"startInSecond":{"line":24,"column":1,"tokenListIndex":16},"endInSecond":{"line":53,"column":35,"tokenListIndex":38},"lengthOfFirst":23,"lengthOfSecond":23},{"firstFileName":"OSMAN_ALPEREN_KARADAG/LinkedListQuestions.cpp","secondFileName":"EFE_NEVZAT_CENGER/LinkedListQuestions.cpp","startInFirst":{"line":57,"column":4,"tokenListIndex":48},"endInFirst":{"line":74,"column":4,"tokenListIndex":64},"startInSecond":{"line":100,"column":0,"tokenListIndex":71},"endInSecond":{"line":118,"column":0,"tokenListIndex":87},"lengthOfFirst":17,"lengthOfSecond":17},{"firstFileName":"OSMAN_ALPEREN_KARADAG/LinkedListQuestions.cpp","secondFileName":"EFE_NEVZAT_CENGER/LinkedListQuestions.cpp","startInFirst":{"line":49,"column":4,"tokenListIndex":39},"endInFirst":{"line":54,"column":57,"tokenListIndex":44},"startInSecond":{"line":79,"column":0,"tokenListIndex":54},"endInSecond":{"line":85,"column":57,"tokenListIndex":59},"lengthOfFirst":6,"lengthOfSecond":6}],"firstSimilarity":0.5054945054945055,"secondSimilarity":0.5227272727272727}