{"firstSubmissionId":"OSMAN_ALPEREN_KARADAG","secondSubmissionId":"ECENUR_GUNER","similarities":{"AVG":0.44919786096256686,"MAX":0.46153846153846156,"MAXIMUM_LENGTH":97.0,"LONGEST_MATCH":16.0},"matches":[{"firstFileName":"OSMAN_ALPEREN_KARADAG/LinkedListQuestions.cpp","secondFileName":"ECENUR_GUNER/LinkedListQuestions.cpp","startInFirst":{"line":10,"column":8,"tokenListIndex":5},"endInFirst":{"line":27,"column":4,"tokenListIndex":20},"startInSecond":{"line":11,"column":8,"tokenListIndex":4},"endInSecond":{"line":28,"column":4,"tokenListIndex":19},"lengthOfFirst":16,"lengthOfSecond":16},{"firstFileName":"OSMAN_ALPEREN_KARADAG/LinkedListQuestions.cpp","secondFileName":"ECENUR_GUNER/LinkedListQuestions.cpp","startInFirst":{"line":30,"column":4,"tokenListIndex":24},"endInFirst":{"line":35,"column":11,"tokenListIndex":30},"startInSecond":{"line":84,"column":4,"tokenListIndex":69},"endInSecond":{"line":89,"column":11,"tokenListIndex":75},"lengthOfFirst":7,"lengthOfSecond":7},{"firstFileName":"OSMAN_ALPEREN_KARADAG/LinkedListQuestions.cpp","secondFileName":"ECENUR_GUNER/LinkedListQuestions.cpp","startInFirst":{"line":74,"column":4,"tokenListIndex":64},"endInFirst":{"line":79,"column":4,"tokenListIndex":70},"startInSecond":{"line":73,"column":4,"tokenListIndex":56},"endInSecond":{"line":78,"column":4,"tokenListIndex":62},"lengthOfFirst":7,"lengthOfSecond":7},{"firstFileName":"OSMAN_ALPEREN_KARADAG/LinkedListQuestions.cpp","secondFileName":"ECENUR_GUNER/LinkedListQuestions.cpp","startInFirst":{"line":49,"column":4,"tokenListIndex":39},"endInFirst":{"line":54,"column":57,"tokenListIndex":44},"startInSecond":{"line":51,"column":4,"tokenListIndex":33},"endInSecond":{"line":56,"column":57,"tokenListIndex":38},"lengthOfFirst":6,"lengthOfSecond":6},{"firstFileName":"OSMAN_ALPEREN_KARADAG/LinkedListQuestions.cpp","secondFileName":"ECENUR_GUNER/LinkedListQuestions.cpp","startInFirst":{"line":63,"column":4,"tokenListIndex":53},"endInFirst":{"line":65,"column":43,"tokenListIndex":58},"startInSecond":{"line":60,"column":4,"tokenListIndex":42},"endInSecond":{"line":62,"column":30,"tokenListIndex":47},"lengthOfFirst":6,"lengthOfSecond":6}],"firstSimilarity":0.46153846153846156,"secondSimilarity":0.4375}