{"firstSubmissionId":"OSMAN_ALPEREN_KARADAG","secondSubmissionId":"EMIRHAN_EREN_ELIBOL","similarities":{"AVG":0.4340425531914894,"MAX":0.5604395604395604,"MAXIMUM_LENGTH":145.0,"LONGEST_MATCH":12.0},"matches":[{"firstFileName":"OSMAN_ALPEREN_KARADAG/LinkedListQuestions.cpp","secondFileName":"EMIRHAN_EREN_ELIBOL/LinkedListQuestions.cpp","startInFirst":{"line":15,"column":4,"tokenListIndex":9},"endInFirst":{"line":27,"column":4,"tokenListIndex":20},"startInSecond":{"line":13,"column":1,"tokenListIndex":8},"endInSecond":{"line":26,"column":1,"tokenListIndex":19},"lengthOfFirst":12,"lengthOfSecond":12},{"firstFileName":"OSMAN_ALPEREN_KARADAG/LinkedListQuestions.cpp","secondFileName":"EMIRHAN_EREN_ELIBOL/LinkedListQuestions.cpp","startInFirst":{"line":30,"column":4,"tokenListIndex":24},"endInFirst":{"line":37,"column":41,"tokenListIndex":34},"startInSecond":{"line":56,"column":1,"tokenListIndex":45},"endInSecond":{"line":61,"column":27,"tokenListIndex":55},"lengthOfFirst":11,"lengthOfSecond":11},{"firstFileName":"OSMAN_ALPEREN_KARADAG/LinkedListQuestions.cpp","secondFileName":"EMIRHAN_EREN_ELIBOL/LinkedListQuestions.cpp","startInFirst":{"line":61,"column":4,"tokenListIndex":51},"endInFirst":{"line":66,"column":8,"tokenListIndex":59},"startInSecond":{"line":33,"column":1,"tokenListIndex":25},"endInSecond":{"line":38,"column":4,"tokenListIndex":33},"lengthOfFirst":9,"lengthOfSecond":9},{"firstFileName":"OSMAN_ALPEREN_KARADAG/LinkedListQuestions.cpp","secondFileName":"EMIRHAN_EREN_ELIBOL/LinkedListQuestions.cpp","startInFirst":{"line":47,"column":4,"tokenListIndex":38},"endInFirst":{"line":54,"column":57,"tokenListIndex":44},"startInSecond":{"line":45,"column":31,"tokenListIndex":38},"endInSecond":{"line":54,"column":57,"tokenListIndex":44},"lengthOfFirst":7,"lengthOfSecond":7},{"firstFileName":"OSMAN_ALPEREN_KARADAG/LinkedListQuestions.cpp","secondFileName":"EMIRHAN_EREN_ELIBOL/LinkedListQuestions.cpp","startInFirst":{"line":9,"column":4,"tokenListIndex":3},"endInFirst":{"line":13,"column":11,"tokenListIndex":8},"startInSecond":{"line":110,"column":1,"tokenListIndex":116},"endInSecond":{"line":112,"column":8,"tokenListIndex":121},"lengthOfFirst":6,"lengthOfSecond":6},{"firstFileName":"OSMAN_ALPEREN_KARADAG/LinkedListQuestions.cpp","secondFileName":"EMIRHAN_EREN_ELIBOL/LinkedListQuestions.cpp","startInFirst":{"line":75,"column":0,"tokenListIndex":65},"endInFirst":{"line":79,"column":4,"tokenListIndex":70},"startInSecond":{"line":105,"column":0,"tokenListIndex":108},"endInSecond":{"line":109,"column":1,"tokenListIndex":113},"lengthOfFirst":6,"lengthOfSecond":6}],"firstSimilarity":0.5604395604395604,"secondSimilarity":0.3541666666666667}