{"firstSubmissionId":"OSMAN_ALPEREN_KARADAG","secondSubmissionId":"SELIN_SUNA_KAYA","similarities":{"AVG":0.20765027322404372,"MAX":0.2087912087912088,"MAXIMUM_LENGTH":93.0,"LONGEST_MATCH":12.0},"matches":[{"firstFileName":"OSMAN_ALPEREN_KARADAG/LinkedListQuestions.cpp","secondFileName":"SELIN_SUNA_KAYA/LinkedListQuestions.cpp","startInFirst":{"line":15,"column":4,"tokenListIndex":9},"endInFirst":{"line":27,"column":4,"tokenListIndex":20},"startInSecond":{"line":11,"column":1,"tokenListIndex":10},"endInSecond":{"line":20,"column":1,"tokenListIndex":21},"lengthOfFirst":12,"lengthOfSecond":12},{"firstFileName":"OSMAN_ALPEREN_KARADAG/LinkedListQuestions.cpp","secondFileName":"SELIN_SUNA_KAYA/LinkedListQuestions.cpp","startInFirst":{"line":50,"column":0,"tokenListIndex":40},"endInFirst":{"line":55,"column":11,"tokenListIndex":46},"startInSecond":{"line":40,"column":0,"tokenListIndex":46},"endInSecond":{"line":45,"column":5,"tokenListIndex":52},"lengthOfFirst":7,"lengthOfSecond":7}],"firstSimilarity":0.2087912087912088,"secondSimilarity":0.20652173913043478}