{"firstSubmissionId":"OSMAN_ALPEREN_KARADAG","secondSubmissionId":"ATAKAN_ORGUN","similarities":{"AVG":0.14210526315789473,"MAX":0.2967032967032967,"MAXIMUM_LENGTH":303.0,"LONGEST_MATCH":21.0},"matches":[{"firstFileName":"OSMAN_ALPEREN_KARADAG/LinkedListQuestions.cpp","secondFileName":"ATAKAN_ORGUN/LinkedListQuestions.cpp","startInFirst":{"line":8,"column":0,"tokenListIndex":0},"endInFirst":{"line":27,"column":4,"tokenListIndex":20},"startInSecond":{"line":8,"column":0,"tokenListIndex":0},"endInSecond":{"line":28,"column":1,"tokenListIndex":20},"lengthOfFirst":21,"lengthOfSecond":21},{"firstFileName":"OSMAN_ALPEREN_KARADAG/LinkedListQuestions.cpp","secondFileName":"ATAKAN_ORGUN/LinkedList.cpp","startInFirst":{"line":78,"column":63,"tokenListIndex":69},"endInFirst":{"line":83,"column":4,"tokenListIndex":74},"startInSecond":{"line":29,"column":30,"tokenListIndex":182},"endInSecond":{"line":36,"column":2,"tokenListIndex":187},"lengthOfFirst":6,"lengthOfSecond":6}],"firstSimilarity":0.2967032967032967,"secondSimilarity":0.09342560553633218}