{"firstSubmissionId":"OSMAN_ALPEREN_KARADAG","secondSubmissionId":"YAREN_TEKIN","similarities":{"AVG":0.45054945054945056,"MAX":0.45054945054945056,"MAXIMUM_LENGTH":92.0,"LONGEST_MATCH":16.0},"matches":[{"firstFileName":"OSMAN_ALPEREN_KARADAG/LinkedListQuestions.cpp","secondFileName":"YAREN_TEKIN/LinkedListQuestions.cpp","startInFirst":{"line":10,"column":8,"tokenListIndex":5},"endInFirst":{"line":27,"column":4,"tokenListIndex":20},"startInSecond":{"line":10,"column":0,"tokenListIndex":4},"endInSecond":{"line":24,"column":1,"tokenListIndex":19},"lengthOfFirst":16,"lengthOfSecond":16},{"firstFileName":"OSMAN_ALPEREN_KARADAG/LinkedListQuestions.cpp","secondFileName":"YAREN_TEKIN/LinkedListQuestions.cpp","startInFirst":{"line":30,"column":4,"tokenListIndex":24},"endInFirst":{"line":35,"column":11,"tokenListIndex":30},"startInSecond":{"line":25,"column":3,"tokenListIndex":20},"endInSecond":{"line":30,"column":5,"tokenListIndex":26},"lengthOfFirst":7,"lengthOfSecond":7},{"firstFileName":"OSMAN_ALPEREN_KARADAG/LinkedListQuestions.cpp","secondFileName":"YAREN_TEKIN/LinkedListQuestions.cpp","startInFirst":{"line":49,"column":4,"tokenListIndex":39},"endInFirst":{"line":54,"column":57,"tokenListIndex":44},"startInSecond":{"line":43,"column":0,"tokenListIndex":35},"endInSecond":{"line":48,"column":57,"tokenListIndex":40},"lengthOfFirst":6,"lengthOfSecond":6},{"firstFileName":"OSMAN_ALPEREN_KARADAG/LinkedListQuestions.cpp","secondFileName":"YAREN_TEKIN/LinkedListQuestions.cpp","startInFirst":{"line":63,"column":4,"tokenListIndex":53},"endInFirst":{"line":65,"column":43,"tokenListIndex":58},"startInSecond":{"line":52,"column":0,"tokenListIndex":44},"endInSecond":{"line":56,"column":32,"tokenListIndex":49},"lengthOfFirst":6,"lengthOfSecond":6},{"firstFileName":"OSMAN_ALPEREN_KARADAG/LinkedListQuestions.cpp","secondFileName":"YAREN_TEKIN/LinkedListQuestions.cpp","startInFirst":{"line":74,"column":4,"tokenListIndex":64},"endInFirst":{"line":78,"column":63,"tokenListIndex":69},"startInSecond":{"line":69,"column":0,"tokenListIndex":58},"endInSecond":{"line":75,"column":63,"tokenListIndex":63},"lengthOfFirst":6,"lengthOfSecond":6}],"firstSimilarity":0.45054945054945056,"secondSimilarity":0.45054945054945056}