{"firstSubmissionId":"OYKU_AKSUNGUR","secondSubmissionId":"ECENUR_GUNER","similarities":{"AVG":0.16279069767441862,"MAX":0.18421052631578946,"MAXIMUM_LENGTH":97.0,"LONGEST_MATCH":14.0},"matches":[{"firstFileName":"OYKU_AKSUNGUR/LinkedListQuestions.cpp","secondFileName":"ECENUR_GUNER/LinkedListQuestions.cpp","startInFirst":{"line":58,"column":1,"tokenListIndex":42},"endInFirst":{"line":73,"column":25,"tokenListIndex":55},"startInSecond":{"line":52,"column":0,"tokenListIndex":34},"endInSecond":{"line":62,"column":30,"tokenListIndex":47},"lengthOfFirst":14,"lengthOfSecond":14}],"firstSimilarity":0.18421052631578946,"secondSimilarity":0.14583333333333334}