{"firstSubmissionId":"OYKU_AKSUNGUR","secondSubmissionId":"EFE_NEVZAT_CENGER","similarities":{"AVG":0.2682926829268293,"MAX":0.2894736842105263,"MAXIMUM_LENGTH":95.0,"LONGEST_MATCH":10.0},"matches":[{"firstFileName":"OYKU_AKSUNGUR/LinkedListQuestions.cpp","secondFileName":"EFE_NEVZAT_CENGER/LinkedListQuestions.cpp","startInFirst":{"line":58,"column":1,"tokenListIndex":42},"endInFirst":{"line":71,"column":5,"tokenListIndex":51},"startInSecond":{"line":81,"column":0,"tokenListIndex":55},"endInSecond":{"line":90,"column":7,"tokenListIndex":64},"lengthOfFirst":10,"lengthOfSecond":10},{"firstFileName":"OYKU_AKSUNGUR/LinkedListQuestions.cpp","secondFileName":"EFE_NEVZAT_CENGER/LinkedListQuestions.cpp","startInFirst":{"line":36,"column":1,"tokenListIndex":22},"endInFirst":{"line":41,"column":1,"tokenListIndex":27},"startInSecond":{"line":91,"column":0,"tokenListIndex":65},"endInSecond":{"line":98,"column":0,"tokenListIndex":70},"lengthOfFirst":6,"lengthOfSecond":6},{"firstFileName":"OYKU_AKSUNGUR/LinkedListQuestions.cpp","secondFileName":"EFE_NEVZAT_CENGER/LinkedListQuestions.cpp","startInFirst":{"line":73,"column":1,"tokenListIndex":52},"endInFirst":{"line":77,"column":1,"tokenListIndex":57},"startInSecond":{"line":106,"column":0,"tokenListIndex":78},"endInSecond":{"line":112,"column":0,"tokenListIndex":83},"lengthOfFirst":6,"lengthOfSecond":6}],"firstSimilarity":0.2894736842105263,"secondSimilarity":0.25}