{"firstSubmissionId":"OYKU_AKSUNGUR","secondSubmissionId":"EFE_DEMIRCI","similarities":{"AVG":0.19631901840490798,"MAX":0.21052631578947367,"MAXIMUM_LENGTH":88.0,"LONGEST_MATCH":10.0},"matches":[{"firstFileName":"OYKU_AKSUNGUR/LinkedListQuestions.cpp","secondFileName":"EFE_DEMIRCI/LinkedListQuestions.cpp","startInFirst":{"line":68,"column":2,"tokenListIndex":48},"endInFirst":{"line":77,"column":1,"tokenListIndex":57},"startInSecond":{"line":72,"column":2,"tokenListIndex":47},"endInSecond":{"line":80,"column":1,"tokenListIndex":56},"lengthOfFirst":10,"lengthOfSecond":10},{"firstFileName":"OYKU_AKSUNGUR/LinkedListQuestions.cpp","secondFileName":"EFE_DEMIRCI/LinkedListQuestions.cpp","startInFirst":{"line":58,"column":1,"tokenListIndex":42},"endInFirst":{"line":67,"column":1,"tokenListIndex":47},"startInSecond":{"line":64,"column":0,"tokenListIndex":40},"endInSecond":{"line":70,"column":1,"tokenListIndex":45},"lengthOfFirst":6,"lengthOfSecond":6}],"firstSimilarity":0.21052631578947367,"secondSimilarity":0.1839080459770115}