{"firstSubmissionId":"OYKU_AKSUNGUR","secondSubmissionId":"EMIRHAN_EREN_ELIBOL","similarities":{"AVG":0.2545454545454545,"MAX":0.3684210526315789,"MAXIMUM_LENGTH":145.0,"LONGEST_MATCH":11.0},"matches":[{"firstFileName":"OYKU_AKSUNGUR/LinkedListQuestions.cpp","secondFileName":"EMIRHAN_EREN_ELIBOL/LinkedListQuestions.cpp","startInFirst":{"line":8,"column":0,"tokenListIndex":0},"endInFirst":{"line":16,"column":3,"tokenListIndex":10},"startInSecond":{"line":8,"column":0,"tokenListIndex":0},"endInSecond":{"line":16,"column":34,"tokenListIndex":10},"lengthOfFirst":11,"lengthOfSecond":11},{"firstFileName":"OYKU_AKSUNGUR/LinkedListQuestions.cpp","secondFileName":"EMIRHAN_EREN_ELIBOL/LinkedListQuestions.cpp","startInFirst":{"line":58,"column":1,"tokenListIndex":42},"endInFirst":{"line":71,"column":5,"tokenListIndex":51},"startInSecond":{"line":50,"column":0,"tokenListIndex":40},"endInSecond":{"line":58,"column":8,"tokenListIndex":49},"lengthOfFirst":10,"lengthOfSecond":10},{"firstFileName":"OYKU_AKSUNGUR/LinkedListQuestions.cpp","secondFileName":"EMIRHAN_EREN_ELIBOL/LinkedListQuestions.cpp","startInFirst":{"line":79,"column":1,"tokenListIndex":58},"endInFirst":{"line":92,"column":6,"tokenListIndex":64},"startInSecond":{"line":73,"column":1,"tokenListIndex":68},"endInSecond":{"line":79,"column":9,"tokenListIndex":74},"lengthOfFirst":7,"lengthOfSecond":7}],"firstSimilarity":0.3684210526315789,"secondSimilarity":0.19444444444444445}