{"firstSubmissionId":"OYKU_AKSUNGUR","secondSubmissionId":"ATAKAN_ORGUN","similarities":{"AVG":0.038356164383561646,"MAX":0.09210526315789473,"MAXIMUM_LENGTH":303.0,"LONGEST_MATCH":7.0},"matches":[{"firstFileName":"OYKU_AKSUNGUR/LinkedListQuestions.cpp","secondFileName":"ATAKAN_ORGUN/LinkedList.cpp","startInFirst":{"line":32,"column":22,"tokenListIndex":18},"endInFirst":{"line":38,"column":1,"tokenListIndex":24},"startInSecond":{"line":115,"column":0,"tokenListIndex":229},"endInSecond":{"line":119,"column":2,"tokenListIndex":235},"lengthOfFirst":7,"lengthOfSecond":7}],"firstSimilarity":0.09210526315789473,"secondSimilarity":0.02422145328719723}