{"firstSubmissionId":"OYKU_AKSUNGUR","secondSubmissionId":"MEHMET_BARAN_KIRAT","similarities":{"AVG":0.2692307692307692,"MAX":0.27631578947368424,"MAXIMUM_LENGTH":81.0,"LONGEST_MATCH":14.0},"matches":[{"firstFileName":"OYKU_AKSUNGUR/LinkedListQuestions.cpp","secondFileName":"MEHMET_BARAN_KIRAT/LinkedListQuestions.cpp","startInFirst":{"line":29,"column":0,"tokenListIndex":16},"endInFirst":{"line":42,"column":17,"tokenListIndex":29},"startInSecond":{"line":28,"column":0,"tokenListIndex":18},"endInSecond":{"line":38,"column":5,"tokenListIndex":31},"lengthOfFirst":14,"lengthOfSecond":14},{"firstFileName":"OYKU_AKSUNGUR/LinkedListQuestions.cpp","secondFileName":"MEHMET_BARAN_KIRAT/LinkedListQuestions.cpp","startInFirst":{"line":9,"column":1,"tokenListIndex":3},"endInFirst":{"line":15,"column":2,"tokenListIndex":9},"startInSecond":{"line":11,"column":1,"tokenListIndex":4},"endInSecond":{"line":16,"column":2,"tokenListIndex":10},"lengthOfFirst":7,"lengthOfSecond":7}],"firstSimilarity":0.27631578947368424,"secondSimilarity":0.2625}