{"firstSubmissionId":"OYKU_AKSUNGUR","secondSubmissionId":"EMIRHAN_DEMIR","similarities":{"AVG":0.3087248322147651,"MAX":0.3150684931506849,"MAXIMUM_LENGTH":80.0,"LONGEST_MATCH":9.0},"matches":[{"firstFileName":"OYKU_AKSUNGUR/LinkedListQuestions.cpp","secondFileName":"EMIRHAN_DEMIR/LinkedListQuestions.cpp","startInFirst":{"line":11,"column":1,"tokenListIndex":5},"endInFirst":{"line":21,"column":15,"tokenListIndex":13},"startInSecond":{"line":9,"column":1,"tokenListIndex":3},"endInSecond":{"line":19,"column":19,"tokenListIndex":11},"lengthOfFirst":9,"lengthOfSecond":9},{"firstFileName":"OYKU_AKSUNGUR/LinkedListQuestions.cpp","secondFileName":"EMIRHAN_DEMIR/LinkedListQuestions.cpp","startInFirst":{"line":58,"column":1,"tokenListIndex":42},"endInFirst":{"line":69,"column":1,"tokenListIndex":49},"startInSecond":{"line":51,"column":0,"tokenListIndex":47},"endInSecond":{"line":58,"column":1,"tokenListIndex":54},"lengthOfFirst":8,"lengthOfSecond":8},{"firstFileName":"OYKU_AKSUNGUR/LinkedListQuestions.cpp","secondFileName":"EMIRHAN_DEMIR/LinkedListQuestions.cpp","startInFirst":{"line":24,"column":1,"tokenListIndex":15},"endInFirst":{"line":34,"column":1,"tokenListIndex":20},"startInSecond":{"line":20,"column":1,"tokenListIndex":12},"endInSecond":{"line":25,"column":1,"tokenListIndex":17},"lengthOfFirst":6,"lengthOfSecond":6}],"firstSimilarity":0.3026315789473684,"secondSimilarity":0.3150684931506849}