{"firstSubmissionId":"OYKU_AKSUNGUR","secondSubmissionId":"YAREN_TEKIN","similarities":{"AVG":0.25149700598802394,"MAX":0.27631578947368424,"MAXIMUM_LENGTH":92.0,"LONGEST_MATCH":14.0},"matches":[{"firstFileName":"OYKU_AKSUNGUR/LinkedListQuestions.cpp","secondFileName":"YAREN_TEKIN/LinkedListQuestions.cpp","startInFirst":{"line":58,"column":1,"tokenListIndex":42},"endInFirst":{"line":73,"column":25,"tokenListIndex":55},"startInSecond":{"line":44,"column":0,"tokenListIndex":36},"endInSecond":{"line":56,"column":32,"tokenListIndex":49},"lengthOfFirst":14,"lengthOfSecond":14},{"firstFileName":"OYKU_AKSUNGUR/LinkedListQuestions.cpp","secondFileName":"YAREN_TEKIN/LinkedListQuestions.cpp","startInFirst":{"line":34,"column":1,"tokenListIndex":20},"endInFirst":{"line":40,"column":2,"tokenListIndex":26},"startInSecond":{"line":29,"column":0,"tokenListIndex":25},"endInSecond":{"line":36,"column":0,"tokenListIndex":31},"lengthOfFirst":7,"lengthOfSecond":7}],"firstSimilarity":0.27631578947368424,"secondSimilarity":0.23076923076923078}