{"firstSubmissionId":"OYKU_AKSUNGUR","secondSubmissionId":"OSMAN_ALPEREN_KARADAG","similarities":{"AVG":0.25149700598802394,"MAX":0.27631578947368424,"MAXIMUM_LENGTH":92.0,"LONGEST_MATCH":8.0},"matches":[{"firstFileName":"OYKU_AKSUNGUR/LinkedListQuestions.cpp","secondFileName":"OSMAN_ALPEREN_KARADAG/LinkedListQuestions.cpp","startInFirst":{"line":71,"column":1,"tokenListIndex":50},"endInFirst":{"line":77,"column":1,"tokenListIndex":57},"startInSecond":{"line":35,"column":4,"tokenListIndex":29},"endInSecond":{"line":39,"column":4,"tokenListIndex":36},"lengthOfFirst":8,"lengthOfSecond":8},{"firstFileName":"OYKU_AKSUNGUR/LinkedListQuestions.cpp","secondFileName":"OSMAN_ALPEREN_KARADAG/LinkedListQuestions.cpp","startInFirst":{"line":44,"column":1,"tokenListIndex":33},"endInFirst":{"line":49,"column":25,"tokenListIndex":39},"startInSecond":{"line":84,"column":4,"tokenListIndex":77},"endInSecond":{"line":88,"column":38,"tokenListIndex":83},"lengthOfFirst":7,"lengthOfSecond":7},{"firstFileName":"OYKU_AKSUNGUR/LinkedListQuestions.cpp","secondFileName":"OSMAN_ALPEREN_KARADAG/LinkedListQuestions.cpp","startInFirst":{"line":79,"column":1,"tokenListIndex":58},"endInFirst":{"line":92,"column":2,"tokenListIndex":63},"startInSecond":{"line":49,"column":4,"tokenListIndex":39},"endInSecond":{"line":54,"column":57,"tokenListIndex":44},"lengthOfFirst":6,"lengthOfSecond":6}],"firstSimilarity":0.27631578947368424,"secondSimilarity":0.23076923076923078}