{"firstSubmissionId":"OYKU_AKSUNGUR","secondSubmissionId":"BETUL_CAGRIL","similarities":{"AVG":0.33766233766233766,"MAX":0.34210526315789475,"MAXIMUM_LENGTH":85.0,"LONGEST_MATCH":8.0},"matches":[{"firstFileName":"OYKU_AKSUNGUR/LinkedListQuestions.cpp","secondFileName":"BETUL_CAGRIL/LinkedListQuestions.cpp","startInFirst":{"line":34,"column":1,"tokenListIndex":20},"endInFirst":{"line":41,"column":1,"tokenListIndex":27},"startInSecond":{"line":45,"column":4,"tokenListIndex":27},"endInSecond":{"line":51,"column":4,"tokenListIndex":34},"lengthOfFirst":8,"lengthOfSecond":8},{"firstFileName":"OYKU_AKSUNGUR/LinkedListQuestions.cpp","secondFileName":"BETUL_CAGRIL/LinkedListQuestions.cpp","startInFirst":{"line":8,"column":0,"tokenListIndex":0},"endInFirst":{"line":11,"column":1,"tokenListIndex":5},"startInSecond":{"line":8,"column":0,"tokenListIndex":0},"endInSecond":{"line":11,"column":4,"tokenListIndex":5},"lengthOfFirst":6,"lengthOfSecond":6},{"firstFileName":"OYKU_AKSUNGUR/LinkedListQuestions.cpp","secondFileName":"BETUL_CAGRIL/LinkedListQuestions.cpp","startInFirst":{"line":71,"column":5,"tokenListIndex":51},"endInFirst":{"line":74,"column":2,"tokenListIndex":56},"startInSecond":{"line":62,"column":4,"tokenListIndex":42},"endInSecond":{"line":65,"column":8,"tokenListIndex":47},"lengthOfFirst":6,"lengthOfSecond":6},{"firstFileName":"OYKU_AKSUNGUR/LinkedListQuestions.cpp","secondFileName":"BETUL_CAGRIL/LinkedListQuestions.cpp","startInFirst":{"line":79,"column":1,"tokenListIndex":58},"endInFirst":{"line":92,"column":2,"tokenListIndex":63},"startInSecond":{"line":75,"column":4,"tokenListIndex":53},"endInSecond":{"line":82,"column":57,"tokenListIndex":58},"lengthOfFirst":6,"lengthOfSecond":6}],"firstSimilarity":0.34210526315789475,"secondSimilarity":0.3333333333333333}