{"firstSubmissionId":"OYKU_AKSUNGUR","secondSubmissionId":"SELIN_SUNA_KAYA","similarities":{"AVG":0.2857142857142857,"MAX":0.3157894736842105,"MAXIMUM_LENGTH":93.0,"LONGEST_MATCH":10.0},"matches":[{"firstFileName":"OYKU_AKSUNGUR/LinkedListQuestions.cpp","secondFileName":"SELIN_SUNA_KAYA/LinkedListQuestions.cpp","startInFirst":{"line":34,"column":1,"tokenListIndex":20},"endInFirst":{"line":42,"column":17,"tokenListIndex":29},"startInSecond":{"line":21,"column":1,"tokenListIndex":25},"endInSecond":{"line":29,"column":5,"tokenListIndex":34},"lengthOfFirst":10,"lengthOfSecond":10},{"firstFileName":"OYKU_AKSUNGUR/LinkedListQuestions.cpp","secondFileName":"SELIN_SUNA_KAYA/LinkedListQuestions.cpp","startInFirst":{"line":9,"column":1,"tokenListIndex":3},"endInFirst":{"line":16,"column":3,"tokenListIndex":10},"startInSecond":{"line":9,"column":1,"tokenListIndex":5},"endInSecond":{"line":12,"column":31,"tokenListIndex":12},"lengthOfFirst":8,"lengthOfSecond":8},{"firstFileName":"OYKU_AKSUNGUR/LinkedListQuestions.cpp","secondFileName":"SELIN_SUNA_KAYA/LinkedListQuestions.cpp","startInFirst":{"line":23,"column":2,"tokenListIndex":14},"endInFirst":{"line":32,"column":48,"tokenListIndex":19},"startInSecond":{"line":52,"column":2,"tokenListIndex":64},"endInSecond":{"line":63,"column":42,"tokenListIndex":69},"lengthOfFirst":6,"lengthOfSecond":6}],"firstSimilarity":0.3157894736842105,"secondSimilarity":0.2608695652173913}