{"firstSubmissionId":"OYKU_AKSUNGUR","secondSubmissionId":"EREN_COMOGLU","similarities":{"AVG":0.3558282208588957,"MAX":0.3815789473684211,"MAXIMUM_LENGTH":88.0,"LONGEST_MATCH":14.0},"matches":[{"firstFileName":"OYKU_AKSUNGUR/LinkedListQuestions.cpp","secondFileName":"EREN_COMOGLU/LinkedListQuestions.cpp","startInFirst":{"line":71,"column":1,"tokenListIndex":50},"endInFirst":{"line":92,"column":2,"tokenListIndex":63},"startInSecond":{"line":41,"column":1,"tokenListIndex":36},"endInSecond":{"line":54,"column":57,"tokenListIndex":49},"lengthOfFirst":14,"lengthOfSecond":14},{"firstFileName":"OYKU_AKSUNGUR/LinkedListQuestions.cpp","secondFileName":"EREN_COMOGLU/LinkedListQuestions.cpp","startInFirst":{"line":24,"column":1,"tokenListIndex":15},"endInFirst":{"line":36,"column":5,"tokenListIndex":23},"startInSecond":{"line":23,"column":1,"tokenListIndex":19},"endInSecond":{"line":32,"column":9,"tokenListIndex":27},"lengthOfFirst":9,"lengthOfSecond":9},{"firstFileName":"OYKU_AKSUNGUR/LinkedListQuestions.cpp","secondFileName":"EREN_COMOGLU/LinkedListQuestions.cpp","startInFirst":{"line":9,"column":1,"tokenListIndex":3},"endInFirst":{"line":14,"column":1,"tokenListIndex":8},"startInSecond":{"line":10,"column":1,"tokenListIndex":5},"endInSecond":{"line":14,"column":1,"tokenListIndex":10},"lengthOfFirst":6,"lengthOfSecond":6}],"firstSimilarity":0.3815789473684211,"secondSimilarity":0.3333333333333333}