{"firstSubmissionId":"RABIA_NILAY_YILMAZ","secondSubmissionId":"KUTALMIS_ATA_ALTAYLAR","similarities":{"AVG":0.358974358974359,"MAX":0.9333333333333333,"MAXIMUM_LENGTH":64.0,"LONGEST_MATCH":14.0},"matches":[{"firstFileName":"RABIA_NILAY_YILMAZ/LinkedListQuestions_.cpp","secondFileName":"KUTALMIS_ATA_ALTAYLAR/LinkedListQuestions.lab111.cpp","startInFirst":{"line":8,"column":0,"tokenListIndex":0},"endInFirst":{"line":18,"column":1,"tokenListIndex":13},"startInSecond":{"line":8,"column":0,"tokenListIndex":0},"endInSecond":{"line":16,"column":0,"tokenListIndex":13},"lengthOfFirst":14,"lengthOfSecond":14}],"firstSimilarity":0.9333333333333333,"secondSimilarity":0.2222222222222222}