{"firstSubmissionId":"RABIA_NILAY_YILMAZ","secondSubmissionId":"EREN_COMOGLU","similarities":{"AVG":0.11764705882352941,"MAX":0.4,"MAXIMUM_LENGTH":88.0,"LONGEST_MATCH":6.0},"matches":[{"firstFileName":"RABIA_NILAY_YILMAZ/LinkedListQuestions_.cpp","secondFileName":"EREN_COMOGLU/LinkedListQuestions.cpp","startInFirst":{"line":8,"column":36,"tokenListIndex":2},"endInFirst":{"line":12,"column":8,"tokenListIndex":7},"startInSecond":{"line":54,"column":57,"tokenListIndex":49},"endInSecond":{"line":58,"column":9,"tokenListIndex":54},"lengthOfFirst":6,"lengthOfSecond":6}],"firstSimilarity":0.4,"secondSimilarity":0.06896551724137931}