{"firstSubmissionId":"RABIA_NILAY_YILMAZ","secondSubmissionId":"BETUL_CAGRIL","similarities":{"AVG":0.12903225806451613,"MAX":0.4,"MAXIMUM_LENGTH":85.0,"LONGEST_MATCH":6.0},"matches":[{"firstFileName":"RABIA_NILAY_YILMAZ/LinkedListQuestions_.cpp","secondFileName":"BETUL_CAGRIL/LinkedListQuestions.cpp","startInFirst":{"line":8,"column":36,"tokenListIndex":2},"endInFirst":{"line":12,"column":8,"tokenListIndex":7},"startInSecond":{"line":38,"column":4,"tokenListIndex":23},"endInSecond":{"line":45,"column":12,"tokenListIndex":28},"lengthOfFirst":6,"lengthOfSecond":6}],"firstSimilarity":0.4,"secondSimilarity":0.07692307692307693}