{"firstSubmissionId":"RABIA_NILAY_YILMAZ","secondSubmissionId":"EFE_NEVZAT_CENGER","similarities":{"AVG":0.11650485436893204,"MAX":0.4,"MAXIMUM_LENGTH":95.0,"LONGEST_MATCH":6.0},"matches":[{"firstFileName":"RABIA_NILAY_YILMAZ/LinkedListQuestions_.cpp","secondFileName":"EFE_NEVZAT_CENGER/LinkedListQuestions.cpp","startInFirst":{"line":8,"column":36,"tokenListIndex":2},"endInFirst":{"line":12,"column":8,"tokenListIndex":7},"startInSecond":{"line":85,"column":57,"tokenListIndex":59},"endInSecond":{"line":90,"column":7,"tokenListIndex":64},"lengthOfFirst":6,"lengthOfSecond":6}],"firstSimilarity":0.4,"secondSimilarity":0.06818181818181818}