{"firstSubmissionId":"RABIA_NILAY_YILMAZ","secondSubmissionId":"KEREM_AKDENIZ","similarities":{"AVG":0.18421052631578946,"MAX":0.4666666666666667,"MAXIMUM_LENGTH":68.0,"LONGEST_MATCH":7.0},"matches":[{"firstFileName":"RABIA_NILAY_YILMAZ/LinkedListQuestions_.cpp","secondFileName":"KEREM_AKDENIZ/LinkedListQuestions.cpp","startInFirst":{"line":12,"column":1,"tokenListIndex":6},"endInFirst":{"line":17,"column":2,"tokenListIndex":12},"startInSecond":{"line":10,"column":1,"tokenListIndex":5},"endInSecond":{"line":16,"column":2,"tokenListIndex":11},"lengthOfFirst":7,"lengthOfSecond":7}],"firstSimilarity":0.4666666666666667,"secondSimilarity":0.11475409836065574}