{"firstSubmissionId":"RABIA_NILAY_YILMAZ","secondSubmissionId":"EFE_DEMIRCI","similarities":{"AVG":0.19607843137254902,"MAX":0.6666666666666666,"MAXIMUM_LENGTH":88.0,"LONGEST_MATCH":10.0},"matches":[{"firstFileName":"RABIA_NILAY_YILMAZ/LinkedListQuestions_.cpp","secondFileName":"EFE_DEMIRCI/LinkedListQuestions.cpp","startInFirst":{"line":10,"column":2,"tokenListIndex":4},"endInFirst":{"line":18,"column":1,"tokenListIndex":13},"startInSecond":{"line":11,"column":2,"tokenListIndex":6},"endInSecond":{"line":25,"column":1,"tokenListIndex":15},"lengthOfFirst":10,"lengthOfSecond":10}],"firstSimilarity":0.6666666666666666,"secondSimilarity":0.11494252873563218}