{"firstSubmissionId":"RABIA_NILAY_YILMAZ","secondSubmissionId":"ATAKAN_ORGUN","similarities":{"AVG":0.06578947368421052,"MAX":0.6666666666666666,"MAXIMUM_LENGTH":303.0,"LONGEST_MATCH":10.0},"matches":[{"firstFileName":"RABIA_NILAY_YILMAZ/LinkedListQuestions_.cpp","secondFileName":"ATAKAN_ORGUN/LinkedListQuestions.cpp","startInFirst":{"line":10,"column":2,"tokenListIndex":4},"endInFirst":{"line":18,"column":1,"tokenListIndex":13},"startInSecond":{"line":10,"column":2,"tokenListIndex":5},"endInSecond":{"line":21,"column":1,"tokenListIndex":14},"lengthOfFirst":10,"lengthOfSecond":10}],"firstSimilarity":0.6666666666666666,"secondSimilarity":0.03460207612456748}