{"firstSubmissionId":"RABIA_NILAY_YILMAZ","secondSubmissionId":"EMIRHAN_EREN_ELIBOL","similarities":{"AVG":0.1509433962264151,"MAX":0.8,"MAXIMUM_LENGTH":145.0,"LONGEST_MATCH":6.0},"matches":[{"firstFileName":"RABIA_NILAY_YILMAZ/LinkedListQuestions_.cpp","secondFileName":"EMIRHAN_EREN_ELIBOL/LinkedListQuestions.cpp","startInFirst":{"line":8,"column":36,"tokenListIndex":2},"endInFirst":{"line":12,"column":8,"tokenListIndex":7},"startInSecond":{"line":26,"column":1,"tokenListIndex":19},"endInSecond":{"line":30,"column":8,"tokenListIndex":24},"lengthOfFirst":6,"lengthOfSecond":6},{"firstFileName":"RABIA_NILAY_YILMAZ/LinkedListQuestions_.cpp","secondFileName":"EMIRHAN_EREN_ELIBOL/LinkedListQuestions.cpp","startInFirst":{"line":13,"column":1,"tokenListIndex":8},"endInFirst":{"line":18,"column":1,"tokenListIndex":13},"startInSecond":{"line":13,"column":1,"tokenListIndex":8},"endInSecond":{"line":18,"column":0,"tokenListIndex":13},"lengthOfFirst":6,"lengthOfSecond":6}],"firstSimilarity":0.8,"secondSimilarity":0.08333333333333333}