{"firstSubmissionId":"RABIA_NILAY_YILMAZ","secondSubmissionId":"SELIN_SUNA_KAYA","similarities":{"AVG":0.11214953271028037,"MAX":0.4,"MAXIMUM_LENGTH":93.0,"LONGEST_MATCH":6.0},"matches":[{"firstFileName":"RABIA_NILAY_YILMAZ/LinkedListQuestions_.cpp","secondFileName":"SELIN_SUNA_KAYA/LinkedListQuestions.cpp","startInFirst":{"line":13,"column":1,"tokenListIndex":8},"endInFirst":{"line":18,"column":1,"tokenListIndex":13},"startInSecond":{"line":11,"column":1,"tokenListIndex":10},"endInSecond":{"line":14,"column":1,"tokenListIndex":15},"lengthOfFirst":6,"lengthOfSecond":6}],"firstSimilarity":0.4,"secondSimilarity":0.06521739130434782}