{"firstSubmissionId":"RABIA_NILAY_YILMAZ","secondSubmissionId":"SERRA_PEHLIVANKUCUK","similarities":{"AVG":0.4375,"MAX":0.9333333333333333,"MAXIMUM_LENGTH":60.0,"LONGEST_MATCH":14.0},"matches":[{"firstFileName":"RABIA_NILAY_YILMAZ/LinkedListQuestions_.cpp","secondFileName":"SERRA_PEHLIVANKUCUK/LinkedListQuestions.cpp","startInFirst":{"line":8,"column":0,"tokenListIndex":0},"endInFirst":{"line":18,"column":1,"tokenListIndex":13},"startInSecond":{"line":8,"column":0,"tokenListIndex":0},"endInSecond":{"line":19,"column":1,"tokenListIndex":13},"lengthOfFirst":14,"lengthOfSecond":14}],"firstSimilarity":0.9333333333333333,"secondSimilarity":0.2857142857142857}