{"firstSubmissionId":"RABIA_NILAY_YILMAZ","secondSubmissionId":"EYLUL_SUICMEZ","similarities":{"AVG":0.7857142857142857,"MAX":0.8461538461538461,"MAXIMUM_LENGTH":29.0,"LONGEST_MATCH":11.0},"matches":[{"firstFileName":"RABIA_NILAY_YILMAZ/LinkedListQuestions_.cpp","secondFileName":"EYLUL_SUICMEZ/LinkedListQuestions.cpp","startInFirst":{"line":8,"column":22,"tokenListIndex":1},"endInFirst":{"line":16,"column":2,"tokenListIndex":11},"startInSecond":{"line":9,"column":0,"tokenListIndex":0},"endInSecond":{"line":16,"column":1,"tokenListIndex":10},"lengthOfFirst":11,"lengthOfSecond":11}],"firstSimilarity":0.7333333333333333,"secondSimilarity":0.8461538461538461}