{"firstSubmissionId":"RABIA_NILAY_YILMAZ","secondSubmissionId":"OYKU_AKSUNGUR","similarities":{"AVG":0.13186813186813187,"MAX":0.4,"MAXIMUM_LENGTH":77.0,"LONGEST_MATCH":6.0},"matches":[{"firstFileName":"RABIA_NILAY_YILMAZ/LinkedListQuestions_.cpp","secondFileName":"OYKU_AKSUNGUR/LinkedListQuestions.cpp","startInFirst":{"line":8,"column":36,"tokenListIndex":2},"endInFirst":{"line":12,"column":8,"tokenListIndex":7},"startInSecond":{"line":65,"column":57,"tokenListIndex":46},"endInSecond":{"line":71,"column":5,"tokenListIndex":51},"lengthOfFirst":6,"lengthOfSecond":6}],"firstSimilarity":0.4,"secondSimilarity":0.07894736842105263}