{"firstSubmissionId":"RABIA_NILAY_YILMAZ","secondSubmissionId":"OSMAN_ALPEREN_KARADAG","similarities":{"AVG":0.18867924528301888,"MAX":0.6666666666666666,"MAXIMUM_LENGTH":92.0,"LONGEST_MATCH":10.0},"matches":[{"firstFileName":"RABIA_NILAY_YILMAZ/LinkedListQuestions_.cpp","secondFileName":"OSMAN_ALPEREN_KARADAG/LinkedListQuestions.cpp","startInFirst":{"line":10,"column":2,"tokenListIndex":4},"endInFirst":{"line":18,"column":1,"tokenListIndex":13},"startInSecond":{"line":10,"column":8,"tokenListIndex":5},"endInSecond":{"line":20,"column":4,"tokenListIndex":14},"lengthOfFirst":10,"lengthOfSecond":10}],"firstSimilarity":0.6666666666666666,"secondSimilarity":0.10989010989010989}