{"firstSubmissionId":"RABIA_NILAY_YILMAZ","secondSubmissionId":"MERVE_NAZ_DIKME","similarities":{"AVG":0.25,"MAX":0.5333333333333333,"MAXIMUM_LENGTH":56.0,"LONGEST_MATCH":8.0},"matches":[{"firstFileName":"RABIA_NILAY_YILMAZ/LinkedListQuestions_.cpp","secondFileName":"MERVE_NAZ_DIKME/LinkedListQuestions.cpp","startInFirst":{"line":12,"column":1,"tokenListIndex":6},"endInFirst":{"line":18,"column":1,"tokenListIndex":13},"startInSecond":{"line":10,"column":4,"tokenListIndex":3},"endInSecond":{"line":17,"column":1,"tokenListIndex":10},"lengthOfFirst":8,"lengthOfSecond":8}],"firstSimilarity":0.5333333333333333,"secondSimilarity":0.16326530612244897}