{"firstSubmissionId":"RABIA_NILAY_YILMAZ","secondSubmissionId":"YAREN_TEKIN","similarities":{"AVG":0.2641509433962264,"MAX":0.9333333333333333,"MAXIMUM_LENGTH":92.0,"LONGEST_MATCH":14.0},"matches":[{"firstFileName":"RABIA_NILAY_YILMAZ/LinkedListQuestions_.cpp","secondFileName":"YAREN_TEKIN/LinkedListQuestions.cpp","startInFirst":{"line":8,"column":0,"tokenListIndex":0},"endInFirst":{"line":18,"column":1,"tokenListIndex":13},"startInSecond":{"line":8,"column":0,"tokenListIndex":0},"endInSecond":{"line":17,"column":0,"tokenListIndex":13},"lengthOfFirst":14,"lengthOfSecond":14}],"firstSimilarity":0.9333333333333333,"secondSimilarity":0.15384615384615385}