{"firstSubmissionId":"RABIA_NILAY_YILMAZ","secondSubmissionId":"ILBER_EREN_TUT","similarities":{"AVG":0.3076923076923077,"MAX":0.5333333333333333,"MAXIMUM_LENGTH":38.0,"LONGEST_MATCH":8.0},"matches":[{"firstFileName":"RABIA_NILAY_YILMAZ/LinkedListQuestions_.cpp","secondFileName":"ILBER_EREN_TUT/LinkedListQuestions.cpp","startInFirst":{"line":12,"column":1,"tokenListIndex":6},"endInFirst":{"line":18,"column":1,"tokenListIndex":13},"startInSecond":{"line":10,"column":4,"tokenListIndex":2},"endInSecond":{"line":17,"column":9,"tokenListIndex":9},"lengthOfFirst":8,"lengthOfSecond":8}],"firstSimilarity":0.5333333333333333,"secondSimilarity":0.21621621621621623}