{"firstSubmissionId":"RABIA_NILAY_YILMAZ","secondSubmissionId":"MERT_ACAR","similarities":{"AVG":0.4864864864864865,"MAX":0.6,"MAXIMUM_LENGTH":34.0,"LONGEST_MATCH":9.0},"matches":[{"firstFileName":"RABIA_NILAY_YILMAZ/LinkedListQuestions_.cpp","secondFileName":"MERT_ACAR/lab1_1.cpp","startInFirst":{"line":8,"column":0,"tokenListIndex":0},"endInFirst":{"line":13,"column":1,"tokenListIndex":8},"startInSecond":{"line":8,"column":0,"tokenListIndex":0},"endInSecond":{"line":14,"column":1,"tokenListIndex":8},"lengthOfFirst":9,"lengthOfSecond":9}],"firstSimilarity":0.6,"secondSimilarity":0.4090909090909091}