{"firstSubmissionId":"RABIA_NILAY_YILMAZ","secondSubmissionId":"MUSAB_TUNC","similarities":{"AVG":0.22857142857142856,"MAX":0.5333333333333333,"MAXIMUM_LENGTH":67.0,"LONGEST_MATCH":8.0},"matches":[{"firstFileName":"RABIA_NILAY_YILMAZ/LinkedListQuestions_.cpp","secondFileName":"MUSAB_TUNC/musab_tunc.cpp","startInFirst":{"line":12,"column":1,"tokenListIndex":6},"endInFirst":{"line":18,"column":1,"tokenListIndex":13},"startInSecond":{"line":9,"column":1,"tokenListIndex":3},"endInSecond":{"line":16,"column":1,"tokenListIndex":10},"lengthOfFirst":8,"lengthOfSecond":8}],"firstSimilarity":0.5333333333333333,"secondSimilarity":0.14545454545454545}