{"firstSubmissionId":"SELIN_SUNA_KAYA","secondSubmissionId":"ECENUR_GUNER","similarities":{"AVG":0.20212765957446807,"MAX":0.20652173913043478,"MAXIMUM_LENGTH":97.0,"LONGEST_MATCH":12.0},"matches":[{"firstFileName":"SELIN_SUNA_KAYA/LinkedListQuestions.cpp","secondFileName":"ECENUR_GUNER/LinkedListQuestions.cpp","startInFirst":{"line":11,"column":1,"tokenListIndex":10},"endInFirst":{"line":20,"column":1,"tokenListIndex":21},"startInSecond":{"line":16,"column":4,"tokenListIndex":8},"endInSecond":{"line":28,"column":4,"tokenListIndex":19},"lengthOfFirst":12,"lengthOfSecond":12},{"firstFileName":"SELIN_SUNA_KAYA/LinkedListQuestions.cpp","secondFileName":"ECENUR_GUNER/LinkedListQuestions.cpp","startInFirst":{"line":21,"column":1,"tokenListIndex":23},"endInFirst":{"line":24,"column":1,"tokenListIndex":29},"startInSecond":{"line":87,"column":4,"tokenListIndex":72},"endInSecond":{"line":90,"column":4,"tokenListIndex":78},"lengthOfFirst":7,"lengthOfSecond":7}],"firstSimilarity":0.20652173913043478,"secondSimilarity":0.19791666666666666}