{"firstSubmissionId":"SELIN_SUNA_KAYA","secondSubmissionId":"EFE_NEVZAT_CENGER","similarities":{"AVG":0.25555555555555554,"MAX":0.26136363636363635,"MAXIMUM_LENGTH":95.0,"LONGEST_MATCH":9.0},"matches":[{"firstFileName":"SELIN_SUNA_KAYA/LinkedListQuestions.cpp","secondFileName":"EFE_NEVZAT_CENGER/LinkedListQuestions.cpp","startInFirst":{"line":12,"column":43,"tokenListIndex":13},"endInFirst":{"line":20,"column":1,"tokenListIndex":21},"startInSecond":{"line":24,"column":1,"tokenListIndex":16},"endInSecond":{"line":37,"column":0,"tokenListIndex":24},"lengthOfFirst":9,"lengthOfSecond":9},{"firstFileName":"SELIN_SUNA_KAYA/LinkedListQuestions.cpp","secondFileName":"EFE_NEVZAT_CENGER/LinkedListQuestions.cpp","startInFirst":{"line":21,"column":1,"tokenListIndex":25},"endInFirst":{"line":27,"column":1,"tokenListIndex":32},"startInSecond":{"line":90,"column":0,"tokenListIndex":63},"endInSecond":{"line":98,"column":0,"tokenListIndex":70},"lengthOfFirst":8,"lengthOfSecond":8},{"firstFileName":"SELIN_SUNA_KAYA/LinkedListQuestions.cpp","secondFileName":"EFE_NEVZAT_CENGER/LinkedListQuestions.cpp","startInFirst":{"line":28,"column":1,"tokenListIndex":33},"endInFirst":{"line":30,"column":19,"tokenListIndex":38},"startInSecond":{"line":53,"column":4,"tokenListIndex":36},"endInSecond":{"line":56,"column":16,"tokenListIndex":41},"lengthOfFirst":6,"lengthOfSecond":6}],"firstSimilarity":0.25,"secondSimilarity":0.26136363636363635}