{"firstSubmissionId":"SELIN_SUNA_KAYA","secondSubmissionId":"EMIRHAN_EREN_ELIBOL","similarities":{"AVG":0.3474576271186441,"MAX":0.44565217391304346,"MAXIMUM_LENGTH":145.0,"LONGEST_MATCH":17.0},"matches":[{"firstFileName":"SELIN_SUNA_KAYA/LinkedListQuestions.cpp","secondFileName":"EMIRHAN_EREN_ELIBOL/LinkedListQuestions.cpp","startInFirst":{"line":9,"column":1,"tokenListIndex":5},"endInFirst":{"line":20,"column":1,"tokenListIndex":21},"startInSecond":{"line":10,"column":1,"tokenListIndex":3},"endInSecond":{"line":26,"column":1,"tokenListIndex":19},"lengthOfFirst":17,"lengthOfSecond":17},{"firstFileName":"SELIN_SUNA_KAYA/LinkedListQuestions.cpp","secondFileName":"EMIRHAN_EREN_ELIBOL/LinkedListQuestions.cpp","startInFirst":{"line":44,"column":47,"tokenListIndex":49},"endInFirst":{"line":48,"column":5,"tokenListIndex":58},"startInSecond":{"line":78,"column":26,"tokenListIndex":71},"endInSecond":{"line":84,"column":9,"tokenListIndex":80},"lengthOfFirst":10,"lengthOfSecond":10},{"firstFileName":"SELIN_SUNA_KAYA/LinkedListQuestions.cpp","secondFileName":"EMIRHAN_EREN_ELIBOL/LinkedListQuestions.cpp","startInFirst":{"line":21,"column":1,"tokenListIndex":23},"endInFirst":{"line":24,"column":1,"tokenListIndex":29},"startInSecond":{"line":112,"column":1,"tokenListIndex":120},"endInSecond":{"line":116,"column":1,"tokenListIndex":126},"lengthOfFirst":7,"lengthOfSecond":7},{"firstFileName":"SELIN_SUNA_KAYA/LinkedListQuestions.cpp","secondFileName":"EMIRHAN_EREN_ELIBOL/LinkedListQuestions.cpp","startInFirst":{"line":31,"column":1,"tokenListIndex":39},"endInFirst":{"line":34,"column":1,"tokenListIndex":45},"startInSecond":{"line":36,"column":1,"tokenListIndex":29},"endInSecond":{"line":40,"column":0,"tokenListIndex":35},"lengthOfFirst":7,"lengthOfSecond":7}],"firstSimilarity":0.44565217391304346,"secondSimilarity":0.2847222222222222}