{"firstSubmissionId":"SELIN_SUNA_KAYA","secondSubmissionId":"ATAKAN_ORGUN","similarities":{"AVG":0.10498687664041995,"MAX":0.21739130434782608,"MAXIMUM_LENGTH":303.0,"LONGEST_MATCH":13.0},"matches":[{"firstFileName":"SELIN_SUNA_KAYA/LinkedListQuestions.cpp","secondFileName":"ATAKAN_ORGUN/LinkedListQuestions.cpp","startInFirst":{"line":11,"column":1,"tokenListIndex":10},"endInFirst":{"line":20,"column":5,"tokenListIndex":22},"startInSecond":{"line":15,"column":1,"tokenListIndex":9},"endInSecond":{"line":28,"column":5,"tokenListIndex":21},"lengthOfFirst":13,"lengthOfSecond":13},{"firstFileName":"SELIN_SUNA_KAYA/LinkedListQuestions.cpp","secondFileName":"ATAKAN_ORGUN/LinkedList.cpp","startInFirst":{"line":32,"column":2,"tokenListIndex":43},"endInFirst":{"line":44,"column":47,"tokenListIndex":49},"startInSecond":{"line":101,"column":14,"tokenListIndex":225},"endInSecond":{"line":116,"column":2,"tokenListIndex":231},"lengthOfFirst":7,"lengthOfSecond":7}],"firstSimilarity":0.21739130434782608,"secondSimilarity":0.06920415224913495}