{"firstSubmissionId":"SERRA_PEHLIVANKUCUK","secondSubmissionId":"KEREM_AKDENIZ","similarities":{"AVG":0.43636363636363634,"MAX":0.4897959183673469,"MAXIMUM_LENGTH":68.0,"LONGEST_MATCH":11.0},"matches":[{"firstFileName":"SERRA_PEHLIVANKUCUK/LinkedListQuestions.cpp","secondFileName":"KEREM_AKDENIZ/LinkedListQuestions.cpp","startInFirst":{"line":18,"column":2,"tokenListIndex":12},"endInFirst":{"line":31,"column":19,"tokenListIndex":22},"startInSecond":{"line":17,"column":2,"tokenListIndex":12},"endInSecond":{"line":25,"column":40,"tokenListIndex":22},"lengthOfFirst":11,"lengthOfSecond":11},{"firstFileName":"SERRA_PEHLIVANKUCUK/LinkedListQuestions.cpp","secondFileName":"KEREM_AKDENIZ/LinkedListQuestions.cpp","startInFirst":{"line":53,"column":1,"tokenListIndex":41},"endInFirst":{"line":57,"column":1,"tokenListIndex":47},"startInSecond":{"line":27,"column":1,"tokenListIndex":23},"endInSecond":{"line":31,"column":1,"tokenListIndex":29},"lengthOfFirst":7,"lengthOfSecond":7},{"firstFileName":"SERRA_PEHLIVANKUCUK/LinkedListQuestions.cpp","secondFileName":"KEREM_AKDENIZ/LinkedListQuestions.cpp","startInFirst":{"line":14,"column":1,"tokenListIndex":6},"endInFirst":{"line":17,"column":15,"tokenListIndex":11},"startInSecond":{"line":10,"column":1,"tokenListIndex":5},"endInSecond":{"line":15,"column":2,"tokenListIndex":10},"lengthOfFirst":6,"lengthOfSecond":6}],"firstSimilarity":0.4897959183673469,"secondSimilarity":0.39344262295081966}