{"firstSubmissionId":"SERRA_PEHLIVANKUCUK","secondSubmissionId":"ATAKAN_ORGUN","similarities":{"AVG":0.1301775147928994,"MAX":0.4489795918367347,"MAXIMUM_LENGTH":303.0,"LONGEST_MATCH":16.0},"matches":[{"firstFileName":"SERRA_PEHLIVANKUCUK/LinkedListQuestions.cpp","secondFileName":"ATAKAN_ORGUN/LinkedListQuestions.cpp","startInFirst":{"line":11,"column":2,"tokenListIndex":4},"endInFirst":{"line":28,"column":1,"tokenListIndex":19},"startInSecond":{"line":10,"column":2,"tokenListIndex":5},"endInSecond":{"line":28,"column":1,"tokenListIndex":20},"lengthOfFirst":16,"lengthOfSecond":16},{"firstFileName":"SERRA_PEHLIVANKUCUK/LinkedListQuestions.cpp","secondFileName":"ATAKAN_ORGUN/LinkedList.cpp","startInFirst":{"line":54,"column":1,"tokenListIndex":43},"endInFirst":{"line":58,"column":2,"tokenListIndex":48},"startInSecond":{"line":116,"column":2,"tokenListIndex":231},"endInSecond":{"line":120,"column":4,"tokenListIndex":236},"lengthOfFirst":6,"lengthOfSecond":6}],"firstSimilarity":0.4489795918367347,"secondSimilarity":0.07612456747404844}