{"firstSubmissionId":"SERRA_PEHLIVANKUCUK","secondSubmissionId":"EMIRHAN_EREN_ELIBOL","similarities":{"AVG":0.32124352331606215,"MAX":0.6326530612244898,"MAXIMUM_LENGTH":145.0,"LONGEST_MATCH":15.0},"matches":[{"firstFileName":"SERRA_PEHLIVANKUCUK/LinkedListQuestions.cpp","secondFileName":"EMIRHAN_EREN_ELIBOL/LinkedListQuestions.cpp","startInFirst":{"line":15,"column":1,"tokenListIndex":8},"endInFirst":{"line":31,"column":19,"tokenListIndex":22},"startInSecond":{"line":13,"column":1,"tokenListIndex":8},"endInSecond":{"line":28,"column":35,"tokenListIndex":22},"lengthOfFirst":15,"lengthOfSecond":15},{"firstFileName":"SERRA_PEHLIVANKUCUK/LinkedListQuestions.cpp","secondFileName":"EMIRHAN_EREN_ELIBOL/LinkedListQuestions.cpp","startInFirst":{"line":51,"column":2,"tokenListIndex":39},"endInFirst":{"line":58,"column":2,"tokenListIndex":48},"startInSecond":{"line":110,"column":29,"tokenListIndex":118},"endInSecond":{"line":118,"column":1,"tokenListIndex":127},"lengthOfFirst":10,"lengthOfSecond":10},{"firstFileName":"SERRA_PEHLIVANKUCUK/LinkedListQuestions.cpp","secondFileName":"EMIRHAN_EREN_ELIBOL/LinkedListQuestions.cpp","startInFirst":{"line":8,"column":36,"tokenListIndex":2},"endInFirst":{"line":14,"column":9,"tokenListIndex":7},"startInSecond":{"line":54,"column":57,"tokenListIndex":44},"endInSecond":{"line":58,"column":8,"tokenListIndex":49},"lengthOfFirst":6,"lengthOfSecond":6}],"firstSimilarity":0.6326530612244898,"secondSimilarity":0.2152777777777778}