{"firstSubmissionId":"SERRA_PEHLIVANKUCUK","secondSubmissionId":"SELIN_SUNA_KAYA","similarities":{"AVG":0.2695035460992908,"MAX":0.3877551020408163,"MAXIMUM_LENGTH":93.0,"LONGEST_MATCH":12.0},"matches":[{"firstFileName":"SERRA_PEHLIVANKUCUK/LinkedListQuestions.cpp","secondFileName":"SELIN_SUNA_KAYA/LinkedListQuestions.cpp","startInFirst":{"line":15,"column":1,"tokenListIndex":8},"endInFirst":{"line":28,"column":1,"tokenListIndex":19},"startInSecond":{"line":11,"column":1,"tokenListIndex":10},"endInSecond":{"line":20,"column":1,"tokenListIndex":21},"lengthOfFirst":12,"lengthOfSecond":12},{"firstFileName":"SERRA_PEHLIVANKUCUK/LinkedListQuestions.cpp","secondFileName":"SELIN_SUNA_KAYA/LinkedListQuestions.cpp","startInFirst":{"line":53,"column":1,"tokenListIndex":41},"endInFirst":{"line":57,"column":1,"tokenListIndex":47},"startInSecond":{"line":21,"column":1,"tokenListIndex":23},"endInSecond":{"line":24,"column":1,"tokenListIndex":29},"lengthOfFirst":7,"lengthOfSecond":7}],"firstSimilarity":0.3877551020408163,"secondSimilarity":0.20652173913043478}