{"firstSubmissionId":"SERRA_PEHLIVANKUCUK","secondSubmissionId":"EMIRHAN_DEMIR","similarities":{"AVG":0.19672131147540983,"MAX":0.24489795918367346,"MAXIMUM_LENGTH":80.0,"LONGEST_MATCH":6.0},"matches":[{"firstFileName":"SERRA_PEHLIVANKUCUK/LinkedListQuestions.cpp","secondFileName":"EMIRHAN_DEMIR/LinkedListQuestions.cpp","startInFirst":{"line":8,"column":0,"tokenListIndex":0},"endInFirst":{"line":12,"column":1,"tokenListIndex":5},"startInSecond":{"line":8,"column":0,"tokenListIndex":0},"endInSecond":{"line":11,"column":1,"tokenListIndex":5},"lengthOfFirst":6,"lengthOfSecond":6},{"firstFileName":"SERRA_PEHLIVANKUCUK/LinkedListQuestions.cpp","secondFileName":"EMIRHAN_DEMIR/LinkedListQuestions.cpp","startInFirst":{"line":22,"column":0,"tokenListIndex":15},"endInFirst":{"line":30,"column":1,"tokenListIndex":20},"startInSecond":{"line":21,"column":0,"tokenListIndex":13},"endInSecond":{"line":27,"column":1,"tokenListIndex":18},"lengthOfFirst":6,"lengthOfSecond":6}],"firstSimilarity":0.24489795918367346,"secondSimilarity":0.1643835616438356}