{"firstSubmissionId":"SERRA_PEHLIVANKUCUK","secondSubmissionId":"MEHMET_BARAN_KIRAT","similarities":{"AVG":0.10852713178294573,"MAX":0.14285714285714285,"MAXIMUM_LENGTH":81.0,"LONGEST_MATCH":7.0},"matches":[{"firstFileName":"SERRA_PEHLIVANKUCUK/LinkedListQuestions.cpp","secondFileName":"MEHMET_BARAN_KIRAT/LinkedListQuestions.cpp","startInFirst":{"line":19,"column":1,"tokenListIndex":13},"endInFirst":{"line":28,"column":1,"tokenListIndex":19},"startInSecond":{"line":26,"column":1,"tokenListIndex":16},"endInSecond":{"line":32,"column":4,"tokenListIndex":22},"lengthOfFirst":7,"lengthOfSecond":7}],"firstSimilarity":0.14285714285714285,"secondSimilarity":0.0875}