{"firstSubmissionId":"SERRA_PEHLIVANKUCUK","secondSubmissionId":"CEM_KAYARDI","similarities":{"AVG":0.18018018018018017,"MAX":0.20408163265306123,"MAXIMUM_LENGTH":73.0,"LONGEST_MATCH":10.0},"matches":[{"firstFileName":"SERRA_PEHLIVANKUCUK/LinkedListQuestions.cpp","secondFileName":"CEM_KAYARDI/LinkedListQuestions.cpp","startInFirst":{"line":53,"column":1,"tokenListIndex":41},"endInFirst":{"line":62,"column":3,"tokenListIndex":50},"startInSecond":{"line":77,"column":4,"tokenListIndex":55},"endInSecond":{"line":89,"column":12,"tokenListIndex":64},"lengthOfFirst":10,"lengthOfSecond":10}],"firstSimilarity":0.20408163265306123,"secondSimilarity":0.16129032258064516}