{"firstSubmissionId":"SERRA_PEHLIVANKUCUK","secondSubmissionId":"ECENUR_GUNER","similarities":{"AVG":0.45517241379310347,"MAX":0.673469387755102,"MAXIMUM_LENGTH":97.0,"LONGEST_MATCH":23.0},"matches":[{"firstFileName":"SERRA_PEHLIVANKUCUK/LinkedListQuestions.cpp","secondFileName":"ECENUR_GUNER/LinkedListQuestions.cpp","startInFirst":{"line":8,"column":0,"tokenListIndex":0},"endInFirst":{"line":31,"column":19,"tokenListIndex":22},"startInSecond":{"line":8,"column":0,"tokenListIndex":0},"endInSecond":{"line":33,"column":4,"tokenListIndex":22},"lengthOfFirst":23,"lengthOfSecond":23},{"firstFileName":"SERRA_PEHLIVANKUCUK/LinkedListQuestions.cpp","secondFileName":"ECENUR_GUNER/LinkedListQuestions.cpp","startInFirst":{"line":51,"column":2,"tokenListIndex":39},"endInFirst":{"line":58,"column":2,"tokenListIndex":48},"startInSecond":{"line":85,"column":8,"tokenListIndex":70},"endInSecond":{"line":91,"column":8,"tokenListIndex":79},"lengthOfFirst":10,"lengthOfSecond":10}],"firstSimilarity":0.673469387755102,"secondSimilarity":0.34375}