{"firstSubmissionId":"SERRA_PEHLIVANKUCUK","secondSubmissionId":"EFE_DEMIRCI","similarities":{"AVG":0.38235294117647056,"MAX":0.5306122448979592,"MAXIMUM_LENGTH":88.0,"LONGEST_MATCH":16.0},"matches":[{"firstFileName":"SERRA_PEHLIVANKUCUK/LinkedListQuestions.cpp","secondFileName":"EFE_DEMIRCI/LinkedListQuestions.cpp","startInFirst":{"line":11,"column":2,"tokenListIndex":4},"endInFirst":{"line":28,"column":1,"tokenListIndex":19},"startInSecond":{"line":11,"column":2,"tokenListIndex":6},"endInSecond":{"line":33,"column":1,"tokenListIndex":21},"lengthOfFirst":16,"lengthOfSecond":16},{"firstFileName":"SERRA_PEHLIVANKUCUK/LinkedListQuestions.cpp","secondFileName":"EFE_DEMIRCI/LinkedListQuestions.cpp","startInFirst":{"line":53,"column":1,"tokenListIndex":41},"endInFirst":{"line":62,"column":3,"tokenListIndex":50},"startInSecond":{"line":100,"column":1,"tokenListIndex":70},"endInSecond":{"line":109,"column":3,"tokenListIndex":79},"lengthOfFirst":10,"lengthOfSecond":10}],"firstSimilarity":0.5306122448979592,"secondSimilarity":0.2988505747126437}