{"firstSubmissionId":"SERRA_PEHLIVANKUCUK","secondSubmissionId":"EFE_NEVZAT_CENGER","similarities":{"AVG":0.32116788321167883,"MAX":0.4489795918367347,"MAXIMUM_LENGTH":95.0,"LONGEST_MATCH":9.0},"matches":[{"firstFileName":"SERRA_PEHLIVANKUCUK/LinkedListQuestions.cpp","secondFileName":"EFE_NEVZAT_CENGER/LinkedListQuestions.cpp","startInFirst":{"line":17,"column":15,"tokenListIndex":11},"endInFirst":{"line":28,"column":1,"tokenListIndex":19},"startInSecond":{"line":24,"column":1,"tokenListIndex":16},"endInSecond":{"line":37,"column":0,"tokenListIndex":24},"lengthOfFirst":9,"lengthOfSecond":9},{"firstFileName":"SERRA_PEHLIVANKUCUK/LinkedListQuestions.cpp","secondFileName":"EFE_NEVZAT_CENGER/LinkedListQuestions.cpp","startInFirst":{"line":54,"column":1,"tokenListIndex":43},"endInFirst":{"line":59,"column":14,"tokenListIndex":49},"startInSecond":{"line":13,"column":1,"tokenListIndex":8},"endInSecond":{"line":20,"column":2,"tokenListIndex":14},"lengthOfFirst":7,"lengthOfSecond":7},{"firstFileName":"SERRA_PEHLIVANKUCUK/LinkedListQuestions.cpp","secondFileName":"EFE_NEVZAT_CENGER/LinkedListQuestions.cpp","startInFirst":{"line":8,"column":36,"tokenListIndex":2},"endInFirst":{"line":14,"column":9,"tokenListIndex":7},"startInSecond":{"line":85,"column":57,"tokenListIndex":59},"endInSecond":{"line":90,"column":7,"tokenListIndex":64},"lengthOfFirst":6,"lengthOfSecond":6}],"firstSimilarity":0.4489795918367347,"secondSimilarity":0.25}