{"firstSubmissionId":"SERRA_PEHLIVANKUCUK","secondSubmissionId":"MUSAB_TUNC","similarities":{"AVG":0.2692307692307692,"MAX":0.2857142857142857,"MAXIMUM_LENGTH":67.0,"LONGEST_MATCH":14.0},"matches":[{"firstFileName":"SERRA_PEHLIVANKUCUK/LinkedListQuestions.cpp","secondFileName":"MUSAB_TUNC/musab_tunc.cpp","startInFirst":{"line":14,"column":1,"tokenListIndex":6},"endInFirst":{"line":28,"column":1,"tokenListIndex":19},"startInSecond":{"line":9,"column":1,"tokenListIndex":3},"endInSecond":{"line":23,"column":1,"tokenListIndex":16},"lengthOfFirst":14,"lengthOfSecond":14}],"firstSimilarity":0.2857142857142857,"secondSimilarity":0.2545454545454545}