{"firstSubmissionId":"SERRA_PEHLIVANKUCUK","secondSubmissionId":"OSMAN_ALPEREN_KARADAG","similarities":{"AVG":0.3142857142857143,"MAX":0.4489795918367347,"MAXIMUM_LENGTH":92.0,"LONGEST_MATCH":16.0},"matches":[{"firstFileName":"SERRA_PEHLIVANKUCUK/LinkedListQuestions.cpp","secondFileName":"OSMAN_ALPEREN_KARADAG/LinkedListQuestions.cpp","startInFirst":{"line":11,"column":2,"tokenListIndex":4},"endInFirst":{"line":28,"column":1,"tokenListIndex":19},"startInSecond":{"line":10,"column":8,"tokenListIndex":5},"endInSecond":{"line":27,"column":4,"tokenListIndex":20},"lengthOfFirst":16,"lengthOfSecond":16},{"firstFileName":"SERRA_PEHLIVANKUCUK/LinkedListQuestions.cpp","secondFileName":"OSMAN_ALPEREN_KARADAG/LinkedListQuestions.cpp","startInFirst":{"line":51,"column":2,"tokenListIndex":39},"endInFirst":{"line":55,"column":9,"tokenListIndex":44},"startInSecond":{"line":31,"column":8,"tokenListIndex":25},"endInSecond":{"line":35,"column":11,"tokenListIndex":30},"lengthOfFirst":6,"lengthOfSecond":6}],"firstSimilarity":0.4489795918367347,"secondSimilarity":0.24175824175824176}