{"firstSubmissionId":"SERRA_PEHLIVANKUCUK","secondSubmissionId":"OYKU_AKSUNGUR","similarities":{"AVG":0.096,"MAX":0.12244897959183673,"MAXIMUM_LENGTH":77.0,"LONGEST_MATCH":6.0},"matches":[{"firstFileName":"SERRA_PEHLIVANKUCUK/LinkedListQuestions.cpp","secondFileName":"OYKU_AKSUNGUR/LinkedListQuestions.cpp","startInFirst":{"line":8,"column":36,"tokenListIndex":2},"endInFirst":{"line":14,"column":9,"tokenListIndex":7},"startInSecond":{"line":65,"column":57,"tokenListIndex":46},"endInSecond":{"line":71,"column":5,"tokenListIndex":51},"lengthOfFirst":6,"lengthOfSecond":6}],"firstSimilarity":0.12244897959183673,"secondSimilarity":0.07894736842105263}