{"firstSubmissionId":"SERRA_PEHLIVANKUCUK","secondSubmissionId":"BETUL_CAGRIL","similarities":{"AVG":0.2677165354330709,"MAX":0.3469387755102041,"MAXIMUM_LENGTH":85.0,"LONGEST_MATCH":11.0},"matches":[{"firstFileName":"SERRA_PEHLIVANKUCUK/LinkedListQuestions.cpp","secondFileName":"BETUL_CAGRIL/LinkedListQuestions.cpp","startInFirst":{"line":18,"column":2,"tokenListIndex":12},"endInFirst":{"line":31,"column":19,"tokenListIndex":22},"startInSecond":{"line":25,"column":8,"tokenListIndex":16},"endInSecond":{"line":42,"column":25,"tokenListIndex":26},"lengthOfFirst":11,"lengthOfSecond":11},{"firstFileName":"SERRA_PEHLIVANKUCUK/LinkedListQuestions.cpp","secondFileName":"BETUL_CAGRIL/LinkedListQuestions.cpp","startInFirst":{"line":51,"column":2,"tokenListIndex":39},"endInFirst":{"line":55,"column":9,"tokenListIndex":44},"startInSecond":{"line":55,"column":8,"tokenListIndex":36},"endInSecond":{"line":61,"column":12,"tokenListIndex":41},"lengthOfFirst":6,"lengthOfSecond":6}],"firstSimilarity":0.3469387755102041,"secondSimilarity":0.21794871794871795}