{"firstSubmissionId":"SERRA_PEHLIVANKUCUK","secondSubmissionId":"EREN_COMOGLU","similarities":{"AVG":0.2647058823529412,"MAX":0.3673469387755102,"MAXIMUM_LENGTH":88.0,"LONGEST_MATCH":6.0},"matches":[{"firstFileName":"SERRA_PEHLIVANKUCUK/LinkedListQuestions.cpp","secondFileName":"EREN_COMOGLU/LinkedListQuestions.cpp","startInFirst":{"line":8,"column":36,"tokenListIndex":2},"endInFirst":{"line":14,"column":9,"tokenListIndex":7},"startInSecond":{"line":54,"column":57,"tokenListIndex":49},"endInSecond":{"line":58,"column":9,"tokenListIndex":54},"lengthOfFirst":6,"lengthOfSecond":6},{"firstFileName":"SERRA_PEHLIVANKUCUK/LinkedListQuestions.cpp","secondFileName":"EREN_COMOGLU/LinkedListQuestions.cpp","startInFirst":{"line":20,"column":1,"tokenListIndex":14},"endInFirst":{"line":28,"column":1,"tokenListIndex":19},"startInSecond":{"line":68,"column":1,"tokenListIndex":66},"endInSecond":{"line":73,"column":63,"tokenListIndex":71},"lengthOfFirst":6,"lengthOfSecond":6},{"firstFileName":"SERRA_PEHLIVANKUCUK/LinkedListQuestions.cpp","secondFileName":"EREN_COMOGLU/LinkedListQuestions.cpp","startInFirst":{"line":53,"column":1,"tokenListIndex":41},"endInFirst":{"line":55,"column":9,"tokenListIndex":46},"startInSecond":{"line":74,"column":1,"tokenListIndex":72},"endInSecond":{"line":76,"column":9,"tokenListIndex":77},"lengthOfFirst":6,"lengthOfSecond":6}],"firstSimilarity":0.3673469387755102,"secondSimilarity":0.20689655172413793}