{"firstSubmissionId":"SERRA_PEHLIVANKUCUK","secondSubmissionId":"YAREN_TEKIN","similarities":{"AVG":0.44285714285714284,"MAX":0.6326530612244898,"MAXIMUM_LENGTH":92.0,"LONGEST_MATCH":23.0},"matches":[{"firstFileName":"SERRA_PEHLIVANKUCUK/LinkedListQuestions.cpp","secondFileName":"YAREN_TEKIN/LinkedListQuestions.cpp","startInFirst":{"line":8,"column":0,"tokenListIndex":0},"endInFirst":{"line":31,"column":19,"tokenListIndex":22},"startInSecond":{"line":8,"column":0,"tokenListIndex":0},"endInSecond":{"line":26,"column":17,"tokenListIndex":22},"lengthOfFirst":23,"lengthOfSecond":23},{"firstFileName":"SERRA_PEHLIVANKUCUK/LinkedListQuestions.cpp","secondFileName":"YAREN_TEKIN/LinkedListQuestions.cpp","startInFirst":{"line":53,"column":1,"tokenListIndex":41},"endInFirst":{"line":58,"column":2,"tokenListIndex":48},"startInSecond":{"line":80,"column":4,"tokenListIndex":68},"endInSecond":{"line":85,"column":0,"tokenListIndex":75},"lengthOfFirst":8,"lengthOfSecond":8}],"firstSimilarity":0.6326530612244898,"secondSimilarity":0.34065934065934067}