{"firstSubmissionId":"SERRA_PEHLIVANKUCUK","secondSubmissionId":"KUTALMIS_ATA_ALTAYLAR","similarities":{"AVG":0.5,"MAX":0.5714285714285714,"MAXIMUM_LENGTH":64.0,"LONGEST_MATCH":21.0},"matches":[{"firstFileName":"SERRA_PEHLIVANKUCUK/LinkedListQuestions.cpp","secondFileName":"KUTALMIS_ATA_ALTAYLAR/LinkedListQuestions.lab111.cpp","startInFirst":{"line":8,"column":0,"tokenListIndex":0},"endInFirst":{"line":30,"column":1,"tokenListIndex":20},"startInSecond":{"line":8,"column":0,"tokenListIndex":0},"endInSecond":{"line":23,"column":0,"tokenListIndex":20},"lengthOfFirst":21,"lengthOfSecond":21},{"firstFileName":"SERRA_PEHLIVANKUCUK/LinkedListQuestions.cpp","secondFileName":"KUTALMIS_ATA_ALTAYLAR/LinkedListQuestions.lab111.cpp","startInFirst":{"line":53,"column":1,"tokenListIndex":41},"endInFirst":{"line":57,"column":1,"tokenListIndex":47},"startInSecond":{"line":25,"column":0,"tokenListIndex":23},"endInSecond":{"line":28,"column":0,"tokenListIndex":29},"lengthOfFirst":7,"lengthOfSecond":7}],"firstSimilarity":0.5714285714285714,"secondSimilarity":0.4444444444444444}