{"firstSubmissionId":"YAREN_TEKIN","secondSubmissionId":"ECENUR_GUNER","similarities":{"AVG":0.8235294117647058,"MAX":0.8461538461538461,"MAXIMUM_LENGTH":97.0,"LONGEST_MATCH":29.0},"matches":[{"firstFileName":"YAREN_TEKIN/LinkedListQuestions.cpp","secondFileName":"ECENUR_GUNER/LinkedListQuestions.cpp","startInFirst":{"line":43,"column":0,"tokenListIndex":35},"endInFirst":{"line":75,"column":63,"tokenListIndex":63},"startInSecond":{"line":51,"column":4,"tokenListIndex":33},"endInSecond":{"line":77,"column":63,"tokenListIndex":61},"lengthOfFirst":29,"lengthOfSecond":29},{"firstFileName":"YAREN_TEKIN/LinkedListQuestions.cpp","secondFileName":"ECENUR_GUNER/LinkedListQuestions.cpp","startInFirst":{"line":8,"column":0,"tokenListIndex":0},"endInFirst":{"line":28,"column":5,"tokenListIndex":24},"startInSecond":{"line":8,"column":0,"tokenListIndex":0},"endInSecond":{"line":35,"column":11,"tokenListIndex":24},"lengthOfFirst":25,"lengthOfSecond":25},{"firstFileName":"YAREN_TEKIN/LinkedListQuestions.cpp","secondFileName":"ECENUR_GUNER/LinkedListQuestions.cpp","startInFirst":{"line":80,"column":4,"tokenListIndex":68},"endInFirst":{"line":93,"column":0,"tokenListIndex":83},"startInSecond":{"line":87,"column":4,"tokenListIndex":72},"endInSecond":{"line":98,"column":12,"tokenListIndex":87},"lengthOfFirst":16,"lengthOfSecond":16},{"firstFileName":"YAREN_TEKIN/LinkedListQuestions.cpp","secondFileName":"ECENUR_GUNER/LinkedListQuestions.cpp","startInFirst":{"line":95,"column":2,"tokenListIndex":84},"endInFirst":{"line":102,"column":0,"tokenListIndex":90},"startInSecond":{"line":101,"column":10,"tokenListIndex":89},"endInSecond":{"line":107,"column":0,"tokenListIndex":95},"lengthOfFirst":7,"lengthOfSecond":7}],"firstSimilarity":0.8461538461538461,"secondSimilarity":0.8020833333333334}