{"firstSubmissionId":"YAREN_TEKIN","secondSubmissionId":"SELIN_SUNA_KAYA","similarities":{"AVG":0.30601092896174864,"MAX":0.3076923076923077,"MAXIMUM_LENGTH":93.0,"LONGEST_MATCH":12.0},"matches":[{"firstFileName":"YAREN_TEKIN/LinkedListQuestions.cpp","secondFileName":"SELIN_SUNA_KAYA/LinkedListQuestions.cpp","startInFirst":{"line":13,"column":0,"tokenListIndex":8},"endInFirst":{"line":24,"column":1,"tokenListIndex":19},"startInSecond":{"line":11,"column":1,"tokenListIndex":10},"endInSecond":{"line":20,"column":1,"tokenListIndex":21},"lengthOfFirst":12,"lengthOfSecond":12},{"firstFileName":"YAREN_TEKIN/LinkedListQuestions.cpp","secondFileName":"SELIN_SUNA_KAYA/LinkedListQuestions.cpp","startInFirst":{"line":28,"column":0,"tokenListIndex":23},"endInFirst":{"line":36,"column":0,"tokenListIndex":31},"startInSecond":{"line":21,"column":1,"tokenListIndex":23},"endInSecond":{"line":26,"column":2,"tokenListIndex":31},"lengthOfFirst":9,"lengthOfSecond":9},{"firstFileName":"YAREN_TEKIN/LinkedListQuestions.cpp","secondFileName":"SELIN_SUNA_KAYA/LinkedListQuestions.cpp","startInFirst":{"line":80,"column":4,"tokenListIndex":68},"endInFirst":{"line":84,"column":0,"tokenListIndex":74},"startInSecond":{"line":46,"column":1,"tokenListIndex":53},"endInSecond":{"line":49,"column":1,"tokenListIndex":59},"lengthOfFirst":7,"lengthOfSecond":7}],"firstSimilarity":0.3076923076923077,"secondSimilarity":0.30434782608695654}