{"firstSubmissionId":"YAREN_TEKIN","secondSubmissionId":"ATAKAN_ORGUN","similarities":{"AVG":0.11578947368421053,"MAX":0.24175824175824176,"MAXIMUM_LENGTH":303.0,"LONGEST_MATCH":16.0},"matches":[{"firstFileName":"YAREN_TEKIN/LinkedListQuestions.cpp","secondFileName":"ATAKAN_ORGUN/LinkedListQuestions.cpp","startInFirst":{"line":10,"column":0,"tokenListIndex":4},"endInFirst":{"line":24,"column":1,"tokenListIndex":19},"startInSecond":{"line":10,"column":2,"tokenListIndex":5},"endInSecond":{"line":28,"column":1,"tokenListIndex":20},"lengthOfFirst":16,"lengthOfSecond":16},{"firstFileName":"YAREN_TEKIN/LinkedListQuestions.cpp","secondFileName":"ATAKAN_ORGUN/LinkedList.cpp","startInFirst":{"line":81,"column":0,"tokenListIndex":70},"endInFirst":{"line":85,"column":0,"tokenListIndex":75},"startInSecond":{"line":116,"column":2,"tokenListIndex":231},"endInSecond":{"line":120,"column":4,"tokenListIndex":236},"lengthOfFirst":6,"lengthOfSecond":6}],"firstSimilarity":0.24175824175824176,"secondSimilarity":0.07612456747404844}