{"firstSubmissionId":"YAREN_TEKIN","secondSubmissionId":"EMIRHAN_EREN_ELIBOL","similarities":{"AVG":0.5617021276595745,"MAX":0.7252747252747253,"MAXIMUM_LENGTH":145.0,"LONGEST_MATCH":21.0},"matches":[{"firstFileName":"YAREN_TEKIN/LinkedListQuestions.cpp","secondFileName":"EMIRHAN_EREN_ELIBOL/LinkedListQuestions.cpp","startInFirst":{"line":13,"column":0,"tokenListIndex":8},"endInFirst":{"line":30,"column":5,"tokenListIndex":28},"startInSecond":{"line":13,"column":1,"tokenListIndex":8},"endInSecond":{"line":34,"column":8,"tokenListIndex":28},"lengthOfFirst":21,"lengthOfSecond":21},{"firstFileName":"YAREN_TEKIN/LinkedListQuestions.cpp","secondFileName":"EMIRHAN_EREN_ELIBOL/LinkedListQuestions.cpp","startInFirst":{"line":80,"column":4,"tokenListIndex":68},"endInFirst":{"line":93,"column":0,"tokenListIndex":83},"startInSecond":{"line":112,"column":1,"tokenListIndex":120},"endInSecond":{"line":124,"column":5,"tokenListIndex":135},"lengthOfFirst":16,"lengthOfSecond":16},{"firstFileName":"YAREN_TEKIN/LinkedListQuestions.cpp","secondFileName":"EMIRHAN_EREN_ELIBOL/LinkedListQuestions.cpp","startInFirst":{"line":52,"column":0,"tokenListIndex":44},"endInFirst":{"line":64,"column":0,"tokenListIndex":56},"startInSecond":{"line":59,"column":1,"tokenListIndex":50},"endInSecond":{"line":68,"column":1,"tokenListIndex":62},"lengthOfFirst":13,"lengthOfSecond":13},{"firstFileName":"YAREN_TEKIN/LinkedListQuestions.cpp","secondFileName":"EMIRHAN_EREN_ELIBOL/LinkedListQuestions.cpp","startInFirst":{"line":43,"column":0,"tokenListIndex":35},"endInFirst":{"line":50,"column":12,"tokenListIndex":43},"startInSecond":{"line":49,"column":1,"tokenListIndex":39},"endInSecond":{"line":56,"column":25,"tokenListIndex":47},"lengthOfFirst":9,"lengthOfSecond":9},{"firstFileName":"YAREN_TEKIN/LinkedListQuestions.cpp","secondFileName":"EMIRHAN_EREN_ELIBOL/LinkedListQuestions.cpp","startInFirst":{"line":95,"column":2,"tokenListIndex":84},"endInFirst":{"line":102,"column":0,"tokenListIndex":90},"startInSecond":{"line":128,"column":1,"tokenListIndex":137},"endInSecond":{"line":135,"column":0,"tokenListIndex":143},"lengthOfFirst":7,"lengthOfSecond":7}],"firstSimilarity":0.7252747252747253,"secondSimilarity":0.4583333333333333}