{"firstSubmissionId":"YAREN_TEKIN","secondSubmissionId":"EFE_NEVZAT_CENGER","similarities":{"AVG":0.3687150837988827,"MAX":0.375,"MAXIMUM_LENGTH":95.0,"LONGEST_MATCH":11.0},"matches":[{"firstFileName":"YAREN_TEKIN/LinkedListQuestions.cpp","secondFileName":"EFE_NEVZAT_CENGER/LinkedListQuestions.cpp","startInFirst":{"line":43,"column":0,"tokenListIndex":35},"endInFirst":{"line":52,"column":5,"tokenListIndex":45},"startInSecond":{"line":79,"column":0,"tokenListIndex":54},"endInSecond":{"line":90,"column":7,"tokenListIndex":64},"lengthOfFirst":11,"lengthOfSecond":11},{"firstFileName":"YAREN_TEKIN/LinkedListQuestions.cpp","secondFileName":"EFE_NEVZAT_CENGER/LinkedListQuestions.cpp","startInFirst":{"line":15,"column":12,"tokenListIndex":11},"endInFirst":{"line":24,"column":1,"tokenListIndex":19},"startInSecond":{"line":24,"column":1,"tokenListIndex":16},"endInSecond":{"line":37,"column":0,"tokenListIndex":24},"lengthOfFirst":9,"lengthOfSecond":9},{"firstFileName":"YAREN_TEKIN/LinkedListQuestions.cpp","secondFileName":"EFE_NEVZAT_CENGER/LinkedListQuestions.cpp","startInFirst":{"line":25,"column":3,"tokenListIndex":20},"endInFirst":{"line":30,"column":5,"tokenListIndex":26},"startInSecond":{"line":40,"column":0,"tokenListIndex":28},"endInSecond":{"line":51,"column":4,"tokenListIndex":34},"lengthOfFirst":7,"lengthOfSecond":7},{"firstFileName":"YAREN_TEKIN/LinkedListQuestions.cpp","secondFileName":"EFE_NEVZAT_CENGER/LinkedListQuestions.cpp","startInFirst":{"line":81,"column":0,"tokenListIndex":70},"endInFirst":{"line":85,"column":0,"tokenListIndex":75},"startInSecond":{"line":13,"column":1,"tokenListIndex":8},"endInSecond":{"line":18,"column":1,"tokenListIndex":13},"lengthOfFirst":6,"lengthOfSecond":6}],"firstSimilarity":0.3626373626373626,"secondSimilarity":0.375}