{"firstSubmissionId":"ABDULLAH_MERT_OZDEM","secondSubmissionId":"FATIH_KAGAN_CEBI","similarities":{"AVG":0.23214285714285715,"MAX":0.2736842105263158,"MAXIMUM_LENGTH":131.0,"LONGEST_MATCH":9.0},"matches":[{"firstFileName":"ABDULLAH_MERT_OZDEM/QueueQuestions.tpp","secondFileName":"FATIH_KAGAN_CEBI/QueueQuestions.tpp","startInFirst":{"line":13,"column":0,"tokenListIndex":0},"endInFirst":{"line":20,"column":4,"tokenListIndex":8},"startInSecond":{"line":8,"column":0,"tokenListIndex":0},"endInSecond":{"line":14,"column":4,"tokenListIndex":8},"lengthOfFirst":9,"lengthOfSecond":9},{"firstFileName":"ABDULLAH_MERT_OZDEM/QueueQuestions.tpp","secondFileName":"FATIH_KAGAN_CEBI/QueueQuestions.cpp","startInFirst":{"line":88,"column":8,"tokenListIndex":86},"endInFirst":{"line":95,"column":0,"tokenListIndex":94},"startInSecond":{"line":60,"column":8,"tokenListIndex":121},"endInSecond":{"line":65,"column":0,"tokenListIndex":129},"lengthOfFirst":9,"lengthOfSecond":9},{"firstFileName":"ABDULLAH_MERT_OZDEM/QueueQuestions.tpp","secondFileName":"FATIH_KAGAN_CEBI/QueueQuestions.cpp","startInFirst":{"line":56,"column":10,"tokenListIndex":52},"endInFirst":{"line":61,"column":12,"tokenListIndex":59},"startInSecond":{"line":16,"column":4,"tokenListIndex":71},"endInSecond":{"line":23,"column":8,"tokenListIndex":78},"lengthOfFirst":8,"lengthOfSecond":8}],"firstSimilarity":0.2736842105263158,"secondSimilarity":0.20155038759689922}