{"firstSubmissionId":"ABDULLAH_MERT_OZDEM","secondSubmissionId":"BORA_YALCIN","similarities":{"AVG":0.2962962962962963,"MAX":0.2978723404255319,"MAXIMUM_LENGTH":96.0,"LONGEST_MATCH":10.0},"matches":[{"firstFileName":"ABDULLAH_MERT_OZDEM/QueueQuestions.tpp","secondFileName":"BORA_YALCIN/QueueQuestions.tpp","startInFirst":{"line":33,"column":4,"tokenListIndex":27},"endInFirst":{"line":44,"column":0,"tokenListIndex":36},"startInSecond":{"line":27,"column":4,"tokenListIndex":19},"endInSecond":{"line":38,"column":2,"tokenListIndex":28},"lengthOfFirst":10,"lengthOfSecond":10},{"firstFileName":"ABDULLAH_MERT_OZDEM/QueueQuestions.tpp","secondFileName":"BORA_YALCIN/QueueQuestions.tpp","startInFirst":{"line":25,"column":8,"tokenListIndex":18},"endInFirst":{"line":32,"column":8,"tokenListIndex":26},"startInSecond":{"line":19,"column":8,"tokenListIndex":9},"endInSecond":{"line":25,"column":8,"tokenListIndex":17},"lengthOfFirst":9,"lengthOfSecond":9},{"firstFileName":"ABDULLAH_MERT_OZDEM/QueueQuestions.tpp","secondFileName":"BORA_YALCIN/QueueQuestions.tpp","startInFirst":{"line":85,"column":4,"tokenListIndex":81},"endInFirst":{"line":89,"column":8,"tokenListIndex":89},"startInSecond":{"line":39,"column":8,"tokenListIndex":30},"endInSecond":{"line":42,"column":8,"tokenListIndex":38},"lengthOfFirst":9,"lengthOfSecond":9}],"firstSimilarity":0.29473684210526313,"secondSimilarity":0.2978723404255319}