{"firstSubmissionId":"BEGUM_HAMARAT","secondSubmissionId":"ABDULLAH_MERT_OZDEM","similarities":{"AVG":0.19672131147540983,"MAX":0.20454545454545456,"MAXIMUM_LENGTH":96.0,"LONGEST_MATCH":10.0},"matches":[{"firstFileName":"BEGUM_HAMARAT/QueueQuestionsBegumHamaratt.tpp","secondFileName":"ABDULLAH_MERT_OZDEM/QueueQuestions.tpp","startInFirst":{"line":70,"column":4,"tokenListIndex":57},"endInFirst":{"line":81,"column":63,"tokenListIndex":66},"startInSecond":{"line":65,"column":18,"tokenListIndex":64},"endInSecond":{"line":78,"column":63,"tokenListIndex":73},"lengthOfFirst":10,"lengthOfSecond":10},{"firstFileName":"BEGUM_HAMARAT/QueueQuestionsBegumHamaratt.tpp","secondFileName":"ABDULLAH_MERT_OZDEM/QueueQuestions.tpp","startInFirst":{"line":13,"column":0,"tokenListIndex":0},"endInFirst":{"line":21,"column":4,"tokenListIndex":7},"startInSecond":{"line":13,"column":0,"tokenListIndex":0},"endInSecond":{"line":19,"column":13,"tokenListIndex":7},"lengthOfFirst":8,"lengthOfSecond":8}],"firstSimilarity":0.20454545454545456,"secondSimilarity":0.18947368421052632}