{"firstSubmissionId":"BEGUM_HAMARAT","secondSubmissionId":"FATIH_KAGAN_CEBI","similarities":{"AVG":0.07373271889400922,"MAX":0.09090909090909091,"MAXIMUM_LENGTH":131.0,"LONGEST_MATCH":8.0},"matches":[{"firstFileName":"BEGUM_HAMARAT/QueueQuestionsBegumHamaratt.tpp","secondFileName":"FATIH_KAGAN_CEBI/QueueQuestions.tpp","startInFirst":{"line":13,"column":0,"tokenListIndex":0},"endInFirst":{"line":21,"column":4,"tokenListIndex":7},"startInSecond":{"line":8,"column":0,"tokenListIndex":0},"endInSecond":{"line":13,"column":13,"tokenListIndex":7},"lengthOfFirst":8,"lengthOfSecond":8}],"firstSimilarity":0.09090909090909091,"secondSimilarity":0.06201550387596899}