{"firstSubmissionId":"DORUK_OCAL","secondSubmissionId":"EGE_KARTAL","similarities":{"AVG":0.09696969696969697,"MAX":0.1111111111111111,"MAXIMUM_LENGTH":95.0,"LONGEST_MATCH":8.0},"matches":[{"firstFileName":"DORUK_OCAL/QueueQuestions.tpp","secondFileName":"EGE_KARTAL/QueueQuestions.cpp","startInFirst":{"line":30,"column":54,"tokenListIndex":15},"endInFirst":{"line":33,"column":9,"tokenListIndex":22},"startInSecond":{"line":12,"column":2,"tokenListIndex":71},"endInSecond":{"line":15,"column":14,"tokenListIndex":78},"lengthOfFirst":8,"lengthOfSecond":8}],"firstSimilarity":0.1111111111111111,"secondSimilarity":0.08602150537634409}