{"firstSubmissionId":"DORUK_OCAL","secondSubmissionId":"MUHAMMED_EMIN_SEKER","similarities":{"AVG":0.2222222222222222,"MAX":0.2638888888888889,"MAXIMUM_LENGTH":101.0,"LONGEST_MATCH":11.0},"matches":[{"firstFileName":"DORUK_OCAL/QueueQuestions.tpp","secondFileName":"MUHAMMED_EMIN_SEKER/QueueQuestions.cpp","startInFirst":{"line":30,"column":54,"tokenListIndex":15},"endInFirst":{"line":36,"column":1,"tokenListIndex":25},"startInSecond":{"line":13,"column":2,"tokenListIndex":66},"endInSecond":{"line":18,"column":2,"tokenListIndex":76},"lengthOfFirst":11,"lengthOfSecond":11},{"firstFileName":"DORUK_OCAL/QueueQuestions.tpp","secondFileName":"MUHAMMED_EMIN_SEKER/QueueQuestions.cpp","startInFirst":{"line":38,"column":0,"tokenListIndex":27},"endInFirst":{"line":40,"column":0,"tokenListIndex":34},"startInSecond":{"line":23,"column":3,"tokenListIndex":81},"endInSecond":{"line":26,"column":4,"tokenListIndex":88},"lengthOfFirst":8,"lengthOfSecond":8}],"firstSimilarity":0.2638888888888889,"secondSimilarity":0.1919191919191919}