{"firstSubmissionId":"DORUK_OCAL","secondSubmissionId":"MIRAY_DUYGULU","similarities":{"AVG":0.11392405063291139,"MAX":0.125,"MAXIMUM_LENGTH":88.0,"LONGEST_MATCH":9.0},"matches":[{"firstFileName":"DORUK_OCAL/QueueQuestions.tpp","secondFileName":"MIRAY_DUYGULU/QueueQuestions_m.cpp","startInFirst":{"line":30,"column":54,"tokenListIndex":15},"endInFirst":{"line":33,"column":22,"tokenListIndex":23},"startInSecond":{"line":11,"column":70,"tokenListIndex":64},"endInSecond":{"line":17,"column":21,"tokenListIndex":72},"lengthOfFirst":9,"lengthOfSecond":9}],"firstSimilarity":0.125,"secondSimilarity":0.10465116279069768}