{"firstSubmissionId":"DORUK_OCAL","secondSubmissionId":"BORA_YALCIN","similarities":{"AVG":0.0963855421686747,"MAX":0.1111111111111111,"MAXIMUM_LENGTH":96.0,"LONGEST_MATCH":8.0},"matches":[{"firstFileName":"DORUK_OCAL/QueueQuestions.cpp","secondFileName":"BORA_YALCIN/QueueQuestions.cpp","startInFirst":{"line":14,"column":26,"tokenListIndex":56},"endInFirst":{"line":17,"column":3,"tokenListIndex":63},"startInSecond":{"line":17,"column":8,"tokenListIndex":75},"endInSecond":{"line":20,"column":4,"tokenListIndex":82},"lengthOfFirst":8,"lengthOfSecond":8}],"firstSimilarity":0.1111111111111111,"secondSimilarity":0.0851063829787234}