{"firstSubmissionId":"EDA_GUL_CETINEL","secondSubmissionId":"MUHAMMED_EMIN_SEKER","similarities":{"AVG":0.5421052631578948,"MAX":0.5604395604395604,"MAXIMUM_LENGTH":101.0,"LONGEST_MATCH":40.0},"matches":[{"firstFileName":"EDA_GUL_CETINEL/QueueQuestions.tpp","secondFileName":"MUHAMMED_EMIN_SEKER/QueueQuestions.tpp","startInFirst":{"line":15,"column":4,"tokenListIndex":30},"endInFirst":{"line":22,"column":12,"tokenListIndex":40},"startInSecond":{"line":15,"column":2,"tokenListIndex":1},"endInSecond":{"line":22,"column":7,"tokenListIndex":10},"lengthOfFirst":11,"lengthOfSecond":10},{"firstFileName":"EDA_GUL_CETINEL/QueueQuestions.tpp","secondFileName":"MUHAMMED_EMIN_SEKER/QueueQuestions.tpp","startInFirst":{"line":36,"column":4,"tokenListIndex":52},"endInFirst":{"line":77,"column":0,"tokenListIndex":91},"startInSecond":{"line":38,"column":2,"tokenListIndex":20},"endInSecond":{"line":79,"column":0,"tokenListIndex":61},"lengthOfFirst":40,"lengthOfSecond":42}],"firstSimilarity":0.5604395604395604,"secondSimilarity":0.5252525252525253}