{"firstSubmissionId":"EDA_GUL_CETINEL","secondSubmissionId":"BORA_YALCIN","similarities":{"AVG":0.08648648648648649,"MAX":0.08791208791208792,"MAXIMUM_LENGTH":96.0,"LONGEST_MATCH":8.0},"matches":[{"firstFileName":"EDA_GUL_CETINEL/QueueQuestions.tpp","secondFileName":"BORA_YALCIN/QueueQuestions.tpp","startInFirst":{"line":13,"column":0,"tokenListIndex":27},"endInFirst":{"line":18,"column":6,"tokenListIndex":34},"startInSecond":{"line":13,"column":0,"tokenListIndex":0},"endInSecond":{"line":17,"column":8,"tokenListIndex":7},"lengthOfFirst":8,"lengthOfSecond":8}],"firstSimilarity":0.08791208791208792,"secondSimilarity":0.0851063829787234}