{"firstSubmissionId":"EDA_GUL_CETINEL","secondSubmissionId":"EGE_KARTAL","similarities":{"AVG":0.41304347826086957,"MAX":0.4175824175824176,"MAXIMUM_LENGTH":95.0,"LONGEST_MATCH":24.0},"matches":[{"firstFileName":"EDA_GUL_CETINEL/QueueQuestions.tpp","secondFileName":"EGE_KARTAL/QueueQuestions.tpp","startInFirst":{"line":47,"column":26,"tokenListIndex":64},"endInFirst":{"line":73,"column":8,"tokenListIndex":87},"startInSecond":{"line":46,"column":4,"tokenListIndex":40},"endInSecond":{"line":68,"column":3,"tokenListIndex":63},"lengthOfFirst":24,"lengthOfSecond":24},{"firstFileName":"EDA_GUL_CETINEL/QueueQuestions.cpp","secondFileName":"EGE_KARTAL/QueueQuestions.cpp","startInFirst":{"line":15,"column":30,"tokenListIndex":12},"endInFirst":{"line":25,"column":0,"tokenListIndex":25},"startInSecond":{"line":15,"column":60,"tokenListIndex":80},"endInSecond":{"line":26,"column":0,"tokenListIndex":93},"lengthOfFirst":14,"lengthOfSecond":14}],"firstSimilarity":0.4175824175824176,"secondSimilarity":0.40860215053763443}