{"firstSubmissionId":"EGE_KARTAL","secondSubmissionId":"FATIH_KAGAN_CEBI","similarities":{"AVG":0.07207207207207207,"MAX":0.08602150537634409,"MAXIMUM_LENGTH":131.0,"LONGEST_MATCH":8.0},"matches":[{"firstFileName":"EGE_KARTAL/QueueQuestions.tpp","secondFileName":"FATIH_KAGAN_CEBI/QueueQuestions.cpp","startInFirst":{"line":65,"column":3,"tokenListIndex":59},"endInFirst":{"line":71,"column":0,"tokenListIndex":66},"startInSecond":{"line":60,"column":12,"tokenListIndex":122},"endInSecond":{"line":65,"column":0,"tokenListIndex":129},"lengthOfFirst":8,"lengthOfSecond":8}],"firstSimilarity":0.08602150537634409,"secondSimilarity":0.06201550387596899}