{"firstSubmissionId":"EGE_KARTAL","secondSubmissionId":"MUHAMMED_EMIN_SEKER","similarities":{"AVG":0.46875,"MAX":0.4838709677419355,"MAXIMUM_LENGTH":101.0,"LONGEST_MATCH":15.0},"matches":[{"firstFileName":"EGE_KARTAL/QueueQuestions.tpp","secondFileName":"MUHAMMED_EMIN_SEKER/QueueQuestions.tpp","startInFirst":{"line":34,"column":2,"tokenListIndex":27},"endInFirst":{"line":46,"column":18,"tokenListIndex":41},"startInSecond":{"line":38,"column":2,"tokenListIndex":20},"endInSecond":{"line":51,"column":18,"tokenListIndex":34},"lengthOfFirst":15,"lengthOfSecond":15},{"firstFileName":"EGE_KARTAL/QueueQuestions.cpp","secondFileName":"MUHAMMED_EMIN_SEKER/QueueQuestions.cpp","startInFirst":{"line":11,"column":0,"tokenListIndex":68},"endInFirst":{"line":15,"column":14,"tokenListIndex":78},"startInSecond":{"line":11,"column":0,"tokenListIndex":63},"endInSecond":{"line":16,"column":10,"tokenListIndex":73},"lengthOfFirst":11,"lengthOfSecond":11},{"firstFileName":"EGE_KARTAL/QueueQuestions.tpp","secondFileName":"MUHAMMED_EMIN_SEKER/QueueQuestions.tpp","startInFirst":{"line":47,"column":3,"tokenListIndex":42},"endInFirst":{"line":59,"column":2,"tokenListIndex":51},"startInSecond":{"line":54,"column":4,"tokenListIndex":36},"endInSecond":{"line":67,"column":2,"tokenListIndex":45},"lengthOfFirst":10,"lengthOfSecond":10},{"firstFileName":"EGE_KARTAL/QueueQuestions.tpp","secondFileName":"MUHAMMED_EMIN_SEKER/QueueQuestions.tpp","startInFirst":{"line":63,"column":2,"tokenListIndex":55},"endInFirst":{"line":68,"column":3,"tokenListIndex":63},"startInSecond":{"line":70,"column":2,"tokenListIndex":49},"endInSecond":{"line":74,"column":4,"tokenListIndex":57},"lengthOfFirst":9,"lengthOfSecond":9}],"firstSimilarity":0.4838709677419355,"secondSimilarity":0.45454545454545453}