{"firstSubmissionId":"EGE_KARTAL","secondSubmissionId":"ABDULLAH_MERT_OZDEM","similarities":{"AVG":0.0851063829787234,"MAX":0.08602150537634409,"MAXIMUM_LENGTH":96.0,"LONGEST_MATCH":8.0},"matches":[{"firstFileName":"EGE_KARTAL/QueueQuestions.tpp","secondFileName":"ABDULLAH_MERT_OZDEM/QueueQuestions.tpp","startInFirst":{"line":65,"column":3,"tokenListIndex":59},"endInFirst":{"line":71,"column":0,"tokenListIndex":66},"startInSecond":{"line":88,"column":20,"tokenListIndex":87},"endInSecond":{"line":95,"column":0,"tokenListIndex":94},"lengthOfFirst":8,"lengthOfSecond":8}],"firstSimilarity":0.08602150537634409,"secondSimilarity":0.08421052631578947}