{"firstSubmissionId":"EMIR_KEREM_ISILDAR","secondSubmissionId":"MUHAMMED_EMIN_SEKER","similarities":{"AVG":0.1340782122905028,"MAX":0.15,"MAXIMUM_LENGTH":101.0,"LONGEST_MATCH":12.0},"matches":[{"firstFileName":"EMIR_KEREM_ISILDAR/QueueQuestions.tpp","secondFileName":"MUHAMMED_EMIN_SEKER/QueueQuestions.tpp","startInFirst":{"line":50,"column":6,"tokenListIndex":51},"endInFirst":{"line":64,"column":2,"tokenListIndex":62},"startInSecond":{"line":51,"column":18,"tokenListIndex":34},"endInSecond":{"line":67,"column":2,"tokenListIndex":45},"lengthOfFirst":12,"lengthOfSecond":12}],"firstSimilarity":0.15,"secondSimilarity":0.12121212121212122}