{"firstSubmissionId":"EMIR_KEREM_ISILDAR","secondSubmissionId":"MIRAY_DUYGULU","similarities":{"AVG":0.0963855421686747,"MAX":0.1,"MAXIMUM_LENGTH":88.0,"LONGEST_MATCH":8.0},"matches":[{"firstFileName":"EMIR_KEREM_ISILDAR/QueueQuestions.tpp","secondFileName":"MIRAY_DUYGULU/QueueQuestions_m1.cpp","startInFirst":{"line":47,"column":11,"tokenListIndex":44},"endInFirst":{"line":50,"column":6,"tokenListIndex":51},"startInSecond":{"line":36,"column":8,"tokenListIndex":13},"endInSecond":{"line":42,"column":2,"tokenListIndex":20},"lengthOfFirst":8,"lengthOfSecond":8}],"firstSimilarity":0.1,"secondSimilarity":0.09302325581395349}