{"firstSubmissionId":"EMIR_KEREM_ISILDAR","secondSubmissionId":"ISMAIL_ERIM_ATAKTURK","similarities":{"AVG":0.10526315789473684,"MAX":0.1111111111111111,"MAXIMUM_LENGTH":83.0,"LONGEST_MATCH":8.0},"matches":[{"firstFileName":"EMIR_KEREM_ISILDAR/QueueQuestions.tpp","secondFileName":"ISMAIL_ERIM_ATAKTURK/QueueQuestions.tpp","startInFirst":{"line":13,"column":0,"tokenListIndex":5},"endInFirst":{"line":20,"column":11,"tokenListIndex":12},"startInSecond":{"line":13,"column":0,"tokenListIndex":45},"endInSecond":{"line":18,"column":13,"tokenListIndex":52},"lengthOfFirst":8,"lengthOfSecond":8}],"firstSimilarity":0.1,"secondSimilarity":0.1111111111111111}