{"firstSubmissionId":"EMIR_KEREM_ISILDAR","secondSubmissionId":"EDA_GUL_CETINEL","similarities":{"AVG":0.14035087719298245,"MAX":0.15,"MAXIMUM_LENGTH":93.0,"LONGEST_MATCH":12.0},"matches":[{"firstFileName":"EMIR_KEREM_ISILDAR/QueueQuestions.tpp","secondFileName":"EDA_GUL_CETINEL/QueueQuestions.tpp","startInFirst":{"line":50,"column":6,"tokenListIndex":51},"endInFirst":{"line":64,"column":2,"tokenListIndex":62},"startInSecond":{"line":47,"column":26,"tokenListIndex":64},"endInSecond":{"line":62,"column":4,"tokenListIndex":75},"lengthOfFirst":12,"lengthOfSecond":12}],"firstSimilarity":0.15,"secondSimilarity":0.13186813186813187}