{"firstSubmissionId":"EMIR_KEREM_ISILDAR","secondSubmissionId":"FATIH_KAGAN_CEBI","similarities":{"AVG":0.0861244019138756,"MAX":0.1125,"MAXIMUM_LENGTH":131.0,"LONGEST_MATCH":9.0},"matches":[{"firstFileName":"EMIR_KEREM_ISILDAR/QueueQuestions.tpp","secondFileName":"FATIH_KAGAN_CEBI/QueueQuestions.cpp","startInFirst":{"line":69,"column":2,"tokenListIndex":66},"endInFirst":{"line":75,"column":4,"tokenListIndex":74},"startInSecond":{"line":14,"column":4,"tokenListIndex":70},"endInSecond":{"line":23,"column":8,"tokenListIndex":78},"lengthOfFirst":9,"lengthOfSecond":9}],"firstSimilarity":0.1125,"secondSimilarity":0.06976744186046512}