{"firstSubmissionId":"EMIR_KEREM_ISILDAR","secondSubmissionId":"BEGUM_HAMARAT","similarities":{"AVG":0.11904761904761904,"MAX":0.125,"MAXIMUM_LENGTH":89.0,"LONGEST_MATCH":10.0},"matches":[{"firstFileName":"EMIR_KEREM_ISILDAR/QueueQuestions.tpp","secondFileName":"BEGUM_HAMARAT/QueueQuestionsBegumHamaratt.tpp","startInFirst":{"line":56,"column":0,"tokenListIndex":58},"endInFirst":{"line":70,"column":2,"tokenListIndex":67},"startInSecond":{"line":74,"column":0,"tokenListIndex":63},"endInSecond":{"line":92,"column":2,"tokenListIndex":72},"lengthOfFirst":10,"lengthOfSecond":10}],"firstSimilarity":0.125,"secondSimilarity":0.11363636363636363}