{"firstSubmissionId":"EMIR_KEREM_ISILDAR","secondSubmissionId":"EGE_KARTAL","similarities":{"AVG":0.20809248554913296,"MAX":0.225,"MAXIMUM_LENGTH":95.0,"LONGEST_MATCH":18.0},"matches":[{"firstFileName":"EMIR_KEREM_ISILDAR/QueueQuestions.tpp","secondFileName":"EGE_KARTAL/QueueQuestions.tpp","startInFirst":{"line":48,"column":2,"tokenListIndex":45},"endInFirst":{"line":64,"column":2,"tokenListIndex":62},"startInSecond":{"line":42,"column":2,"tokenListIndex":34},"endInSecond":{"line":59,"column":2,"tokenListIndex":51},"lengthOfFirst":18,"lengthOfSecond":18}],"firstSimilarity":0.225,"secondSimilarity":0.1935483870967742}