{"firstSubmissionId":"EMIR_KEREM_ISILDAR","secondSubmissionId":"ABDULLAH_MERT_OZDEM","similarities":{"AVG":0.09142857142857143,"MAX":0.1,"MAXIMUM_LENGTH":96.0,"LONGEST_MATCH":8.0},"matches":[{"firstFileName":"EMIR_KEREM_ISILDAR/QueueQuestions.tpp","secondFileName":"ABDULLAH_MERT_OZDEM/QueueQuestions.tpp","startInFirst":{"line":70,"column":2,"tokenListIndex":67},"endInFirst":{"line":75,"column":4,"tokenListIndex":74},"startInSecond":{"line":56,"column":10,"tokenListIndex":52},"endInSecond":{"line":61,"column":12,"tokenListIndex":59},"lengthOfFirst":8,"lengthOfSecond":8}],"firstSimilarity":0.1,"secondSimilarity":0.08421052631578947}