{"firstSubmissionId":"EMIR_KEREM_ISILDAR","secondSubmissionId":"BORA_YALCIN","similarities":{"AVG":0.5402298850574713,"MAX":0.6,"MAXIMUM_LENGTH":96.0,"LONGEST_MATCH":27.0},"matches":[{"firstFileName":"EMIR_KEREM_ISILDAR/QueueQuestions.tpp","secondFileName":"BORA_YALCIN/QueueQuestions.tpp","startInFirst":{"line":13,"column":0,"tokenListIndex":5},"endInFirst":{"line":39,"column":22,"tokenListIndex":33},"startInSecond":{"line":13,"column":0,"tokenListIndex":0},"endInSecond":{"line":35,"column":22,"tokenListIndex":26},"lengthOfFirst":29,"lengthOfSecond":27},{"firstFileName":"EMIR_KEREM_ISILDAR/QueueQuestions.tpp","secondFileName":"BORA_YALCIN/QueueQuestions.tpp","startInFirst":{"line":47,"column":2,"tokenListIndex":43},"endInFirst":{"line":63,"column":63,"tokenListIndex":61},"startInSecond":{"line":35,"column":54,"tokenListIndex":27},"endInSecond":{"line":53,"column":63,"tokenListIndex":45},"lengthOfFirst":19,"lengthOfSecond":19}],"firstSimilarity":0.6,"secondSimilarity":0.48936170212765956}