{"firstSubmissionId":"EYLUL_PIRINCAL","secondSubmissionId":"MUHAMMED_EMIN_SEKER","similarities":{"AVG":0.24203821656050956,"MAX":0.3275862068965517,"MAXIMUM_LENGTH":101.0,"LONGEST_MATCH":10.0},"matches":[{"firstFileName":"EYLUL_PIRINCAL/QueueQuestions.tpp","secondFileName":"MUHAMMED_EMIN_SEKER/QueueQuestions.tpp","startInFirst":{"line":43,"column":4,"tokenListIndex":24},"endInFirst":{"line":48,"column":12,"tokenListIndex":33},"startInSecond":{"line":48,"column":2,"tokenListIndex":25},"endInSecond":{"line":51,"column":18,"tokenListIndex":34},"lengthOfFirst":10,"lengthOfSecond":10},{"firstFileName":"EYLUL_PIRINCAL/QueueQuestions.tpp","secondFileName":"MUHAMMED_EMIN_SEKER/QueueQuestions.tpp","startInFirst":{"line":71,"column":8,"tokenListIndex":46},"endInFirst":{"line":75,"column":12,"tokenListIndex":54},"startInSecond":{"line":69,"column":2,"tokenListIndex":48},"endInSecond":{"line":73,"column":4,"tokenListIndex":56},"lengthOfFirst":9,"lengthOfSecond":9}],"firstSimilarity":0.3275862068965517,"secondSimilarity":0.1919191919191919}