{"firstSubmissionId":"EYLUL_PIRINCAL","secondSubmissionId":"SEVKET_YESILPEKMEZ_MACOS","similarities":{"AVG":0.144,"MAX":0.15517241379310345,"MAXIMUM_LENGTH":69.0,"LONGEST_MATCH":9.0},"matches":[{"firstFileName":"EYLUL_PIRINCAL/QueueQuestions.tpp","secondFileName":"SEVKET_YESILPEKMEZ_MACOS/QueueQuestions.tpp","startInFirst":{"line":71,"column":8,"tokenListIndex":46},"endInFirst":{"line":75,"column":12,"tokenListIndex":54},"startInSecond":{"line":46,"column":4,"tokenListIndex":26},"endInSecond":{"line":53,"column":8,"tokenListIndex":34},"lengthOfFirst":9,"lengthOfSecond":9}],"firstSimilarity":0.15517241379310345,"secondSimilarity":0.13432835820895522}