{"firstSubmissionId":"EYLUL_PIRINCAL","secondSubmissionId":"HATICE_SENA_SES","similarities":{"AVG":0.15267175572519084,"MAX":0.1724137931034483,"MAXIMUM_LENGTH":74.0,"LONGEST_MATCH":10.0},"matches":[{"firstFileName":"EYLUL_PIRINCAL/QueueQuestions.tpp","secondFileName":"HATICE_SENA_SES/Labwork3.tpp","startInFirst":{"line":66,"column":8,"tokenListIndex":41},"endInFirst":{"line":72,"column":31,"tokenListIndex":50},"startInSecond":{"line":69,"column":63,"tokenListIndex":54},"endInSecond":{"line":79,"column":28,"tokenListIndex":63},"lengthOfFirst":10,"lengthOfSecond":10}],"firstSimilarity":0.1724137931034483,"secondSimilarity":0.136986301369863}