{"firstSubmissionId":"EYLUL_PIRINCAL","secondSubmissionId":"EGE_KARTAL","similarities":{"AVG":0.25165562913907286,"MAX":0.3275862068965517,"MAXIMUM_LENGTH":95.0,"LONGEST_MATCH":11.0},"matches":[{"firstFileName":"EYLUL_PIRINCAL/QueueQuestions.tpp","secondFileName":"EGE_KARTAL/QueueQuestions.tpp","startInFirst":{"line":43,"column":4,"tokenListIndex":24},"endInFirst":{"line":49,"column":8,"tokenListIndex":34},"startInSecond":{"line":41,"column":2,"tokenListIndex":32},"endInSecond":{"line":47,"column":3,"tokenListIndex":42},"lengthOfFirst":11,"lengthOfSecond":11},{"firstFileName":"EYLUL_PIRINCAL/QueueQuestions.tpp","secondFileName":"EGE_KARTAL/QueueQuestions.tpp","startInFirst":{"line":72,"column":8,"tokenListIndex":47},"endInFirst":{"line":75,"column":12,"tokenListIndex":54},"startInSecond":{"line":63,"column":2,"tokenListIndex":55},"endInSecond":{"line":67,"column":3,"tokenListIndex":62},"lengthOfFirst":8,"lengthOfSecond":8}],"firstSimilarity":0.3275862068965517,"secondSimilarity":0.20430107526881722}