{"firstSubmissionId":"EYLUL_PIRINCAL","secondSubmissionId":"EMIR_KEREM_ISILDAR","similarities":{"AVG":0.13043478260869565,"MAX":0.15517241379310345,"MAXIMUM_LENGTH":82.0,"LONGEST_MATCH":9.0},"matches":[{"firstFileName":"EYLUL_PIRINCAL/QueueQuestions.tpp","secondFileName":"EMIR_KEREM_ISILDAR/QueueQuestions.tpp","startInFirst":{"line":45,"column":4,"tokenListIndex":26},"endInFirst":{"line":49,"column":8,"tokenListIndex":34},"startInSecond":{"line":48,"column":2,"tokenListIndex":45},"endInSecond":{"line":51,"column":4,"tokenListIndex":53},"lengthOfFirst":9,"lengthOfSecond":9}],"firstSimilarity":0.15517241379310345,"secondSimilarity":0.1125}