{"firstSubmissionId":"EYLUL_PIRINCAL","secondSubmissionId":"BEGUM_HAMARAT","similarities":{"AVG":0.1232876712328767,"MAX":0.15517241379310345,"MAXIMUM_LENGTH":89.0,"LONGEST_MATCH":9.0},"matches":[{"firstFileName":"EYLUL_PIRINCAL/QueueQuestions.tpp","secondFileName":"BEGUM_HAMARAT/QueueQuestionsBegumHamaratt.tpp","startInFirst":{"line":17,"column":10,"tokenListIndex":5},"endInFirst":{"line":24,"column":8,"tokenListIndex":13},"startInSecond":{"line":22,"column":2,"tokenListIndex":9},"endInSecond":{"line":32,"column":4,"tokenListIndex":17},"lengthOfFirst":9,"lengthOfSecond":9}],"firstSimilarity":0.15517241379310345,"secondSimilarity":0.10227272727272728}