{"firstSubmissionId":"EYLUL_PIRINCAL","secondSubmissionId":"EDA_GUL_CETINEL","similarities":{"AVG":0.21476510067114093,"MAX":0.27586206896551724,"MAXIMUM_LENGTH":93.0,"LONGEST_MATCH":8.0},"matches":[{"firstFileName":"EYLUL_PIRINCAL/QueueQuestions.tpp","secondFileName":"EDA_GUL_CETINEL/QueueQuestions.tpp","startInFirst":{"line":45,"column":4,"tokenListIndex":26},"endInFirst":{"line":48,"column":12,"tokenListIndex":33},"startInSecond":{"line":44,"column":4,"tokenListIndex":57},"endInSecond":{"line":47,"column":26,"tokenListIndex":64},"lengthOfFirst":8,"lengthOfSecond":8},{"firstFileName":"EYLUL_PIRINCAL/QueueQuestions.tpp","secondFileName":"EDA_GUL_CETINEL/QueueQuestions.tpp","startInFirst":{"line":72,"column":8,"tokenListIndex":47},"endInFirst":{"line":75,"column":12,"tokenListIndex":54},"startInSecond":{"line":67,"column":4,"tokenListIndex":79},"endInSecond":{"line":71,"column":8,"tokenListIndex":86},"lengthOfFirst":8,"lengthOfSecond":8}],"firstSimilarity":0.27586206896551724,"secondSimilarity":0.17582417582417584}