{"firstSubmissionId":"HATICE_SENA_SES","secondSubmissionId":"FATIH_KAGAN_CEBI","similarities":{"AVG":0.1782178217821782,"MAX":0.2465753424657534,"MAXIMUM_LENGTH":131.0,"LONGEST_MATCH":9.0},"matches":[{"firstFileName":"HATICE_SENA_SES/Labwork3.tpp","secondFileName":"FATIH_KAGAN_CEBI/QueueQuestions.tpp","startInFirst":{"line":13,"column":0,"tokenListIndex":0},"endInFirst":{"line":22,"column":8,"tokenListIndex":8},"startInSecond":{"line":8,"column":0,"tokenListIndex":0},"endInSecond":{"line":14,"column":4,"tokenListIndex":8},"lengthOfFirst":9,"lengthOfSecond":9},{"firstFileName":"HATICE_SENA_SES/Labwork3.tpp","secondFileName":"FATIH_KAGAN_CEBI/QueueQuestions.cpp","startInFirst":{"line":80,"column":8,"tokenListIndex":64},"endInFirst":{"line":88,"column":0,"tokenListIndex":72},"startInSecond":{"line":60,"column":8,"tokenListIndex":121},"endInSecond":{"line":65,"column":0,"tokenListIndex":129},"lengthOfFirst":9,"lengthOfSecond":9}],"firstSimilarity":0.2465753424657534,"secondSimilarity":0.13953488372093023}