{"firstSubmissionId":"HATICE_SENA_SES","secondSubmissionId":"EMIR_KEREM_ISILDAR","similarities":{"AVG":0.23529411764705882,"MAX":0.2465753424657534,"MAXIMUM_LENGTH":82.0,"LONGEST_MATCH":10.0},"matches":[{"firstFileName":"HATICE_SENA_SES/Labwork3.tpp","secondFileName":"EMIR_KEREM_ISILDAR/QueueQuestions.tpp","startInFirst":{"line":60,"column":4,"tokenListIndex":49},"endInFirst":{"line":75,"column":4,"tokenListIndex":58},"startInSecond":{"line":55,"column":2,"tokenListIndex":56},"endInSecond":{"line":67,"column":2,"tokenListIndex":65},"lengthOfFirst":10,"lengthOfSecond":10},{"firstFileName":"HATICE_SENA_SES/Labwork3.tpp","secondFileName":"EMIR_KEREM_ISILDAR/QueueQuestions.tpp","startInFirst":{"line":53,"column":8,"tokenListIndex":39},"endInFirst":{"line":57,"column":8,"tokenListIndex":46},"startInSecond":{"line":49,"column":4,"tokenListIndex":47},"endInSecond":{"line":52,"column":4,"tokenListIndex":54},"lengthOfFirst":8,"lengthOfSecond":8}],"firstSimilarity":0.2465753424657534,"secondSimilarity":0.225}