{"firstSubmissionId":"HATICE_SENA_SES","secondSubmissionId":"BORA_YALCIN","similarities":{"AVG":0.31137724550898205,"MAX":0.3561643835616438,"MAXIMUM_LENGTH":96.0,"LONGEST_MATCH":9.0},"matches":[{"firstFileName":"HATICE_SENA_SES/Labwork3.tpp","secondFileName":"BORA_YALCIN/QueueQuestions.tpp","startInFirst":{"line":26,"column":8,"tokenListIndex":16},"endInFirst":{"line":33,"column":8,"tokenListIndex":24},"startInSecond":{"line":19,"column":8,"tokenListIndex":9},"endInSecond":{"line":25,"column":8,"tokenListIndex":17},"lengthOfFirst":9,"lengthOfSecond":9},{"firstFileName":"HATICE_SENA_SES/Labwork3.tpp","secondFileName":"BORA_YALCIN/QueueQuestions.tpp","startInFirst":{"line":77,"column":4,"tokenListIndex":59},"endInFirst":{"line":82,"column":8,"tokenListIndex":67},"startInSecond":{"line":39,"column":8,"tokenListIndex":30},"endInSecond":{"line":42,"column":8,"tokenListIndex":38},"lengthOfFirst":9,"lengthOfSecond":9},{"firstFileName":"HATICE_SENA_SES/Labwork3.tpp","secondFileName":"BORA_YALCIN/QueueQuestions.tpp","startInFirst":{"line":36,"column":4,"tokenListIndex":26},"endInFirst":{"line":44,"column":54,"tokenListIndex":33},"startInSecond":{"line":28,"column":4,"tokenListIndex":20},"endInSecond":{"line":35,"column":54,"tokenListIndex":27},"lengthOfFirst":8,"lengthOfSecond":8}],"firstSimilarity":0.3561643835616438,"secondSimilarity":0.2765957446808511}