{"firstSubmissionId":"HATICE_SENA_SES","secondSubmissionId":"EGE_KARTAL","similarities":{"AVG":0.1927710843373494,"MAX":0.2191780821917808,"MAXIMUM_LENGTH":95.0,"LONGEST_MATCH":8.0},"matches":[{"firstFileName":"HATICE_SENA_SES/Labwork3.tpp","secondFileName":"EGE_KARTAL/QueueQuestions.tpp","startInFirst":{"line":53,"column":8,"tokenListIndex":39},"endInFirst":{"line":57,"column":8,"tokenListIndex":46},"startInSecond":{"line":44,"column":3,"tokenListIndex":36},"endInSecond":{"line":48,"column":3,"tokenListIndex":43},"lengthOfFirst":8,"lengthOfSecond":8},{"firstFileName":"HATICE_SENA_SES/Labwork3.tpp","secondFileName":"EGE_KARTAL/QueueQuestions.tpp","startInFirst":{"line":80,"column":15,"tokenListIndex":65},"endInFirst":{"line":88,"column":0,"tokenListIndex":72},"startInSecond":{"line":65,"column":3,"tokenListIndex":59},"endInSecond":{"line":71,"column":0,"tokenListIndex":66},"lengthOfFirst":8,"lengthOfSecond":8}],"firstSimilarity":0.2191780821917808,"secondSimilarity":0.17204301075268819}