{"firstSubmissionId":"HATICE_SENA_SES","secondSubmissionId":"ABDULLAH_MERT_OZDEM","similarities":{"AVG":0.47619047619047616,"MAX":0.547945205479452,"MAXIMUM_LENGTH":96.0,"LONGEST_MATCH":14.0},"matches":[{"firstFileName":"HATICE_SENA_SES/Labwork3.tpp","secondFileName":"ABDULLAH_MERT_OZDEM/QueueQuestions.tpp","startInFirst":{"line":77,"column":4,"tokenListIndex":59},"endInFirst":{"line":88,"column":0,"tokenListIndex":72},"startInSecond":{"line":85,"column":4,"tokenListIndex":81},"endInSecond":{"line":95,"column":0,"tokenListIndex":94},"lengthOfFirst":14,"lengthOfSecond":14},{"firstFileName":"HATICE_SENA_SES/Labwork3.tpp","secondFileName":"ABDULLAH_MERT_OZDEM/QueueQuestions.tpp","startInFirst":{"line":13,"column":0,"tokenListIndex":0},"endInFirst":{"line":22,"column":8,"tokenListIndex":8},"startInSecond":{"line":13,"column":0,"tokenListIndex":0},"endInSecond":{"line":20,"column":4,"tokenListIndex":8},"lengthOfFirst":9,"lengthOfSecond":9},{"firstFileName":"HATICE_SENA_SES/Labwork3.tpp","secondFileName":"ABDULLAH_MERT_OZDEM/QueueQuestions.tpp","startInFirst":{"line":26,"column":8,"tokenListIndex":16},"endInFirst":{"line":33,"column":8,"tokenListIndex":24},"startInSecond":{"line":25,"column":8,"tokenListIndex":18},"endInSecond":{"line":32,"column":8,"tokenListIndex":26},"lengthOfFirst":9,"lengthOfSecond":9},{"firstFileName":"HATICE_SENA_SES/Labwork3.tpp","secondFileName":"ABDULLAH_MERT_OZDEM/QueueQuestions.tpp","startInFirst":{"line":36,"column":4,"tokenListIndex":26},"endInFirst":{"line":44,"column":54,"tokenListIndex":33},"startInSecond":{"line":34,"column":4,"tokenListIndex":28},"endInSecond":{"line":42,"column":54,"tokenListIndex":35},"lengthOfFirst":8,"lengthOfSecond":8}],"firstSimilarity":0.547945205479452,"secondSimilarity":0.42105263157894735}