{"firstSubmissionId":"HATICE_SENA_SES","secondSubmissionId":"BEGUM_HAMARAT","similarities":{"AVG":0.19875776397515527,"MAX":0.2191780821917808,"MAXIMUM_LENGTH":89.0,"LONGEST_MATCH":8.0},"matches":[{"firstFileName":"HATICE_SENA_SES/Labwork3.tpp","secondFileName":"BEGUM_HAMARAT/QueueQuestionsBegumHamaratt.tpp","startInFirst":{"line":13,"column":0,"tokenListIndex":0},"endInFirst":{"line":22,"column":8,"tokenListIndex":7},"startInSecond":{"line":13,"column":0,"tokenListIndex":0},"endInSecond":{"line":21,"column":4,"tokenListIndex":7},"lengthOfFirst":8,"lengthOfSecond":8},{"firstFileName":"HATICE_SENA_SES/Labwork3.tpp","secondFileName":"BEGUM_HAMARAT/QueueQuestionsBegumHamaratt.tpp","startInFirst":{"line":61,"column":0,"tokenListIndex":51},"endInFirst":{"line":75,"column":4,"tokenListIndex":58},"startInSecond":{"line":74,"column":0,"tokenListIndex":63},"endInSecond":{"line":88,"column":2,"tokenListIndex":70},"lengthOfFirst":8,"lengthOfSecond":8}],"firstSimilarity":0.2191780821917808,"secondSimilarity":0.18181818181818182}