{"firstSubmissionId":"ISMAIL_ERIM_ATAKTURK","secondSubmissionId":"EDA_GUL_CETINEL","similarities":{"AVG":0.25766871165644173,"MAX":0.2916666666666667,"MAXIMUM_LENGTH":93.0,"LONGEST_MATCH":13.0},"matches":[{"firstFileName":"ISMAIL_ERIM_ATAKTURK/QueueQuestions.cpp","secondFileName":"EDA_GUL_CETINEL/QueueQuestions.cpp","startInFirst":{"line":23,"column":12,"tokenListIndex":31},"endInFirst":{"line":32,"column":0,"tokenListIndex":43},"startInSecond":{"line":16,"column":8,"tokenListIndex":13},"endInSecond":{"line":25,"column":0,"tokenListIndex":25},"lengthOfFirst":13,"lengthOfSecond":13},{"firstFileName":"ISMAIL_ERIM_ATAKTURK/QueueQuestions.cpp","secondFileName":"EDA_GUL_CETINEL/QueueQuestions.cpp","startInFirst":{"line":6,"column":0,"tokenListIndex":0},"endInFirst":{"line":8,"column":24,"tokenListIndex":7},"startInSecond":{"line":11,"column":0,"tokenListIndex":0},"endInSecond":{"line":14,"column":4,"tokenListIndex":7},"lengthOfFirst":8,"lengthOfSecond":8}],"firstSimilarity":0.2916666666666667,"secondSimilarity":0.23076923076923078}