{"firstSubmissionId":"ISMAIL_ERIM_ATAKTURK","secondSubmissionId":"EGE_KARTAL","similarities":{"AVG":0.15757575757575756,"MAX":0.18055555555555555,"MAXIMUM_LENGTH":95.0,"LONGEST_MATCH":13.0},"matches":[{"firstFileName":"ISMAIL_ERIM_ATAKTURK/QueueQuestions.cpp","secondFileName":"EGE_KARTAL/QueueQuestions.cpp","startInFirst":{"line":23,"column":12,"tokenListIndex":31},"endInFirst":{"line":32,"column":0,"tokenListIndex":43},"startInSecond":{"line":17,"column":3,"tokenListIndex":81},"endInSecond":{"line":26,"column":0,"tokenListIndex":93},"lengthOfFirst":13,"lengthOfSecond":13}],"firstSimilarity":0.18055555555555555,"secondSimilarity":0.13978494623655913}