{"firstSubmissionId":"ISMAIL_ERIM_ATAKTURK","secondSubmissionId":"MIRAY_DUYGULU","similarities":{"AVG":0.22784810126582278,"MAX":0.25,"MAXIMUM_LENGTH":88.0,"LONGEST_MATCH":18.0},"matches":[{"firstFileName":"ISMAIL_ERIM_ATAKTURK/QueueQuestions.cpp","secondFileName":"MIRAY_DUYGULU/QueueQuestions_m.cpp","startInFirst":{"line":22,"column":4,"tokenListIndex":26},"endInFirst":{"line":32,"column":0,"tokenListIndex":43},"startInSecond":{"line":17,"column":2,"tokenListIndex":69},"endInSecond":{"line":30,"column":2,"tokenListIndex":86},"lengthOfFirst":18,"lengthOfSecond":18}],"firstSimilarity":0.25,"secondSimilarity":0.20930232558139536}