{"firstSubmissionId":"ISMAIL_ERIM_ATAKTURK","secondSubmissionId":"FATIH_KAGAN_CEBI","similarities":{"AVG":0.19900497512437812,"MAX":0.2777777777777778,"MAXIMUM_LENGTH":131.0,"LONGEST_MATCH":12.0},"matches":[{"firstFileName":"ISMAIL_ERIM_ATAKTURK/QueueQuestions.cpp","secondFileName":"FATIH_KAGAN_CEBI/QueueQuestions.cpp","startInFirst":{"line":15,"column":12,"tokenListIndex":19},"endInFirst":{"line":23,"column":8,"tokenListIndex":30},"startInSecond":{"line":47,"column":12,"tokenListIndex":103},"endInSecond":{"line":54,"column":8,"tokenListIndex":114},"lengthOfFirst":12,"lengthOfSecond":12},{"firstFileName":"ISMAIL_ERIM_ATAKTURK/QueueQuestions.cpp","secondFileName":"FATIH_KAGAN_CEBI/QueueQuestions.cpp","startInFirst":{"line":8,"column":29,"tokenListIndex":8},"endInFirst":{"line":14,"column":8,"tokenListIndex":15},"startInSecond":{"line":40,"column":16,"tokenListIndex":95},"endInSecond":{"line":46,"column":8,"tokenListIndex":102},"lengthOfFirst":8,"lengthOfSecond":8}],"firstSimilarity":0.2777777777777778,"secondSimilarity":0.15503875968992248}