{"firstSubmissionId":"MEHMET_EREN_GUNER","secondSubmissionId":"ISMAIL_ERIM_ATAKTURK","similarities":{"AVG":0.3252032520325203,"MAX":0.39215686274509803,"MAXIMUM_LENGTH":83.0,"LONGEST_MATCH":20.0},"matches":[{"firstFileName":"MEHMET_EREN_GUNER/QueueQuestions.cpp","secondFileName":"ISMAIL_ERIM_ATAKTURK/QueueQuestions.cpp","startInFirst":{"line":14,"column":19,"tokenListIndex":7},"endInFirst":{"line":25,"column":0,"tokenListIndex":26},"startInSecond":{"line":20,"column":8,"tokenListIndex":24},"endInSecond":{"line":32,"column":0,"tokenListIndex":43},"lengthOfFirst":20,"lengthOfSecond":20}],"firstSimilarity":0.39215686274509803,"secondSimilarity":0.2777777777777778}