{"firstSubmissionId":"MEHMET_EREN_GUNER","secondSubmissionId":"EDA_GUL_CETINEL","similarities":{"AVG":0.18309859154929578,"MAX":0.2549019607843137,"MAXIMUM_LENGTH":93.0,"LONGEST_MATCH":13.0},"matches":[{"firstFileName":"MEHMET_EREN_GUNER/QueueQuestions.cpp","secondFileName":"EDA_GUL_CETINEL/QueueQuestions.cpp","startInFirst":{"line":17,"column":7,"tokenListIndex":14},"endInFirst":{"line":25,"column":0,"tokenListIndex":26},"startInSecond":{"line":16,"column":8,"tokenListIndex":13},"endInSecond":{"line":25,"column":0,"tokenListIndex":25},"lengthOfFirst":13,"lengthOfSecond":13}],"firstSimilarity":0.2549019607843137,"secondSimilarity":0.14285714285714285}