{"firstSubmissionId":"MEHMET_EREN_GUNER","secondSubmissionId":"MIRAY_DUYGULU","similarities":{"AVG":0.26277372262773724,"MAX":0.35294117647058826,"MAXIMUM_LENGTH":88.0,"LONGEST_MATCH":18.0},"matches":[{"firstFileName":"MEHMET_EREN_GUNER/QueueQuestions.cpp","secondFileName":"MIRAY_DUYGULU/QueueQuestions_m.cpp","startInFirst":{"line":16,"column":2,"tokenListIndex":43},"endInFirst":{"line":25,"column":0,"tokenListIndex":60},"startInSecond":{"line":17,"column":2,"tokenListIndex":69},"endInSecond":{"line":30,"column":2,"tokenListIndex":86},"lengthOfFirst":18,"lengthOfSecond":18}],"firstSimilarity":0.35294117647058826,"secondSimilarity":0.20930232558139536}