{"firstSubmissionId":"MEHMET_EREN_GUNER","secondSubmissionId":"FATIH_KAGAN_CEBI","similarities":{"AVG":0.08888888888888889,"MAX":0.1568627450980392,"MAXIMUM_LENGTH":131.0,"LONGEST_MATCH":8.0},"matches":[{"firstFileName":"MEHMET_EREN_GUNER/QueueQuestions.cpp","secondFileName":"FATIH_KAGAN_CEBI/QueueQuestions.cpp","startInFirst":{"line":11,"column":38,"tokenListIndex":1},"endInFirst":{"line":14,"column":33,"tokenListIndex":8},"startInSecond":{"line":37,"column":70,"tokenListIndex":91},"endInSecond":{"line":42,"column":46,"tokenListIndex":98},"lengthOfFirst":8,"lengthOfSecond":8}],"firstSimilarity":0.1568627450980392,"secondSimilarity":0.06201550387596899}