{"firstSubmissionId":"MEHMET_EREN_GUNER","secondSubmissionId":"SEVKET_YESILPEKMEZ_MACOS","similarities":{"AVG":0.4406779661016949,"MAX":0.5098039215686274,"MAXIMUM_LENGTH":69.0,"LONGEST_MATCH":26.0},"matches":[{"firstFileName":"MEHMET_EREN_GUNER/QueueQuestions.cpp","secondFileName":"SEVKET_YESILPEKMEZ_MACOS/QueueQuestions.cpp","startInFirst":{"line":11,"column":38,"tokenListIndex":1},"endInFirst":{"line":25,"column":0,"tokenListIndex":26},"startInSecond":{"line":11,"column":70,"tokenListIndex":42},"endInSecond":{"line":35,"column":0,"tokenListIndex":67},"lengthOfFirst":26,"lengthOfSecond":26}],"firstSimilarity":0.5098039215686274,"secondSimilarity":0.3880597014925373}