{"firstSubmissionId":"MEHMET_EREN_GUNER","secondSubmissionId":"EGE_KARTAL","similarities":{"AVG":0.18055555555555555,"MAX":0.2549019607843137,"MAXIMUM_LENGTH":95.0,"LONGEST_MATCH":13.0},"matches":[{"firstFileName":"MEHMET_EREN_GUNER/QueueQuestions.cpp","secondFileName":"EGE_KARTAL/QueueQuestions.cpp","startInFirst":{"line":17,"column":7,"tokenListIndex":48},"endInFirst":{"line":25,"column":0,"tokenListIndex":60},"startInSecond":{"line":17,"column":3,"tokenListIndex":81},"endInSecond":{"line":26,"column":0,"tokenListIndex":93},"lengthOfFirst":13,"lengthOfSecond":13}],"firstSimilarity":0.2549019607843137,"secondSimilarity":0.13978494623655913}