{"firstSubmissionId":"MIRAY_DUYGULU","secondSubmissionId":"MUHAMMED_EMIN_SEKER","similarities":{"AVG":0.10810810810810811,"MAX":0.11627906976744186,"MAXIMUM_LENGTH":101.0,"LONGEST_MATCH":10.0},"matches":[{"firstFileName":"MIRAY_DUYGULU/QueueQuestions_m.cpp","secondFileName":"MUHAMMED_EMIN_SEKER/QueueQuestions.cpp","startInFirst":{"line":11,"column":38,"tokenListIndex":63},"endInFirst":{"line":17,"column":21,"tokenListIndex":72},"startInSecond":{"line":11,"column":70,"tokenListIndex":65},"endInSecond":{"line":16,"column":19,"tokenListIndex":74},"lengthOfFirst":10,"lengthOfSecond":10}],"firstSimilarity":0.11627906976744186,"secondSimilarity":0.10101010101010101}