{"firstSubmissionId":"MIRAY_DUYGULU","secondSubmissionId":"EDA_GUL_CETINEL","similarities":{"AVG":0.14689265536723164,"MAX":0.1511627906976744,"MAXIMUM_LENGTH":93.0,"LONGEST_MATCH":13.0},"matches":[{"firstFileName":"MIRAY_DUYGULU/QueueQuestions_m.cpp","secondFileName":"EDA_GUL_CETINEL/QueueQuestions.cpp","startInFirst":{"line":18,"column":7,"tokenListIndex":74},"endInFirst":{"line":30,"column":2,"tokenListIndex":86},"startInSecond":{"line":16,"column":8,"tokenListIndex":13},"endInSecond":{"line":25,"column":0,"tokenListIndex":25},"lengthOfFirst":13,"lengthOfSecond":13}],"firstSimilarity":0.1511627906976744,"secondSimilarity":0.14285714285714285}