{"firstSubmissionId":"MIRAY_DUYGULU","secondSubmissionId":"EGE_KARTAL","similarities":{"AVG":0.24581005586592178,"MAX":0.2558139534883721,"MAXIMUM_LENGTH":95.0,"LONGEST_MATCH":13.0},"matches":[{"firstFileName":"MIRAY_DUYGULU/QueueQuestions_m.cpp","secondFileName":"EGE_KARTAL/QueueQuestions.cpp","startInFirst":{"line":18,"column":7,"tokenListIndex":74},"endInFirst":{"line":30,"column":2,"tokenListIndex":86},"startInSecond":{"line":17,"column":3,"tokenListIndex":81},"endInSecond":{"line":26,"column":0,"tokenListIndex":93},"lengthOfFirst":13,"lengthOfSecond":13},{"firstFileName":"MIRAY_DUYGULU/QueueQuestions_m.cpp","secondFileName":"EGE_KARTAL/QueueQuestions.cpp","startInFirst":{"line":11,"column":38,"tokenListIndex":63},"endInFirst":{"line":17,"column":10,"tokenListIndex":71},"startInSecond":{"line":11,"column":70,"tokenListIndex":70},"endInSecond":{"line":15,"column":14,"tokenListIndex":78},"lengthOfFirst":9,"lengthOfSecond":9}],"firstSimilarity":0.2558139534883721,"secondSimilarity":0.23655913978494625}