{"firstSubmissionId":"SERKAN_YILMAZ","secondSubmissionId":"MIRAY_DUYGULU","similarities":{"AVG":0.7712418300653595,"MAX":0.8208955223880597,"MAXIMUM_LENGTH":88.0,"LONGEST_MATCH":34.0},"matches":[{"firstFileName":"SERKAN_YILMAZ/QueueQuestions.tpp","secondFileName":"MIRAY_DUYGULU/QueueQuestions_m.cpp","startInFirst":{"line":20,"column":2,"tokenListIndex":9},"endInFirst":{"line":28,"column":2,"tokenListIndex":16},"startInSecond":{"line":19,"column":3,"tokenListIndex":75},"endInSecond":{"line":23,"column":3,"tokenListIndex":83},"lengthOfFirst":8,"lengthOfSecond":9},{"firstFileName":"SERKAN_YILMAZ/QueueQuestions.tpp","secondFileName":"MIRAY_DUYGULU/QueueQuestions_m1.cpp","startInFirst":{"line":31,"column":0,"tokenListIndex":18},"endInFirst":{"line":68,"column":8,"tokenListIndex":51},"startInSecond":{"line":27,"column":0,"tokenListIndex":7},"endInSecond":{"line":81,"column":2,"tokenListIndex":48},"lengthOfFirst":34,"lengthOfSecond":42},{"firstFileName":"SERKAN_YILMAZ/QueueQuestions.tpp","secondFileName":"MIRAY_DUYGULU/QueueQuestions_m1.cpp","startInFirst":{"line":72,"column":12,"tokenListIndex":54},"endInFirst":{"line":86,"column":0,"tokenListIndex":66},"startInSecond":{"line":84,"column":2,"tokenListIndex":49},"endInSecond":{"line":99,"column":0,"tokenListIndex":60},"lengthOfFirst":13,"lengthOfSecond":12}],"firstSimilarity":0.8208955223880597,"secondSimilarity":0.7325581395348837}