{"firstSubmissionId":"SEVKET_YESILPEKMEZ_MACOS","secondSubmissionId":"EDA_GUL_CETINEL","similarities":{"AVG":0.379746835443038,"MAX":0.44776119402985076,"MAXIMUM_LENGTH":93.0,"LONGEST_MATCH":13.0},"matches":[{"firstFileName":"SEVKET_YESILPEKMEZ_MACOS/QueueQuestions.cpp","secondFileName":"EDA_GUL_CETINEL/QueueQuestions.cpp","startInFirst":{"line":22,"column":12,"tokenListIndex":55},"endInFirst":{"line":35,"column":0,"tokenListIndex":67},"startInSecond":{"line":16,"column":8,"tokenListIndex":13},"endInSecond":{"line":25,"column":0,"tokenListIndex":25},"lengthOfFirst":13,"lengthOfSecond":13},{"firstFileName":"SEVKET_YESILPEKMEZ_MACOS/QueueQuestions.tpp","secondFileName":"EDA_GUL_CETINEL/QueueQuestions.tpp","startInFirst":{"line":49,"column":4,"tokenListIndex":27},"endInFirst":{"line":54,"column":8,"tokenListIndex":35},"startInSecond":{"line":67,"column":4,"tokenListIndex":79},"endInSecond":{"line":73,"column":8,"tokenListIndex":87},"lengthOfFirst":9,"lengthOfSecond":9},{"firstFileName":"SEVKET_YESILPEKMEZ_MACOS/QueueQuestions.tpp","secondFileName":"EDA_GUL_CETINEL/QueueQuestions.tpp","startInFirst":{"line":27,"column":2,"tokenListIndex":13},"endInFirst":{"line":37,"column":2,"tokenListIndex":20},"startInSecond":{"line":51,"column":4,"tokenListIndex":68},"endInSecond":{"line":62,"column":4,"tokenListIndex":75},"lengthOfFirst":8,"lengthOfSecond":8}],"firstSimilarity":0.44776119402985076,"secondSimilarity":0.32967032967032966}