{"firstSubmissionId":"SEVKET_YESILPEKMEZ_MACOS","secondSubmissionId":"BEGUM_HAMARAT","similarities":{"AVG":0.11612903225806452,"MAX":0.13432835820895522,"MAXIMUM_LENGTH":89.0,"LONGEST_MATCH":9.0},"matches":[{"firstFileName":"SEVKET_YESILPEKMEZ_MACOS/QueueQuestions.tpp","secondFileName":"BEGUM_HAMARAT/QueueQuestionsBegumHamaratt.tpp","startInFirst":{"line":29,"column":0,"tokenListIndex":16},"endInFirst":{"line":43,"column":4,"tokenListIndex":24},"startInSecond":{"line":74,"column":0,"tokenListIndex":63},"endInSecond":{"line":91,"column":2,"tokenListIndex":71},"lengthOfFirst":9,"lengthOfSecond":9}],"firstSimilarity":0.13432835820895522,"secondSimilarity":0.10227272727272728}