{"firstSubmissionId":"SEVKET_YESILPEKMEZ_MACOS","secondSubmissionId":"FATIH_KAGAN_CEBI","similarities":{"AVG":0.1836734693877551,"MAX":0.26865671641791045,"MAXIMUM_LENGTH":131.0,"LONGEST_MATCH":10.0},"matches":[{"firstFileName":"SEVKET_YESILPEKMEZ_MACOS/QueueQuestions.cpp","secondFileName":"FATIH_KAGAN_CEBI/QueueQuestions.cpp","startInFirst":{"line":11,"column":0,"tokenListIndex":40},"endInFirst":{"line":18,"column":4,"tokenListIndex":49},"startInSecond":{"line":37,"column":0,"tokenListIndex":89},"endInSecond":{"line":42,"column":46,"tokenListIndex":98},"lengthOfFirst":10,"lengthOfSecond":10},{"firstFileName":"SEVKET_YESILPEKMEZ_MACOS/QueueQuestions.tpp","secondFileName":"FATIH_KAGAN_CEBI/QueueQuestions.cpp","startInFirst":{"line":50,"column":8,"tokenListIndex":31},"endInFirst":{"line":58,"column":0,"tokenListIndex":38},"startInSecond":{"line":60,"column":12,"tokenListIndex":122},"endInSecond":{"line":65,"column":0,"tokenListIndex":129},"lengthOfFirst":8,"lengthOfSecond":8}],"firstSimilarity":0.26865671641791045,"secondSimilarity":0.13953488372093023}