{"firstSubmissionId":"SEVKET_YESILPEKMEZ_MACOS","secondSubmissionId":"EGE_KARTAL","similarities":{"AVG":0.4125,"MAX":0.4925373134328358,"MAXIMUM_LENGTH":95.0,"LONGEST_MATCH":13.0},"matches":[{"firstFileName":"SEVKET_YESILPEKMEZ_MACOS/QueueQuestions.cpp","secondFileName":"EGE_KARTAL/QueueQuestions.cpp","startInFirst":{"line":22,"column":12,"tokenListIndex":55},"endInFirst":{"line":35,"column":0,"tokenListIndex":67},"startInSecond":{"line":17,"column":3,"tokenListIndex":81},"endInSecond":{"line":26,"column":0,"tokenListIndex":93},"lengthOfFirst":13,"lengthOfSecond":13},{"firstFileName":"SEVKET_YESILPEKMEZ_MACOS/QueueQuestions.tpp","secondFileName":"EGE_KARTAL/QueueQuestions.tpp","startInFirst":{"line":49,"column":4,"tokenListIndex":27},"endInFirst":{"line":58,"column":0,"tokenListIndex":38},"startInSecond":{"line":63,"column":2,"tokenListIndex":55},"endInSecond":{"line":71,"column":0,"tokenListIndex":66},"lengthOfFirst":12,"lengthOfSecond":12},{"firstFileName":"SEVKET_YESILPEKMEZ_MACOS/QueueQuestions.tpp","secondFileName":"EGE_KARTAL/QueueQuestions.tpp","startInFirst":{"line":27,"column":2,"tokenListIndex":13},"endInFirst":{"line":37,"column":2,"tokenListIndex":20},"startInSecond":{"line":49,"column":2,"tokenListIndex":44},"endInSecond":{"line":59,"column":2,"tokenListIndex":51},"lengthOfFirst":8,"lengthOfSecond":8}],"firstSimilarity":0.4925373134328358,"secondSimilarity":0.3548387096774194}