{"firstSubmissionId":"SEVKET_YESILPEKMEZ_MACOS","secondSubmissionId":"ISMAIL_ERIM_ATAKTURK","similarities":{"AVG":0.28776978417266186,"MAX":0.29850746268656714,"MAXIMUM_LENGTH":83.0,"LONGEST_MATCH":20.0},"matches":[{"firstFileName":"SEVKET_YESILPEKMEZ_MACOS/QueueQuestions.cpp","secondFileName":"ISMAIL_ERIM_ATAKTURK/QueueQuestions.cpp","startInFirst":{"line":17,"column":8,"tokenListIndex":48},"endInFirst":{"line":35,"column":0,"tokenListIndex":67},"startInSecond":{"line":20,"column":8,"tokenListIndex":24},"endInSecond":{"line":32,"column":0,"tokenListIndex":43},"lengthOfFirst":20,"lengthOfSecond":20}],"firstSimilarity":0.29850746268656714,"secondSimilarity":0.2777777777777778}