{"firstSubmissionId":"SEVKET_YESILPEKMEZ_MACOS","secondSubmissionId":"MIRAY_DUYGULU","similarities":{"AVG":0.23529411764705882,"MAX":0.26865671641791045,"MAXIMUM_LENGTH":88.0,"LONGEST_MATCH":18.0},"matches":[{"firstFileName":"SEVKET_YESILPEKMEZ_MACOS/QueueQuestions.cpp","secondFileName":"MIRAY_DUYGULU/QueueQuestions_m.cpp","startInFirst":{"line":20,"column":4,"tokenListIndex":50},"endInFirst":{"line":35,"column":0,"tokenListIndex":67},"startInSecond":{"line":17,"column":2,"tokenListIndex":69},"endInSecond":{"line":30,"column":2,"tokenListIndex":86},"lengthOfFirst":18,"lengthOfSecond":18}],"firstSimilarity":0.26865671641791045,"secondSimilarity":0.20930232558139536}