{"firstSubmissionId":"SEVKET_YESILPEKMEZ_MACOS","secondSubmissionId":"ABDULLAH_MERT_OZDEM","similarities":{"AVG":0.20987654320987653,"MAX":0.2537313432835821,"MAXIMUM_LENGTH":96.0,"LONGEST_MATCH":9.0},"matches":[{"firstFileName":"SEVKET_YESILPEKMEZ_MACOS/QueueQuestions.tpp","secondFileName":"ABDULLAH_MERT_OZDEM/QueueQuestions.tpp","startInFirst":{"line":21,"column":2,"tokenListIndex":5},"endInFirst":{"line":27,"column":2,"tokenListIndex":13},"startInSecond":{"line":57,"column":8,"tokenListIndex":53},"endInSecond":{"line":63,"column":8,"tokenListIndex":61},"lengthOfFirst":9,"lengthOfSecond":9},{"firstFileName":"SEVKET_YESILPEKMEZ_MACOS/QueueQuestions.tpp","secondFileName":"ABDULLAH_MERT_OZDEM/QueueQuestions.tpp","startInFirst":{"line":50,"column":8,"tokenListIndex":31},"endInFirst":{"line":58,"column":0,"tokenListIndex":38},"startInSecond":{"line":88,"column":20,"tokenListIndex":87},"endInSecond":{"line":95,"column":0,"tokenListIndex":94},"lengthOfFirst":8,"lengthOfSecond":8}],"firstSimilarity":0.2537313432835821,"secondSimilarity":0.17894736842105263}