{"firstSubmissionId":"SEVKET_YESILPEKMEZ_MACOS","secondSubmissionId":"EMIR_KEREM_ISILDAR","similarities":{"AVG":0.16326530612244897,"MAX":0.1791044776119403,"MAXIMUM_LENGTH":82.0,"LONGEST_MATCH":12.0},"matches":[{"firstFileName":"SEVKET_YESILPEKMEZ_MACOS/QueueQuestions.tpp","secondFileName":"EMIR_KEREM_ISILDAR/QueueQuestions.tpp","startInFirst":{"line":27,"column":2,"tokenListIndex":13},"endInFirst":{"line":43,"column":4,"tokenListIndex":24},"startInSecond":{"line":53,"column":2,"tokenListIndex":55},"endInSecond":{"line":69,"column":2,"tokenListIndex":66},"lengthOfFirst":12,"lengthOfSecond":12}],"firstSimilarity":0.1791044776119403,"secondSimilarity":0.15}