{"firstSubmissionId":"SEVKET_YESILPEKMEZ_MACOS","secondSubmissionId":"HATICE_SENA_SES","similarities":{"AVG":0.2571428571428571,"MAX":0.26865671641791045,"MAXIMUM_LENGTH":74.0,"LONGEST_MATCH":10.0},"matches":[{"firstFileName":"SEVKET_YESILPEKMEZ_MACOS/QueueQuestions.tpp","secondFileName":"HATICE_SENA_SES/Labwork3.tpp","startInFirst":{"line":28,"column":2,"tokenListIndex":14},"endInFirst":{"line":41,"column":4,"tokenListIndex":23},"startInSecond":{"line":60,"column":4,"tokenListIndex":49},"endInSecond":{"line":75,"column":4,"tokenListIndex":58},"lengthOfFirst":10,"lengthOfSecond":10},{"firstFileName":"SEVKET_YESILPEKMEZ_MACOS/QueueQuestions.tpp","secondFileName":"HATICE_SENA_SES/Labwork3.tpp","startInFirst":{"line":50,"column":8,"tokenListIndex":31},"endInFirst":{"line":58,"column":0,"tokenListIndex":38},"startInSecond":{"line":80,"column":15,"tokenListIndex":65},"endInSecond":{"line":88,"column":0,"tokenListIndex":72},"lengthOfFirst":8,"lengthOfSecond":8}],"firstSimilarity":0.26865671641791045,"secondSimilarity":0.2465753424657534}