{"firstSubmissionId":"SEVKET_YESILPEKMEZ_MACOS","secondSubmissionId":"MUHAMMED_EMIN_SEKER","similarities":{"AVG":0.2289156626506024,"MAX":0.2835820895522388,"MAXIMUM_LENGTH":101.0,"LONGEST_MATCH":11.0},"matches":[{"firstFileName":"SEVKET_YESILPEKMEZ_MACOS/QueueQuestions.tpp","secondFileName":"MUHAMMED_EMIN_SEKER/QueueQuestions.tpp","startInFirst":{"line":44,"column":4,"tokenListIndex":25},"endInFirst":{"line":54,"column":8,"tokenListIndex":35},"startInSecond":{"line":68,"column":2,"tokenListIndex":47},"endInSecond":{"line":74,"column":4,"tokenListIndex":57},"lengthOfFirst":11,"lengthOfSecond":11},{"firstFileName":"SEVKET_YESILPEKMEZ_MACOS/QueueQuestions.tpp","secondFileName":"MUHAMMED_EMIN_SEKER/QueueQuestions.tpp","startInFirst":{"line":27,"column":2,"tokenListIndex":13},"endInFirst":{"line":37,"column":2,"tokenListIndex":20},"startInSecond":{"line":56,"column":2,"tokenListIndex":38},"endInSecond":{"line":67,"column":2,"tokenListIndex":45},"lengthOfFirst":8,"lengthOfSecond":8}],"firstSimilarity":0.2835820895522388,"secondSimilarity":0.1919191919191919}