{"firstSubmissionId":"AYBERK_SENSOZ","secondSubmissionId":"CIHAT_OZLUK","similarities":{"AVG":0.8235294117647058,"MAX":1.0,"MAXIMUM_LENGTH":19.0,"LONGEST_MATCH":7.0},"matches":[{"firstFileName":"AYBERK_SENSOZ/LinkedListQuestions.cpp","secondFileName":"CIHAT_OZLUK/Cihat_Ozluk_lab1.cpp","startInFirst":{"line":9,"column":0,"tokenListIndex":0},"endInFirst":{"line":13,"column":40,"tokenListIndex":6},"startInSecond":{"line":5,"column":0,"tokenListIndex":0},"endInSecond":{"line":13,"column":0,"tokenListIndex":6},"lengthOfFirst":7,"lengthOfSecond":7}],"firstSimilarity":1.0,"secondSimilarity":0.7}