{"firstSubmissionId":"AYBERK_SENSOZ","secondSubmissionId":"KEREM_KOSE","similarities":{"AVG":1.0,"MAX":1.0,"MAXIMUM_LENGTH":16.0,"LONGEST_MATCH":7.0},"matches":[{"firstFileName":"AYBERK_SENSOZ/LinkedListQuestions.cpp","secondFileName":"KEREM_KOSE/LinkedListQuestions.cpp","startInFirst":{"line":9,"column":0,"tokenListIndex":0},"endInFirst":{"line":13,"column":40,"tokenListIndex":6},"startInSecond":{"line":9,"column":0,"tokenListIndex":0},"endInSecond":{"line":13,"column":40,"tokenListIndex":6},"lengthOfFirst":7,"lengthOfSecond":7}],"firstSimilarity":1.0,"secondSimilarity":1.0}