{"firstSubmissionId":"BAHA_ARDA_INALKUT","secondSubmissionId":"BERKE_TURKBAY","similarities":{"AVG":0.1276595744680851,"MAX":0.35294117647058826,"MAXIMUM_LENGTH":78.0,"LONGEST_MATCH":6.0},"matches":[{"firstFileName":"BAHA_ARDA_INALKUT/LinkedListQuestions11.cpp","secondFileName":"BERKE_TURKBAY/LinkedListQuestions.cpp","startInFirst":{"line":25,"column":12,"tokenListIndex":10},"endInFirst":{"line":33,"column":18,"tokenListIndex":15},"startInSecond":{"line":15,"column":2,"tokenListIndex":7},"endInSecond":{"line":23,"column":18,"tokenListIndex":12},"lengthOfFirst":6,"lengthOfSecond":6}],"firstSimilarity":0.35294117647058826,"secondSimilarity":0.07792207792207792}