{"firstSubmissionId":"BAHA_ARDA_INALKUT","secondSubmissionId":"EDA_GUL_CETINEL","similarities":{"AVG":0.14432989690721648,"MAX":0.4117647058823529,"MAXIMUM_LENGTH":81.0,"LONGEST_MATCH":7.0},"matches":[{"firstFileName":"BAHA_ARDA_INALKUT/LinkedListQuestions11.cpp","secondFileName":"EDA_GUL_CETINEL/lab1.cpp","startInFirst":{"line":25,"column":5,"tokenListIndex":9},"endInFirst":{"line":33,"column":18,"tokenListIndex":15},"startInSecond":{"line":62,"column":22,"tokenListIndex":53},"endInSecond":{"line":71,"column":26,"tokenListIndex":59},"lengthOfFirst":7,"lengthOfSecond":7}],"firstSimilarity":0.4117647058823529,"secondSimilarity":0.0875}