{"firstSubmissionId":"BEGUM_HAMARAT","secondSubmissionId":"MUHAMMED_EMIN_SEKER","similarities":{"AVG":0.3950617283950617,"MAX":0.3950617283950617,"MAXIMUM_LENGTH":82.0,"LONGEST_MATCH":17.0},"matches":[{"firstFileName":"BEGUM_HAMARAT/LinkedListQuestions.cpp","secondFileName":"MUHAMMED_EMIN_SEKER/LinkedListQuestions.cpp","startInFirst":{"line":9,"column":0,"tokenListIndex":0},"endInFirst":{"line":27,"column":18,"tokenListIndex":16},"startInSecond":{"line":9,"column":0,"tokenListIndex":0},"endInSecond":{"line":23,"column":18,"tokenListIndex":16},"lengthOfFirst":17,"lengthOfSecond":17},{"firstFileName":"BEGUM_HAMARAT/LinkedListQuestions.cpp","secondFileName":"MUHAMMED_EMIN_SEKER/LinkedListQuestions.cpp","startInFirst":{"line":48,"column":3,"tokenListIndex":32},"endInFirst":{"line":61,"column":5,"tokenListIndex":40},"startInSecond":{"line":56,"column":2,"tokenListIndex":56},"endInSecond":{"line":70,"column":8,"tokenListIndex":64},"lengthOfFirst":9,"lengthOfSecond":9},{"firstFileName":"BEGUM_HAMARAT/LinkedListQuestions.cpp","secondFileName":"MUHAMMED_EMIN_SEKER/LinkedListQuestions.cpp","startInFirst":{"line":30,"column":2,"tokenListIndex":18},"endInFirst":{"line":33,"column":6,"tokenListIndex":23},"startInSecond":{"line":47,"column":2,"tokenListIndex":44},"endInSecond":{"line":51,"column":8,"tokenListIndex":49},"lengthOfFirst":6,"lengthOfSecond":6}],"firstSimilarity":0.3950617283950617,"secondSimilarity":0.3950617283950617}