{"firstSubmissionId":"BEGUM_HAMARAT","secondSubmissionId":"ISMAIL_ERIM_ATAKTURK","similarities":{"AVG":0.6354166666666666,"MAX":0.7530864197530864,"MAXIMUM_LENGTH":112.0,"LONGEST_MATCH":17.0},"matches":[{"firstFileName":"BEGUM_HAMARAT/LinkedListQuestions.cpp","secondFileName":"ISMAIL_ERIM_ATAKTURK/LinkedListQuestions.cpp","startInFirst":{"line":9,"column":0,"tokenListIndex":0},"endInFirst":{"line":27,"column":18,"tokenListIndex":16},"startInSecond":{"line":7,"column":0,"tokenListIndex":0},"endInSecond":{"line":20,"column":18,"tokenListIndex":16},"lengthOfFirst":17,"lengthOfSecond":17},{"firstFileName":"BEGUM_HAMARAT/LinkedListQuestions.cpp","secondFileName":"ISMAIL_ERIM_ATAKTURK/LinkedListQuestions.cpp","startInFirst":{"line":39,"column":7,"tokenListIndex":27},"endInFirst":{"line":64,"column":7,"tokenListIndex":43},"startInSecond":{"line":33,"column":21,"tokenListIndex":31},"endInSecond":{"line":51,"column":14,"tokenListIndex":47},"lengthOfFirst":17,"lengthOfSecond":17},{"firstFileName":"BEGUM_HAMARAT/LinkedListQuestions.cpp","secondFileName":"ISMAIL_ERIM_ATAKTURK/LinkedListQuestions.cpp","startInFirst":{"line":69,"column":1,"tokenListIndex":47},"endInFirst":{"line":88,"column":8,"tokenListIndex":60},"startInSecond":{"line":53,"column":4,"tokenListIndex":48},"endInSecond":{"line":64,"column":8,"tokenListIndex":61},"lengthOfFirst":14,"lengthOfSecond":14},{"firstFileName":"BEGUM_HAMARAT/LinkedListQuestions.cpp","secondFileName":"ISMAIL_ERIM_ATAKTURK/LinkedListQuestions.cpp","startInFirst":{"line":92,"column":12,"tokenListIndex":64},"endInFirst":{"line":109,"column":47,"tokenListIndex":70},"startInSecond":{"line":65,"column":39,"tokenListIndex":65},"endInSecond":{"line":75,"column":47,"tokenListIndex":71},"lengthOfFirst":7,"lengthOfSecond":7},{"firstFileName":"BEGUM_HAMARAT/LinkedListQuestions.cpp","secondFileName":"ISMAIL_ERIM_ATAKTURK/LinkedListQuestions.cpp","startInFirst":{"line":113,"column":1,"tokenListIndex":71},"endInFirst":{"line":121,"column":1,"tokenListIndex":76},"startInSecond":{"line":22,"column":4,"tokenListIndex":19},"endInSecond":{"line":28,"column":4,"tokenListIndex":24},"lengthOfFirst":6,"lengthOfSecond":6}],"firstSimilarity":0.7530864197530864,"secondSimilarity":0.5495495495495496}