{"firstSubmissionId":"BEGUM_HAMARAT","secondSubmissionId":"EGE_KARTAL","similarities":{"AVG":0.47191011235955055,"MAX":0.5185185185185185,"MAXIMUM_LENGTH":98.0,"LONGEST_MATCH":20.0},"matches":[{"firstFileName":"BEGUM_HAMARAT/LinkedListQuestions.cpp","secondFileName":"EGE_KARTAL/lab1_Ege_Kartal_20230702121.cpp","startInFirst":{"line":9,"column":0,"tokenListIndex":0},"endInFirst":{"line":30,"column":8,"tokenListIndex":19},"startInSecond":{"line":9,"column":0,"tokenListIndex":0},"endInSecond":{"line":24,"column":25,"tokenListIndex":19},"lengthOfFirst":20,"lengthOfSecond":20},{"firstFileName":"BEGUM_HAMARAT/LinkedListQuestions.cpp","secondFileName":"EGE_KARTAL/lab1_Ege_Kartal_20230702121.cpp","startInFirst":{"line":102,"column":0,"tokenListIndex":67},"endInFirst":{"line":119,"column":5,"tokenListIndex":75},"startInSecond":{"line":47,"column":0,"tokenListIndex":41},"endInSecond":{"line":54,"column":8,"tokenListIndex":49},"lengthOfFirst":9,"lengthOfSecond":9},{"firstFileName":"BEGUM_HAMARAT/LinkedListQuestions.cpp","secondFileName":"EGE_KARTAL/lab1_Ege_Kartal_20230702121.cpp","startInFirst":{"line":66,"column":1,"tokenListIndex":44},"endInFirst":{"line":71,"column":5,"tokenListIndex":50},"startInSecond":{"line":25,"column":1,"tokenListIndex":20},"endInSecond":{"line":27,"column":8,"tokenListIndex":26},"lengthOfFirst":7,"lengthOfSecond":7},{"firstFileName":"BEGUM_HAMARAT/LinkedListQuestions.cpp","secondFileName":"EGE_KARTAL/lab1_Ege_Kartal_20230702121.cpp","startInFirst":{"line":56,"column":0,"tokenListIndex":35},"endInFirst":{"line":61,"column":5,"tokenListIndex":40},"startInSecond":{"line":68,"column":0,"tokenListIndex":64},"endInSecond":{"line":73,"column":8,"tokenListIndex":69},"lengthOfFirst":6,"lengthOfSecond":6}],"firstSimilarity":0.5185185185185185,"secondSimilarity":0.4329896907216495}