{"firstSubmissionId":"BEGUM_HAMARAT","secondSubmissionId":"MIRAY_DUYGULU","similarities":{"AVG":0.43023255813953487,"MAX":0.4567901234567901,"MAXIMUM_LENGTH":92.0,"LONGEST_MATCH":10.0},"matches":[{"firstFileName":"BEGUM_HAMARAT/LinkedListQuestions.cpp","secondFileName":"MIRAY_DUYGULU/LinkedListQuestions.cpp","startInFirst":{"line":14,"column":0,"tokenListIndex":7},"endInFirst":{"line":27,"column":18,"tokenListIndex":16},"startInSecond":{"line":15,"column":0,"tokenListIndex":10},"endInSecond":{"line":26,"column":18,"tokenListIndex":19},"lengthOfFirst":10,"lengthOfSecond":10},{"firstFileName":"BEGUM_HAMARAT/LinkedListQuestions.cpp","secondFileName":"MIRAY_DUYGULU/LinkedListQuestions.cpp","startInFirst":{"line":9,"column":0,"tokenListIndex":0},"endInFirst":{"line":12,"column":4,"tokenListIndex":6},"startInSecond":{"line":9,"column":0,"tokenListIndex":0},"endInSecond":{"line":11,"column":4,"tokenListIndex":6},"lengthOfFirst":7,"lengthOfSecond":7},{"firstFileName":"BEGUM_HAMARAT/LinkedListQuestions.cpp","secondFileName":"MIRAY_DUYGULU/LinkedListQuestions.cpp","startInFirst":{"line":48,"column":3,"tokenListIndex":32},"endInFirst":{"line":60,"column":38,"tokenListIndex":38},"startInSecond":{"line":50,"column":2,"tokenListIndex":46},"endInSecond":{"line":58,"column":38,"tokenListIndex":52},"lengthOfFirst":7,"lengthOfSecond":7},{"firstFileName":"BEGUM_HAMARAT/LinkedListQuestions.cpp","secondFileName":"MIRAY_DUYGULU/LinkedListQuestions.cpp","startInFirst":{"line":92,"column":12,"tokenListIndex":64},"endInFirst":{"line":109,"column":47,"tokenListIndex":70},"startInSecond":{"line":69,"column":3,"tokenListIndex":67},"endInSecond":{"line":79,"column":47,"tokenListIndex":73},"lengthOfFirst":7,"lengthOfSecond":7},{"firstFileName":"BEGUM_HAMARAT/LinkedListQuestions.cpp","secondFileName":"MIRAY_DUYGULU/LinkedListQuestions.cpp","startInFirst":{"line":69,"column":1,"tokenListIndex":47},"endInFirst":{"line":74,"column":2,"tokenListIndex":52},"startInSecond":{"line":61,"column":1,"tokenListIndex":57},"endInSecond":{"line":64,"column":5,"tokenListIndex":62},"lengthOfFirst":6,"lengthOfSecond":6}],"firstSimilarity":0.4567901234567901,"secondSimilarity":0.4065934065934066}