{"firstSubmissionId":"BERKE_TURKBAY","secondSubmissionId":"EDA_GUL_CETINEL","similarities":{"AVG":0.2802547770700637,"MAX":0.2857142857142857,"MAXIMUM_LENGTH":81.0,"LONGEST_MATCH":8.0},"matches":[{"firstFileName":"BERKE_TURKBAY/LinkedListQuestions.cpp","secondFileName":"EDA_GUL_CETINEL/lab1.cpp","startInFirst":{"line":32,"column":1,"tokenListIndex":22},"endInFirst":{"line":39,"column":1,"tokenListIndex":29},"startInSecond":{"line":65,"column":4,"tokenListIndex":56},"endInSecond":{"line":74,"column":11,"tokenListIndex":63},"lengthOfFirst":8,"lengthOfSecond":8},{"firstFileName":"BERKE_TURKBAY/LinkedListQuestions.cpp","secondFileName":"EDA_GUL_CETINEL/lab1.cpp","startInFirst":{"line":19,"column":0,"tokenListIndex":10},"endInFirst":{"line":25,"column":8,"tokenListIndex":16},"startInSecond":{"line":21,"column":0,"tokenListIndex":18},"endInSecond":{"line":28,"column":11,"tokenListIndex":24},"lengthOfFirst":7,"lengthOfSecond":7},{"firstFileName":"BERKE_TURKBAY/LinkedListQuestions.cpp","secondFileName":"EDA_GUL_CETINEL/lab1.cpp","startInFirst":{"line":61,"column":1,"tokenListIndex":51},"endInFirst":{"line":65,"column":2,"tokenListIndex":57},"startInSecond":{"line":12,"column":4,"tokenListIndex":7},"endInSecond":{"line":17,"column":12,"tokenListIndex":13},"lengthOfFirst":7,"lengthOfSecond":7}],"firstSimilarity":0.2857142857142857,"secondSimilarity":0.275}