{"firstSubmissionId":"BERKE_TURKBAY","secondSubmissionId":"MUHAMMED_EMIN_SEKER","similarities":{"AVG":0.31645569620253167,"MAX":0.3246753246753247,"MAXIMUM_LENGTH":82.0,"LONGEST_MATCH":10.0},"matches":[{"firstFileName":"BERKE_TURKBAY/LinkedListQuestions.cpp","secondFileName":"MUHAMMED_EMIN_SEKER/LinkedListQuestions.cpp","startInFirst":{"line":60,"column":0,"tokenListIndex":48},"endInFirst":{"line":65,"column":2,"tokenListIndex":57},"startInSecond":{"line":9,"column":0,"tokenListIndex":0},"endInSecond":{"line":14,"column":3,"tokenListIndex":9},"lengthOfFirst":10,"lengthOfSecond":10},{"firstFileName":"BERKE_TURKBAY/LinkedListQuestions.cpp","secondFileName":"MUHAMMED_EMIN_SEKER/LinkedListQuestions.cpp","startInFirst":{"line":32,"column":1,"tokenListIndex":22},"endInFirst":{"line":39,"column":1,"tokenListIndex":29},"startInSecond":{"line":58,"column":1,"tokenListIndex":58},"endInSecond":{"line":70,"column":8,"tokenListIndex":65},"lengthOfFirst":8,"lengthOfSecond":8},{"firstFileName":"BERKE_TURKBAY/LinkedListQuestions.cpp","secondFileName":"MUHAMMED_EMIN_SEKER/LinkedListQuestions.cpp","startInFirst":{"line":19,"column":0,"tokenListIndex":10},"endInFirst":{"line":25,"column":8,"tokenListIndex":16},"startInSecond":{"line":19,"column":0,"tokenListIndex":14},"endInSecond":{"line":27,"column":8,"tokenListIndex":20},"lengthOfFirst":7,"lengthOfSecond":7}],"firstSimilarity":0.3246753246753247,"secondSimilarity":0.30864197530864196}