{"firstSubmissionId":"BERKE_TURKBAY","secondSubmissionId":"EGE_KARTAL","similarities":{"AVG":0.21839080459770116,"MAX":0.24675324675324675,"MAXIMUM_LENGTH":98.0,"LONGEST_MATCH":11.0},"matches":[{"firstFileName":"BERKE_TURKBAY/LinkedListQuestions.cpp","secondFileName":"EGE_KARTAL/lab1_Ege_Kartal_20230702121.cpp","startInFirst":{"line":50,"column":9,"tokenListIndex":44},"endInFirst":{"line":62,"column":8,"tokenListIndex":54},"startInSecond":{"line":64,"column":13,"tokenListIndex":61},"endInSecond":{"line":78,"column":5,"tokenListIndex":71},"lengthOfFirst":11,"lengthOfSecond":11},{"firstFileName":"BERKE_TURKBAY/LinkedListQuestions.cpp","secondFileName":"EGE_KARTAL/lab1_Ege_Kartal_20230702121.cpp","startInFirst":{"line":23,"column":18,"tokenListIndex":12},"endInFirst":{"line":28,"column":22,"tokenListIndex":19},"startInSecond":{"line":9,"column":51,"tokenListIndex":2},"endInSecond":{"line":15,"column":3,"tokenListIndex":9},"lengthOfFirst":8,"lengthOfSecond":8}],"firstSimilarity":0.24675324675324675,"secondSimilarity":0.1958762886597938}