{"firstSubmissionId":"BERKE_TURKBAY","secondSubmissionId":"MIRAY_DUYGULU","similarities":{"AVG":0.2976190476190476,"MAX":0.3246753246753247,"MAXIMUM_LENGTH":92.0,"LONGEST_MATCH":10.0},"matches":[{"firstFileName":"BERKE_TURKBAY/LinkedListQuestions.cpp","secondFileName":"MIRAY_DUYGULU/LinkedListQuestions.cpp","startInFirst":{"line":50,"column":9,"tokenListIndex":44},"endInFirst":{"line":62,"column":1,"tokenListIndex":53},"startInSecond":{"line":69,"column":3,"tokenListIndex":67},"endInSecond":{"line":81,"column":8,"tokenListIndex":76},"lengthOfFirst":10,"lengthOfSecond":10},{"firstFileName":"BERKE_TURKBAY/LinkedListQuestions.cpp","secondFileName":"MIRAY_DUYGULU/LinkedListQuestions.cpp","startInFirst":{"line":24,"column":1,"tokenListIndex":13},"endInFirst":{"line":29,"column":13,"tokenListIndex":20},"startInSecond":{"line":28,"column":1,"tokenListIndex":24},"endInSecond":{"line":38,"column":3,"tokenListIndex":31},"lengthOfFirst":8,"lengthOfSecond":8},{"firstFileName":"BERKE_TURKBAY/LinkedListQuestions.cpp","secondFileName":"MIRAY_DUYGULU/LinkedListQuestions.cpp","startInFirst":{"line":37,"column":0,"tokenListIndex":24},"endInFirst":{"line":39,"column":8,"tokenListIndex":30},"startInSecond":{"line":9,"column":0,"tokenListIndex":0},"endInSecond":{"line":11,"column":4,"tokenListIndex":6},"lengthOfFirst":7,"lengthOfSecond":7}],"firstSimilarity":0.3246753246753247,"secondSimilarity":0.27472527472527475}