{"firstSubmissionId":"BERKE_TURKBAY","secondSubmissionId":"ISMAIL_ERIM_ATAKTURK","similarities":{"AVG":0.3191489361702128,"MAX":0.38961038961038963,"MAXIMUM_LENGTH":112.0,"LONGEST_MATCH":10.0},"matches":[{"firstFileName":"BERKE_TURKBAY/LinkedListQuestions.cpp","secondFileName":"ISMAIL_ERIM_ATAKTURK/LinkedListQuestions.cpp","startInFirst":{"line":60,"column":0,"tokenListIndex":48},"endInFirst":{"line":65,"column":2,"tokenListIndex":57},"startInSecond":{"line":7,"column":0,"tokenListIndex":0},"endInSecond":{"line":12,"column":12,"tokenListIndex":9},"lengthOfFirst":10,"lengthOfSecond":10},{"firstFileName":"BERKE_TURKBAY/LinkedListQuestions.cpp","secondFileName":"ISMAIL_ERIM_ATAKTURK/LinkedListQuestions.cpp","startInFirst":{"line":38,"column":1,"tokenListIndex":27},"endInFirst":{"line":43,"column":1,"tokenListIndex":34},"startInSecond":{"line":53,"column":4,"tokenListIndex":48},"endInSecond":{"line":58,"column":4,"tokenListIndex":55},"lengthOfFirst":8,"lengthOfSecond":8},{"firstFileName":"BERKE_TURKBAY/LinkedListQuestions.cpp","secondFileName":"ISMAIL_ERIM_ATAKTURK/LinkedListQuestions.cpp","startInFirst":{"line":16,"column":2,"tokenListIndex":8},"endInFirst":{"line":24,"column":1,"tokenListIndex":13},"startInSecond":{"line":40,"column":8,"tokenListIndex":37},"endInSecond":{"line":48,"column":38,"tokenListIndex":42},"lengthOfFirst":6,"lengthOfSecond":6},{"firstFileName":"BERKE_TURKBAY/LinkedListQuestions.cpp","secondFileName":"ISMAIL_ERIM_ATAKTURK/LinkedListQuestions.cpp","startInFirst":{"line":44,"column":1,"tokenListIndex":35},"endInFirst":{"line":46,"column":23,"tokenListIndex":40},"startInSecond":{"line":64,"column":4,"tokenListIndex":60},"endInSecond":{"line":65,"column":39,"tokenListIndex":65},"lengthOfFirst":6,"lengthOfSecond":6}],"firstSimilarity":0.38961038961038963,"secondSimilarity":0.2702702702702703}