{"firstSubmissionId":"BERKE_TURKBAY","secondSubmissionId":"BEGUM_HAMARAT","similarities":{"AVG":0.379746835443038,"MAX":0.38961038961038963,"MAXIMUM_LENGTH":82.0,"LONGEST_MATCH":10.0},"matches":[{"firstFileName":"BERKE_TURKBAY/LinkedListQuestions.cpp","secondFileName":"BEGUM_HAMARAT/LinkedListQuestions.cpp","startInFirst":{"line":60,"column":0,"tokenListIndex":48},"endInFirst":{"line":65,"column":2,"tokenListIndex":57},"startInSecond":{"line":9,"column":0,"tokenListIndex":0},"endInSecond":{"line":16,"column":2,"tokenListIndex":9},"lengthOfFirst":10,"lengthOfSecond":10},{"firstFileName":"BERKE_TURKBAY/LinkedListQuestions.cpp","secondFileName":"BEGUM_HAMARAT/LinkedListQuestions.cpp","startInFirst":{"line":38,"column":1,"tokenListIndex":27},"endInFirst":{"line":43,"column":1,"tokenListIndex":34},"startInSecond":{"line":69,"column":1,"tokenListIndex":47},"endInSecond":{"line":77,"column":1,"tokenListIndex":54},"lengthOfFirst":8,"lengthOfSecond":8},{"firstFileName":"BERKE_TURKBAY/LinkedListQuestions.cpp","secondFileName":"BEGUM_HAMARAT/LinkedListQuestions.cpp","startInFirst":{"line":16,"column":2,"tokenListIndex":8},"endInFirst":{"line":24,"column":1,"tokenListIndex":13},"startInSecond":{"line":49,"column":3,"tokenListIndex":33},"endInSecond":{"line":60,"column":38,"tokenListIndex":38},"lengthOfFirst":6,"lengthOfSecond":6},{"firstFileName":"BERKE_TURKBAY/LinkedListQuestions.cpp","secondFileName":"BEGUM_HAMARAT/LinkedListQuestions.cpp","startInFirst":{"line":44,"column":5,"tokenListIndex":36},"endInFirst":{"line":48,"column":1,"tokenListIndex":41},"startInSecond":{"line":86,"column":14,"tokenListIndex":61},"endInSecond":{"line":95,"column":1,"tokenListIndex":66},"lengthOfFirst":6,"lengthOfSecond":6}],"firstSimilarity":0.38961038961038963,"secondSimilarity":0.37037037037037035}