{"firstSubmissionId":"BORA_YALCIN","secondSubmissionId":"EDA_GUL_CETINEL","similarities":{"AVG":0.46357615894039733,"MAX":0.49295774647887325,"MAXIMUM_LENGTH":81.0,"LONGEST_MATCH":18.0},"matches":[{"firstFileName":"BORA_YALCIN/LinkedListQuestions.cpp","secondFileName":"EDA_GUL_CETINEL/lab1.cpp","startInFirst":{"line":10,"column":1,"tokenListIndex":3},"endInFirst":{"line":23,"column":8,"tokenListIndex":20},"startInSecond":{"line":12,"column":4,"tokenListIndex":7},"endInSecond":{"line":28,"column":11,"tokenListIndex":24},"lengthOfFirst":18,"lengthOfSecond":18},{"firstFileName":"BORA_YALCIN/LinkedListQuestions.cpp","secondFileName":"EDA_GUL_CETINEL/lab1.cpp","startInFirst":{"line":26,"column":2,"tokenListIndex":22},"endInFirst":{"line":38,"column":38,"tokenListIndex":31},"startInSecond":{"line":38,"column":8,"tokenListIndex":31},"endInSecond":{"line":50,"column":38,"tokenListIndex":40},"lengthOfFirst":10,"lengthOfSecond":10},{"firstFileName":"BORA_YALCIN/LinkedListQuestions.cpp","secondFileName":"EDA_GUL_CETINEL/lab1.cpp","startInFirst":{"line":52,"column":0,"tokenListIndex":42},"endInFirst":{"line":61,"column":1,"tokenListIndex":48},"startInSecond":{"line":66,"column":0,"tokenListIndex":57},"endInSecond":{"line":74,"column":11,"tokenListIndex":63},"lengthOfFirst":7,"lengthOfSecond":7}],"firstSimilarity":0.49295774647887325,"secondSimilarity":0.4375}