{"firstSubmissionId":"BORA_YALCIN","secondSubmissionId":"MUHAMMED_EMIN_SEKER","similarities":{"AVG":0.4605263157894737,"MAX":0.49295774647887325,"MAXIMUM_LENGTH":82.0,"LONGEST_MATCH":21.0},"matches":[{"firstFileName":"BORA_YALCIN/LinkedListQuestions.cpp","secondFileName":"MUHAMMED_EMIN_SEKER/LinkedListQuestions.cpp","startInFirst":{"line":9,"column":0,"tokenListIndex":0},"endInFirst":{"line":23,"column":8,"tokenListIndex":20},"startInSecond":{"line":9,"column":0,"tokenListIndex":0},"endInSecond":{"line":27,"column":8,"tokenListIndex":20},"lengthOfFirst":21,"lengthOfSecond":21},{"firstFileName":"BORA_YALCIN/LinkedListQuestions.cpp","secondFileName":"MUHAMMED_EMIN_SEKER/LinkedListQuestions.cpp","startInFirst":{"line":31,"column":2,"tokenListIndex":25},"endInFirst":{"line":38,"column":38,"tokenListIndex":31},"startInSecond":{"line":56,"column":2,"tokenListIndex":56},"endInSecond":{"line":67,"column":47,"tokenListIndex":62},"lengthOfFirst":7,"lengthOfSecond":7},{"firstFileName":"BORA_YALCIN/LinkedListQuestions.cpp","secondFileName":"MUHAMMED_EMIN_SEKER/LinkedListQuestions.cpp","startInFirst":{"line":58,"column":1,"tokenListIndex":48},"endInFirst":{"line":67,"column":1,"tokenListIndex":54},"startInSecond":{"line":49,"column":1,"tokenListIndex":46},"endInSecond":{"line":52,"column":1,"tokenListIndex":52},"lengthOfFirst":7,"lengthOfSecond":7}],"firstSimilarity":0.49295774647887325,"secondSimilarity":0.43209876543209874}