{"firstSubmissionId":"BORA_YALCIN","secondSubmissionId":"BERKE_TURKBAY","similarities":{"AVG":0.4594594594594595,"MAX":0.4788732394366197,"MAXIMUM_LENGTH":78.0,"LONGEST_MATCH":10.0},"matches":[{"firstFileName":"BORA_YALCIN/LinkedListQuestions.cpp","secondFileName":"BERKE_TURKBAY/LinkedListQuestions.cpp","startInFirst":{"line":9,"column":0,"tokenListIndex":0},"endInFirst":{"line":13,"column":27,"tokenListIndex":9},"startInSecond":{"line":60,"column":0,"tokenListIndex":48},"endInSecond":{"line":65,"column":2,"tokenListIndex":57},"lengthOfFirst":10,"lengthOfSecond":10},{"firstFileName":"BORA_YALCIN/LinkedListQuestions.cpp","secondFileName":"BERKE_TURKBAY/LinkedListQuestions.cpp","startInFirst":{"line":17,"column":0,"tokenListIndex":14},"endInFirst":{"line":28,"column":16,"tokenListIndex":23},"startInSecond":{"line":19,"column":0,"tokenListIndex":10},"endInSecond":{"line":28,"column":22,"tokenListIndex":19},"lengthOfFirst":10,"lengthOfSecond":10},{"firstFileName":"BORA_YALCIN/LinkedListQuestions.cpp","secondFileName":"BERKE_TURKBAY/LinkedListQuestions.cpp","startInFirst":{"line":52,"column":0,"tokenListIndex":42},"endInFirst":{"line":61,"column":8,"tokenListIndex":49},"startInSecond":{"line":33,"column":0,"tokenListIndex":23},"endInSecond":{"line":39,"column":8,"tokenListIndex":30},"lengthOfFirst":8,"lengthOfSecond":8},{"firstFileName":"BORA_YALCIN/LinkedListQuestions.cpp","secondFileName":"BERKE_TURKBAY/LinkedListQuestions.cpp","startInFirst":{"line":58,"column":1,"tokenListIndex":52},"endInFirst":{"line":70,"column":3,"tokenListIndex":57},"startInSecond":{"line":76,"column":1,"tokenListIndex":68},"endInSecond":{"line":80,"column":3,"tokenListIndex":73},"lengthOfFirst":6,"lengthOfSecond":6}],"firstSimilarity":0.4788732394366197,"secondSimilarity":0.44155844155844154}