{"firstSubmissionId":"BORA_YALCIN","secondSubmissionId":"BEGUM_HAMARAT","similarities":{"AVG":0.35526315789473684,"MAX":0.38028169014084506,"MAXIMUM_LENGTH":82.0,"LONGEST_MATCH":17.0},"matches":[{"firstFileName":"BORA_YALCIN/LinkedListQuestions.cpp","secondFileName":"BEGUM_HAMARAT/LinkedListQuestions.cpp","startInFirst":{"line":9,"column":0,"tokenListIndex":0},"endInFirst":{"line":21,"column":18,"tokenListIndex":16},"startInSecond":{"line":9,"column":0,"tokenListIndex":0},"endInSecond":{"line":27,"column":18,"tokenListIndex":16},"lengthOfFirst":17,"lengthOfSecond":17},{"firstFileName":"BORA_YALCIN/LinkedListQuestions.cpp","secondFileName":"BEGUM_HAMARAT/LinkedListQuestions.cpp","startInFirst":{"line":26,"column":2,"tokenListIndex":22},"endInFirst":{"line":38,"column":38,"tokenListIndex":31},"startInSecond":{"line":45,"column":3,"tokenListIndex":29},"endInSecond":{"line":60,"column":38,"tokenListIndex":38},"lengthOfFirst":10,"lengthOfSecond":10}],"firstSimilarity":0.38028169014084506,"secondSimilarity":0.3333333333333333}