{"firstSubmissionId":"BORA_YALCIN","secondSubmissionId":"EGE_KARTAL","similarities":{"AVG":0.40476190476190477,"MAX":0.4788732394366197,"MAXIMUM_LENGTH":98.0,"LONGEST_MATCH":17.0},"matches":[{"firstFileName":"BORA_YALCIN/LinkedListQuestions.cpp","secondFileName":"EGE_KARTAL/lab1_Ege_Kartal_20230702121.cpp","startInFirst":{"line":9,"column":0,"tokenListIndex":0},"endInFirst":{"line":21,"column":18,"tokenListIndex":16},"startInSecond":{"line":9,"column":0,"tokenListIndex":0},"endInSecond":{"line":23,"column":18,"tokenListIndex":16},"lengthOfFirst":17,"lengthOfSecond":17},{"firstFileName":"BORA_YALCIN/LinkedListQuestions.cpp","secondFileName":"EGE_KARTAL/lab1_Ege_Kartal_20230702121.cpp","startInFirst":{"line":50,"column":1,"tokenListIndex":41},"endInFirst":{"line":61,"column":8,"tokenListIndex":50},"startInSecond":{"line":67,"column":1,"tokenListIndex":63},"endInSecond":{"line":78,"column":5,"tokenListIndex":72},"lengthOfFirst":10,"lengthOfSecond":10},{"firstFileName":"BORA_YALCIN/LinkedListQuestions.cpp","secondFileName":"EGE_KARTAL/lab1_Ege_Kartal_20230702121.cpp","startInFirst":{"line":31,"column":2,"tokenListIndex":25},"endInFirst":{"line":38,"column":38,"tokenListIndex":31},"startInSecond":{"line":44,"column":2,"tokenListIndex":38},"endInSecond":{"line":51,"column":38,"tokenListIndex":44},"lengthOfFirst":7,"lengthOfSecond":7}],"firstSimilarity":0.4788732394366197,"secondSimilarity":0.35051546391752575}