{"firstSubmissionId":"BORA_YALCIN","secondSubmissionId":"ISMAIL_ERIM_ATAKTURK","similarities":{"AVG":0.6043956043956044,"MAX":0.7746478873239436,"MAXIMUM_LENGTH":112.0,"LONGEST_MATCH":19.0},"matches":[{"firstFileName":"BORA_YALCIN/LinkedListQuestions.cpp","secondFileName":"ISMAIL_ERIM_ATAKTURK/LinkedListQuestions.cpp","startInFirst":{"line":9,"column":0,"tokenListIndex":0},"endInFirst":{"line":22,"column":8,"tokenListIndex":18},"startInSecond":{"line":7,"column":0,"tokenListIndex":0},"endInSecond":{"line":21,"column":8,"tokenListIndex":18},"lengthOfFirst":19,"lengthOfSecond":19},{"firstFileName":"BORA_YALCIN/LinkedListQuestions.cpp","secondFileName":"ISMAIL_ERIM_ATAKTURK/LinkedListQuestions.cpp","startInFirst":{"line":26,"column":2,"tokenListIndex":22},"endInFirst":{"line":38,"column":38,"tokenListIndex":31},"startInSecond":{"line":36,"column":8,"tokenListIndex":33},"endInSecond":{"line":48,"column":38,"tokenListIndex":42},"lengthOfFirst":10,"lengthOfSecond":10},{"firstFileName":"BORA_YALCIN/LinkedListQuestions.cpp","secondFileName":"ISMAIL_ERIM_ATAKTURK/LinkedListQuestions.cpp","startInFirst":{"line":50,"column":1,"tokenListIndex":41},"endInFirst":{"line":57,"column":8,"tokenListIndex":47},"startInSecond":{"line":66,"column":31,"tokenListIndex":67},"endInSecond":{"line":76,"column":8,"tokenListIndex":73},"lengthOfFirst":7,"lengthOfSecond":7},{"firstFileName":"BORA_YALCIN/LinkedListQuestions.cpp","secondFileName":"ISMAIL_ERIM_ATAKTURK/LinkedListQuestions.cpp","startInFirst":{"line":68,"column":2,"tokenListIndex":55},"endInFirst":{"line":76,"column":2,"tokenListIndex":61},"startInSecond":{"line":89,"column":12,"tokenListIndex":89},"endInSecond":{"line":94,"column":12,"tokenListIndex":95},"lengthOfFirst":7,"lengthOfSecond":7},{"firstFileName":"BORA_YALCIN/LinkedListQuestions.cpp","secondFileName":"ISMAIL_ERIM_ATAKTURK/LinkedListQuestions.cpp","startInFirst":{"line":40,"column":5,"tokenListIndex":33},"endInFirst":{"line":44,"column":2,"tokenListIndex":38},"startInSecond":{"line":81,"column":4,"tokenListIndex":80},"endInSecond":{"line":84,"column":4,"tokenListIndex":85},"lengthOfFirst":6,"lengthOfSecond":6},{"firstFileName":"BORA_YALCIN/LinkedListQuestions.cpp","secondFileName":"ISMAIL_ERIM_ATAKTURK/LinkedListQuestions.cpp","startInFirst":{"line":58,"column":1,"tokenListIndex":48},"endInFirst":{"line":61,"column":8,"tokenListIndex":53},"startInSecond":{"line":29,"column":8,"tokenListIndex":25},"endInSecond":{"line":31,"column":12,"tokenListIndex":30},"lengthOfFirst":6,"lengthOfSecond":6}],"firstSimilarity":0.7746478873239436,"secondSimilarity":0.4954954954954955}