{"firstSubmissionId":"BORA_YALCIN","secondSubmissionId":"MIRAY_DUYGULU","similarities":{"AVG":0.6172839506172839,"MAX":0.704225352112676,"MAXIMUM_LENGTH":92.0,"LONGEST_MATCH":14.0},"matches":[{"firstFileName":"BORA_YALCIN/LinkedListQuestions.cpp","secondFileName":"MIRAY_DUYGULU/LinkedListQuestions.cpp","startInFirst":{"line":12,"column":1,"tokenListIndex":7},"endInFirst":{"line":23,"column":8,"tokenListIndex":20},"startInSecond":{"line":15,"column":0,"tokenListIndex":10},"endInSecond":{"line":30,"column":8,"tokenListIndex":23},"lengthOfFirst":14,"lengthOfSecond":14},{"firstFileName":"BORA_YALCIN/LinkedListQuestions.cpp","secondFileName":"MIRAY_DUYGULU/LinkedListQuestions.cpp","startInFirst":{"line":31,"column":2,"tokenListIndex":25},"endInFirst":{"line":41,"column":10,"tokenListIndex":37},"startInSecond":{"line":50,"column":2,"tokenListIndex":46},"endInSecond":{"line":61,"column":8,"tokenListIndex":58},"lengthOfFirst":13,"lengthOfSecond":13},{"firstFileName":"BORA_YALCIN/LinkedListQuestions.cpp","secondFileName":"MIRAY_DUYGULU/LinkedListQuestions.cpp","startInFirst":{"line":50,"column":1,"tokenListIndex":41},"endInFirst":{"line":61,"column":1,"tokenListIndex":48},"startInSecond":{"line":71,"column":0,"tokenListIndex":69},"endInSecond":{"line":81,"column":8,"tokenListIndex":76},"lengthOfFirst":8,"lengthOfSecond":8},{"firstFileName":"BORA_YALCIN/LinkedListQuestions.cpp","secondFileName":"MIRAY_DUYGULU/LinkedListQuestions.cpp","startInFirst":{"line":58,"column":1,"tokenListIndex":50},"endInFirst":{"line":70,"column":3,"tokenListIndex":57},"startInSecond":{"line":28,"column":1,"tokenListIndex":24},"endInSecond":{"line":38,"column":3,"tokenListIndex":31},"lengthOfFirst":8,"lengthOfSecond":8},{"firstFileName":"BORA_YALCIN/LinkedListQuestions.cpp","secondFileName":"MIRAY_DUYGULU/LinkedListQuestions.cpp","startInFirst":{"line":9,"column":0,"tokenListIndex":0},"endInFirst":{"line":11,"column":8,"tokenListIndex":6},"startInSecond":{"line":9,"column":0,"tokenListIndex":0},"endInSecond":{"line":11,"column":4,"tokenListIndex":6},"lengthOfFirst":7,"lengthOfSecond":7}],"firstSimilarity":0.704225352112676,"secondSimilarity":0.5494505494505495}