{"firstSubmissionId":"DORUK_OCAL","secondSubmissionId":"NEVZAT_OGUZHAN_TOPUZ","similarities":{"AVG":0.15217391304347827,"MAX":0.22580645161290322,"MAXIMUM_LENGTH":62.0,"LONGEST_MATCH":7.0},"matches":[{"firstFileName":"DORUK_OCAL/LinkedListQuestions.cpp","secondFileName":"NEVZAT_OGUZHAN_TOPUZ/LinkedListQuestions.cpp","startInFirst":{"line":9,"column":0,"tokenListIndex":0},"endInFirst":{"line":12,"column":7,"tokenListIndex":6},"startInSecond":{"line":9,"column":0,"tokenListIndex":0},"endInSecond":{"line":11,"column":5,"tokenListIndex":6},"lengthOfFirst":7,"lengthOfSecond":7}],"firstSimilarity":0.22580645161290322,"secondSimilarity":0.11475409836065574}