{"firstSubmissionId":"DORUK_OCAL","secondSubmissionId":"MIRAY_DUYGULU","similarities":{"AVG":0.32786885245901637,"MAX":0.6451612903225806,"MAXIMUM_LENGTH":92.0,"LONGEST_MATCH":7.0},"matches":[{"firstFileName":"DORUK_OCAL/LinkedListQuestions.cpp","secondFileName":"MIRAY_DUYGULU/LinkedListQuestions.cpp","startInFirst":{"line":9,"column":0,"tokenListIndex":0},"endInFirst":{"line":12,"column":7,"tokenListIndex":6},"startInSecond":{"line":9,"column":0,"tokenListIndex":0},"endInSecond":{"line":11,"column":4,"tokenListIndex":6},"lengthOfFirst":7,"lengthOfSecond":7},{"firstFileName":"DORUK_OCAL/LinkedListQuestions.cpp","secondFileName":"MIRAY_DUYGULU/LinkedListQuestions.cpp","startInFirst":{"line":32,"column":12,"tokenListIndex":22},"endInFirst":{"line":40,"column":17,"tokenListIndex":28},"startInSecond":{"line":61,"column":8,"tokenListIndex":58},"endInSecond":{"line":66,"column":3,"tokenListIndex":64},"lengthOfFirst":7,"lengthOfSecond":7},{"firstFileName":"DORUK_OCAL/LinkedListQuestions.cpp","secondFileName":"MIRAY_DUYGULU/LinkedListQuestions.cpp","startInFirst":{"line":19,"column":0,"tokenListIndex":13},"endInFirst":{"line":31,"column":38,"tokenListIndex":18},"startInSecond":{"line":20,"column":0,"tokenListIndex":15},"endInSecond":{"line":27,"column":1,"tokenListIndex":20},"lengthOfFirst":6,"lengthOfSecond":6}],"firstSimilarity":0.6451612903225806,"secondSimilarity":0.21978021978021978}