{"firstSubmissionId":"DORUK_OCAL","secondSubmissionId":"EDA_GUL_CETINEL","similarities":{"AVG":0.21621621621621623,"MAX":0.3870967741935484,"MAXIMUM_LENGTH":81.0,"LONGEST_MATCH":6.0},"matches":[{"firstFileName":"DORUK_OCAL/LinkedListQuestions.cpp","secondFileName":"EDA_GUL_CETINEL/lab1.cpp","startInFirst":{"line":9,"column":0,"tokenListIndex":0},"endInFirst":{"line":12,"column":0,"tokenListIndex":5},"startInSecond":{"line":71,"column":0,"tokenListIndex":58},"endInSecond":{"line":74,"column":11,"tokenListIndex":63},"lengthOfFirst":6,"lengthOfSecond":6},{"firstFileName":"DORUK_OCAL/LinkedListQuestions.cpp","secondFileName":"EDA_GUL_CETINEL/lab1.cpp","startInFirst":{"line":19,"column":0,"tokenListIndex":13},"endInFirst":{"line":31,"column":38,"tokenListIndex":18},"startInSecond":{"line":19,"column":4,"tokenListIndex":16},"endInSecond":{"line":27,"column":4,"tokenListIndex":21},"lengthOfFirst":6,"lengthOfSecond":6}],"firstSimilarity":0.3870967741935484,"secondSimilarity":0.15}