{"firstSubmissionId":"DORUK_OCAL","secondSubmissionId":"ELIF_NAZ_TURAN","similarities":{"AVG":0.18823529411764706,"MAX":0.25806451612903225,"MAXIMUM_LENGTH":55.0,"LONGEST_MATCH":8.0},"matches":[{"firstFileName":"DORUK_OCAL/LinkedListQuestions.cpp","secondFileName":"ELIF_NAZ_TURAN/LinkedListQuestions.cpp","startInFirst":{"line":17,"column":1,"tokenListIndex":11},"endInFirst":{"line":31,"column":38,"tokenListIndex":18},"startInSecond":{"line":44,"column":14,"tokenListIndex":29},"endInSecond":{"line":57,"column":47,"tokenListIndex":36},"lengthOfFirst":8,"lengthOfSecond":8}],"firstSimilarity":0.25806451612903225,"secondSimilarity":0.14814814814814814}