{"firstSubmissionId":"DORUK_OCAL","secondSubmissionId":"EYLUL_PIRINCAL","similarities":{"AVG":0.46153846153846156,"MAX":0.4838709677419355,"MAXIMUM_LENGTH":35.0,"LONGEST_MATCH":8.0},"matches":[{"firstFileName":"DORUK_OCAL/LinkedListQuestions.cpp","secondFileName":"EYLUL_PIRINCAL/LinkedListQuestions.cpp","startInFirst":{"line":17,"column":1,"tokenListIndex":11},"endInFirst":{"line":31,"column":38,"tokenListIndex":18},"startInSecond":{"line":16,"column":9,"tokenListIndex":10},"endInSecond":{"line":31,"column":4,"tokenListIndex":17},"lengthOfFirst":8,"lengthOfSecond":8},{"firstFileName":"DORUK_OCAL/LinkedListQuestions.cpp","secondFileName":"EYLUL_PIRINCAL/LinkedListQuestions.cpp","startInFirst":{"line":9,"column":0,"tokenListIndex":0},"endInFirst":{"line":12,"column":7,"tokenListIndex":6},"startInSecond":{"line":9,"column":0,"tokenListIndex":0},"endInSecond":{"line":12,"column":11,"tokenListIndex":6},"lengthOfFirst":7,"lengthOfSecond":7}],"firstSimilarity":0.4838709677419355,"secondSimilarity":0.4411764705882353}