{"firstSubmissionId":"DORUK_OCAL","secondSubmissionId":"EMIR_KEREM_ISILDAR","similarities":{"AVG":0.16279069767441862,"MAX":0.22580645161290322,"MAXIMUM_LENGTH":56.0,"LONGEST_MATCH":7.0},"matches":[{"firstFileName":"DORUK_OCAL/LinkedListQuestions.cpp","secondFileName":"EMIR_KEREM_ISILDAR/LinkedListQuestions.cpp","startInFirst":{"line":9,"column":0,"tokenListIndex":0},"endInFirst":{"line":12,"column":7,"tokenListIndex":6},"startInSecond":{"line":46,"column":0,"tokenListIndex":35},"endInSecond":{"line":48,"column":11,"tokenListIndex":41},"lengthOfFirst":7,"lengthOfSecond":7}],"firstSimilarity":0.22580645161290322,"secondSimilarity":0.12727272727272726}