{"firstSubmissionId":"DORUK_OCAL","secondSubmissionId":"BERKE_TURKBAY","similarities":{"AVG":0.12962962962962962,"MAX":0.22580645161290322,"MAXIMUM_LENGTH":78.0,"LONGEST_MATCH":7.0},"matches":[{"firstFileName":"DORUK_OCAL/LinkedListQuestions.cpp","secondFileName":"BERKE_TURKBAY/LinkedListQuestions.cpp","startInFirst":{"line":9,"column":0,"tokenListIndex":0},"endInFirst":{"line":12,"column":7,"tokenListIndex":6},"startInSecond":{"line":37,"column":0,"tokenListIndex":24},"endInSecond":{"line":39,"column":8,"tokenListIndex":30},"lengthOfFirst":7,"lengthOfSecond":7}],"firstSimilarity":0.22580645161290322,"secondSimilarity":0.09090909090909091}