{"firstSubmissionId":"DORUK_OCAL","secondSubmissionId":"MUHAMMED_EMIN_SEKER","similarities":{"AVG":0.3392857142857143,"MAX":0.6129032258064516,"MAXIMUM_LENGTH":82.0,"LONGEST_MATCH":7.0},"matches":[{"firstFileName":"DORUK_OCAL/LinkedListQuestions.cpp","secondFileName":"MUHAMMED_EMIN_SEKER/LinkedListQuestions.cpp","startInFirst":{"line":9,"column":0,"tokenListIndex":0},"endInFirst":{"line":12,"column":7,"tokenListIndex":6},"startInSecond":{"line":9,"column":0,"tokenListIndex":0},"endInSecond":{"line":11,"column":8,"tokenListIndex":6},"lengthOfFirst":7,"lengthOfSecond":7},{"firstFileName":"DORUK_OCAL/LinkedListQuestions.cpp","secondFileName":"MUHAMMED_EMIN_SEKER/LinkedListQuestions.cpp","startInFirst":{"line":19,"column":0,"tokenListIndex":13},"endInFirst":{"line":31,"column":38,"tokenListIndex":18},"startInSecond":{"line":17,"column":1,"tokenListIndex":12},"endInSecond":{"line":24,"column":1,"tokenListIndex":17},"lengthOfFirst":6,"lengthOfSecond":6},{"firstFileName":"DORUK_OCAL/LinkedListQuestions.cpp","secondFileName":"MUHAMMED_EMIN_SEKER/LinkedListQuestions.cpp","startInFirst":{"line":32,"column":12,"tokenListIndex":22},"endInFirst":{"line":38,"column":2,"tokenListIndex":27},"startInSecond":{"line":50,"column":1,"tokenListIndex":49},"endInSecond":{"line":54,"column":1,"tokenListIndex":54},"lengthOfFirst":6,"lengthOfSecond":6}],"firstSimilarity":0.6129032258064516,"secondSimilarity":0.2345679012345679}