{"firstSubmissionId":"DORUK_OCAL","secondSubmissionId":"ISMAIL_ERIM_ATAKTURK","similarities":{"AVG":0.18309859154929578,"MAX":0.41935483870967744,"MAXIMUM_LENGTH":112.0,"LONGEST_MATCH":7.0},"matches":[{"firstFileName":"DORUK_OCAL/LinkedListQuestions.cpp","secondFileName":"ISMAIL_ERIM_ATAKTURK/LinkedListQuestions.cpp","startInFirst":{"line":9,"column":0,"tokenListIndex":0},"endInFirst":{"line":12,"column":7,"tokenListIndex":6},"startInSecond":{"line":7,"column":0,"tokenListIndex":0},"endInSecond":{"line":9,"column":8,"tokenListIndex":6},"lengthOfFirst":7,"lengthOfSecond":7},{"firstFileName":"DORUK_OCAL/LinkedListQuestions.cpp","secondFileName":"ISMAIL_ERIM_ATAKTURK/LinkedListQuestions.cpp","startInFirst":{"line":19,"column":0,"tokenListIndex":13},"endInFirst":{"line":31,"column":38,"tokenListIndex":18},"startInSecond":{"line":14,"column":4,"tokenListIndex":12},"endInSecond":{"line":21,"column":4,"tokenListIndex":17},"lengthOfFirst":6,"lengthOfSecond":6}],"firstSimilarity":0.41935483870967744,"secondSimilarity":0.11711711711711711}