{"firstSubmissionId":"DORUK_OCAL","secondSubmissionId":"SEVKET_YESILPEKMEZ","similarities":{"AVG":0.20253164556962025,"MAX":0.25806451612903225,"MAXIMUM_LENGTH":49.0,"LONGEST_MATCH":8.0},"matches":[{"firstFileName":"DORUK_OCAL/LinkedListQuestions.cpp","secondFileName":"SEVKET_YESILPEKMEZ/sevket_yesilpekmez.cpp","startInFirst":{"line":16,"column":1,"tokenListIndex":10},"endInFirst":{"line":31,"column":17,"tokenListIndex":17},"startInSecond":{"line":13,"column":8,"tokenListIndex":6},"endInSecond":{"line":24,"column":18,"tokenListIndex":13},"lengthOfFirst":8,"lengthOfSecond":8}],"firstSimilarity":0.25806451612903225,"secondSimilarity":0.16666666666666666}