{"firstSubmissionId":"DORUK_OCAL","secondSubmissionId":"EGE_KARTAL","similarities":{"AVG":0.125,"MAX":0.25806451612903225,"MAXIMUM_LENGTH":98.0,"LONGEST_MATCH":8.0},"matches":[{"firstFileName":"DORUK_OCAL/LinkedListQuestions.cpp","secondFileName":"EGE_KARTAL/lab1_Ege_Kartal_20230702121.cpp","startInFirst":{"line":9,"column":0,"tokenListIndex":0},"endInFirst":{"line":12,"column":7,"tokenListIndex":7},"startInSecond":{"line":72,"column":0,"tokenListIndex":65},"endInSecond":{"line":78,"column":5,"tokenListIndex":72},"lengthOfFirst":8,"lengthOfSecond":8}],"firstSimilarity":0.25806451612903225,"secondSimilarity":0.08247422680412371}