{"firstSubmissionId":"DORUK_OCAL","secondSubmissionId":"BORA_YALCIN","similarities":{"AVG":0.4117647058823529,"MAX":0.6774193548387096,"MAXIMUM_LENGTH":72.0,"LONGEST_MATCH":8.0},"matches":[{"firstFileName":"DORUK_OCAL/LinkedListQuestions.cpp","secondFileName":"BORA_YALCIN/LinkedListQuestions.cpp","startInFirst":{"line":9,"column":0,"tokenListIndex":0},"endInFirst":{"line":12,"column":7,"tokenListIndex":7},"startInSecond":{"line":56,"column":0,"tokenListIndex":43},"endInSecond":{"line":61,"column":8,"tokenListIndex":50},"lengthOfFirst":8,"lengthOfSecond":8},{"firstFileName":"DORUK_OCAL/LinkedListQuestions.cpp","secondFileName":"BORA_YALCIN/LinkedListQuestions.cpp","startInFirst":{"line":32,"column":9,"tokenListIndex":21},"endInFirst":{"line":38,"column":2,"tokenListIndex":27},"startInSecond":{"line":40,"column":9,"tokenListIndex":34},"endInSecond":{"line":49,"column":2,"tokenListIndex":40},"lengthOfFirst":7,"lengthOfSecond":7},{"firstFileName":"DORUK_OCAL/LinkedListQuestions.cpp","secondFileName":"BORA_YALCIN/LinkedListQuestions.cpp","startInFirst":{"line":19,"column":0,"tokenListIndex":13},"endInFirst":{"line":31,"column":38,"tokenListIndex":18},"startInSecond":{"line":15,"column":1,"tokenListIndex":12},"endInSecond":{"line":22,"column":1,"tokenListIndex":17},"lengthOfFirst":6,"lengthOfSecond":6}],"firstSimilarity":0.6774193548387096,"secondSimilarity":0.29577464788732394}