{"firstSubmissionId":"DORUK_OCAL","secondSubmissionId":"MEHMET_EREN_GUNER","similarities":{"AVG":0.2028985507246377,"MAX":0.22580645161290322,"MAXIMUM_LENGTH":39.0,"LONGEST_MATCH":7.0},"matches":[{"firstFileName":"DORUK_OCAL/LinkedListQuestions.cpp","secondFileName":"MEHMET_EREN_GUNER/LinkedListQuestions.cpp","startInFirst":{"line":9,"column":0,"tokenListIndex":0},"endInFirst":{"line":12,"column":7,"tokenListIndex":6},"startInSecond":{"line":9,"column":0,"tokenListIndex":0},"endInSecond":{"line":11,"column":9,"tokenListIndex":6},"lengthOfFirst":7,"lengthOfSecond":7}],"firstSimilarity":0.22580645161290322,"secondSimilarity":0.18421052631578946}