{"firstSubmissionId":"DORUK_OCAL","secondSubmissionId":"HASAN_ZAFER_BILIR","similarities":{"AVG":0.367816091954023,"MAX":0.5161290322580645,"MAXIMUM_LENGTH":57.0,"LONGEST_MATCH":9.0},"matches":[{"firstFileName":"DORUK_OCAL/LinkedListQuestions.cpp","secondFileName":"HASAN_ZAFER_BILIR/HasanZaferbilir.cpp.cpp","startInFirst":{"line":16,"column":1,"tokenListIndex":10},"endInFirst":{"line":31,"column":38,"tokenListIndex":18},"startInSecond":{"line":15,"column":4,"tokenListIndex":8},"endInSecond":{"line":27,"column":1,"tokenListIndex":16},"lengthOfFirst":9,"lengthOfSecond":9},{"firstFileName":"DORUK_OCAL/LinkedListQuestions.cpp","secondFileName":"HASAN_ZAFER_BILIR/HasanZaferbilir.cpp.cpp","startInFirst":{"line":9,"column":0,"tokenListIndex":0},"endInFirst":{"line":12,"column":7,"tokenListIndex":6},"startInSecond":{"line":9,"column":0,"tokenListIndex":0},"endInSecond":{"line":12,"column":8,"tokenListIndex":6},"lengthOfFirst":7,"lengthOfSecond":7}],"firstSimilarity":0.5161290322580645,"secondSimilarity":0.2857142857142857}