{"firstSubmissionId":"EDA_GUL_CETINEL","secondSubmissionId":"BEGUM_HAMARAT","similarities":{"AVG":0.5093167701863354,"MAX":0.5125,"MAXIMUM_LENGTH":82.0,"LONGEST_MATCH":14.0},"matches":[{"firstFileName":"EDA_GUL_CETINEL/lab1.cpp","secondFileName":"BEGUM_HAMARAT/LinkedListQuestions.cpp","startInFirst":{"line":12,"column":4,"tokenListIndex":7},"endInFirst":{"line":25,"column":18,"tokenListIndex":20},"startInSecond":{"line":10,"column":0,"tokenListIndex":3},"endInSecond":{"line":27,"column":18,"tokenListIndex":16},"lengthOfFirst":14,"lengthOfSecond":14},{"firstFileName":"EDA_GUL_CETINEL/lab1.cpp","secondFileName":"BEGUM_HAMARAT/LinkedListQuestions.cpp","startInFirst":{"line":35,"column":21,"tokenListIndex":29},"endInFirst":{"line":50,"column":38,"tokenListIndex":40},"startInSecond":{"line":39,"column":7,"tokenListIndex":27},"endInSecond":{"line":60,"column":38,"tokenListIndex":38},"lengthOfFirst":12,"lengthOfSecond":12},{"firstFileName":"EDA_GUL_CETINEL/lab1.cpp","secondFileName":"BEGUM_HAMARAT/LinkedListQuestions.cpp","startInFirst":{"line":53,"column":8,"tokenListIndex":42},"endInFirst":{"line":58,"column":8,"tokenListIndex":49},"startInSecond":{"line":69,"column":1,"tokenListIndex":47},"endInSecond":{"line":77,"column":1,"tokenListIndex":54},"lengthOfFirst":8,"lengthOfSecond":8},{"firstFileName":"EDA_GUL_CETINEL/lab1.cpp","secondFileName":"BEGUM_HAMARAT/LinkedListQuestions.cpp","startInFirst":{"line":27,"column":4,"tokenListIndex":21},"endInFirst":{"line":32,"column":8,"tokenListIndex":27},"startInSecond":{"line":32,"column":2,"tokenListIndex":20},"endInSecond":{"line":39,"column":3,"tokenListIndex":26},"lengthOfFirst":7,"lengthOfSecond":7}],"firstSimilarity":0.5125,"secondSimilarity":0.5061728395061729}