{"firstSubmissionId":"EDA_GUL_CETINEL","secondSubmissionId":"MUHAMMED_EMIN_SEKER","similarities":{"AVG":0.6832298136645962,"MAX":0.6875,"MAXIMUM_LENGTH":82.0,"LONGEST_MATCH":18.0},"matches":[{"firstFileName":"EDA_GUL_CETINEL/lab1.cpp","secondFileName":"MUHAMMED_EMIN_SEKER/LinkedListQuestions.cpp","startInFirst":{"line":12,"column":4,"tokenListIndex":7},"endInFirst":{"line":28,"column":11,"tokenListIndex":24},"startInSecond":{"line":10,"column":1,"tokenListIndex":3},"endInSecond":{"line":27,"column":8,"tokenListIndex":20},"lengthOfFirst":18,"lengthOfSecond":18},{"firstFileName":"EDA_GUL_CETINEL/lab1.cpp","secondFileName":"MUHAMMED_EMIN_SEKER/LinkedListQuestions.cpp","startInFirst":{"line":64,"column":8,"tokenListIndex":55},"endInFirst":{"line":82,"column":4,"tokenListIndex":72},"startInSecond":{"line":57,"column":2,"tokenListIndex":57},"endInSecond":{"line":80,"column":1,"tokenListIndex":74},"lengthOfFirst":18,"lengthOfSecond":18},{"firstFileName":"EDA_GUL_CETINEL/lab1.cpp","secondFileName":"MUHAMMED_EMIN_SEKER/LinkedListQuestions.cpp","startInFirst":{"line":9,"column":0,"tokenListIndex":0},"endInFirst":{"line":11,"column":16,"tokenListIndex":6},"startInSecond":{"line":45,"column":0,"tokenListIndex":39},"endInSecond":{"line":48,"column":1,"tokenListIndex":45},"lengthOfFirst":7,"lengthOfSecond":7},{"firstFileName":"EDA_GUL_CETINEL/lab1.cpp","secondFileName":"MUHAMMED_EMIN_SEKER/LinkedListQuestions.cpp","startInFirst":{"line":53,"column":8,"tokenListIndex":42},"endInFirst":{"line":56,"column":12,"tokenListIndex":47},"startInSecond":{"line":50,"column":1,"tokenListIndex":48},"endInSecond":{"line":53,"column":2,"tokenListIndex":53},"lengthOfFirst":6,"lengthOfSecond":6},{"firstFileName":"EDA_GUL_CETINEL/lab1.cpp","secondFileName":"MUHAMMED_EMIN_SEKER/LinkedListQuestions.cpp","startInFirst":{"line":86,"column":4,"tokenListIndex":74},"endInFirst":{"line":95,"column":0,"tokenListIndex":79},"startInSecond":{"line":81,"column":1,"tokenListIndex":75},"endInSecond":{"line":90,"column":0,"tokenListIndex":80},"lengthOfFirst":6,"lengthOfSecond":6}],"firstSimilarity":0.6875,"secondSimilarity":0.6790123456790124}