{"firstSubmissionId":"EDA_GUL_CETINEL","secondSubmissionId":"MIRAY_DUYGULU","similarities":{"AVG":0.39766081871345027,"MAX":0.425,"MAXIMUM_LENGTH":92.0,"LONGEST_MATCH":14.0},"matches":[{"firstFileName":"EDA_GUL_CETINEL/lab1.cpp","secondFileName":"MIRAY_DUYGULU/LinkedListQuestions.cpp","startInFirst":{"line":14,"column":4,"tokenListIndex":11},"endInFirst":{"line":28,"column":11,"tokenListIndex":24},"startInSecond":{"line":15,"column":0,"tokenListIndex":10},"endInSecond":{"line":30,"column":8,"tokenListIndex":23},"lengthOfFirst":14,"lengthOfSecond":14},{"firstFileName":"EDA_GUL_CETINEL/lab1.cpp","secondFileName":"MIRAY_DUYGULU/LinkedListQuestions.cpp","startInFirst":{"line":41,"column":8,"tokenListIndex":34},"endInFirst":{"line":50,"column":38,"tokenListIndex":40},"startInSecond":{"line":50,"column":2,"tokenListIndex":46},"endInSecond":{"line":58,"column":38,"tokenListIndex":52},"lengthOfFirst":7,"lengthOfSecond":7},{"firstFileName":"EDA_GUL_CETINEL/lab1.cpp","secondFileName":"MIRAY_DUYGULU/LinkedListQuestions.cpp","startInFirst":{"line":66,"column":0,"tokenListIndex":57},"endInFirst":{"line":74,"column":11,"tokenListIndex":63},"startInSecond":{"line":75,"column":0,"tokenListIndex":70},"endInSecond":{"line":81,"column":8,"tokenListIndex":76},"lengthOfFirst":7,"lengthOfSecond":7},{"firstFileName":"EDA_GUL_CETINEL/lab1.cpp","secondFileName":"MIRAY_DUYGULU/LinkedListQuestions.cpp","startInFirst":{"line":53,"column":8,"tokenListIndex":42},"endInFirst":{"line":56,"column":12,"tokenListIndex":47},"startInSecond":{"line":61,"column":1,"tokenListIndex":57},"endInSecond":{"line":64,"column":5,"tokenListIndex":62},"lengthOfFirst":6,"lengthOfSecond":6}],"firstSimilarity":0.425,"secondSimilarity":0.37362637362637363}