{"firstSubmissionId":"EDA_GUL_CETINEL","secondSubmissionId":"ISMAIL_ERIM_ATAKTURK","similarities":{"AVG":0.4607329842931937,"MAX":0.55,"MAXIMUM_LENGTH":112.0,"LONGEST_MATCH":16.0},"matches":[{"firstFileName":"EDA_GUL_CETINEL/lab1.cpp","secondFileName":"ISMAIL_ERIM_ATAKTURK/LinkedListQuestions.cpp","startInFirst":{"line":12,"column":4,"tokenListIndex":7},"endInFirst":{"line":27,"column":11,"tokenListIndex":22},"startInSecond":{"line":8,"column":4,"tokenListIndex":3},"endInSecond":{"line":21,"column":8,"tokenListIndex":18},"lengthOfFirst":16,"lengthOfSecond":16},{"firstFileName":"EDA_GUL_CETINEL/lab1.cpp","secondFileName":"ISMAIL_ERIM_ATAKTURK/LinkedListQuestions.cpp","startInFirst":{"line":32,"column":8,"tokenListIndex":27},"endInFirst":{"line":50,"column":38,"tokenListIndex":40},"startInSecond":{"line":31,"column":8,"tokenListIndex":29},"endInSecond":{"line":48,"column":38,"tokenListIndex":42},"lengthOfFirst":14,"lengthOfSecond":14},{"firstFileName":"EDA_GUL_CETINEL/lab1.cpp","secondFileName":"ISMAIL_ERIM_ATAKTURK/LinkedListQuestions.cpp","startInFirst":{"line":53,"column":8,"tokenListIndex":42},"endInFirst":{"line":58,"column":8,"tokenListIndex":49},"startInSecond":{"line":53,"column":4,"tokenListIndex":48},"endInSecond":{"line":58,"column":4,"tokenListIndex":55},"lengthOfFirst":8,"lengthOfSecond":8},{"firstFileName":"EDA_GUL_CETINEL/lab1.cpp","secondFileName":"ISMAIL_ERIM_ATAKTURK/LinkedListQuestions.cpp","startInFirst":{"line":66,"column":0,"tokenListIndex":57},"endInFirst":{"line":74,"column":11,"tokenListIndex":62},"startInSecond":{"line":71,"column":0,"tokenListIndex":68},"endInSecond":{"line":76,"column":8,"tokenListIndex":73},"lengthOfFirst":6,"lengthOfSecond":6}],"firstSimilarity":0.55,"secondSimilarity":0.3963963963963964}