{"firstSubmissionId":"EDA_GUL_CETINEL","secondSubmissionId":"EGE_KARTAL","similarities":{"AVG":0.3163841807909605,"MAX":0.35,"MAXIMUM_LENGTH":98.0,"LONGEST_MATCH":14.0},"matches":[{"firstFileName":"EDA_GUL_CETINEL/lab1.cpp","secondFileName":"EGE_KARTAL/lab1_Ege_Kartal_20230702121.cpp","startInFirst":{"line":12,"column":4,"tokenListIndex":7},"endInFirst":{"line":25,"column":18,"tokenListIndex":20},"startInSecond":{"line":10,"column":1,"tokenListIndex":3},"endInSecond":{"line":23,"column":18,"tokenListIndex":16},"lengthOfFirst":14,"lengthOfSecond":14},{"firstFileName":"EDA_GUL_CETINEL/lab1.cpp","secondFileName":"EGE_KARTAL/lab1_Ege_Kartal_20230702121.cpp","startInFirst":{"line":41,"column":8,"tokenListIndex":34},"endInFirst":{"line":50,"column":38,"tokenListIndex":40},"startInSecond":{"line":44,"column":2,"tokenListIndex":38},"endInSecond":{"line":51,"column":38,"tokenListIndex":44},"lengthOfFirst":7,"lengthOfSecond":7},{"firstFileName":"EDA_GUL_CETINEL/lab1.cpp","secondFileName":"EGE_KARTAL/lab1_Ege_Kartal_20230702121.cpp","startInFirst":{"line":66,"column":0,"tokenListIndex":57},"endInFirst":{"line":74,"column":11,"tokenListIndex":63},"startInSecond":{"line":68,"column":0,"tokenListIndex":64},"endInSecond":{"line":78,"column":1,"tokenListIndex":70},"lengthOfFirst":7,"lengthOfSecond":7}],"firstSimilarity":0.35,"secondSimilarity":0.28865979381443296}