{"firstSubmissionId":"EGE_KARTAL","secondSubmissionId":"ISMAIL_ERIM_ATAKTURK","similarities":{"AVG":0.46153846153846156,"MAX":0.4948453608247423,"MAXIMUM_LENGTH":112.0,"LONGEST_MATCH":17.0},"matches":[{"firstFileName":"EGE_KARTAL/lab1_Ege_Kartal_20230702121.cpp","secondFileName":"ISMAIL_ERIM_ATAKTURK/LinkedListQuestions.cpp","startInFirst":{"line":9,"column":0,"tokenListIndex":0},"endInFirst":{"line":23,"column":18,"tokenListIndex":16},"startInSecond":{"line":7,"column":0,"tokenListIndex":0},"endInSecond":{"line":20,"column":18,"tokenListIndex":16},"lengthOfFirst":17,"lengthOfSecond":17},{"firstFileName":"EGE_KARTAL/lab1_Ege_Kartal_20230702121.cpp","secondFileName":"ISMAIL_ERIM_ATAKTURK/LinkedListQuestions.cpp","startInFirst":{"line":64,"column":13,"tokenListIndex":61},"endInFirst":{"line":73,"column":8,"tokenListIndex":69},"startInSecond":{"line":65,"column":39,"tokenListIndex":65},"endInSecond":{"line":76,"column":8,"tokenListIndex":73},"lengthOfFirst":9,"lengthOfSecond":9},{"firstFileName":"EGE_KARTAL/lab1_Ege_Kartal_20230702121.cpp","secondFileName":"ISMAIL_ERIM_ATAKTURK/LinkedListQuestions.cpp","startInFirst":{"line":26,"column":1,"tokenListIndex":23},"endInFirst":{"line":30,"column":17,"tokenListIndex":30},"startInSecond":{"line":29,"column":8,"tokenListIndex":25},"endInSecond":{"line":34,"column":20,"tokenListIndex":32},"lengthOfFirst":8,"lengthOfSecond":8},{"firstFileName":"EGE_KARTAL/lab1_Ege_Kartal_20230702121.cpp","secondFileName":"ISMAIL_ERIM_ATAKTURK/LinkedListQuestions.cpp","startInFirst":{"line":44,"column":2,"tokenListIndex":38},"endInFirst":{"line":51,"column":38,"tokenListIndex":44},"startInSecond":{"line":39,"column":8,"tokenListIndex":36},"endInSecond":{"line":48,"column":38,"tokenListIndex":42},"lengthOfFirst":7,"lengthOfSecond":7},{"firstFileName":"EGE_KARTAL/lab1_Ege_Kartal_20230702121.cpp","secondFileName":"ISMAIL_ERIM_ATAKTURK/LinkedListQuestions.cpp","startInFirst":{"line":52,"column":1,"tokenListIndex":45},"endInFirst":{"line":55,"column":1,"tokenListIndex":51},"startInSecond":{"line":77,"column":4,"tokenListIndex":74},"endInSecond":{"line":81,"column":4,"tokenListIndex":80},"lengthOfFirst":7,"lengthOfSecond":7}],"firstSimilarity":0.4948453608247423,"secondSimilarity":0.43243243243243246}