{"firstSubmissionId":"ELIF_NAZ_TURAN","secondSubmissionId":"MUHAMMED_EMIN_SEKER","similarities":{"AVG":0.26666666666666666,"MAX":0.3333333333333333,"MAXIMUM_LENGTH":82.0,"LONGEST_MATCH":6.0},"matches":[{"firstFileName":"ELIF_NAZ_TURAN/LinkedListQuestions.cpp","secondFileName":"MUHAMMED_EMIN_SEKER/LinkedListQuestions.cpp","startInFirst":{"line":24,"column":0,"tokenListIndex":13},"endInFirst":{"line":30,"column":12,"tokenListIndex":18},"startInSecond":{"line":18,"column":1,"tokenListIndex":13},"endInSecond":{"line":24,"column":8,"tokenListIndex":18},"lengthOfFirst":6,"lengthOfSecond":6},{"firstFileName":"ELIF_NAZ_TURAN/LinkedListQuestions.cpp","secondFileName":"MUHAMMED_EMIN_SEKER/LinkedListQuestions.cpp","startInFirst":{"line":32,"column":4,"tokenListIndex":20},"endInFirst":{"line":41,"column":38,"tokenListIndex":25},"startInSecond":{"line":38,"column":14,"tokenListIndex":36},"endInSecond":{"line":45,"column":38,"tokenListIndex":41},"lengthOfFirst":6,"lengthOfSecond":6},{"firstFileName":"ELIF_NAZ_TURAN/LinkedListQuestions.cpp","secondFileName":"MUHAMMED_EMIN_SEKER/LinkedListQuestions.cpp","startInFirst":{"line":51,"column":2,"tokenListIndex":33},"endInFirst":{"line":59,"column":11,"tokenListIndex":38},"startInSecond":{"line":63,"column":0,"tokenListIndex":59},"endInSecond":{"line":70,"column":8,"tokenListIndex":64},"lengthOfFirst":6,"lengthOfSecond":6}],"firstSimilarity":0.3333333333333333,"secondSimilarity":0.2222222222222222}