{"firstSubmissionId":"ELIF_NAZ_TURAN","secondSubmissionId":"EGE_KARTAL","similarities":{"AVG":0.15894039735099338,"MAX":0.2222222222222222,"MAXIMUM_LENGTH":98.0,"LONGEST_MATCH":6.0},"matches":[{"firstFileName":"ELIF_NAZ_TURAN/LinkedListQuestions.cpp","secondFileName":"EGE_KARTAL/lab1_Ege_Kartal_20230702121.cpp","startInFirst":{"line":32,"column":4,"tokenListIndex":20},"endInFirst":{"line":41,"column":38,"tokenListIndex":25},"startInSecond":{"line":45,"column":2,"tokenListIndex":39},"endInSecond":{"line":51,"column":38,"tokenListIndex":44},"lengthOfFirst":6,"lengthOfSecond":6},{"firstFileName":"ELIF_NAZ_TURAN/LinkedListQuestions.cpp","secondFileName":"EGE_KARTAL/lab1_Ege_Kartal_20230702121.cpp","startInFirst":{"line":51,"column":2,"tokenListIndex":33},"endInFirst":{"line":59,"column":11,"tokenListIndex":38},"startInSecond":{"line":68,"column":0,"tokenListIndex":64},"endInSecond":{"line":73,"column":8,"tokenListIndex":69},"lengthOfFirst":6,"lengthOfSecond":6}],"firstSimilarity":0.2222222222222222,"secondSimilarity":0.12371134020618557}