{"firstSubmissionId":"ELIF_NAZ_TURAN","secondSubmissionId":"BERKE_TURKBAY","similarities":{"AVG":0.2748091603053435,"MAX":0.3333333333333333,"MAXIMUM_LENGTH":78.0,"LONGEST_MATCH":6.0},"matches":[{"firstFileName":"ELIF_NAZ_TURAN/LinkedListQuestions.cpp","secondFileName":"BERKE_TURKBAY/LinkedListQuestions.cpp","startInFirst":{"line":9,"column":0,"tokenListIndex":0},"endInFirst":{"line":12,"column":2,"tokenListIndex":5},"startInSecond":{"line":9,"column":0,"tokenListIndex":0},"endInSecond":{"line":12,"column":1,"tokenListIndex":5},"lengthOfFirst":6,"lengthOfSecond":6},{"firstFileName":"ELIF_NAZ_TURAN/LinkedListQuestions.cpp","secondFileName":"BERKE_TURKBAY/LinkedListQuestions.cpp","startInFirst":{"line":32,"column":4,"tokenListIndex":20},"endInFirst":{"line":41,"column":38,"tokenListIndex":25},"startInSecond":{"line":16,"column":2,"tokenListIndex":8},"endInSecond":{"line":24,"column":1,"tokenListIndex":13},"lengthOfFirst":6,"lengthOfSecond":6},{"firstFileName":"ELIF_NAZ_TURAN/LinkedListQuestions.cpp","secondFileName":"BERKE_TURKBAY/LinkedListQuestions.cpp","startInFirst":{"line":51,"column":2,"tokenListIndex":33},"endInFirst":{"line":59,"column":11,"tokenListIndex":38},"startInSecond":{"line":33,"column":0,"tokenListIndex":23},"endInSecond":{"line":38,"column":5,"tokenListIndex":28},"lengthOfFirst":6,"lengthOfSecond":6}],"firstSimilarity":0.3333333333333333,"secondSimilarity":0.23376623376623376}