{"firstSubmissionId":"ELIF_NAZ_TURAN","secondSubmissionId":"ISMAIL_ERIM_ATAKTURK","similarities":{"AVG":0.24242424242424243,"MAX":0.37037037037037035,"MAXIMUM_LENGTH":112.0,"LONGEST_MATCH":8.0},"matches":[{"firstFileName":"ELIF_NAZ_TURAN/LinkedListQuestions.cpp","secondFileName":"ISMAIL_ERIM_ATAKTURK/LinkedListQuestions.cpp","startInFirst":{"line":59,"column":4,"tokenListIndex":37},"endInFirst":{"line":61,"column":32,"tokenListIndex":44},"startInSecond":{"line":64,"column":4,"tokenListIndex":60},"endInSecond":{"line":66,"column":31,"tokenListIndex":67},"lengthOfFirst":8,"lengthOfSecond":8},{"firstFileName":"ELIF_NAZ_TURAN/LinkedListQuestions.cpp","secondFileName":"ISMAIL_ERIM_ATAKTURK/LinkedListQuestions.cpp","startInFirst":{"line":24,"column":0,"tokenListIndex":13},"endInFirst":{"line":30,"column":12,"tokenListIndex":18},"startInSecond":{"line":15,"column":4,"tokenListIndex":13},"endInSecond":{"line":21,"column":8,"tokenListIndex":18},"lengthOfFirst":6,"lengthOfSecond":6},{"firstFileName":"ELIF_NAZ_TURAN/LinkedListQuestions.cpp","secondFileName":"ISMAIL_ERIM_ATAKTURK/LinkedListQuestions.cpp","startInFirst":{"line":32,"column":4,"tokenListIndex":20},"endInFirst":{"line":41,"column":38,"tokenListIndex":25},"startInSecond":{"line":40,"column":8,"tokenListIndex":37},"endInSecond":{"line":48,"column":38,"tokenListIndex":42},"lengthOfFirst":6,"lengthOfSecond":6}],"firstSimilarity":0.37037037037037035,"secondSimilarity":0.18018018018018017}