{"firstSubmissionId":"ELIF_NAZ_TURAN","secondSubmissionId":"HASAN_ZAFER_BILIR","similarities":{"AVG":0.36363636363636365,"MAX":0.37037037037037035,"MAXIMUM_LENGTH":57.0,"LONGEST_MATCH":8.0},"matches":[{"firstFileName":"ELIF_NAZ_TURAN/LinkedListQuestions.cpp","secondFileName":"HASAN_ZAFER_BILIR/HasanZaferbilir.cpp.cpp","startInFirst":{"line":44,"column":14,"tokenListIndex":29},"endInFirst":{"line":57,"column":47,"tokenListIndex":36},"startInSecond":{"line":16,"column":5,"tokenListIndex":9},"endInSecond":{"line":27,"column":1,"tokenListIndex":16},"lengthOfFirst":8,"lengthOfSecond":8},{"firstFileName":"ELIF_NAZ_TURAN/LinkedListQuestions.cpp","secondFileName":"HASAN_ZAFER_BILIR/HasanZaferbilir.cpp.cpp","startInFirst":{"line":9,"column":0,"tokenListIndex":0},"endInFirst":{"line":12,"column":2,"tokenListIndex":5},"startInSecond":{"line":62,"column":0,"tokenListIndex":40},"endInSecond":{"line":67,"column":1,"tokenListIndex":45},"lengthOfFirst":6,"lengthOfSecond":6},{"firstFileName":"ELIF_NAZ_TURAN/LinkedListQuestions.cpp","secondFileName":"HASAN_ZAFER_BILIR/HasanZaferbilir.cpp.cpp","startInFirst":{"line":32,"column":4,"tokenListIndex":20},"endInFirst":{"line":41,"column":38,"tokenListIndex":25},"startInSecond":{"line":39,"column":2,"tokenListIndex":26},"endInSecond":{"line":46,"column":38,"tokenListIndex":31},"lengthOfFirst":6,"lengthOfSecond":6}],"firstSimilarity":0.37037037037037035,"secondSimilarity":0.35714285714285715}