{"firstSubmissionId":"ELIF_NAZ_TURAN","secondSubmissionId":"EMIR_KEREM_ISILDAR","similarities":{"AVG":0.3486238532110092,"MAX":0.35185185185185186,"MAXIMUM_LENGTH":56.0,"LONGEST_MATCH":7.0},"matches":[{"firstFileName":"ELIF_NAZ_TURAN/LinkedListQuestions.cpp","secondFileName":"EMIR_KEREM_ISILDAR/LinkedListQuestions.cpp","startInFirst":{"line":31,"column":5,"tokenListIndex":19},"endInFirst":{"line":41,"column":38,"tokenListIndex":25},"startInSecond":{"line":55,"column":4,"tokenListIndex":47},"endInSecond":{"line":67,"column":47,"tokenListIndex":53},"lengthOfFirst":7,"lengthOfSecond":7},{"firstFileName":"ELIF_NAZ_TURAN/LinkedListQuestions.cpp","secondFileName":"EMIR_KEREM_ISILDAR/LinkedListQuestions.cpp","startInFirst":{"line":24,"column":0,"tokenListIndex":13},"endInFirst":{"line":30,"column":12,"tokenListIndex":18},"startInSecond":{"line":22,"column":0,"tokenListIndex":17},"endInSecond":{"line":29,"column":11,"tokenListIndex":22},"lengthOfFirst":6,"lengthOfSecond":6},{"firstFileName":"ELIF_NAZ_TURAN/LinkedListQuestions.cpp","secondFileName":"EMIR_KEREM_ISILDAR/LinkedListQuestions.cpp","startInFirst":{"line":51,"column":2,"tokenListIndex":33},"endInFirst":{"line":59,"column":11,"tokenListIndex":38},"startInSecond":{"line":42,"column":0,"tokenListIndex":34},"endInSecond":{"line":47,"column":11,"tokenListIndex":39},"lengthOfFirst":6,"lengthOfSecond":6}],"firstSimilarity":0.35185185185185186,"secondSimilarity":0.34545454545454546}