{"firstSubmissionId":"ELIF_NAZ_TURAN","secondSubmissionId":"EDA_GUL_CETINEL","similarities":{"AVG":0.2835820895522388,"MAX":0.35185185185185186,"MAXIMUM_LENGTH":81.0,"LONGEST_MATCH":7.0},"matches":[{"firstFileName":"ELIF_NAZ_TURAN/LinkedListQuestions.cpp","secondFileName":"EDA_GUL_CETINEL/lab1.cpp","startInFirst":{"line":32,"column":4,"tokenListIndex":20},"endInFirst":{"line":42,"column":2,"tokenListIndex":26},"startInSecond":{"line":42,"column":8,"tokenListIndex":35},"endInSecond":{"line":52,"column":4,"tokenListIndex":41},"lengthOfFirst":7,"lengthOfSecond":7},{"firstFileName":"ELIF_NAZ_TURAN/LinkedListQuestions.cpp","secondFileName":"EDA_GUL_CETINEL/lab1.cpp","startInFirst":{"line":24,"column":0,"tokenListIndex":13},"endInFirst":{"line":30,"column":12,"tokenListIndex":18},"startInSecond":{"line":20,"column":4,"tokenListIndex":17},"endInSecond":{"line":27,"column":11,"tokenListIndex":22},"lengthOfFirst":6,"lengthOfSecond":6},{"firstFileName":"ELIF_NAZ_TURAN/LinkedListQuestions.cpp","secondFileName":"EDA_GUL_CETINEL/lab1.cpp","startInFirst":{"line":51,"column":2,"tokenListIndex":33},"endInFirst":{"line":59,"column":11,"tokenListIndex":38},"startInSecond":{"line":66,"column":0,"tokenListIndex":57},"endInSecond":{"line":74,"column":11,"tokenListIndex":62},"lengthOfFirst":6,"lengthOfSecond":6}],"firstSimilarity":0.35185185185185186,"secondSimilarity":0.2375}