{"firstSubmissionId":"ELIF_NAZ_TURAN","secondSubmissionId":"BORA_YALCIN","similarities":{"AVG":0.288,"MAX":0.3333333333333333,"MAXIMUM_LENGTH":72.0,"LONGEST_MATCH":6.0},"matches":[{"firstFileName":"ELIF_NAZ_TURAN/LinkedListQuestions.cpp","secondFileName":"BORA_YALCIN/LinkedListQuestions.cpp","startInFirst":{"line":24,"column":0,"tokenListIndex":13},"endInFirst":{"line":30,"column":12,"tokenListIndex":18},"startInSecond":{"line":16,"column":1,"tokenListIndex":13},"endInSecond":{"line":22,"column":8,"tokenListIndex":18},"lengthOfFirst":6,"lengthOfSecond":6},{"firstFileName":"ELIF_NAZ_TURAN/LinkedListQuestions.cpp","secondFileName":"BORA_YALCIN/LinkedListQuestions.cpp","startInFirst":{"line":32,"column":4,"tokenListIndex":20},"endInFirst":{"line":41,"column":38,"tokenListIndex":25},"startInSecond":{"line":32,"column":2,"tokenListIndex":26},"endInSecond":{"line":38,"column":38,"tokenListIndex":31},"lengthOfFirst":6,"lengthOfSecond":6},{"firstFileName":"ELIF_NAZ_TURAN/LinkedListQuestions.cpp","secondFileName":"BORA_YALCIN/LinkedListQuestions.cpp","startInFirst":{"line":51,"column":2,"tokenListIndex":33},"endInFirst":{"line":59,"column":11,"tokenListIndex":38},"startInSecond":{"line":52,"column":0,"tokenListIndex":42},"endInSecond":{"line":57,"column":8,"tokenListIndex":47},"lengthOfFirst":6,"lengthOfSecond":6}],"firstSimilarity":0.3333333333333333,"secondSimilarity":0.2535211267605634}