{"firstSubmissionId":"ELIF_NAZ_TURAN","secondSubmissionId":"BEGUM_HAMARAT","similarities":{"AVG":0.08888888888888889,"MAX":0.1111111111111111,"MAXIMUM_LENGTH":82.0,"LONGEST_MATCH":6.0},"matches":[{"firstFileName":"ELIF_NAZ_TURAN/LinkedListQuestions.cpp","secondFileName":"BEGUM_HAMARAT/LinkedListQuestions.cpp","startInFirst":{"line":32,"column":4,"tokenListIndex":20},"endInFirst":{"line":41,"column":38,"tokenListIndex":25},"startInSecond":{"line":49,"column":3,"tokenListIndex":33},"endInSecond":{"line":60,"column":38,"tokenListIndex":38},"lengthOfFirst":6,"lengthOfSecond":6}],"firstSimilarity":0.1111111111111111,"secondSimilarity":0.07407407407407407}