{"firstSubmissionId":"ELIF_NAZ_TURAN","secondSubmissionId":"NEVZAT_OGUZHAN_TOPUZ","similarities":{"AVG":0.2956521739130435,"MAX":0.3148148148148148,"MAXIMUM_LENGTH":62.0,"LONGEST_MATCH":11.0},"matches":[{"firstFileName":"ELIF_NAZ_TURAN/LinkedListQuestions.cpp","secondFileName":"NEVZAT_OGUZHAN_TOPUZ/LinkedListQuestions.cpp","startInFirst":{"line":50,"column":4,"tokenListIndex":32},"endInFirst":{"line":60,"column":42,"tokenListIndex":42},"startInSecond":{"line":65,"column":1,"tokenListIndex":44},"endInSecond":{"line":74,"column":40,"tokenListIndex":54},"lengthOfFirst":11,"lengthOfSecond":11},{"firstFileName":"ELIF_NAZ_TURAN/LinkedListQuestions.cpp","secondFileName":"NEVZAT_OGUZHAN_TOPUZ/LinkedListQuestions.cpp","startInFirst":{"line":64,"column":7,"tokenListIndex":46},"endInFirst":{"line":65,"column":31,"tokenListIndex":51},"startInSecond":{"line":33,"column":1,"tokenListIndex":25},"endInSecond":{"line":39,"column":1,"tokenListIndex":30},"lengthOfFirst":6,"lengthOfSecond":6}],"firstSimilarity":0.3148148148148148,"secondSimilarity":0.2786885245901639}