{"firstSubmissionId":"EMIR_KEREM_ISILDAR","secondSubmissionId":"HASAN_ZAFER_BILIR","similarities":{"AVG":0.3963963963963964,"MAX":0.4,"MAXIMUM_LENGTH":57.0,"LONGEST_MATCH":12.0},"matches":[{"firstFileName":"EMIR_KEREM_ISILDAR/LinkedListQuestions.cpp","secondFileName":"HASAN_ZAFER_BILIR/HasanZaferbilir.cpp.cpp","startInFirst":{"line":36,"column":1,"tokenListIndex":30},"endInFirst":{"line":48,"column":11,"tokenListIndex":41},"startInSecond":{"line":35,"column":13,"tokenListIndex":24},"endInSecond":{"line":49,"column":8,"tokenListIndex":35},"lengthOfFirst":12,"lengthOfSecond":12},{"firstFileName":"EMIR_KEREM_ISILDAR/LinkedListQuestions.cpp","secondFileName":"HASAN_ZAFER_BILIR/HasanZaferbilir.cpp.cpp","startInFirst":{"line":22,"column":0,"tokenListIndex":17},"endInFirst":{"line":31,"column":11,"tokenListIndex":26},"startInSecond":{"line":20,"column":3,"tokenListIndex":12},"endInSecond":{"line":29,"column":8,"tokenListIndex":21},"lengthOfFirst":10,"lengthOfSecond":10}],"firstSimilarity":0.4,"secondSimilarity":0.39285714285714285}