{"firstSubmissionId":"EMIR_KEREM_ISILDAR","secondSubmissionId":"ISMAIL_ERIM_ATAKTURK","similarities":{"AVG":0.26506024096385544,"MAX":0.4,"MAXIMUM_LENGTH":112.0,"LONGEST_MATCH":9.0},"matches":[{"firstFileName":"EMIR_KEREM_ISILDAR/LinkedListQuestions.cpp","secondFileName":"ISMAIL_ERIM_ATAKTURK/LinkedListQuestions.cpp","startInFirst":{"line":37,"column":1,"tokenListIndex":31},"endInFirst":{"line":47,"column":11,"tokenListIndex":39},"startInSecond":{"line":39,"column":8,"tokenListIndex":36},"endInSecond":{"line":49,"column":8,"tokenListIndex":44},"lengthOfFirst":9,"lengthOfSecond":9},{"firstFileName":"EMIR_KEREM_ISILDAR/LinkedListQuestions.cpp","secondFileName":"ISMAIL_ERIM_ATAKTURK/LinkedListQuestions.cpp","startInFirst":{"line":30,"column":4,"tokenListIndex":23},"endInFirst":{"line":34,"column":11,"tokenListIndex":29},"startInSecond":{"line":53,"column":4,"tokenListIndex":48},"endInSecond":{"line":57,"column":8,"tokenListIndex":54},"lengthOfFirst":7,"lengthOfSecond":7},{"firstFileName":"EMIR_KEREM_ISILDAR/LinkedListQuestions.cpp","secondFileName":"ISMAIL_ERIM_ATAKTURK/LinkedListQuestions.cpp","startInFirst":{"line":22,"column":0,"tokenListIndex":17},"endInFirst":{"line":29,"column":11,"tokenListIndex":22},"startInSecond":{"line":15,"column":4,"tokenListIndex":13},"endInSecond":{"line":21,"column":8,"tokenListIndex":18},"lengthOfFirst":6,"lengthOfSecond":6}],"firstSimilarity":0.4,"secondSimilarity":0.1981981981981982}