{"firstSubmissionId":"EMIR_KEREM_ISILDAR","secondSubmissionId":"BORA_YALCIN","similarities":{"AVG":0.3492063492063492,"MAX":0.4,"MAXIMUM_LENGTH":72.0,"LONGEST_MATCH":8.0},"matches":[{"firstFileName":"EMIR_KEREM_ISILDAR/LinkedListQuestions.cpp","secondFileName":"BORA_YALCIN/LinkedListQuestions.cpp","startInFirst":{"line":22,"column":0,"tokenListIndex":17},"endInFirst":{"line":30,"column":11,"tokenListIndex":24},"startInSecond":{"line":16,"column":1,"tokenListIndex":13},"endInSecond":{"line":23,"column":8,"tokenListIndex":20},"lengthOfFirst":8,"lengthOfSecond":8},{"firstFileName":"EMIR_KEREM_ISILDAR/LinkedListQuestions.cpp","secondFileName":"BORA_YALCIN/LinkedListQuestions.cpp","startInFirst":{"line":42,"column":0,"tokenListIndex":34},"endInFirst":{"line":48,"column":11,"tokenListIndex":41},"startInSecond":{"line":52,"column":0,"tokenListIndex":42},"endInSecond":{"line":61,"column":8,"tokenListIndex":49},"lengthOfFirst":8,"lengthOfSecond":8},{"firstFileName":"EMIR_KEREM_ISILDAR/LinkedListQuestions.cpp","secondFileName":"BORA_YALCIN/LinkedListQuestions.cpp","startInFirst":{"line":56,"column":8,"tokenListIndex":48},"endInFirst":{"line":67,"column":47,"tokenListIndex":53},"startInSecond":{"line":32,"column":2,"tokenListIndex":26},"endInSecond":{"line":38,"column":38,"tokenListIndex":31},"lengthOfFirst":6,"lengthOfSecond":6}],"firstSimilarity":0.4,"secondSimilarity":0.30985915492957744}