{"firstSubmissionId":"EMIR_KEREM_ISILDAR","secondSubmissionId":"BERKE_TURKBAY","similarities":{"AVG":0.24242424242424243,"MAX":0.2909090909090909,"MAXIMUM_LENGTH":78.0,"LONGEST_MATCH":9.0},"matches":[{"firstFileName":"EMIR_KEREM_ISILDAR/LinkedListQuestions.cpp","secondFileName":"BERKE_TURKBAY/LinkedListQuestions.cpp","startInFirst":{"line":40,"column":1,"tokenListIndex":33},"endInFirst":{"line":48,"column":11,"tokenListIndex":41},"startInSecond":{"line":32,"column":1,"tokenListIndex":22},"endInSecond":{"line":39,"column":8,"tokenListIndex":30},"lengthOfFirst":9,"lengthOfSecond":9},{"firstFileName":"EMIR_KEREM_ISILDAR/LinkedListQuestions.cpp","secondFileName":"BERKE_TURKBAY/LinkedListQuestions.cpp","startInFirst":{"line":24,"column":0,"tokenListIndex":18},"endInFirst":{"line":30,"column":11,"tokenListIndex":24},"startInSecond":{"line":19,"column":0,"tokenListIndex":10},"endInSecond":{"line":25,"column":8,"tokenListIndex":16},"lengthOfFirst":7,"lengthOfSecond":7}],"firstSimilarity":0.2909090909090909,"secondSimilarity":0.2077922077922078}