{"firstSubmissionId":"EMIR_KEREM_ISILDAR","secondSubmissionId":"MUHAMMED_EMIN_SEKER","similarities":{"AVG":0.45588235294117646,"MAX":0.5636363636363636,"MAXIMUM_LENGTH":82.0,"LONGEST_MATCH":11.0},"matches":[{"firstFileName":"EMIR_KEREM_ISILDAR/LinkedListQuestions.cpp","secondFileName":"MUHAMMED_EMIN_SEKER/LinkedListQuestions.cpp","startInFirst":{"line":10,"column":0,"tokenListIndex":0},"endInFirst":{"line":15,"column":11,"tokenListIndex":10},"startInSecond":{"line":45,"column":0,"tokenListIndex":39},"endInSecond":{"line":51,"column":8,"tokenListIndex":49},"lengthOfFirst":11,"lengthOfSecond":11},{"firstFileName":"EMIR_KEREM_ISILDAR/LinkedListQuestions.cpp","secondFileName":"MUHAMMED_EMIN_SEKER/LinkedListQuestions.cpp","startInFirst":{"line":22,"column":0,"tokenListIndex":17},"endInFirst":{"line":31,"column":11,"tokenListIndex":26},"startInSecond":{"line":18,"column":1,"tokenListIndex":13},"endInSecond":{"line":27,"column":8,"tokenListIndex":22},"lengthOfFirst":10,"lengthOfSecond":10},{"firstFileName":"EMIR_KEREM_ISILDAR/LinkedListQuestions.cpp","secondFileName":"MUHAMMED_EMIN_SEKER/LinkedListQuestions.cpp","startInFirst":{"line":37,"column":1,"tokenListIndex":31},"endInFirst":{"line":48,"column":4,"tokenListIndex":40},"startInSecond":{"line":56,"column":2,"tokenListIndex":56},"endInSecond":{"line":70,"column":8,"tokenListIndex":65},"lengthOfFirst":10,"lengthOfSecond":10}],"firstSimilarity":0.5636363636363636,"secondSimilarity":0.38271604938271603}