{"firstSubmissionId":"EMIR_KEREM_ISILDAR","secondSubmissionId":"MIRAY_DUYGULU","similarities":{"AVG":0.2602739726027397,"MAX":0.34545454545454546,"MAXIMUM_LENGTH":92.0,"LONGEST_MATCH":10.0},"matches":[{"firstFileName":"EMIR_KEREM_ISILDAR/LinkedListQuestions.cpp","secondFileName":"MIRAY_DUYGULU/LinkedListQuestions.cpp","startInFirst":{"line":22,"column":0,"tokenListIndex":17},"endInFirst":{"line":31,"column":11,"tokenListIndex":26},"startInSecond":{"line":21,"column":0,"tokenListIndex":16},"endInSecond":{"line":30,"column":8,"tokenListIndex":25},"lengthOfFirst":10,"lengthOfSecond":10},{"firstFileName":"EMIR_KEREM_ISILDAR/LinkedListQuestions.cpp","secondFileName":"MIRAY_DUYGULU/LinkedListQuestions.cpp","startInFirst":{"line":34,"column":11,"tokenListIndex":29},"endInFirst":{"line":46,"column":38,"tokenListIndex":37},"startInSecond":{"line":49,"column":2,"tokenListIndex":44},"endInSecond":{"line":58,"column":38,"tokenListIndex":52},"lengthOfFirst":9,"lengthOfSecond":9}],"firstSimilarity":0.34545454545454546,"secondSimilarity":0.2087912087912088}