{"firstSubmissionId":"EMIR_KEREM_ISILDAR","secondSubmissionId":"EDA_GUL_CETINEL","similarities":{"AVG":0.5037037037037037,"MAX":0.6181818181818182,"MAXIMUM_LENGTH":81.0,"LONGEST_MATCH":11.0},"matches":[{"firstFileName":"EMIR_KEREM_ISILDAR/LinkedListQuestions.cpp","secondFileName":"EDA_GUL_CETINEL/lab1.cpp","startInFirst":{"line":10,"column":0,"tokenListIndex":0},"endInFirst":{"line":15,"column":11,"tokenListIndex":10},"startInSecond":{"line":9,"column":0,"tokenListIndex":0},"endInSecond":{"line":13,"column":11,"tokenListIndex":10},"lengthOfFirst":11,"lengthOfSecond":11},{"firstFileName":"EMIR_KEREM_ISILDAR/LinkedListQuestions.cpp","secondFileName":"EDA_GUL_CETINEL/lab1.cpp","startInFirst":{"line":38,"column":1,"tokenListIndex":32},"endInFirst":{"line":48,"column":4,"tokenListIndex":40},"startInSecond":{"line":64,"column":8,"tokenListIndex":55},"endInSecond":{"line":74,"column":11,"tokenListIndex":63},"lengthOfFirst":9,"lengthOfSecond":9},{"firstFileName":"EMIR_KEREM_ISILDAR/LinkedListQuestions.cpp","secondFileName":"EDA_GUL_CETINEL/lab1.cpp","startInFirst":{"line":22,"column":0,"tokenListIndex":17},"endInFirst":{"line":30,"column":11,"tokenListIndex":24},"startInSecond":{"line":20,"column":4,"tokenListIndex":17},"endInSecond":{"line":28,"column":11,"tokenListIndex":24},"lengthOfFirst":8,"lengthOfSecond":8},{"firstFileName":"EMIR_KEREM_ISILDAR/LinkedListQuestions.cpp","secondFileName":"EDA_GUL_CETINEL/lab1.cpp","startInFirst":{"line":56,"column":8,"tokenListIndex":48},"endInFirst":{"line":67,"column":47,"tokenListIndex":53},"startInSecond":{"line":42,"column":8,"tokenListIndex":35},"endInSecond":{"line":50,"column":38,"tokenListIndex":40},"lengthOfFirst":6,"lengthOfSecond":6}],"firstSimilarity":0.6181818181818182,"secondSimilarity":0.425}