{"firstSubmissionId":"EMIR_KEREM_ISILDAR","secondSubmissionId":"NEVZAT_OGUZHAN_TOPUZ","similarities":{"AVG":0.2413793103448276,"MAX":0.2545454545454545,"MAXIMUM_LENGTH":62.0,"LONGEST_MATCH":8.0},"matches":[{"firstFileName":"EMIR_KEREM_ISILDAR/LinkedListQuestions.cpp","secondFileName":"NEVZAT_OGUZHAN_TOPUZ/LinkedListQuestions.cpp","startInFirst":{"line":46,"column":0,"tokenListIndex":35},"endInFirst":{"line":49,"column":4,"tokenListIndex":42},"startInSecond":{"line":9,"column":0,"tokenListIndex":0},"endInSecond":{"line":12,"column":1,"tokenListIndex":7},"lengthOfFirst":8,"lengthOfSecond":8},{"firstFileName":"EMIR_KEREM_ISILDAR/LinkedListQuestions.cpp","secondFileName":"NEVZAT_OGUZHAN_TOPUZ/LinkedListQuestions.cpp","startInFirst":{"line":21,"column":4,"tokenListIndex":16},"endInFirst":{"line":29,"column":4,"tokenListIndex":21},"startInSecond":{"line":39,"column":1,"tokenListIndex":30},"endInSecond":{"line":48,"column":38,"tokenListIndex":35},"lengthOfFirst":6,"lengthOfSecond":6}],"firstSimilarity":0.2545454545454545,"secondSimilarity":0.22950819672131148}