{"firstSubmissionId":"EMIR_KEREM_ISILDAR","secondSubmissionId":"BEGUM_HAMARAT","similarities":{"AVG":0.3235294117647059,"MAX":0.4,"MAXIMUM_LENGTH":82.0,"LONGEST_MATCH":9.0},"matches":[{"firstFileName":"EMIR_KEREM_ISILDAR/LinkedListQuestions.cpp","secondFileName":"BEGUM_HAMARAT/LinkedListQuestions.cpp","startInFirst":{"line":37,"column":1,"tokenListIndex":31},"endInFirst":{"line":47,"column":11,"tokenListIndex":39},"startInSecond":{"line":48,"column":3,"tokenListIndex":32},"endInSecond":{"line":61,"column":5,"tokenListIndex":40},"lengthOfFirst":9,"lengthOfSecond":9},{"firstFileName":"EMIR_KEREM_ISILDAR/LinkedListQuestions.cpp","secondFileName":"BEGUM_HAMARAT/LinkedListQuestions.cpp","startInFirst":{"line":30,"column":4,"tokenListIndex":23},"endInFirst":{"line":34,"column":11,"tokenListIndex":29},"startInSecond":{"line":69,"column":1,"tokenListIndex":47},"endInSecond":{"line":75,"column":2,"tokenListIndex":53},"lengthOfFirst":7,"lengthOfSecond":7},{"firstFileName":"EMIR_KEREM_ISILDAR/LinkedListQuestions.cpp","secondFileName":"BEGUM_HAMARAT/LinkedListQuestions.cpp","startInFirst":{"line":12,"column":8,"tokenListIndex":5},"endInFirst":{"line":15,"column":11,"tokenListIndex":10},"startInSecond":{"line":30,"column":2,"tokenListIndex":18},"endInSecond":{"line":33,"column":6,"tokenListIndex":23},"lengthOfFirst":6,"lengthOfSecond":6}],"firstSimilarity":0.4,"secondSimilarity":0.2716049382716049}