{"firstSubmissionId":"EMIR_KEREM_ISILDAR","secondSubmissionId":"EGE_KARTAL","similarities":{"AVG":0.3157894736842105,"MAX":0.43636363636363634,"MAXIMUM_LENGTH":98.0,"LONGEST_MATCH":12.0},"matches":[{"firstFileName":"EMIR_KEREM_ISILDAR/LinkedListQuestions.cpp","secondFileName":"EGE_KARTAL/lab1_Ege_Kartal_20230702121.cpp","startInFirst":{"line":31,"column":11,"tokenListIndex":26},"endInFirst":{"line":46,"column":38,"tokenListIndex":37},"startInSecond":{"line":36,"column":1,"tokenListIndex":33},"endInSecond":{"line":51,"column":38,"tokenListIndex":44},"lengthOfFirst":12,"lengthOfSecond":12},{"firstFileName":"EMIR_KEREM_ISILDAR/LinkedListQuestions.cpp","secondFileName":"EGE_KARTAL/lab1_Ege_Kartal_20230702121.cpp","startInFirst":{"line":12,"column":8,"tokenListIndex":5},"endInFirst":{"line":15,"column":11,"tokenListIndex":10},"startInSecond":{"line":25,"column":23,"tokenListIndex":21},"endInSecond":{"line":27,"column":8,"tokenListIndex":26},"lengthOfFirst":6,"lengthOfSecond":6},{"firstFileName":"EMIR_KEREM_ISILDAR/LinkedListQuestions.cpp","secondFileName":"EGE_KARTAL/lab1_Ege_Kartal_20230702121.cpp","startInFirst":{"line":28,"column":18,"tokenListIndex":20},"endInFirst":{"line":31,"column":4,"tokenListIndex":25},"startInSecond":{"line":72,"column":47,"tokenListIndex":67},"endInSecond":{"line":78,"column":5,"tokenListIndex":72},"lengthOfFirst":6,"lengthOfSecond":6}],"firstSimilarity":0.43636363636363634,"secondSimilarity":0.24742268041237114}