{"firstSubmissionId":"EYLUL_PIRINCAL","secondSubmissionId":"SEVKET_YESILPEKMEZ","similarities":{"AVG":0.34146341463414637,"MAX":0.4117647058823529,"MAXIMUM_LENGTH":49.0,"LONGEST_MATCH":7.0},"matches":[{"firstFileName":"EYLUL_PIRINCAL/LinkedListQuestions.cpp","secondFileName":"SEVKET_YESILPEKMEZ/sevket_yesilpekmez.cpp","startInFirst":{"line":16,"column":9,"tokenListIndex":10},"endInFirst":{"line":27,"column":18,"tokenListIndex":16},"startInSecond":{"line":14,"column":12,"tokenListIndex":7},"endInSecond":{"line":24,"column":18,"tokenListIndex":13},"lengthOfFirst":7,"lengthOfSecond":7},{"firstFileName":"EYLUL_PIRINCAL/LinkedListQuestions.cpp","secondFileName":"SEVKET_YESILPEKMEZ/sevket_yesilpekmez.cpp","startInFirst":{"line":45,"column":0,"tokenListIndex":24},"endInFirst":{"line":53,"column":1,"tokenListIndex":30},"startInSecond":{"line":43,"column":0,"tokenListIndex":23},"endInSecond":{"line":50,"column":1,"tokenListIndex":29},"lengthOfFirst":7,"lengthOfSecond":7}],"firstSimilarity":0.4117647058823529,"secondSimilarity":0.2916666666666667}