{"firstSubmissionId":"EYLUL_PIRINCAL","secondSubmissionId":"EMIR_KEREM_ISILDAR","similarities":{"AVG":0.29213483146067415,"MAX":0.38235294117647056,"MAXIMUM_LENGTH":56.0,"LONGEST_MATCH":7.0},"matches":[{"firstFileName":"EYLUL_PIRINCAL/LinkedListQuestions.cpp","secondFileName":"EMIR_KEREM_ISILDAR/LinkedListQuestions.cpp","startInFirst":{"line":9,"column":0,"tokenListIndex":0},"endInFirst":{"line":12,"column":11,"tokenListIndex":6},"startInSecond":{"line":46,"column":0,"tokenListIndex":35},"endInSecond":{"line":48,"column":11,"tokenListIndex":41},"lengthOfFirst":7,"lengthOfSecond":7},{"firstFileName":"EYLUL_PIRINCAL/LinkedListQuestions.cpp","secondFileName":"EMIR_KEREM_ISILDAR/LinkedListQuestions.cpp","startInFirst":{"line":19,"column":4,"tokenListIndex":13},"endInFirst":{"line":31,"column":11,"tokenListIndex":18},"startInSecond":{"line":22,"column":0,"tokenListIndex":17},"endInSecond":{"line":29,"column":11,"tokenListIndex":22},"lengthOfFirst":6,"lengthOfSecond":6}],"firstSimilarity":0.38235294117647056,"secondSimilarity":0.23636363636363636}