{"firstSubmissionId":"EYLUL_PIRINCAL","secondSubmissionId":"ISMAIL_ERIM_ATAKTURK","similarities":{"AVG":0.23448275862068965,"MAX":0.5,"MAXIMUM_LENGTH":112.0,"LONGEST_MATCH":10.0},"matches":[{"firstFileName":"EYLUL_PIRINCAL/LinkedListQuestions.cpp","secondFileName":"ISMAIL_ERIM_ATAKTURK/LinkedListQuestions.cpp","startInFirst":{"line":9,"column":0,"tokenListIndex":0},"endInFirst":{"line":15,"column":9,"tokenListIndex":9},"startInSecond":{"line":7,"column":0,"tokenListIndex":0},"endInSecond":{"line":12,"column":12,"tokenListIndex":9},"lengthOfFirst":10,"lengthOfSecond":10},{"firstFileName":"EYLUL_PIRINCAL/LinkedListQuestions.cpp","secondFileName":"ISMAIL_ERIM_ATAKTURK/LinkedListQuestions.cpp","startInFirst":{"line":18,"column":4,"tokenListIndex":12},"endInFirst":{"line":31,"column":11,"tokenListIndex":18},"startInSecond":{"line":14,"column":4,"tokenListIndex":12},"endInSecond":{"line":21,"column":8,"tokenListIndex":18},"lengthOfFirst":7,"lengthOfSecond":7}],"firstSimilarity":0.5,"secondSimilarity":0.15315315315315314}