{"firstSubmissionId":"EYLUL_PIRINCAL","secondSubmissionId":"EDA_GUL_CETINEL","similarities":{"AVG":0.24561403508771928,"MAX":0.4117647058823529,"MAXIMUM_LENGTH":81.0,"LONGEST_MATCH":7.0},"matches":[{"firstFileName":"EYLUL_PIRINCAL/LinkedListQuestions.cpp","secondFileName":"EDA_GUL_CETINEL/lab1.cpp","startInFirst":{"line":11,"column":1,"tokenListIndex":3},"endInFirst":{"line":15,"column":9,"tokenListIndex":9},"startInSecond":{"line":12,"column":4,"tokenListIndex":7},"endInSecond":{"line":17,"column":12,"tokenListIndex":13},"lengthOfFirst":7,"lengthOfSecond":7},{"firstFileName":"EYLUL_PIRINCAL/LinkedListQuestions.cpp","secondFileName":"EDA_GUL_CETINEL/lab1.cpp","startInFirst":{"line":18,"column":4,"tokenListIndex":12},"endInFirst":{"line":31,"column":11,"tokenListIndex":18},"startInSecond":{"line":19,"column":4,"tokenListIndex":16},"endInSecond":{"line":27,"column":11,"tokenListIndex":22},"lengthOfFirst":7,"lengthOfSecond":7}],"firstSimilarity":0.4117647058823529,"secondSimilarity":0.175}