{"firstSubmissionId":"EYLUL_PIRINCAL","secondSubmissionId":"BORA_YALCIN","similarities":{"AVG":0.3238095238095238,"MAX":0.5,"MAXIMUM_LENGTH":72.0,"LONGEST_MATCH":10.0},"matches":[{"firstFileName":"EYLUL_PIRINCAL/LinkedListQuestions.cpp","secondFileName":"BORA_YALCIN/LinkedListQuestions.cpp","startInFirst":{"line":9,"column":0,"tokenListIndex":0},"endInFirst":{"line":15,"column":9,"tokenListIndex":9},"startInSecond":{"line":9,"column":0,"tokenListIndex":0},"endInSecond":{"line":13,"column":27,"tokenListIndex":9},"lengthOfFirst":10,"lengthOfSecond":10},{"firstFileName":"EYLUL_PIRINCAL/LinkedListQuestions.cpp","secondFileName":"BORA_YALCIN/LinkedListQuestions.cpp","startInFirst":{"line":18,"column":4,"tokenListIndex":12},"endInFirst":{"line":31,"column":11,"tokenListIndex":18},"startInSecond":{"line":15,"column":1,"tokenListIndex":12},"endInSecond":{"line":22,"column":8,"tokenListIndex":18},"lengthOfFirst":7,"lengthOfSecond":7}],"firstSimilarity":0.5,"secondSimilarity":0.23943661971830985}