{"firstSubmissionId":"EYLUL_PIRINCAL","secondSubmissionId":"MIRAY_DUYGULU","similarities":{"AVG":0.24,"MAX":0.4411764705882353,"MAXIMUM_LENGTH":92.0,"LONGEST_MATCH":8.0},"matches":[{"firstFileName":"EYLUL_PIRINCAL/LinkedListQuestions.cpp","secondFileName":"MIRAY_DUYGULU/LinkedListQuestions.cpp","startInFirst":{"line":11,"column":1,"tokenListIndex":3},"endInFirst":{"line":16,"column":9,"tokenListIndex":10},"startInSecond":{"line":28,"column":1,"tokenListIndex":24},"endInSecond":{"line":38,"column":3,"tokenListIndex":31},"lengthOfFirst":8,"lengthOfSecond":8},{"firstFileName":"EYLUL_PIRINCAL/LinkedListQuestions.cpp","secondFileName":"MIRAY_DUYGULU/LinkedListQuestions.cpp","startInFirst":{"line":18,"column":4,"tokenListIndex":12},"endInFirst":{"line":31,"column":11,"tokenListIndex":18},"startInSecond":{"line":20,"column":0,"tokenListIndex":15},"endInSecond":{"line":27,"column":8,"tokenListIndex":21},"lengthOfFirst":7,"lengthOfSecond":7}],"firstSimilarity":0.4411764705882353,"secondSimilarity":0.16483516483516483}