{"firstSubmissionId":"EYLUL_PIRINCAL","secondSubmissionId":"BEGUM_HAMARAT","similarities":{"AVG":0.2956521739130435,"MAX":0.5,"MAXIMUM_LENGTH":82.0,"LONGEST_MATCH":10.0},"matches":[{"firstFileName":"EYLUL_PIRINCAL/LinkedListQuestions.cpp","secondFileName":"BEGUM_HAMARAT/LinkedListQuestions.cpp","startInFirst":{"line":9,"column":0,"tokenListIndex":0},"endInFirst":{"line":15,"column":9,"tokenListIndex":9},"startInSecond":{"line":9,"column":0,"tokenListIndex":0},"endInSecond":{"line":16,"column":2,"tokenListIndex":9},"lengthOfFirst":10,"lengthOfSecond":10},{"firstFileName":"EYLUL_PIRINCAL/LinkedListQuestions.cpp","secondFileName":"BEGUM_HAMARAT/LinkedListQuestions.cpp","startInFirst":{"line":45,"column":0,"tokenListIndex":24},"endInFirst":{"line":53,"column":1,"tokenListIndex":30},"startInSecond":{"line":102,"column":0,"tokenListIndex":67},"endInSecond":{"line":114,"column":7,"tokenListIndex":73},"lengthOfFirst":7,"lengthOfSecond":7}],"firstSimilarity":0.5,"secondSimilarity":0.20987654320987653}