{"firstSubmissionId":"EYLUL_PIRINCAL","secondSubmissionId":"MEHMET_EREN_GUNER","similarities":{"AVG":0.19444444444444445,"MAX":0.20588235294117646,"MAXIMUM_LENGTH":39.0,"LONGEST_MATCH":7.0},"matches":[{"firstFileName":"EYLUL_PIRINCAL/LinkedListQuestions.cpp","secondFileName":"MEHMET_EREN_GUNER/LinkedListQuestions.cpp","startInFirst":{"line":9,"column":0,"tokenListIndex":0},"endInFirst":{"line":12,"column":11,"tokenListIndex":6},"startInSecond":{"line":9,"column":0,"tokenListIndex":0},"endInSecond":{"line":11,"column":9,"tokenListIndex":6},"lengthOfFirst":7,"lengthOfSecond":7}],"firstSimilarity":0.20588235294117646,"secondSimilarity":0.18421052631578946}