{"firstSubmissionId":"EYLUL_PIRINCAL","secondSubmissionId":"EGE_KARTAL","similarities":{"AVG":0.2595419847328244,"MAX":0.5,"MAXIMUM_LENGTH":98.0,"LONGEST_MATCH":10.0},"matches":[{"firstFileName":"EYLUL_PIRINCAL/LinkedListQuestions.cpp","secondFileName":"EGE_KARTAL/lab1_Ege_Kartal_20230702121.cpp","startInFirst":{"line":9,"column":0,"tokenListIndex":0},"endInFirst":{"line":15,"column":9,"tokenListIndex":9},"startInSecond":{"line":9,"column":0,"tokenListIndex":0},"endInSecond":{"line":15,"column":3,"tokenListIndex":9},"lengthOfFirst":10,"lengthOfSecond":10},{"firstFileName":"EYLUL_PIRINCAL/LinkedListQuestions.cpp","secondFileName":"EGE_KARTAL/lab1_Ege_Kartal_20230702121.cpp","startInFirst":{"line":45,"column":0,"tokenListIndex":24},"endInFirst":{"line":53,"column":1,"tokenListIndex":30},"startInSecond":{"line":47,"column":0,"tokenListIndex":41},"endInSecond":{"line":52,"column":19,"tokenListIndex":47},"lengthOfFirst":7,"lengthOfSecond":7}],"firstSimilarity":0.5,"secondSimilarity":0.17525773195876287}