{"firstSubmissionId":"EYLUL_PIRINCAL","secondSubmissionId":"BERKE_TURKBAY","similarities":{"AVG":0.1981981981981982,"MAX":0.3235294117647059,"MAXIMUM_LENGTH":78.0,"LONGEST_MATCH":11.0},"matches":[{"firstFileName":"EYLUL_PIRINCAL/LinkedListQuestions.cpp","secondFileName":"BERKE_TURKBAY/LinkedListQuestions.cpp","startInFirst":{"line":9,"column":51,"tokenListIndex":2},"endInFirst":{"line":18,"column":4,"tokenListIndex":12},"startInSecond":{"line":23,"column":18,"tokenListIndex":12},"endInSecond":{"line":32,"column":1,"tokenListIndex":22},"lengthOfFirst":11,"lengthOfSecond":11}],"firstSimilarity":0.3235294117647059,"secondSimilarity":0.14285714285714285}