{"firstSubmissionId":"EYLUL_PIRINCAL","secondSubmissionId":"HASAN_ZAFER_BILIR","similarities":{"AVG":0.4,"MAX":0.5294117647058824,"MAXIMUM_LENGTH":57.0,"LONGEST_MATCH":10.0},"matches":[{"firstFileName":"EYLUL_PIRINCAL/LinkedListQuestions.cpp","secondFileName":"HASAN_ZAFER_BILIR/HasanZaferbilir.cpp.cpp","startInFirst":{"line":9,"column":0,"tokenListIndex":0},"endInFirst":{"line":15,"column":9,"tokenListIndex":9},"startInSecond":{"line":9,"column":0,"tokenListIndex":0},"endInSecond":{"line":16,"column":5,"tokenListIndex":9},"lengthOfFirst":10,"lengthOfSecond":10},{"firstFileName":"EYLUL_PIRINCAL/LinkedListQuestions.cpp","secondFileName":"HASAN_ZAFER_BILIR/HasanZaferbilir.cpp.cpp","startInFirst":{"line":17,"column":2,"tokenListIndex":11},"endInFirst":{"line":31,"column":11,"tokenListIndex":18},"startInSecond":{"line":17,"column":4,"tokenListIndex":10},"endInSecond":{"line":27,"column":8,"tokenListIndex":17},"lengthOfFirst":8,"lengthOfSecond":8}],"firstSimilarity":0.5294117647058824,"secondSimilarity":0.32142857142857145}