{"firstSubmissionId":"EYLUL_PIRINCAL","secondSubmissionId":"MUHAMMED_EMIN_SEKER","similarities":{"AVG":0.2956521739130435,"MAX":0.5,"MAXIMUM_LENGTH":82.0,"LONGEST_MATCH":10.0},"matches":[{"firstFileName":"EYLUL_PIRINCAL/LinkedListQuestions.cpp","secondFileName":"MUHAMMED_EMIN_SEKER/LinkedListQuestions.cpp","startInFirst":{"line":9,"column":0,"tokenListIndex":0},"endInFirst":{"line":15,"column":9,"tokenListIndex":9},"startInSecond":{"line":9,"column":0,"tokenListIndex":0},"endInSecond":{"line":14,"column":3,"tokenListIndex":9},"lengthOfFirst":10,"lengthOfSecond":10},{"firstFileName":"EYLUL_PIRINCAL/LinkedListQuestions.cpp","secondFileName":"MUHAMMED_EMIN_SEKER/LinkedListQuestions.cpp","startInFirst":{"line":18,"column":4,"tokenListIndex":12},"endInFirst":{"line":31,"column":11,"tokenListIndex":18},"startInSecond":{"line":17,"column":1,"tokenListIndex":12},"endInSecond":{"line":24,"column":8,"tokenListIndex":18},"lengthOfFirst":7,"lengthOfSecond":7}],"firstSimilarity":0.5,"secondSimilarity":0.20987654320987653}