{"firstSubmissionId":"EYLUL_PIRINCAL","secondSubmissionId":"ELIF_NAZ_TURAN","similarities":{"AVG":0.20454545454545456,"MAX":0.2647058823529412,"MAXIMUM_LENGTH":55.0,"LONGEST_MATCH":9.0},"matches":[{"firstFileName":"EYLUL_PIRINCAL/LinkedListQuestions.cpp","secondFileName":"ELIF_NAZ_TURAN/LinkedListQuestions.cpp","startInFirst":{"line":19,"column":4,"tokenListIndex":13},"endInFirst":{"line":40,"column":1,"tokenListIndex":21},"startInSecond":{"line":24,"column":0,"tokenListIndex":13},"endInSecond":{"line":37,"column":0,"tokenListIndex":21},"lengthOfFirst":9,"lengthOfSecond":9}],"firstSimilarity":0.2647058823529412,"secondSimilarity":0.16666666666666666}