{"firstSubmissionId":"FATIH_KAGAN_CEBI","secondSubmissionId":"BERKE_TURKBAY","similarities":{"AVG":0.1188118811881188,"MAX":0.25,"MAXIMUM_LENGTH":78.0,"LONGEST_MATCH":6.0},"matches":[{"firstFileName":"FATIH_KAGAN_CEBI/LinkedListQuestions.cpp","secondFileName":"BERKE_TURKBAY/LinkedListQuestions.cpp","startInFirst":{"line":33,"column":2,"tokenListIndex":18},"endInFirst":{"line":40,"column":2,"tokenListIndex":23},"startInSecond":{"line":50,"column":1,"tokenListIndex":42},"endInSecond":{"line":56,"column":0,"tokenListIndex":47},"lengthOfFirst":6,"lengthOfSecond":6}],"firstSimilarity":0.25,"secondSimilarity":0.07792207792207792}