{"firstSubmissionId":"FATIH_KAGAN_CEBI","secondSubmissionId":"EYLUL_PIRINCAL","similarities":{"AVG":0.2413793103448276,"MAX":0.2916666666666667,"MAXIMUM_LENGTH":35.0,"LONGEST_MATCH":7.0},"matches":[{"firstFileName":"FATIH_KAGAN_CEBI/LinkedListQuestions.cpp","secondFileName":"EYLUL_PIRINCAL/LinkedListQuestions.cpp","startInFirst":{"line":15,"column":1,"tokenListIndex":7},"endInFirst":{"line":23,"column":2,"tokenListIndex":13},"startInSecond":{"line":45,"column":0,"tokenListIndex":24},"endInSecond":{"line":53,"column":1,"tokenListIndex":30},"lengthOfFirst":7,"lengthOfSecond":7}],"firstSimilarity":0.2916666666666667,"secondSimilarity":0.20588235294117646}