{"firstSubmissionId":"FATIH_KAGAN_CEBI","secondSubmissionId":"SEVKET_YESILPEKMEZ","similarities":{"AVG":0.19444444444444445,"MAX":0.2916666666666667,"MAXIMUM_LENGTH":49.0,"LONGEST_MATCH":7.0},"matches":[{"firstFileName":"FATIH_KAGAN_CEBI/LinkedListQuestions.cpp","secondFileName":"SEVKET_YESILPEKMEZ/sevket_yesilpekmez.cpp","startInFirst":{"line":15,"column":1,"tokenListIndex":7},"endInFirst":{"line":23,"column":2,"tokenListIndex":13},"startInSecond":{"line":43,"column":0,"tokenListIndex":23},"endInSecond":{"line":50,"column":1,"tokenListIndex":29},"lengthOfFirst":7,"lengthOfSecond":7}],"firstSimilarity":0.2916666666666667,"secondSimilarity":0.14583333333333334}