{"firstSubmissionId":"FATIH_KAGAN_CEBI","secondSubmissionId":"EGE_KARTAL","similarities":{"AVG":0.11570247933884298,"MAX":0.2916666666666667,"MAXIMUM_LENGTH":98.0,"LONGEST_MATCH":7.0},"matches":[{"firstFileName":"FATIH_KAGAN_CEBI/LinkedListQuestions.cpp","secondFileName":"EGE_KARTAL/lab1_Ege_Kartal_20230702121.cpp","startInFirst":{"line":15,"column":1,"tokenListIndex":7},"endInFirst":{"line":23,"column":2,"tokenListIndex":13},"startInSecond":{"line":47,"column":0,"tokenListIndex":41},"endInSecond":{"line":52,"column":19,"tokenListIndex":47},"lengthOfFirst":7,"lengthOfSecond":7}],"firstSimilarity":0.2916666666666667,"secondSimilarity":0.07216494845360824}