{"firstSubmissionId":"FATIH_KAGAN_CEBI","secondSubmissionId":"BEGUM_HAMARAT","similarities":{"AVG":0.13333333333333333,"MAX":0.2916666666666667,"MAXIMUM_LENGTH":82.0,"LONGEST_MATCH":7.0},"matches":[{"firstFileName":"FATIH_KAGAN_CEBI/LinkedListQuestions.cpp","secondFileName":"BEGUM_HAMARAT/LinkedListQuestions.cpp","startInFirst":{"line":15,"column":1,"tokenListIndex":7},"endInFirst":{"line":23,"column":2,"tokenListIndex":13},"startInSecond":{"line":102,"column":0,"tokenListIndex":67},"endInSecond":{"line":114,"column":7,"tokenListIndex":73},"lengthOfFirst":7,"lengthOfSecond":7}],"firstSimilarity":0.2916666666666667,"secondSimilarity":0.08641975308641975}