{"firstSubmissionId":"HASAN_ZAFER_BILIR","secondSubmissionId":"BERKE_TURKBAY","similarities":{"AVG":0.49624060150375937,"MAX":0.5892857142857143,"MAXIMUM_LENGTH":78.0,"LONGEST_MATCH":10.0},"matches":[{"firstFileName":"HASAN_ZAFER_BILIR/HasanZaferbilir.cpp.cpp","secondFileName":"BERKE_TURKBAY/LinkedListQuestions.cpp","startInFirst":{"line":9,"column":0,"tokenListIndex":0},"endInFirst":{"line":16,"column":5,"tokenListIndex":9},"startInSecond":{"line":60,"column":0,"tokenListIndex":48},"endInSecond":{"line":65,"column":2,"tokenListIndex":57},"lengthOfFirst":10,"lengthOfSecond":10},{"firstFileName":"HASAN_ZAFER_BILIR/HasanZaferbilir.cpp.cpp","secondFileName":"BERKE_TURKBAY/LinkedListQuestions.cpp","startInFirst":{"line":40,"column":1,"tokenListIndex":27},"endInFirst":{"line":49,"column":8,"tokenListIndex":35},"startInSecond":{"line":32,"column":1,"tokenListIndex":22},"endInSecond":{"line":39,"column":8,"tokenListIndex":30},"lengthOfFirst":9,"lengthOfSecond":9},{"firstFileName":"HASAN_ZAFER_BILIR/HasanZaferbilir.cpp.cpp","secondFileName":"BERKE_TURKBAY/LinkedListQuestions.cpp","startInFirst":{"line":21,"column":0,"tokenListIndex":13},"endInFirst":{"line":29,"column":8,"tokenListIndex":19},"startInSecond":{"line":19,"column":0,"tokenListIndex":10},"endInSecond":{"line":25,"column":8,"tokenListIndex":16},"lengthOfFirst":7,"lengthOfSecond":7},{"firstFileName":"HASAN_ZAFER_BILIR/HasanZaferbilir.cpp.cpp","secondFileName":"BERKE_TURKBAY/LinkedListQuestions.cpp","startInFirst":{"line":62,"column":0,"tokenListIndex":40},"endInFirst":{"line":68,"column":2,"tokenListIndex":46},"startInSecond":{"line":9,"column":0,"tokenListIndex":0},"endInSecond":{"line":13,"column":2,"tokenListIndex":6},"lengthOfFirst":7,"lengthOfSecond":7}],"firstSimilarity":0.5892857142857143,"secondSimilarity":0.42857142857142855}