{"firstSubmissionId":"HASAN_ZAFER_BILIR","secondSubmissionId":"EDA_GUL_CETINEL","similarities":{"AVG":0.38235294117647056,"MAX":0.4642857142857143,"MAXIMUM_LENGTH":81.0,"LONGEST_MATCH":9.0},"matches":[{"firstFileName":"HASAN_ZAFER_BILIR/HasanZaferbilir.cpp.cpp","secondFileName":"EDA_GUL_CETINEL/lab1.cpp","startInFirst":{"line":19,"column":3,"tokenListIndex":11},"endInFirst":{"line":29,"column":8,"tokenListIndex":19},"startInSecond":{"line":19,"column":4,"tokenListIndex":16},"endInSecond":{"line":28,"column":11,"tokenListIndex":24},"lengthOfFirst":9,"lengthOfSecond":9},{"firstFileName":"HASAN_ZAFER_BILIR/HasanZaferbilir.cpp.cpp","secondFileName":"EDA_GUL_CETINEL/lab1.cpp","startInFirst":{"line":39,"column":2,"tokenListIndex":26},"endInFirst":{"line":49,"column":1,"tokenListIndex":34},"startInSecond":{"line":64,"column":8,"tokenListIndex":55},"endInSecond":{"line":74,"column":11,"tokenListIndex":63},"lengthOfFirst":9,"lengthOfSecond":9},{"firstFileName":"HASAN_ZAFER_BILIR/HasanZaferbilir.cpp.cpp","secondFileName":"EDA_GUL_CETINEL/lab1.cpp","startInFirst":{"line":11,"column":1,"tokenListIndex":3},"endInFirst":{"line":17,"column":4,"tokenListIndex":10},"startInSecond":{"line":12,"column":4,"tokenListIndex":7},"endInSecond":{"line":17,"column":19,"tokenListIndex":14},"lengthOfFirst":8,"lengthOfSecond":8}],"firstSimilarity":0.4642857142857143,"secondSimilarity":0.325}