{"firstSubmissionId":"HASAN_ZAFER_BILIR","secondSubmissionId":"NEVZAT_OGUZHAN_TOPUZ","similarities":{"AVG":0.2222222222222222,"MAX":0.23214285714285715,"MAXIMUM_LENGTH":62.0,"LONGEST_MATCH":7.0},"matches":[{"firstFileName":"HASAN_ZAFER_BILIR/HasanZaferbilir.cpp.cpp","secondFileName":"NEVZAT_OGUZHAN_TOPUZ/LinkedListQuestions.cpp","startInFirst":{"line":9,"column":0,"tokenListIndex":0},"endInFirst":{"line":12,"column":8,"tokenListIndex":6},"startInSecond":{"line":9,"column":0,"tokenListIndex":0},"endInSecond":{"line":11,"column":5,"tokenListIndex":6},"lengthOfFirst":7,"lengthOfSecond":7},{"firstFileName":"HASAN_ZAFER_BILIR/HasanZaferbilir.cpp.cpp","secondFileName":"NEVZAT_OGUZHAN_TOPUZ/LinkedListQuestions.cpp","startInFirst":{"line":42,"column":0,"tokenListIndex":28},"endInFirst":{"line":48,"column":8,"tokenListIndex":33},"startInSecond":{"line":66,"column":0,"tokenListIndex":45},"endInSecond":{"line":71,"column":8,"tokenListIndex":50},"lengthOfFirst":6,"lengthOfSecond":6}],"firstSimilarity":0.23214285714285715,"secondSimilarity":0.21311475409836064}