{"firstSubmissionId":"HASAN_ZAFER_BILIR","secondSubmissionId":"ISMAIL_ERIM_ATAKTURK","similarities":{"AVG":0.39520958083832336,"MAX":0.5892857142857143,"MAXIMUM_LENGTH":112.0,"LONGEST_MATCH":11.0},"matches":[{"firstFileName":"HASAN_ZAFER_BILIR/HasanZaferbilir.cpp.cpp","secondFileName":"ISMAIL_ERIM_ATAKTURK/LinkedListQuestions.cpp","startInFirst":{"line":9,"column":0,"tokenListIndex":0},"endInFirst":{"line":17,"column":4,"tokenListIndex":10},"startInSecond":{"line":7,"column":0,"tokenListIndex":0},"endInSecond":{"line":12,"column":19,"tokenListIndex":10},"lengthOfFirst":11,"lengthOfSecond":11},{"firstFileName":"HASAN_ZAFER_BILIR/HasanZaferbilir.cpp.cpp","secondFileName":"ISMAIL_ERIM_ATAKTURK/LinkedListQuestions.cpp","startInFirst":{"line":37,"column":16,"tokenListIndex":25},"endInFirst":{"line":48,"column":8,"tokenListIndex":33},"startInSecond":{"line":39,"column":8,"tokenListIndex":36},"endInSecond":{"line":49,"column":8,"tokenListIndex":44},"lengthOfFirst":9,"lengthOfSecond":9},{"firstFileName":"HASAN_ZAFER_BILIR/HasanZaferbilir.cpp.cpp","secondFileName":"ISMAIL_ERIM_ATAKTURK/LinkedListQuestions.cpp","startInFirst":{"line":19,"column":3,"tokenListIndex":11},"endInFirst":{"line":27,"column":8,"tokenListIndex":17},"startInSecond":{"line":14,"column":4,"tokenListIndex":12},"endInSecond":{"line":21,"column":8,"tokenListIndex":18},"lengthOfFirst":7,"lengthOfSecond":7},{"firstFileName":"HASAN_ZAFER_BILIR/HasanZaferbilir.cpp.cpp","secondFileName":"ISMAIL_ERIM_ATAKTURK/LinkedListQuestions.cpp","startInFirst":{"line":58,"column":0,"tokenListIndex":39},"endInFirst":{"line":65,"column":8,"tokenListIndex":44},"startInSecond":{"line":71,"column":0,"tokenListIndex":68},"endInSecond":{"line":76,"column":8,"tokenListIndex":73},"lengthOfFirst":6,"lengthOfSecond":6}],"firstSimilarity":0.5892857142857143,"secondSimilarity":0.2972972972972973}