{"firstSubmissionId":"HASAN_ZAFER_BILIR","secondSubmissionId":"BORA_YALCIN","similarities":{"AVG":0.4409448818897638,"MAX":0.5,"MAXIMUM_LENGTH":72.0,"LONGEST_MATCH":11.0},"matches":[{"firstFileName":"HASAN_ZAFER_BILIR/HasanZaferbilir.cpp.cpp","secondFileName":"BORA_YALCIN/LinkedListQuestions.cpp","startInFirst":{"line":9,"column":0,"tokenListIndex":0},"endInFirst":{"line":17,"column":4,"tokenListIndex":10},"startInSecond":{"line":9,"column":0,"tokenListIndex":0},"endInSecond":{"line":13,"column":34,"tokenListIndex":10},"lengthOfFirst":11,"lengthOfSecond":11},{"firstFileName":"HASAN_ZAFER_BILIR/HasanZaferbilir.cpp.cpp","secondFileName":"BORA_YALCIN/LinkedListQuestions.cpp","startInFirst":{"line":19,"column":3,"tokenListIndex":11},"endInFirst":{"line":29,"column":8,"tokenListIndex":19},"startInSecond":{"line":15,"column":1,"tokenListIndex":12},"endInSecond":{"line":23,"column":8,"tokenListIndex":20},"lengthOfFirst":9,"lengthOfSecond":9},{"firstFileName":"HASAN_ZAFER_BILIR/HasanZaferbilir.cpp.cpp","secondFileName":"BORA_YALCIN/LinkedListQuestions.cpp","startInFirst":{"line":42,"column":0,"tokenListIndex":28},"endInFirst":{"line":49,"column":8,"tokenListIndex":35},"startInSecond":{"line":52,"column":0,"tokenListIndex":42},"endInSecond":{"line":61,"column":8,"tokenListIndex":49},"lengthOfFirst":8,"lengthOfSecond":8}],"firstSimilarity":0.5,"secondSimilarity":0.39436619718309857}