{"firstSubmissionId":"HASAN_ZAFER_BILIR","secondSubmissionId":"BEGUM_HAMARAT","similarities":{"AVG":0.3795620437956204,"MAX":0.4642857142857143,"MAXIMUM_LENGTH":82.0,"LONGEST_MATCH":11.0},"matches":[{"firstFileName":"HASAN_ZAFER_BILIR/HasanZaferbilir.cpp.cpp","secondFileName":"BEGUM_HAMARAT/LinkedListQuestions.cpp","startInFirst":{"line":9,"column":0,"tokenListIndex":0},"endInFirst":{"line":17,"column":4,"tokenListIndex":10},"startInSecond":{"line":9,"column":0,"tokenListIndex":0},"endInSecond":{"line":17,"column":1,"tokenListIndex":10},"lengthOfFirst":11,"lengthOfSecond":11},{"firstFileName":"HASAN_ZAFER_BILIR/HasanZaferbilir.cpp.cpp","secondFileName":"BEGUM_HAMARAT/LinkedListQuestions.cpp","startInFirst":{"line":37,"column":16,"tokenListIndex":25},"endInFirst":{"line":48,"column":8,"tokenListIndex":33},"startInSecond":{"line":48,"column":3,"tokenListIndex":32},"endInSecond":{"line":61,"column":5,"tokenListIndex":40},"lengthOfFirst":9,"lengthOfSecond":9},{"firstFileName":"HASAN_ZAFER_BILIR/HasanZaferbilir.cpp.cpp","secondFileName":"BEGUM_HAMARAT/LinkedListQuestions.cpp","startInFirst":{"line":28,"column":1,"tokenListIndex":18},"endInFirst":{"line":33,"column":1,"tokenListIndex":23},"startInSecond":{"line":32,"column":2,"tokenListIndex":20},"endInSecond":{"line":37,"column":2,"tokenListIndex":25},"lengthOfFirst":6,"lengthOfSecond":6}],"firstSimilarity":0.4642857142857143,"secondSimilarity":0.32098765432098764}