{"firstSubmissionId":"HASAN_ZAFER_BILIR","secondSubmissionId":"EGE_KARTAL","similarities":{"AVG":0.41830065359477125,"MAX":0.5714285714285714,"MAXIMUM_LENGTH":98.0,"LONGEST_MATCH":11.0},"matches":[{"firstFileName":"HASAN_ZAFER_BILIR/HasanZaferbilir.cpp.cpp","secondFileName":"EGE_KARTAL/lab1_Ege_Kartal_20230702121.cpp","startInFirst":{"line":9,"column":0,"tokenListIndex":0},"endInFirst":{"line":17,"column":4,"tokenListIndex":10},"startInSecond":{"line":9,"column":0,"tokenListIndex":0},"endInSecond":{"line":15,"column":10,"tokenListIndex":10},"lengthOfFirst":11,"lengthOfSecond":11},{"firstFileName":"HASAN_ZAFER_BILIR/HasanZaferbilir.cpp.cpp","secondFileName":"EGE_KARTAL/lab1_Ege_Kartal_20230702121.cpp","startInFirst":{"line":35,"column":13,"tokenListIndex":24},"endInFirst":{"line":46,"column":38,"tokenListIndex":31},"startInSecond":{"line":42,"column":13,"tokenListIndex":37},"endInSecond":{"line":51,"column":38,"tokenListIndex":44},"lengthOfFirst":8,"lengthOfSecond":8},{"firstFileName":"HASAN_ZAFER_BILIR/HasanZaferbilir.cpp.cpp","secondFileName":"EGE_KARTAL/lab1_Ege_Kartal_20230702121.cpp","startInFirst":{"line":27,"column":1,"tokenListIndex":16},"endInFirst":{"line":31,"column":1,"tokenListIndex":22},"startInSecond":{"line":26,"column":1,"tokenListIndex":23},"endInSecond":{"line":29,"column":11,"tokenListIndex":29},"lengthOfFirst":7,"lengthOfSecond":7},{"firstFileName":"HASAN_ZAFER_BILIR/HasanZaferbilir.cpp.cpp","secondFileName":"EGE_KARTAL/lab1_Ege_Kartal_20230702121.cpp","startInFirst":{"line":58,"column":0,"tokenListIndex":39},"endInFirst":{"line":65,"column":8,"tokenListIndex":44},"startInSecond":{"line":68,"column":0,"tokenListIndex":64},"endInSecond":{"line":73,"column":8,"tokenListIndex":69},"lengthOfFirst":6,"lengthOfSecond":6}],"firstSimilarity":0.5714285714285714,"secondSimilarity":0.32989690721649484}