{"firstSubmissionId":"HASAN_ZAFER_BILIR","secondSubmissionId":"MUHAMMED_EMIN_SEKER","similarities":{"AVG":0.46715328467153283,"MAX":0.5714285714285714,"MAXIMUM_LENGTH":82.0,"LONGEST_MATCH":11.0},"matches":[{"firstFileName":"HASAN_ZAFER_BILIR/HasanZaferbilir.cpp.cpp","secondFileName":"MUHAMMED_EMIN_SEKER/LinkedListQuestions.cpp","startInFirst":{"line":9,"column":0,"tokenListIndex":0},"endInFirst":{"line":17,"column":4,"tokenListIndex":10},"startInSecond":{"line":9,"column":0,"tokenListIndex":0},"endInSecond":{"line":15,"column":2,"tokenListIndex":10},"lengthOfFirst":11,"lengthOfSecond":11},{"firstFileName":"HASAN_ZAFER_BILIR/HasanZaferbilir.cpp.cpp","secondFileName":"MUHAMMED_EMIN_SEKER/LinkedListQuestions.cpp","startInFirst":{"line":19,"column":3,"tokenListIndex":11},"endInFirst":{"line":29,"column":8,"tokenListIndex":21},"startInSecond":{"line":17,"column":1,"tokenListIndex":12},"endInSecond":{"line":27,"column":8,"tokenListIndex":22},"lengthOfFirst":11,"lengthOfSecond":11},{"firstFileName":"HASAN_ZAFER_BILIR/HasanZaferbilir.cpp.cpp","secondFileName":"MUHAMMED_EMIN_SEKER/LinkedListQuestions.cpp","startInFirst":{"line":37,"column":16,"tokenListIndex":25},"endInFirst":{"line":49,"column":1,"tokenListIndex":34},"startInSecond":{"line":56,"column":2,"tokenListIndex":56},"endInSecond":{"line":70,"column":8,"tokenListIndex":65},"lengthOfFirst":10,"lengthOfSecond":10}],"firstSimilarity":0.5714285714285714,"secondSimilarity":0.3950617283950617}