{"firstSubmissionId":"HASAN_ZAFER_BILIR","secondSubmissionId":"MIRAY_DUYGULU","similarities":{"AVG":0.43537414965986393,"MAX":0.5714285714285714,"MAXIMUM_LENGTH":92.0,"LONGEST_MATCH":11.0},"matches":[{"firstFileName":"HASAN_ZAFER_BILIR/HasanZaferbilir.cpp.cpp","secondFileName":"MIRAY_DUYGULU/LinkedListQuestions.cpp","startInFirst":{"line":19,"column":3,"tokenListIndex":11},"endInFirst":{"line":29,"column":8,"tokenListIndex":21},"startInSecond":{"line":20,"column":0,"tokenListIndex":15},"endInSecond":{"line":30,"column":8,"tokenListIndex":25},"lengthOfFirst":11,"lengthOfSecond":11},{"firstFileName":"HASAN_ZAFER_BILIR/HasanZaferbilir.cpp.cpp","secondFileName":"MIRAY_DUYGULU/LinkedListQuestions.cpp","startInFirst":{"line":35,"column":13,"tokenListIndex":24},"endInFirst":{"line":46,"column":38,"tokenListIndex":31},"startInSecond":{"line":50,"column":2,"tokenListIndex":45},"endInSecond":{"line":58,"column":38,"tokenListIndex":52},"lengthOfFirst":8,"lengthOfSecond":8},{"firstFileName":"HASAN_ZAFER_BILIR/HasanZaferbilir.cpp.cpp","secondFileName":"MIRAY_DUYGULU/LinkedListQuestions.cpp","startInFirst":{"line":9,"column":0,"tokenListIndex":0},"endInFirst":{"line":12,"column":8,"tokenListIndex":6},"startInSecond":{"line":9,"column":0,"tokenListIndex":0},"endInSecond":{"line":11,"column":4,"tokenListIndex":6},"lengthOfFirst":7,"lengthOfSecond":7},{"firstFileName":"HASAN_ZAFER_BILIR/HasanZaferbilir.cpp.cpp","secondFileName":"MIRAY_DUYGULU/LinkedListQuestions.cpp","startInFirst":{"line":58,"column":0,"tokenListIndex":39},"endInFirst":{"line":65,"column":8,"tokenListIndex":44},"startInSecond":{"line":75,"column":0,"tokenListIndex":70},"endInSecond":{"line":81,"column":8,"tokenListIndex":75},"lengthOfFirst":6,"lengthOfSecond":6}],"firstSimilarity":0.5714285714285714,"secondSimilarity":0.3516483516483517}