{"firstSubmissionId":"HATICE_SENA_SES","secondSubmissionId":"SEVKET_YESILPEKMEZ","similarities":{"AVG":0.16666666666666666,"MAX":0.25,"MAXIMUM_LENGTH":49.0,"LONGEST_MATCH":6.0},"matches":[{"firstFileName":"HATICE_SENA_SES/HaticeSenaSes-Labwork1.cpp","secondFileName":"SEVKET_YESILPEKMEZ/sevket_yesilpekmez.cpp","startInFirst":{"line":13,"column":1,"tokenListIndex":5},"endInFirst":{"line":17,"column":3,"tokenListIndex":10},"startInSecond":{"line":25,"column":1,"tokenListIndex":14},"endInSecond":{"line":31,"column":1,"tokenListIndex":19},"lengthOfFirst":6,"lengthOfSecond":6}],"firstSimilarity":0.25,"secondSimilarity":0.125}