{"firstSubmissionId":"HATICE_SENA_SES","secondSubmissionId":"BEGUM_HAMARAT","similarities":{"AVG":0.1523809523809524,"MAX":0.3333333333333333,"MAXIMUM_LENGTH":82.0,"LONGEST_MATCH":8.0},"matches":[{"firstFileName":"HATICE_SENA_SES/HaticeSenaSes-Labwork1.cpp","secondFileName":"BEGUM_HAMARAT/LinkedListQuestions.cpp","startInFirst":{"line":9,"column":0,"tokenListIndex":0},"endInFirst":{"line":15,"column":1,"tokenListIndex":7},"startInSecond":{"line":60,"column":0,"tokenListIndex":36},"endInSecond":{"line":64,"column":7,"tokenListIndex":43},"lengthOfFirst":8,"lengthOfSecond":8}],"firstSimilarity":0.3333333333333333,"secondSimilarity":0.09876543209876543}