{"firstSubmissionId":"HATICE_SENA_SES","secondSubmissionId":"ISMAIL_ERIM_ATAKTURK","similarities":{"AVG":0.14814814814814814,"MAX":0.4166666666666667,"MAXIMUM_LENGTH":112.0,"LONGEST_MATCH":10.0},"matches":[{"firstFileName":"HATICE_SENA_SES/HaticeSenaSes-Labwork1.cpp","secondFileName":"ISMAIL_ERIM_ATAKTURK/LinkedListQuestions.cpp","startInFirst":{"line":9,"column":0,"tokenListIndex":0},"endInFirst":{"line":16,"column":8,"tokenListIndex":9},"startInSecond":{"line":48,"column":0,"tokenListIndex":40},"endInSecond":{"line":53,"column":11,"tokenListIndex":49},"lengthOfFirst":10,"lengthOfSecond":10}],"firstSimilarity":0.4166666666666667,"secondSimilarity":0.09009009009009009}