{"firstSubmissionId":"MEHMET_EREN_GUNER","secondSubmissionId":"EMIR_KEREM_ISILDAR","similarities":{"AVG":0.15053763440860216,"MAX":0.18421052631578946,"MAXIMUM_LENGTH":56.0,"LONGEST_MATCH":7.0},"matches":[{"firstFileName":"MEHMET_EREN_GUNER/LinkedListQuestions.cpp","secondFileName":"EMIR_KEREM_ISILDAR/LinkedListQuestions.cpp","startInFirst":{"line":9,"column":0,"tokenListIndex":0},"endInFirst":{"line":11,"column":9,"tokenListIndex":6},"startInSecond":{"line":46,"column":0,"tokenListIndex":35},"endInSecond":{"line":48,"column":11,"tokenListIndex":41},"lengthOfFirst":7,"lengthOfSecond":7}],"firstSimilarity":0.18421052631578946,"secondSimilarity":0.12727272727272726}