{"firstSubmissionId":"MEHMET_EREN_GUNER","secondSubmissionId":"MIRAY_DUYGULU","similarities":{"AVG":0.26356589147286824,"MAX":0.4473684210526316,"MAXIMUM_LENGTH":92.0,"LONGEST_MATCH":10.0},"matches":[{"firstFileName":"MEHMET_EREN_GUNER/LinkedListQuestions.cpp","secondFileName":"MIRAY_DUYGULU/LinkedListQuestions.cpp","startInFirst":{"line":13,"column":4,"tokenListIndex":8},"endInFirst":{"line":24,"column":18,"tokenListIndex":17},"startInSecond":{"line":15,"column":0,"tokenListIndex":10},"endInSecond":{"line":26,"column":18,"tokenListIndex":19},"lengthOfFirst":10,"lengthOfSecond":10},{"firstFileName":"MEHMET_EREN_GUNER/LinkedListQuestions.cpp","secondFileName":"MIRAY_DUYGULU/LinkedListQuestions.cpp","startInFirst":{"line":9,"column":0,"tokenListIndex":0},"endInFirst":{"line":11,"column":9,"tokenListIndex":6},"startInSecond":{"line":9,"column":0,"tokenListIndex":0},"endInSecond":{"line":11,"column":4,"tokenListIndex":6},"lengthOfFirst":7,"lengthOfSecond":7}],"firstSimilarity":0.4473684210526316,"secondSimilarity":0.18681318681318682}