{"firstSubmissionId":"MEHMET_EREN_GUNER","secondSubmissionId":"EGE_KARTAL","similarities":{"AVG":0.26666666666666666,"MAX":0.47368421052631576,"MAXIMUM_LENGTH":98.0,"LONGEST_MATCH":11.0},"matches":[{"firstFileName":"MEHMET_EREN_GUNER/LinkedListQuestions.cpp","secondFileName":"EGE_KARTAL/lab1_Ege_Kartal_20230702121.cpp","startInFirst":{"line":13,"column":4,"tokenListIndex":8},"endInFirst":{"line":26,"column":4,"tokenListIndex":18},"startInSecond":{"line":12,"column":1,"tokenListIndex":7},"endInSecond":{"line":24,"column":1,"tokenListIndex":17},"lengthOfFirst":11,"lengthOfSecond":11},{"firstFileName":"MEHMET_EREN_GUNER/LinkedListQuestions.cpp","secondFileName":"EGE_KARTAL/lab1_Ege_Kartal_20230702121.cpp","startInFirst":{"line":9,"column":0,"tokenListIndex":0},"endInFirst":{"line":11,"column":9,"tokenListIndex":6},"startInSecond":{"line":9,"column":0,"tokenListIndex":0},"endInSecond":{"line":11,"column":8,"tokenListIndex":6},"lengthOfFirst":7,"lengthOfSecond":7}],"firstSimilarity":0.47368421052631576,"secondSimilarity":0.18556701030927836}