{"firstSubmissionId":"MEHMET_EREN_GUNER","secondSubmissionId":"ISMAIL_ERIM_ATAKTURK","similarities":{"AVG":0.22818791946308725,"MAX":0.4473684210526316,"MAXIMUM_LENGTH":112.0,"LONGEST_MATCH":10.0},"matches":[{"firstFileName":"MEHMET_EREN_GUNER/LinkedListQuestions.cpp","secondFileName":"ISMAIL_ERIM_ATAKTURK/LinkedListQuestions.cpp","startInFirst":{"line":13,"column":4,"tokenListIndex":8},"endInFirst":{"line":24,"column":18,"tokenListIndex":17},"startInSecond":{"line":10,"column":4,"tokenListIndex":7},"endInSecond":{"line":20,"column":18,"tokenListIndex":16},"lengthOfFirst":10,"lengthOfSecond":10},{"firstFileName":"MEHMET_EREN_GUNER/LinkedListQuestions.cpp","secondFileName":"ISMAIL_ERIM_ATAKTURK/LinkedListQuestions.cpp","startInFirst":{"line":9,"column":0,"tokenListIndex":0},"endInFirst":{"line":11,"column":9,"tokenListIndex":6},"startInSecond":{"line":7,"column":0,"tokenListIndex":0},"endInSecond":{"line":9,"column":8,"tokenListIndex":6},"lengthOfFirst":7,"lengthOfSecond":7}],"firstSimilarity":0.4473684210526316,"secondSimilarity":0.15315315315315314}