{"firstSubmissionId":"MEHMET_EREN_GUNER","secondSubmissionId":"HASAN_ZAFER_BILIR","similarities":{"AVG":0.14893617021276595,"MAX":0.18421052631578946,"MAXIMUM_LENGTH":57.0,"LONGEST_MATCH":7.0},"matches":[{"firstFileName":"MEHMET_EREN_GUNER/LinkedListQuestions.cpp","secondFileName":"HASAN_ZAFER_BILIR/HasanZaferbilir.cpp.cpp","startInFirst":{"line":9,"column":0,"tokenListIndex":0},"endInFirst":{"line":11,"column":9,"tokenListIndex":6},"startInSecond":{"line":9,"column":0,"tokenListIndex":0},"endInSecond":{"line":12,"column":8,"tokenListIndex":6},"lengthOfFirst":7,"lengthOfSecond":7}],"firstSimilarity":0.18421052631578946,"secondSimilarity":0.125}