{"firstSubmissionId":"MEHMET_EREN_GUNER","secondSubmissionId":"NEVZAT_OGUZHAN_TOPUZ","similarities":{"AVG":0.1414141414141414,"MAX":0.18421052631578946,"MAXIMUM_LENGTH":62.0,"LONGEST_MATCH":7.0},"matches":[{"firstFileName":"MEHMET_EREN_GUNER/LinkedListQuestions.cpp","secondFileName":"NEVZAT_OGUZHAN_TOPUZ/LinkedListQuestions.cpp","startInFirst":{"line":9,"column":0,"tokenListIndex":0},"endInFirst":{"line":11,"column":9,"tokenListIndex":6},"startInSecond":{"line":9,"column":0,"tokenListIndex":0},"endInSecond":{"line":11,"column":5,"tokenListIndex":6},"lengthOfFirst":7,"lengthOfSecond":7}],"firstSimilarity":0.18421052631578946,"secondSimilarity":0.11475409836065574}