{"firstSubmissionId":"MEHMET_EREN_GUNER","secondSubmissionId":"EDA_GUL_CETINEL","similarities":{"AVG":0.3728813559322034,"MAX":0.5789473684210527,"MAXIMUM_LENGTH":81.0,"LONGEST_MATCH":10.0},"matches":[{"firstFileName":"MEHMET_EREN_GUNER/LinkedListQuestions.cpp","secondFileName":"EDA_GUL_CETINEL/lab1.cpp","startInFirst":{"line":13,"column":4,"tokenListIndex":8},"endInFirst":{"line":24,"column":18,"tokenListIndex":17},"startInSecond":{"line":14,"column":4,"tokenListIndex":11},"endInSecond":{"line":25,"column":18,"tokenListIndex":20},"lengthOfFirst":10,"lengthOfSecond":10},{"firstFileName":"MEHMET_EREN_GUNER/LinkedListQuestions.cpp","secondFileName":"EDA_GUL_CETINEL/lab1.cpp","startInFirst":{"line":9,"column":0,"tokenListIndex":0},"endInFirst":{"line":11,"column":4,"tokenListIndex":5},"startInSecond":{"line":71,"column":0,"tokenListIndex":58},"endInSecond":{"line":74,"column":11,"tokenListIndex":63},"lengthOfFirst":6,"lengthOfSecond":6},{"firstFileName":"MEHMET_EREN_GUNER/LinkedListQuestions.cpp","secondFileName":"EDA_GUL_CETINEL/lab1.cpp","startInFirst":{"line":30,"column":9,"tokenListIndex":29},"endInFirst":{"line":38,"column":8,"tokenListIndex":34},"startInSecond":{"line":29,"column":14,"tokenListIndex":25},"endInSecond":{"line":36,"column":19,"tokenListIndex":30},"lengthOfFirst":6,"lengthOfSecond":6}],"firstSimilarity":0.5789473684210527,"secondSimilarity":0.275}