{"firstSubmissionId":"MEHMET_EREN_GUNER","secondSubmissionId":"BERKE_TURKBAY","similarities":{"AVG":0.12173913043478261,"MAX":0.18421052631578946,"MAXIMUM_LENGTH":78.0,"LONGEST_MATCH":7.0},"matches":[{"firstFileName":"MEHMET_EREN_GUNER/LinkedListQuestions.cpp","secondFileName":"BERKE_TURKBAY/LinkedListQuestions.cpp","startInFirst":{"line":9,"column":0,"tokenListIndex":0},"endInFirst":{"line":11,"column":9,"tokenListIndex":6},"startInSecond":{"line":37,"column":0,"tokenListIndex":24},"endInSecond":{"line":39,"column":8,"tokenListIndex":30},"lengthOfFirst":7,"lengthOfSecond":7}],"firstSimilarity":0.18421052631578946,"secondSimilarity":0.09090909090909091}