{"firstSubmissionId":"MEHMET_EREN_GUNER","secondSubmissionId":"SEVKET_YESILPEKMEZ","similarities":{"AVG":0.27906976744186046,"MAX":0.3157894736842105,"MAXIMUM_LENGTH":49.0,"LONGEST_MATCH":6.0},"matches":[{"firstFileName":"MEHMET_EREN_GUNER/LinkedListQuestions.cpp","secondFileName":"SEVKET_YESILPEKMEZ/sevket_yesilpekmez.cpp","startInFirst":{"line":18,"column":4,"tokenListIndex":13},"endInFirst":{"line":26,"column":4,"tokenListIndex":18},"startInSecond":{"line":17,"column":4,"tokenListIndex":9},"endInSecond":{"line":25,"column":1,"tokenListIndex":14},"lengthOfFirst":6,"lengthOfSecond":6},{"firstFileName":"MEHMET_EREN_GUNER/LinkedListQuestions.cpp","secondFileName":"SEVKET_YESILPEKMEZ/sevket_yesilpekmez.cpp","startInFirst":{"line":30,"column":4,"tokenListIndex":28},"endInFirst":{"line":36,"column":16,"tokenListIndex":33},"startInSecond":{"line":53,"column":4,"tokenListIndex":32},"endInSecond":{"line":61,"column":21,"tokenListIndex":37},"lengthOfFirst":6,"lengthOfSecond":6}],"firstSimilarity":0.3157894736842105,"secondSimilarity":0.25}