{"firstSubmissionId":"MEHMET_EREN_GUNER","secondSubmissionId":"MUHAMMED_EMIN_SEKER","similarities":{"AVG":0.2857142857142857,"MAX":0.4473684210526316,"MAXIMUM_LENGTH":82.0,"LONGEST_MATCH":10.0},"matches":[{"firstFileName":"MEHMET_EREN_GUNER/LinkedListQuestions.cpp","secondFileName":"MUHAMMED_EMIN_SEKER/LinkedListQuestions.cpp","startInFirst":{"line":13,"column":4,"tokenListIndex":8},"endInFirst":{"line":24,"column":18,"tokenListIndex":17},"startInSecond":{"line":12,"column":1,"tokenListIndex":7},"endInSecond":{"line":23,"column":18,"tokenListIndex":16},"lengthOfFirst":10,"lengthOfSecond":10},{"firstFileName":"MEHMET_EREN_GUNER/LinkedListQuestions.cpp","secondFileName":"MUHAMMED_EMIN_SEKER/LinkedListQuestions.cpp","startInFirst":{"line":9,"column":0,"tokenListIndex":0},"endInFirst":{"line":11,"column":9,"tokenListIndex":6},"startInSecond":{"line":9,"column":0,"tokenListIndex":0},"endInSecond":{"line":11,"column":8,"tokenListIndex":6},"lengthOfFirst":7,"lengthOfSecond":7}],"firstSimilarity":0.4473684210526316,"secondSimilarity":0.20987654320987653}