{"firstSubmissionId":"MIRAY_DUYGULU","secondSubmissionId":"ISMAIL_ERIM_ATAKTURK","similarities":{"AVG":0.4752475247524752,"MAX":0.5274725274725275,"MAXIMUM_LENGTH":112.0,"LONGEST_MATCH":12.0},"matches":[{"firstFileName":"MIRAY_DUYGULU/LinkedListQuestions.cpp","secondFileName":"ISMAIL_ERIM_ATAKTURK/LinkedListQuestions.cpp","startInFirst":{"line":15,"column":0,"tokenListIndex":10},"endInFirst":{"line":27,"column":8,"tokenListIndex":21},"startInSecond":{"line":10,"column":4,"tokenListIndex":7},"endInSecond":{"line":21,"column":8,"tokenListIndex":18},"lengthOfFirst":12,"lengthOfSecond":12},{"firstFileName":"MIRAY_DUYGULU/LinkedListQuestions.cpp","secondFileName":"ISMAIL_ERIM_ATAKTURK/LinkedListQuestions.cpp","startInFirst":{"line":68,"column":3,"tokenListIndex":66},"endInFirst":{"line":81,"column":8,"tokenListIndex":75},"startInSecond":{"line":65,"column":16,"tokenListIndex":64},"endInSecond":{"line":76,"column":8,"tokenListIndex":73},"lengthOfFirst":10,"lengthOfSecond":10},{"firstFileName":"MIRAY_DUYGULU/LinkedListQuestions.cpp","secondFileName":"ISMAIL_ERIM_ATAKTURK/LinkedListQuestions.cpp","startInFirst":{"line":9,"column":0,"tokenListIndex":0},"endInFirst":{"line":11,"column":4,"tokenListIndex":6},"startInSecond":{"line":7,"column":0,"tokenListIndex":0},"endInSecond":{"line":9,"column":8,"tokenListIndex":6},"lengthOfFirst":7,"lengthOfSecond":7},{"firstFileName":"MIRAY_DUYGULU/LinkedListQuestions.cpp","secondFileName":"ISMAIL_ERIM_ATAKTURK/LinkedListQuestions.cpp","startInFirst":{"line":50,"column":2,"tokenListIndex":46},"endInFirst":{"line":58,"column":38,"tokenListIndex":52},"startInSecond":{"line":39,"column":8,"tokenListIndex":36},"endInSecond":{"line":48,"column":38,"tokenListIndex":42},"lengthOfFirst":7,"lengthOfSecond":7},{"firstFileName":"MIRAY_DUYGULU/LinkedListQuestions.cpp","secondFileName":"ISMAIL_ERIM_ATAKTURK/LinkedListQuestions.cpp","startInFirst":{"line":28,"column":1,"tokenListIndex":22},"endInFirst":{"line":30,"column":8,"tokenListIndex":27},"startInSecond":{"line":29,"column":8,"tokenListIndex":25},"endInSecond":{"line":31,"column":12,"tokenListIndex":30},"lengthOfFirst":6,"lengthOfSecond":6},{"firstFileName":"MIRAY_DUYGULU/LinkedListQuestions.cpp","secondFileName":"ISMAIL_ERIM_ATAKTURK/LinkedListQuestions.cpp","startInFirst":{"line":61,"column":1,"tokenListIndex":57},"endInFirst":{"line":64,"column":5,"tokenListIndex":62},"startInSecond":{"line":53,"column":4,"tokenListIndex":48},"endInSecond":{"line":56,"column":8,"tokenListIndex":53},"lengthOfFirst":6,"lengthOfSecond":6}],"firstSimilarity":0.5274725274725275,"secondSimilarity":0.43243243243243246}