{"firstSubmissionId":"MIRAY_DUYGULU","secondSubmissionId":"EGE_KARTAL","similarities":{"AVG":0.44680851063829785,"MAX":0.46153846153846156,"MAXIMUM_LENGTH":98.0,"LONGEST_MATCH":10.0},"matches":[{"firstFileName":"MIRAY_DUYGULU/LinkedListQuestions.cpp","secondFileName":"EGE_KARTAL/lab1_Ege_Kartal_20230702121.cpp","startInFirst":{"line":15,"column":0,"tokenListIndex":10},"endInFirst":{"line":26,"column":18,"tokenListIndex":19},"startInSecond":{"line":12,"column":1,"tokenListIndex":7},"endInSecond":{"line":23,"column":18,"tokenListIndex":16},"lengthOfFirst":10,"lengthOfSecond":10},{"firstFileName":"MIRAY_DUYGULU/LinkedListQuestions.cpp","secondFileName":"EGE_KARTAL/lab1_Ege_Kartal_20230702121.cpp","startInFirst":{"line":69,"column":3,"tokenListIndex":67},"endInFirst":{"line":81,"column":8,"tokenListIndex":76},"startInSecond":{"line":64,"column":13,"tokenListIndex":61},"endInSecond":{"line":78,"column":1,"tokenListIndex":70},"lengthOfFirst":10,"lengthOfSecond":10},{"firstFileName":"MIRAY_DUYGULU/LinkedListQuestions.cpp","secondFileName":"EGE_KARTAL/lab1_Ege_Kartal_20230702121.cpp","startInFirst":{"line":49,"column":2,"tokenListIndex":44},"endInFirst":{"line":58,"column":38,"tokenListIndex":52},"startInSecond":{"line":40,"column":13,"tokenListIndex":36},"endInSecond":{"line":51,"column":38,"tokenListIndex":44},"lengthOfFirst":9,"lengthOfSecond":9},{"firstFileName":"MIRAY_DUYGULU/LinkedListQuestions.cpp","secondFileName":"EGE_KARTAL/lab1_Ege_Kartal_20230702121.cpp","startInFirst":{"line":9,"column":0,"tokenListIndex":0},"endInFirst":{"line":11,"column":4,"tokenListIndex":6},"startInSecond":{"line":9,"column":0,"tokenListIndex":0},"endInSecond":{"line":11,"column":8,"tokenListIndex":6},"lengthOfFirst":7,"lengthOfSecond":7},{"firstFileName":"MIRAY_DUYGULU/LinkedListQuestions.cpp","secondFileName":"EGE_KARTAL/lab1_Ege_Kartal_20230702121.cpp","startInFirst":{"line":27,"column":1,"tokenListIndex":20},"endInFirst":{"line":30,"column":8,"tokenListIndex":25},"startInSecond":{"line":26,"column":1,"tokenListIndex":23},"endInSecond":{"line":28,"column":8,"tokenListIndex":28},"lengthOfFirst":6,"lengthOfSecond":6}],"firstSimilarity":0.46153846153846156,"secondSimilarity":0.4329896907216495}