{"firstSubmissionId":"MUHAMMED_EMIN_SEKER","secondSubmissionId":"EGE_KARTAL","similarities":{"AVG":0.5056179775280899,"MAX":0.5555555555555556,"MAXIMUM_LENGTH":98.0,"LONGEST_MATCH":17.0},"matches":[{"firstFileName":"MUHAMMED_EMIN_SEKER/LinkedListQuestions.cpp","secondFileName":"EGE_KARTAL/lab1_Ege_Kartal_20230702121.cpp","startInFirst":{"line":9,"column":0,"tokenListIndex":0},"endInFirst":{"line":23,"column":18,"tokenListIndex":16},"startInSecond":{"line":9,"column":0,"tokenListIndex":0},"endInSecond":{"line":23,"column":18,"tokenListIndex":16},"lengthOfFirst":17,"lengthOfSecond":17},{"firstFileName":"MUHAMMED_EMIN_SEKER/LinkedListQuestions.cpp","secondFileName":"EGE_KARTAL/lab1_Ege_Kartal_20230702121.cpp","startInFirst":{"line":47,"column":2,"tokenListIndex":44},"endInFirst":{"line":51,"column":8,"tokenListIndex":51},"startInSecond":{"line":25,"column":23,"tokenListIndex":21},"endInSecond":{"line":28,"column":8,"tokenListIndex":28},"lengthOfFirst":8,"lengthOfSecond":8},{"firstFileName":"MUHAMMED_EMIN_SEKER/LinkedListQuestions.cpp","secondFileName":"EGE_KARTAL/lab1_Ege_Kartal_20230702121.cpp","startInFirst":{"line":29,"column":6,"tokenListIndex":27},"endInFirst":{"line":36,"column":2,"tokenListIndex":33},"startInSecond":{"line":36,"column":1,"tokenListIndex":33},"endInSecond":{"line":45,"column":2,"tokenListIndex":39},"lengthOfFirst":7,"lengthOfSecond":7},{"firstFileName":"MUHAMMED_EMIN_SEKER/LinkedListQuestions.cpp","secondFileName":"EGE_KARTAL/lab1_Ege_Kartal_20230702121.cpp","startInFirst":{"line":63,"column":0,"tokenListIndex":59},"endInFirst":{"line":70,"column":8,"tokenListIndex":65},"startInSecond":{"line":68,"column":0,"tokenListIndex":64},"endInSecond":{"line":78,"column":1,"tokenListIndex":70},"lengthOfFirst":7,"lengthOfSecond":7},{"firstFileName":"MUHAMMED_EMIN_SEKER/LinkedListQuestions.cpp","secondFileName":"EGE_KARTAL/lab1_Ege_Kartal_20230702121.cpp","startInFirst":{"line":40,"column":1,"tokenListIndex":37},"endInFirst":{"line":46,"column":1,"tokenListIndex":42},"startInSecond":{"line":46,"column":1,"tokenListIndex":40},"endInSecond":{"line":52,"column":1,"tokenListIndex":45},"lengthOfFirst":6,"lengthOfSecond":6}],"firstSimilarity":0.5555555555555556,"secondSimilarity":0.4639175257731959}