{"firstSubmissionId":"MUHAMMED_EMIN_SEKER","secondSubmissionId":"MIRAY_DUYGULU","similarities":{"AVG":0.5465116279069767,"MAX":0.5802469135802469,"MAXIMUM_LENGTH":92.0,"LONGEST_MATCH":19.0},"matches":[{"firstFileName":"MUHAMMED_EMIN_SEKER/LinkedListQuestions.cpp","secondFileName":"MIRAY_DUYGULU/LinkedListQuestions.cpp","startInFirst":{"line":12,"column":1,"tokenListIndex":7},"endInFirst":{"line":28,"column":1,"tokenListIndex":25},"startInSecond":{"line":15,"column":0,"tokenListIndex":10},"endInSecond":{"line":32,"column":1,"tokenListIndex":28},"lengthOfFirst":19,"lengthOfSecond":19},{"firstFileName":"MUHAMMED_EMIN_SEKER/LinkedListQuestions.cpp","secondFileName":"MIRAY_DUYGULU/LinkedListQuestions.cpp","startInFirst":{"line":49,"column":8,"tokenListIndex":47},"endInFirst":{"line":54,"column":1,"tokenListIndex":54},"startInSecond":{"line":59,"column":22,"tokenListIndex":56},"endInSecond":{"line":65,"column":3,"tokenListIndex":63},"lengthOfFirst":8,"lengthOfSecond":8},{"firstFileName":"MUHAMMED_EMIN_SEKER/LinkedListQuestions.cpp","secondFileName":"MIRAY_DUYGULU/LinkedListQuestions.cpp","startInFirst":{"line":9,"column":0,"tokenListIndex":0},"endInFirst":{"line":11,"column":8,"tokenListIndex":6},"startInSecond":{"line":9,"column":0,"tokenListIndex":0},"endInSecond":{"line":11,"column":4,"tokenListIndex":6},"lengthOfFirst":7,"lengthOfSecond":7},{"firstFileName":"MUHAMMED_EMIN_SEKER/LinkedListQuestions.cpp","secondFileName":"MIRAY_DUYGULU/LinkedListQuestions.cpp","startInFirst":{"line":56,"column":2,"tokenListIndex":56},"endInFirst":{"line":67,"column":47,"tokenListIndex":62},"startInSecond":{"line":50,"column":2,"tokenListIndex":46},"endInSecond":{"line":58,"column":38,"tokenListIndex":52},"lengthOfFirst":7,"lengthOfSecond":7},{"firstFileName":"MUHAMMED_EMIN_SEKER/LinkedListQuestions.cpp","secondFileName":"MIRAY_DUYGULU/LinkedListQuestions.cpp","startInFirst":{"line":31,"column":2,"tokenListIndex":29},"endInFirst":{"line":36,"column":2,"tokenListIndex":34},"startInSecond":{"line":34,"column":16,"tokenListIndex":30},"endInSecond":{"line":40,"column":3,"tokenListIndex":35},"lengthOfFirst":6,"lengthOfSecond":6}],"firstSimilarity":0.5802469135802469,"secondSimilarity":0.5164835164835165}