{"firstSubmissionId":"MUHAMMED_EMIN_SEKER","secondSubmissionId":"ISMAIL_ERIM_ATAKTURK","similarities":{"AVG":0.4166666666666667,"MAX":0.49382716049382713,"MAXIMUM_LENGTH":112.0,"LONGEST_MATCH":19.0},"matches":[{"firstFileName":"MUHAMMED_EMIN_SEKER/LinkedListQuestions.cpp","secondFileName":"ISMAIL_ERIM_ATAKTURK/LinkedListQuestions.cpp","startInFirst":{"line":9,"column":0,"tokenListIndex":0},"endInFirst":{"line":24,"column":8,"tokenListIndex":18},"startInSecond":{"line":7,"column":0,"tokenListIndex":0},"endInSecond":{"line":21,"column":8,"tokenListIndex":18},"lengthOfFirst":19,"lengthOfSecond":19},{"firstFileName":"MUHAMMED_EMIN_SEKER/LinkedListQuestions.cpp","secondFileName":"ISMAIL_ERIM_ATAKTURK/LinkedListQuestions.cpp","startInFirst":{"line":56,"column":2,"tokenListIndex":56},"endInFirst":{"line":70,"column":8,"tokenListIndex":64},"startInSecond":{"line":39,"column":8,"tokenListIndex":36},"endInSecond":{"line":49,"column":8,"tokenListIndex":44},"lengthOfFirst":9,"lengthOfSecond":9},{"firstFileName":"MUHAMMED_EMIN_SEKER/LinkedListQuestions.cpp","secondFileName":"ISMAIL_ERIM_ATAKTURK/LinkedListQuestions.cpp","startInFirst":{"line":25,"column":1,"tokenListIndex":19},"endInFirst":{"line":27,"column":8,"tokenListIndex":24},"startInSecond":{"line":29,"column":8,"tokenListIndex":25},"endInSecond":{"line":31,"column":12,"tokenListIndex":30},"lengthOfFirst":6,"lengthOfSecond":6},{"firstFileName":"MUHAMMED_EMIN_SEKER/LinkedListQuestions.cpp","secondFileName":"ISMAIL_ERIM_ATAKTURK/LinkedListQuestions.cpp","startInFirst":{"line":47,"column":2,"tokenListIndex":44},"endInFirst":{"line":51,"column":8,"tokenListIndex":49},"startInSecond":{"line":51,"column":8,"tokenListIndex":46},"endInSecond":{"line":54,"column":8,"tokenListIndex":51},"lengthOfFirst":6,"lengthOfSecond":6}],"firstSimilarity":0.49382716049382713,"secondSimilarity":0.36036036036036034}