{"firstSubmissionId":"NEVZAT_OGUZHAN_TOPUZ","secondSubmissionId":"EGE_KARTAL","similarities":{"AVG":0.16455696202531644,"MAX":0.21311475409836064,"MAXIMUM_LENGTH":98.0,"LONGEST_MATCH":7.0},"matches":[{"firstFileName":"NEVZAT_OGUZHAN_TOPUZ/LinkedListQuestions.cpp","secondFileName":"EGE_KARTAL/lab1_Ege_Kartal_20230702121.cpp","startInFirst":{"line":9,"column":0,"tokenListIndex":0},"endInFirst":{"line":11,"column":5,"tokenListIndex":6},"startInSecond":{"line":9,"column":0,"tokenListIndex":0},"endInSecond":{"line":11,"column":8,"tokenListIndex":6},"lengthOfFirst":7,"lengthOfSecond":7},{"firstFileName":"NEVZAT_OGUZHAN_TOPUZ/LinkedListQuestions.cpp","secondFileName":"EGE_KARTAL/lab1_Ege_Kartal_20230702121.cpp","startInFirst":{"line":66,"column":0,"tokenListIndex":45},"endInFirst":{"line":71,"column":8,"tokenListIndex":50},"startInSecond":{"line":68,"column":0,"tokenListIndex":64},"endInSecond":{"line":73,"column":8,"tokenListIndex":69},"lengthOfFirst":6,"lengthOfSecond":6}],"firstSimilarity":0.21311475409836064,"secondSimilarity":0.13402061855670103}