{"firstSubmissionId":"NEVZAT_OGUZHAN_TOPUZ","secondSubmissionId":"BEGUM_HAMARAT","similarities":{"AVG":0.18309859154929578,"MAX":0.21311475409836064,"MAXIMUM_LENGTH":82.0,"LONGEST_MATCH":7.0},"matches":[{"firstFileName":"NEVZAT_OGUZHAN_TOPUZ/LinkedListQuestions.cpp","secondFileName":"BEGUM_HAMARAT/LinkedListQuestions.cpp","startInFirst":{"line":9,"column":0,"tokenListIndex":0},"endInFirst":{"line":11,"column":5,"tokenListIndex":6},"startInSecond":{"line":9,"column":0,"tokenListIndex":0},"endInSecond":{"line":12,"column":4,"tokenListIndex":6},"lengthOfFirst":7,"lengthOfSecond":7},{"firstFileName":"NEVZAT_OGUZHAN_TOPUZ/LinkedListQuestions.cpp","secondFileName":"BEGUM_HAMARAT/LinkedListQuestions.cpp","startInFirst":{"line":66,"column":0,"tokenListIndex":45},"endInFirst":{"line":71,"column":8,"tokenListIndex":50},"startInSecond":{"line":56,"column":0,"tokenListIndex":35},"endInSecond":{"line":61,"column":5,"tokenListIndex":40},"lengthOfFirst":6,"lengthOfSecond":6}],"firstSimilarity":0.21311475409836064,"secondSimilarity":0.16049382716049382}