{"firstSubmissionId":"NEVZAT_OGUZHAN_TOPUZ","secondSubmissionId":"EDA_GUL_CETINEL","similarities":{"AVG":0.18439716312056736,"MAX":0.21311475409836064,"MAXIMUM_LENGTH":81.0,"LONGEST_MATCH":7.0},"matches":[{"firstFileName":"NEVZAT_OGUZHAN_TOPUZ/LinkedListQuestions.cpp","secondFileName":"EDA_GUL_CETINEL/lab1.cpp","startInFirst":{"line":12,"column":5,"tokenListIndex":8},"endInFirst":{"line":15,"column":2,"tokenListIndex":14},"startInSecond":{"line":32,"column":8,"tokenListIndex":27},"endInSecond":{"line":39,"column":31,"tokenListIndex":33},"lengthOfFirst":7,"lengthOfSecond":7},{"firstFileName":"NEVZAT_OGUZHAN_TOPUZ/LinkedListQuestions.cpp","secondFileName":"EDA_GUL_CETINEL/lab1.cpp","startInFirst":{"line":9,"column":0,"tokenListIndex":0},"endInFirst":{"line":11,"column":1,"tokenListIndex":5},"startInSecond":{"line":71,"column":0,"tokenListIndex":58},"endInSecond":{"line":74,"column":11,"tokenListIndex":63},"lengthOfFirst":6,"lengthOfSecond":6}],"firstSimilarity":0.21311475409836064,"secondSimilarity":0.1625}