{"firstSubmissionId":"NEVZAT_OGUZHAN_TOPUZ","secondSubmissionId":"ISMAIL_ERIM_ATAKTURK","similarities":{"AVG":0.32558139534883723,"MAX":0.45901639344262296,"MAXIMUM_LENGTH":112.0,"LONGEST_MATCH":8.0},"matches":[{"firstFileName":"NEVZAT_OGUZHAN_TOPUZ/LinkedListQuestions.cpp","secondFileName":"ISMAIL_ERIM_ATAKTURK/LinkedListQuestions.cpp","startInFirst":{"line":32,"column":1,"tokenListIndex":23},"endInFirst":{"line":39,"column":1,"tokenListIndex":30},"startInSecond":{"line":64,"column":4,"tokenListIndex":60},"endInSecond":{"line":66,"column":31,"tokenListIndex":67},"lengthOfFirst":8,"lengthOfSecond":8},{"firstFileName":"NEVZAT_OGUZHAN_TOPUZ/LinkedListQuestions.cpp","secondFileName":"ISMAIL_ERIM_ATAKTURK/LinkedListQuestions.cpp","startInFirst":{"line":9,"column":0,"tokenListIndex":0},"endInFirst":{"line":11,"column":5,"tokenListIndex":6},"startInSecond":{"line":7,"column":0,"tokenListIndex":0},"endInSecond":{"line":9,"column":8,"tokenListIndex":6},"lengthOfFirst":7,"lengthOfSecond":7},{"firstFileName":"NEVZAT_OGUZHAN_TOPUZ/LinkedListQuestions.cpp","secondFileName":"ISMAIL_ERIM_ATAKTURK/LinkedListQuestions.cpp","startInFirst":{"line":12,"column":5,"tokenListIndex":8},"endInFirst":{"line":15,"column":2,"tokenListIndex":14},"startInSecond":{"line":31,"column":8,"tokenListIndex":29},"endInSecond":{"line":37,"column":35,"tokenListIndex":35},"lengthOfFirst":7,"lengthOfSecond":7},{"firstFileName":"NEVZAT_OGUZHAN_TOPUZ/LinkedListQuestions.cpp","secondFileName":"ISMAIL_ERIM_ATAKTURK/LinkedListQuestions.cpp","startInFirst":{"line":66,"column":0,"tokenListIndex":45},"endInFirst":{"line":71,"column":8,"tokenListIndex":50},"startInSecond":{"line":44,"column":0,"tokenListIndex":39},"endInSecond":{"line":49,"column":8,"tokenListIndex":44},"lengthOfFirst":6,"lengthOfSecond":6}],"firstSimilarity":0.45901639344262296,"secondSimilarity":0.25225225225225223}