{"firstSubmissionId":"NEVZAT_OGUZHAN_TOPUZ","secondSubmissionId":"BORA_YALCIN","similarities":{"AVG":0.7045454545454546,"MAX":0.7868852459016393,"MAXIMUM_LENGTH":72.0,"LONGEST_MATCH":24.0},"matches":[{"firstFileName":"NEVZAT_OGUZHAN_TOPUZ/LinkedListQuestions.cpp","secondFileName":"BORA_YALCIN/LinkedListQuestions.cpp","startInFirst":{"line":9,"column":0,"tokenListIndex":0},"endInFirst":{"line":11,"column":5,"tokenListIndex":6},"startInSecond":{"line":9,"column":0,"tokenListIndex":0},"endInSecond":{"line":11,"column":8,"tokenListIndex":6},"lengthOfFirst":7,"lengthOfSecond":7},{"firstFileName":"NEVZAT_OGUZHAN_TOPUZ/LinkedListQuestions.cpp","secondFileName":"BORA_YALCIN/LinkedListQuestions.cpp","startInFirst":{"line":13,"column":2,"tokenListIndex":12},"endInFirst":{"line":48,"column":38,"tokenListIndex":35},"startInSecond":{"line":13,"column":2,"tokenListIndex":8},"endInSecond":{"line":38,"column":38,"tokenListIndex":31},"lengthOfFirst":24,"lengthOfSecond":24},{"firstFileName":"NEVZAT_OGUZHAN_TOPUZ/LinkedListQuestions.cpp","secondFileName":"BORA_YALCIN/LinkedListQuestions.cpp","startInFirst":{"line":52,"column":2,"tokenListIndex":37},"endInFirst":{"line":74,"column":12,"tokenListIndex":53},"startInSecond":{"line":41,"column":3,"tokenListIndex":36},"endInSecond":{"line":61,"column":8,"tokenListIndex":49},"lengthOfFirst":17,"lengthOfSecond":14}],"firstSimilarity":0.7868852459016393,"secondSimilarity":0.6338028169014085}