{"firstSubmissionId":"SEVKET_YESILPEKMEZ","secondSubmissionId":"MUHAMMED_EMIN_SEKER","similarities":{"AVG":0.40310077519379844,"MAX":0.5416666666666666,"MAXIMUM_LENGTH":82.0,"LONGEST_MATCH":7.0},"matches":[{"firstFileName":"SEVKET_YESILPEKMEZ/sevket_yesilpekmez.cpp","secondFileName":"MUHAMMED_EMIN_SEKER/LinkedListQuestions.cpp","startInFirst":{"line":52,"column":1,"tokenListIndex":30},"endInFirst":{"line":57,"column":12,"tokenListIndex":36},"startInSecond":{"line":25,"column":1,"tokenListIndex":21},"endInSecond":{"line":29,"column":6,"tokenListIndex":27},"lengthOfFirst":7,"lengthOfSecond":7},{"firstFileName":"SEVKET_YESILPEKMEZ/sevket_yesilpekmez.cpp","secondFileName":"MUHAMMED_EMIN_SEKER/LinkedListQuestions.cpp","startInFirst":{"line":67,"column":8,"tokenListIndex":40},"endInFirst":{"line":76,"column":47,"tokenListIndex":46},"startInSecond":{"line":56,"column":2,"tokenListIndex":56},"endInSecond":{"line":67,"column":47,"tokenListIndex":62},"lengthOfFirst":7,"lengthOfSecond":7},{"firstFileName":"SEVKET_YESILPEKMEZ/sevket_yesilpekmez.cpp","secondFileName":"MUHAMMED_EMIN_SEKER/LinkedListQuestions.cpp","startInFirst":{"line":10,"column":4,"tokenListIndex":3},"endInFirst":{"line":15,"column":2,"tokenListIndex":8},"startInSecond":{"line":11,"column":1,"tokenListIndex":5},"endInSecond":{"line":15,"column":2,"tokenListIndex":10},"lengthOfFirst":6,"lengthOfSecond":6},{"firstFileName":"SEVKET_YESILPEKMEZ/sevket_yesilpekmez.cpp","secondFileName":"MUHAMMED_EMIN_SEKER/LinkedListQuestions.cpp","startInFirst":{"line":40,"column":1,"tokenListIndex":22},"endInFirst":{"line":48,"column":1,"tokenListIndex":27},"startInSecond":{"line":40,"column":1,"tokenListIndex":37},"endInSecond":{"line":46,"column":1,"tokenListIndex":42},"lengthOfFirst":6,"lengthOfSecond":6}],"firstSimilarity":0.5416666666666666,"secondSimilarity":0.32098765432098764}