{"firstSubmissionId":"SEVKET_YESILPEKMEZ","secondSubmissionId":"BORA_YALCIN","similarities":{"AVG":0.23529411764705882,"MAX":0.2916666666666667,"MAXIMUM_LENGTH":72.0,"LONGEST_MATCH":8.0},"matches":[{"firstFileName":"SEVKET_YESILPEKMEZ/sevket_yesilpekmez.cpp","secondFileName":"BORA_YALCIN/LinkedListQuestions.cpp","startInFirst":{"line":65,"column":2,"tokenListIndex":39},"endInFirst":{"line":76,"column":47,"tokenListIndex":46},"startInSecond":{"line":30,"column":2,"tokenListIndex":24},"endInSecond":{"line":38,"column":38,"tokenListIndex":31},"lengthOfFirst":8,"lengthOfSecond":8},{"firstFileName":"SEVKET_YESILPEKMEZ/sevket_yesilpekmez.cpp","secondFileName":"BORA_YALCIN/LinkedListQuestions.cpp","startInFirst":{"line":10,"column":4,"tokenListIndex":3},"endInFirst":{"line":15,"column":2,"tokenListIndex":8},"startInSecond":{"line":11,"column":1,"tokenListIndex":5},"endInSecond":{"line":13,"column":34,"tokenListIndex":10},"lengthOfFirst":6,"lengthOfSecond":6}],"firstSimilarity":0.2916666666666667,"secondSimilarity":0.19718309859154928}