{"firstSubmissionId":"SEVKET_YESILPEKMEZ","secondSubmissionId":"EGE_KARTAL","similarities":{"AVG":0.3310344827586207,"MAX":0.5,"MAXIMUM_LENGTH":98.0,"LONGEST_MATCH":10.0},"matches":[{"firstFileName":"SEVKET_YESILPEKMEZ/sevket_yesilpekmez.cpp","secondFileName":"EGE_KARTAL/lab1_Ege_Kartal_20230702121.cpp","startInFirst":{"line":40,"column":1,"tokenListIndex":22},"endInFirst":{"line":52,"column":5,"tokenListIndex":31},"startInSecond":{"line":46,"column":1,"tokenListIndex":40},"endInSecond":{"line":54,"column":8,"tokenListIndex":49},"lengthOfFirst":10,"lengthOfSecond":10},{"firstFileName":"SEVKET_YESILPEKMEZ/sevket_yesilpekmez.cpp","secondFileName":"EGE_KARTAL/lab1_Ege_Kartal_20230702121.cpp","startInFirst":{"line":17,"column":4,"tokenListIndex":9},"endInFirst":{"line":27,"column":1,"tokenListIndex":16},"startInSecond":{"line":17,"column":1,"tokenListIndex":12},"endInSecond":{"line":24,"column":25,"tokenListIndex":19},"lengthOfFirst":8,"lengthOfSecond":8},{"firstFileName":"SEVKET_YESILPEKMEZ/sevket_yesilpekmez.cpp","secondFileName":"EGE_KARTAL/lab1_Ege_Kartal_20230702121.cpp","startInFirst":{"line":10,"column":4,"tokenListIndex":3},"endInFirst":{"line":15,"column":2,"tokenListIndex":8},"startInSecond":{"line":11,"column":1,"tokenListIndex":5},"endInSecond":{"line":15,"column":10,"tokenListIndex":10},"lengthOfFirst":6,"lengthOfSecond":6}],"firstSimilarity":0.5,"secondSimilarity":0.24742268041237114}