{"firstSubmissionId":"SEVKET_YESILPEKMEZ","secondSubmissionId":"BEGUM_HAMARAT","similarities":{"AVG":0.6046511627906976,"MAX":0.8125,"MAXIMUM_LENGTH":82.0,"LONGEST_MATCH":10.0},"matches":[{"firstFileName":"SEVKET_YESILPEKMEZ/sevket_yesilpekmez.cpp","secondFileName":"BEGUM_HAMARAT/LinkedListQuestions.cpp","startInFirst":{"line":17,"column":4,"tokenListIndex":9},"endInFirst":{"line":28,"column":6,"tokenListIndex":18},"startInSecond":{"line":19,"column":0,"tokenListIndex":12},"endInSecond":{"line":32,"column":6,"tokenListIndex":21},"lengthOfFirst":10,"lengthOfSecond":10},{"firstFileName":"SEVKET_YESILPEKMEZ/sevket_yesilpekmez.cpp","secondFileName":"BEGUM_HAMARAT/LinkedListQuestions.cpp","startInFirst":{"line":43,"column":0,"tokenListIndex":23},"endInFirst":{"line":52,"column":5,"tokenListIndex":31},"startInSecond":{"line":102,"column":0,"tokenListIndex":67},"endInSecond":{"line":119,"column":5,"tokenListIndex":75},"lengthOfFirst":9,"lengthOfSecond":9},{"firstFileName":"SEVKET_YESILPEKMEZ/sevket_yesilpekmez.cpp","secondFileName":"BEGUM_HAMARAT/LinkedListQuestions.cpp","startInFirst":{"line":65,"column":2,"tokenListIndex":39},"endInFirst":{"line":76,"column":47,"tokenListIndex":46},"startInSecond":{"line":46,"column":24,"tokenListIndex":31},"endInSecond":{"line":60,"column":38,"tokenListIndex":38},"lengthOfFirst":8,"lengthOfSecond":8},{"firstFileName":"SEVKET_YESILPEKMEZ/sevket_yesilpekmez.cpp","secondFileName":"BEGUM_HAMARAT/LinkedListQuestions.cpp","startInFirst":{"line":10,"column":4,"tokenListIndex":3},"endInFirst":{"line":15,"column":2,"tokenListIndex":8},"startInSecond":{"line":12,"column":0,"tokenListIndex":5},"endInSecond":{"line":17,"column":1,"tokenListIndex":10},"lengthOfFirst":6,"lengthOfSecond":6},{"firstFileName":"SEVKET_YESILPEKMEZ/sevket_yesilpekmez.cpp","secondFileName":"BEGUM_HAMARAT/LinkedListQuestions.cpp","startInFirst":{"line":53,"column":8,"tokenListIndex":33},"endInFirst":{"line":63,"column":8,"tokenListIndex":38},"startInSecond":{"line":35,"column":12,"tokenListIndex":24},"endInSecond":{"line":45,"column":3,"tokenListIndex":29},"lengthOfFirst":6,"lengthOfSecond":6}],"firstSimilarity":0.8125,"secondSimilarity":0.48148148148148145}