{"firstSubmissionId":"SEVKET_YESILPEKMEZ","secondSubmissionId":"ISMAIL_ERIM_ATAKTURK","similarities":{"AVG":0.3522012578616352,"MAX":0.5833333333333334,"MAXIMUM_LENGTH":112.0,"LONGEST_MATCH":8.0},"matches":[{"firstFileName":"SEVKET_YESILPEKMEZ/sevket_yesilpekmez.cpp","secondFileName":"ISMAIL_ERIM_ATAKTURK/LinkedListQuestions.cpp","startInFirst":{"line":48,"column":1,"tokenListIndex":27},"endInFirst":{"line":56,"column":4,"tokenListIndex":34},"startInSecond":{"line":50,"column":4,"tokenListIndex":45},"endInSecond":{"line":55,"column":4,"tokenListIndex":52},"lengthOfFirst":8,"lengthOfSecond":8},{"firstFileName":"SEVKET_YESILPEKMEZ/sevket_yesilpekmez.cpp","secondFileName":"ISMAIL_ERIM_ATAKTURK/LinkedListQuestions.cpp","startInFirst":{"line":65,"column":2,"tokenListIndex":39},"endInFirst":{"line":76,"column":47,"tokenListIndex":46},"startInSecond":{"line":37,"column":35,"tokenListIndex":35},"endInSecond":{"line":48,"column":38,"tokenListIndex":42},"lengthOfFirst":8,"lengthOfSecond":8},{"firstFileName":"SEVKET_YESILPEKMEZ/sevket_yesilpekmez.cpp","secondFileName":"ISMAIL_ERIM_ATAKTURK/LinkedListQuestions.cpp","startInFirst":{"line":10,"column":4,"tokenListIndex":3},"endInFirst":{"line":15,"column":2,"tokenListIndex":8},"startInSecond":{"line":9,"column":4,"tokenListIndex":5},"endInSecond":{"line":12,"column":19,"tokenListIndex":10},"lengthOfFirst":6,"lengthOfSecond":6},{"firstFileName":"SEVKET_YESILPEKMEZ/sevket_yesilpekmez.cpp","secondFileName":"ISMAIL_ERIM_ATAKTURK/LinkedListQuestions.cpp","startInFirst":{"line":25,"column":1,"tokenListIndex":14},"endInFirst":{"line":31,"column":1,"tokenListIndex":19},"startInSecond":{"line":22,"column":4,"tokenListIndex":19},"endInSecond":{"line":28,"column":4,"tokenListIndex":24},"lengthOfFirst":6,"lengthOfSecond":6}],"firstSimilarity":0.5833333333333334,"secondSimilarity":0.25225225225225223}