{"firstSubmissionId":"SEVKET_YESILPEKMEZ","secondSubmissionId":"MIRAY_DUYGULU","similarities":{"AVG":0.10071942446043165,"MAX":0.14583333333333334,"MAXIMUM_LENGTH":92.0,"LONGEST_MATCH":7.0},"matches":[{"firstFileName":"SEVKET_YESILPEKMEZ/sevket_yesilpekmez.cpp","secondFileName":"MIRAY_DUYGULU/LinkedListQuestions.cpp","startInFirst":{"line":67,"column":8,"tokenListIndex":40},"endInFirst":{"line":76,"column":47,"tokenListIndex":46},"startInSecond":{"line":50,"column":2,"tokenListIndex":46},"endInSecond":{"line":58,"column":38,"tokenListIndex":52},"lengthOfFirst":7,"lengthOfSecond":7}],"firstSimilarity":0.14583333333333334,"secondSimilarity":0.07692307692307693}