{"firstSubmissionId":"SEVKET_YESILPEKMEZ","secondSubmissionId":"BERKE_TURKBAY","similarities":{"AVG":0.208,"MAX":0.2708333333333333,"MAXIMUM_LENGTH":78.0,"LONGEST_MATCH":7.0},"matches":[{"firstFileName":"SEVKET_YESILPEKMEZ/sevket_yesilpekmez.cpp","secondFileName":"BERKE_TURKBAY/LinkedListQuestions.cpp","startInFirst":{"line":9,"column":0,"tokenListIndex":0},"endInFirst":{"line":13,"column":8,"tokenListIndex":6},"startInSecond":{"line":9,"column":0,"tokenListIndex":0},"endInSecond":{"line":13,"column":2,"tokenListIndex":6},"lengthOfFirst":7,"lengthOfSecond":7},{"firstFileName":"SEVKET_YESILPEKMEZ/sevket_yesilpekmez.cpp","secondFileName":"BERKE_TURKBAY/LinkedListQuestions.cpp","startInFirst":{"line":68,"column":8,"tokenListIndex":41},"endInFirst":{"line":76,"column":47,"tokenListIndex":46},"startInSecond":{"line":16,"column":2,"tokenListIndex":8},"endInSecond":{"line":24,"column":1,"tokenListIndex":13},"lengthOfFirst":6,"lengthOfSecond":6}],"firstSimilarity":0.2708333333333333,"secondSimilarity":0.16883116883116883}