{"firstSubmissionId":"SEVKET_YESILPEKMEZ","secondSubmissionId":"EDA_GUL_CETINEL","similarities":{"AVG":0.234375,"MAX":0.3125,"MAXIMUM_LENGTH":81.0,"LONGEST_MATCH":8.0},"matches":[{"firstFileName":"SEVKET_YESILPEKMEZ/sevket_yesilpekmez.cpp","secondFileName":"EDA_GUL_CETINEL/lab1.cpp","startInFirst":{"line":65,"column":2,"tokenListIndex":39},"endInFirst":{"line":76,"column":47,"tokenListIndex":46},"startInSecond":{"line":39,"column":31,"tokenListIndex":33},"endInSecond":{"line":50,"column":38,"tokenListIndex":40},"lengthOfFirst":8,"lengthOfSecond":8},{"firstFileName":"SEVKET_YESILPEKMEZ/sevket_yesilpekmez.cpp","secondFileName":"EDA_GUL_CETINEL/lab1.cpp","startInFirst":{"line":49,"column":2,"tokenListIndex":28},"endInFirst":{"line":56,"column":4,"tokenListIndex":34},"startInSecond":{"line":11,"column":8,"tokenListIndex":5},"endInSecond":{"line":14,"column":4,"tokenListIndex":11},"lengthOfFirst":7,"lengthOfSecond":7}],"firstSimilarity":0.3125,"secondSimilarity":0.1875}