{"firstSubmissionId":"SEVKET_YESILPEKMEZ","secondSubmissionId":"HASAN_ZAFER_BILIR","similarities":{"AVG":0.46153846153846156,"MAX":0.5,"MAXIMUM_LENGTH":57.0,"LONGEST_MATCH":11.0},"matches":[{"firstFileName":"SEVKET_YESILPEKMEZ/sevket_yesilpekmez.cpp","secondFileName":"HASAN_ZAFER_BILIR/HasanZaferbilir.cpp.cpp","startInFirst":{"line":10,"column":4,"tokenListIndex":3},"endInFirst":{"line":24,"column":18,"tokenListIndex":13},"startInSecond":{"line":12,"column":1,"tokenListIndex":5},"endInSecond":{"line":25,"column":18,"tokenListIndex":15},"lengthOfFirst":11,"lengthOfSecond":11},{"firstFileName":"SEVKET_YESILPEKMEZ/sevket_yesilpekmez.cpp","secondFileName":"HASAN_ZAFER_BILIR/HasanZaferbilir.cpp.cpp","startInFirst":{"line":67,"column":8,"tokenListIndex":40},"endInFirst":{"line":76,"column":47,"tokenListIndex":46},"startInSecond":{"line":37,"column":16,"tokenListIndex":25},"endInSecond":{"line":46,"column":38,"tokenListIndex":31},"lengthOfFirst":7,"lengthOfSecond":7},{"firstFileName":"SEVKET_YESILPEKMEZ/sevket_yesilpekmez.cpp","secondFileName":"HASAN_ZAFER_BILIR/HasanZaferbilir.cpp.cpp","startInFirst":{"line":36,"column":1,"tokenListIndex":21},"endInFirst":{"line":47,"column":38,"tokenListIndex":26},"startInSecond":{"line":54,"column":1,"tokenListIndex":37},"endInSecond":{"line":62,"column":47,"tokenListIndex":42},"lengthOfFirst":6,"lengthOfSecond":6}],"firstSimilarity":0.5,"secondSimilarity":0.42857142857142855}