{"firstSubmissionId":"SEVKET_YESILPEKMEZ","secondSubmissionId":"EMIR_KEREM_ISILDAR","similarities":{"AVG":0.2524271844660194,"MAX":0.2708333333333333,"MAXIMUM_LENGTH":56.0,"LONGEST_MATCH":7.0},"matches":[{"firstFileName":"SEVKET_YESILPEKMEZ/sevket_yesilpekmez.cpp","secondFileName":"EMIR_KEREM_ISILDAR/LinkedListQuestions.cpp","startInFirst":{"line":67,"column":8,"tokenListIndex":40},"endInFirst":{"line":76,"column":47,"tokenListIndex":46},"startInSecond":{"line":37,"column":1,"tokenListIndex":31},"endInSecond":{"line":46,"column":38,"tokenListIndex":37},"lengthOfFirst":7,"lengthOfSecond":7},{"firstFileName":"SEVKET_YESILPEKMEZ/sevket_yesilpekmez.cpp","secondFileName":"EMIR_KEREM_ISILDAR/LinkedListQuestions.cpp","startInFirst":{"line":49,"column":2,"tokenListIndex":28},"endInFirst":{"line":53,"column":8,"tokenListIndex":33},"startInSecond":{"line":12,"column":8,"tokenListIndex":5},"endInSecond":{"line":15,"column":11,"tokenListIndex":10},"lengthOfFirst":6,"lengthOfSecond":6}],"firstSimilarity":0.2708333333333333,"secondSimilarity":0.23636363636363636}