{"firstSubmissionId":"SEVKET_YESILPEKMEZ","secondSubmissionId":"ELIF_NAZ_TURAN","similarities":{"AVG":0.37254901960784315,"MAX":0.3958333333333333,"MAXIMUM_LENGTH":55.0,"LONGEST_MATCH":7.0},"matches":[{"firstFileName":"SEVKET_YESILPEKMEZ/sevket_yesilpekmez.cpp","secondFileName":"ELIF_NAZ_TURAN/LinkedListQuestions.cpp","startInFirst":{"line":14,"column":12,"tokenListIndex":7},"endInFirst":{"line":24,"column":18,"tokenListIndex":13},"startInSecond":{"line":44,"column":14,"tokenListIndex":29},"endInSecond":{"line":57,"column":26,"tokenListIndex":35},"lengthOfFirst":7,"lengthOfSecond":7},{"firstFileName":"SEVKET_YESILPEKMEZ/sevket_yesilpekmez.cpp","secondFileName":"ELIF_NAZ_TURAN/LinkedListQuestions.cpp","startInFirst":{"line":9,"column":0,"tokenListIndex":0},"endInFirst":{"line":12,"column":4,"tokenListIndex":5},"startInSecond":{"line":9,"column":0,"tokenListIndex":0},"endInSecond":{"line":12,"column":2,"tokenListIndex":5},"lengthOfFirst":6,"lengthOfSecond":6},{"firstFileName":"SEVKET_YESILPEKMEZ/sevket_yesilpekmez.cpp","secondFileName":"ELIF_NAZ_TURAN/LinkedListQuestions.cpp","startInFirst":{"line":68,"column":8,"tokenListIndex":41},"endInFirst":{"line":76,"column":47,"tokenListIndex":46},"startInSecond":{"line":32,"column":4,"tokenListIndex":20},"endInSecond":{"line":41,"column":38,"tokenListIndex":25},"lengthOfFirst":6,"lengthOfSecond":6}],"firstSimilarity":0.3958333333333333,"secondSimilarity":0.35185185185185186}