{"firstSubmissionId":"AHMET_ZEKI_IHTIYAROGLU","secondSubmissionId":"YUSUF_ERDEM_ALTINSOY","similarities":{"AVG":0.08024691358024691,"MAX":0.14942528735632185,"MAXIMUM_LENGTH":246.0,"LONGEST_MATCH":7.0},"matches":[{"firstFileName":"AHMET_ZEKI_IHTIYAROGLU/StackQuestionsNonMember.tpp","secondFileName":"YUSUF_ERDEM_ALTINSOY/Stack.tpp","startInFirst":{"line":13,"column":4,"tokenListIndex":4},"endInFirst":{"line":16,"column":4,"tokenListIndex":10},"startInSecond":{"line":229,"column":2,"tokenListIndex":201},"endInSecond":{"line":233,"column":2,"tokenListIndex":207},"lengthOfFirst":7,"lengthOfSecond":7},{"firstFileName":"AHMET_ZEKI_IHTIYAROGLU/StackQuestionsMember.tpp","secondFileName":"YUSUF_ERDEM_ALTINSOY/Stack.tpp","startInFirst":{"line":38,"column":4,"tokenListIndex":63},"endInFirst":{"line":41,"column":8,"tokenListIndex":68},"startInSecond":{"line":189,"column":20,"tokenListIndex":167},"endInSecond":{"line":195,"column":4,"tokenListIndex":172},"lengthOfFirst":6,"lengthOfSecond":6}],"firstSimilarity":0.14942528735632185,"secondSimilarity":0.05485232067510549}