{"firstSubmissionId":"AHMET_ZEKI_IHTIYAROGLU","secondSubmissionId":"ALP_DIKMEN","similarities":{"AVG":0.5544041450777202,"MAX":0.6091954022988506,"MAXIMUM_LENGTH":109.0,"LONGEST_MATCH":17.0},"matches":[{"firstFileName":"AHMET_ZEKI_IHTIYAROGLU/StackQuestionsMember.tpp","secondFileName":"ALP_DIKMEN/StackQuestionsMember.tpp","startInFirst":{"line":16,"column":8,"tokenListIndex":38},"endInFirst":{"line":20,"column":15,"tokenListIndex":46},"startInSecond":{"line":14,"column":2,"tokenListIndex":75},"endInSecond":{"line":21,"column":9,"tokenListIndex":83},"lengthOfFirst":9,"lengthOfSecond":9},{"firstFileName":"AHMET_ZEKI_IHTIYAROGLU/StackQuestionsNonMember.tpp","secondFileName":"ALP_DIKMEN/StackQuestionsNonMember.tpp","startInFirst":{"line":12,"column":0,"tokenListIndex":0},"endInFirst":{"line":13,"column":6,"tokenListIndex":5},"startInSecond":{"line":12,"column":0,"tokenListIndex":0},"endInSecond":{"line":15,"column":6,"tokenListIndex":5},"lengthOfFirst":6,"lengthOfSecond":6},{"firstFileName":"AHMET_ZEKI_IHTIYAROGLU/StackQuestionsNonMember.tpp","secondFileName":"ALP_DIKMEN/StackQuestionsNonMember.tpp","startInFirst":{"line":18,"column":18,"tokenListIndex":16},"endInFirst":{"line":29,"column":0,"tokenListIndex":26},"startInSecond":{"line":16,"column":9,"tokenListIndex":7},"endInSecond":{"line":32,"column":0,"tokenListIndex":19},"lengthOfFirst":11,"lengthOfSecond":13},{"firstFileName":"AHMET_ZEKI_IHTIYAROGLU/StackQuestionsMember.tpp","secondFileName":"ALP_DIKMEN/StackQuestionsNonMember.cpp","startInFirst":{"line":23,"column":8,"tokenListIndex":49},"endInFirst":{"line":27,"column":8,"tokenListIndex":56},"startInSecond":{"line":47,"column":5,"tokenListIndex":57},"endInSecond":{"line":56,"column":1,"tokenListIndex":65},"lengthOfFirst":8,"lengthOfSecond":9},{"firstFileName":"AHMET_ZEKI_IHTIYAROGLU/StackQuestionsMember.tpp","secondFileName":"ALP_DIKMEN/StackQuestionsMember.tpp","startInFirst":{"line":41,"column":12,"tokenListIndex":69},"endInFirst":{"line":58,"column":0,"tokenListIndex":87},"startInSecond":{"line":34,"column":6,"tokenListIndex":91},"endInSecond":{"line":50,"column":0,"tokenListIndex":107},"lengthOfFirst":19,"lengthOfSecond":17}],"firstSimilarity":0.6091954022988506,"secondSimilarity":0.5094339622641509}