{"firstSubmissionId":"AHMET_ZEKI_IHTIYAROGLU","secondSubmissionId":"EDHEM_TATAR","similarities":{"AVG":0.17857142857142858,"MAX":0.22988505747126436,"MAXIMUM_LENGTH":140.0,"LONGEST_MATCH":7.0},"matches":[{"firstFileName":"AHMET_ZEKI_IHTIYAROGLU/StackQuestionsMember.tpp","secondFileName":"EDHEM_TATAR/StackQuestionsNonMember.tpp","startInFirst":{"line":41,"column":8,"tokenListIndex":68},"endInFirst":{"line":46,"column":11,"tokenListIndex":74},"startInSecond":{"line":33,"column":8,"tokenListIndex":95},"endInSecond":{"line":38,"column":9,"tokenListIndex":101},"lengthOfFirst":7,"lengthOfSecond":7},{"firstFileName":"AHMET_ZEKI_IHTIYAROGLU/StackQuestionsMember.tpp","secondFileName":"EDHEM_TATAR/StackQuestionsNonMember.tpp","startInFirst":{"line":47,"column":8,"tokenListIndex":75},"endInFirst":{"line":52,"column":11,"tokenListIndex":81},"startInSecond":{"line":39,"column":8,"tokenListIndex":103},"endInSecond":{"line":45,"column":9,"tokenListIndex":109},"lengthOfFirst":7,"lengthOfSecond":7},{"firstFileName":"AHMET_ZEKI_IHTIYAROGLU/StackQuestionsMember.tpp","secondFileName":"EDHEM_TATAR/StackQuestionsNonMember.tpp","startInFirst":{"line":53,"column":8,"tokenListIndex":82},"endInFirst":{"line":58,"column":0,"tokenListIndex":87},"startInSecond":{"line":58,"column":8,"tokenListIndex":129},"endInSecond":{"line":63,"column":0,"tokenListIndex":134},"lengthOfFirst":6,"lengthOfSecond":6}],"firstSimilarity":0.22988505747126436,"secondSimilarity":0.145985401459854}