{"firstSubmissionId":"AHMET_ZEKI_IHTIYAROGLU","secondSubmissionId":"SERHAT_YUNUSEMRE_KALPAKLI","similarities":{"AVG":0.3316062176165803,"MAX":0.367816091954023,"MAXIMUM_LENGTH":109.0,"LONGEST_MATCH":12.0},"matches":[{"firstFileName":"AHMET_ZEKI_IHTIYAROGLU/StackQuestionsMember.tpp","secondFileName":"SERHAT_YUNUSEMRE_KALPAKLI/StackQuestionsMember.tpp","startInFirst":{"line":24,"column":8,"tokenListIndex":50},"endInFirst":{"line":36,"column":22,"tokenListIndex":61},"startInSecond":{"line":13,"column":4,"tokenListIndex":9},"endInSecond":{"line":24,"column":22,"tokenListIndex":20},"lengthOfFirst":12,"lengthOfSecond":12},{"firstFileName":"AHMET_ZEKI_IHTIYAROGLU/StackQuestionsMember.tpp","secondFileName":"SERHAT_YUNUSEMRE_KALPAKLI/StackQuestionsMember.tpp","startInFirst":{"line":40,"column":4,"tokenListIndex":66},"endInFirst":{"line":45,"column":4,"tokenListIndex":72},"startInSecond":{"line":31,"column":8,"tokenListIndex":32},"endInSecond":{"line":35,"column":8,"tokenListIndex":38},"lengthOfFirst":7,"lengthOfSecond":7},{"firstFileName":"AHMET_ZEKI_IHTIYAROGLU/StackQuestionsMember.tpp","secondFileName":"SERHAT_YUNUSEMRE_KALPAKLI/StackQuestionsMember.tpp","startInFirst":{"line":46,"column":4,"tokenListIndex":73},"endInFirst":{"line":51,"column":4,"tokenListIndex":79},"startInSecond":{"line":37,"column":8,"tokenListIndex":40},"endInSecond":{"line":41,"column":8,"tokenListIndex":46},"lengthOfFirst":7,"lengthOfSecond":7},{"firstFileName":"AHMET_ZEKI_IHTIYAROGLU/StackQuestionsNonMember.tpp","secondFileName":"SERHAT_YUNUSEMRE_KALPAKLI/StackQuestionsNonMember.tpp","startInFirst":{"line":12,"column":0,"tokenListIndex":0},"endInFirst":{"line":13,"column":6,"tokenListIndex":5},"startInSecond":{"line":12,"column":0,"tokenListIndex":50},"endInSecond":{"line":13,"column":9,"tokenListIndex":55},"lengthOfFirst":6,"lengthOfSecond":6}],"firstSimilarity":0.367816091954023,"secondSimilarity":0.3018867924528302}