{"firstSubmissionId":"AHMET_ZEKI_IHTIYAROGLU","secondSubmissionId":"ILAY_FATMA_YAVUZ","similarities":{"AVG":0.09156626506024096,"MAX":0.21839080459770116,"MAXIMUM_LENGTH":332.0,"LONGEST_MATCH":7.0},"matches":[{"firstFileName":"AHMET_ZEKI_IHTIYAROGLU/StackQuestionsNonMember.tpp","secondFileName":"ILAY_FATMA_YAVUZ/Stack.tpp","startInFirst":{"line":13,"column":4,"tokenListIndex":4},"endInFirst":{"line":16,"column":4,"tokenListIndex":10},"startInSecond":{"line":261,"column":2,"tokenListIndex":283},"endInSecond":{"line":265,"column":2,"tokenListIndex":289},"lengthOfFirst":7,"lengthOfSecond":7},{"firstFileName":"AHMET_ZEKI_IHTIYAROGLU/StackQuestionsNonMember.tpp","secondFileName":"ILAY_FATMA_YAVUZ/Stack.tpp","startInFirst":{"line":17,"column":8,"tokenListIndex":11},"endInFirst":{"line":18,"column":18,"tokenListIndex":16},"startInSecond":{"line":46,"column":4,"tokenListIndex":86},"endInSecond":{"line":47,"column":17,"tokenListIndex":91},"lengthOfFirst":6,"lengthOfSecond":6},{"firstFileName":"AHMET_ZEKI_IHTIYAROGLU/StackQuestionsMember.tpp","secondFileName":"ILAY_FATMA_YAVUZ/Stack.tpp","startInFirst":{"line":38,"column":4,"tokenListIndex":63},"endInFirst":{"line":41,"column":8,"tokenListIndex":68},"startInSecond":{"line":221,"column":20,"tokenListIndex":249},"endInSecond":{"line":227,"column":4,"tokenListIndex":254},"lengthOfFirst":6,"lengthOfSecond":6}],"firstSimilarity":0.21839080459770116,"secondSimilarity":0.057926829268292686}