{"firstSubmissionId":"AHMET_ZEKI_IHTIYAROGLU","secondSubmissionId":"IRMAK_ZEHRA_EMRI","similarities":{"AVG":0.15613382899628253,"MAX":0.2413793103448276,"MAXIMUM_LENGTH":185.0,"LONGEST_MATCH":9.0},"matches":[{"firstFileName":"AHMET_ZEKI_IHTIYAROGLU/StackQuestionsNonMember.tpp","secondFileName":"IRMAK_ZEHRA_EMRI/StackQuestionsNonMember.tpp","startInFirst":{"line":12,"column":0,"tokenListIndex":0},"endInFirst":{"line":15,"column":6,"tokenListIndex":8},"startInSecond":{"line":12,"column":0,"tokenListIndex":149},"endInSecond":{"line":16,"column":14,"tokenListIndex":157},"lengthOfFirst":9,"lengthOfSecond":9},{"firstFileName":"AHMET_ZEKI_IHTIYAROGLU/StackQuestionsMember.tpp","secondFileName":"IRMAK_ZEHRA_EMRI/main.cpp","startInFirst":{"line":17,"column":8,"tokenListIndex":39},"endInFirst":{"line":19,"column":8,"tokenListIndex":44},"startInSecond":{"line":195,"column":2,"tokenListIndex":134},"endInSecond":{"line":197,"column":2,"tokenListIndex":139},"lengthOfFirst":6,"lengthOfSecond":6},{"firstFileName":"AHMET_ZEKI_IHTIYAROGLU/StackQuestionsMember.tpp","secondFileName":"IRMAK_ZEHRA_EMRI/main.cpp","startInFirst":{"line":24,"column":8,"tokenListIndex":50},"endInFirst":{"line":26,"column":8,"tokenListIndex":55},"startInSecond":{"line":201,"column":2,"tokenListIndex":141},"endInSecond":{"line":203,"column":2,"tokenListIndex":146},"lengthOfFirst":6,"lengthOfSecond":6}],"firstSimilarity":0.2413793103448276,"secondSimilarity":0.11538461538461539}