{"firstSubmissionId":"ALGUHAN_KURULAR","secondSubmissionId":"YUSUF_ERDEM_ALTINSOY","similarities":{"AVG":0.04946996466431095,"MAX":0.15217391304347827,"MAXIMUM_LENGTH":246.0,"LONGEST_MATCH":7.0},"matches":[{"firstFileName":"ALGUHAN_KURULAR/StackQuestionsMember.tpp","secondFileName":"YUSUF_ERDEM_ALTINSOY/Stack.tpp","startInFirst":{"line":9,"column":0,"tokenListIndex":0},"endInFirst":{"line":12,"column":1,"tokenListIndex":6},"startInSecond":{"line":75,"column":0,"tokenListIndex":48},"endInSecond":{"line":78,"column":2,"tokenListIndex":54},"lengthOfFirst":7,"lengthOfSecond":7}],"firstSimilarity":0.15217391304347827,"secondSimilarity":0.029535864978902954}