{"firstSubmissionId":"ALGUHAN_KURULAR","secondSubmissionId":"ALP_DIKMEN","similarities":{"AVG":0.09210526315789473,"MAX":0.15217391304347827,"MAXIMUM_LENGTH":109.0,"LONGEST_MATCH":7.0},"matches":[{"firstFileName":"ALGUHAN_KURULAR/StackQuestionsMember.tpp","secondFileName":"ALP_DIKMEN/StackQuestionsMember.tpp","startInFirst":{"line":25,"column":0,"tokenListIndex":19},"endInFirst":{"line":35,"column":9,"tokenListIndex":25},"startInSecond":{"line":22,"column":0,"tokenListIndex":84},"endInSecond":{"line":32,"column":9,"tokenListIndex":90},"lengthOfFirst":7,"lengthOfSecond":7}],"firstSimilarity":0.15217391304347827,"secondSimilarity":0.0660377358490566}