{"firstSubmissionId":"ALGUHAN_KURULAR","secondSubmissionId":"AYSE_ALKAN","similarities":{"AVG":0.2595419847328244,"MAX":0.3695652173913043,"MAXIMUM_LENGTH":87.0,"LONGEST_MATCH":11.0},"matches":[{"firstFileName":"ALGUHAN_KURULAR/StackQuestionsMember.tpp","secondFileName":"AYSE_ALKAN/StackQuestionsMember.tpp","startInFirst":{"line":9,"column":0,"tokenListIndex":0},"endInFirst":{"line":17,"column":1,"tokenListIndex":10},"startInSecond":{"line":9,"column":0,"tokenListIndex":37},"endInSecond":{"line":18,"column":2,"tokenListIndex":47},"lengthOfFirst":11,"lengthOfSecond":11},{"firstFileName":"ALGUHAN_KURULAR/StackQuestionsMember.tpp","secondFileName":"AYSE_ALKAN/StackQuestionsMember.tpp","startInFirst":{"line":23,"column":1,"tokenListIndex":18},"endInFirst":{"line":33,"column":2,"tokenListIndex":23},"startInSecond":{"line":35,"column":2,"tokenListIndex":66},"endInSecond":{"line":39,"column":59,"tokenListIndex":71},"lengthOfFirst":6,"lengthOfSecond":6}],"firstSimilarity":0.3695652173913043,"secondSimilarity":0.2}