{"firstSubmissionId":"ALGUHAN_KURULAR","secondSubmissionId":"OMER_FARUK_GUCER","similarities":{"AVG":0.28888888888888886,"MAX":0.29545454545454547,"MAXIMUM_LENGTH":47.0,"LONGEST_MATCH":7.0},"matches":[{"firstFileName":"ALGUHAN_KURULAR/StackQuestionsMember.tpp","secondFileName":"OMER_FARUK_GUCER/StackQuestionsMember.tpp","startInFirst":{"line":11,"column":14,"tokenListIndex":5},"endInFirst":{"line":17,"column":10,"tokenListIndex":11},"startInSecond":{"line":11,"column":15,"tokenListIndex":36},"endInSecond":{"line":15,"column":8,"tokenListIndex":42},"lengthOfFirst":7,"lengthOfSecond":7},{"firstFileName":"ALGUHAN_KURULAR/StackQuestionsMember.tpp","secondFileName":"OMER_FARUK_GUCER/StackQuestionsNonMember.tpp","startInFirst":{"line":35,"column":2,"tokenListIndex":24},"endInFirst":{"line":37,"column":4,"tokenListIndex":29},"startInSecond":{"line":14,"column":4,"tokenListIndex":16},"endInSecond":{"line":16,"column":8,"tokenListIndex":21},"lengthOfFirst":6,"lengthOfSecond":6}],"firstSimilarity":0.2826086956521739,"secondSimilarity":0.29545454545454547}