{"firstSubmissionId":"ALGUHAN_KURULAR","secondSubmissionId":"EDHEM_TATAR","similarities":{"AVG":0.33879781420765026,"MAX":0.6739130434782609,"MAXIMUM_LENGTH":140.0,"LONGEST_MATCH":9.0},"matches":[{"firstFileName":"ALGUHAN_KURULAR/StackQuestionsMember.tpp","secondFileName":"EDHEM_TATAR/StackQuestionsMember.tpp","startInFirst":{"line":17,"column":1,"tokenListIndex":10},"endInFirst":{"line":23,"column":1,"tokenListIndex":18},"startInSecond":{"line":17,"column":4,"tokenListIndex":12},"endInSecond":{"line":22,"column":8,"tokenListIndex":20},"lengthOfFirst":9,"lengthOfSecond":9},{"firstFileName":"ALGUHAN_KURULAR/StackQuestionsMember.tpp","secondFileName":"EDHEM_TATAR/StackQuestionsNonMember.tpp","startInFirst":{"line":36,"column":14,"tokenListIndex":28},"endInFirst":{"line":42,"column":4,"tokenListIndex":36},"startInSecond":{"line":28,"column":4,"tokenListIndex":89},"endInSecond":{"line":34,"column":4,"tokenListIndex":97},"lengthOfFirst":9,"lengthOfSecond":9},{"firstFileName":"ALGUHAN_KURULAR/StackQuestionsMember.tpp","secondFileName":"EDHEM_TATAR/StackQuestionsNonMember.tpp","startInFirst":{"line":43,"column":2,"tokenListIndex":37},"endInFirst":{"line":49,"column":4,"tokenListIndex":43},"startInSecond":{"line":36,"column":2,"tokenListIndex":99},"endInSecond":{"line":40,"column":4,"tokenListIndex":105},"lengthOfFirst":7,"lengthOfSecond":7},{"firstFileName":"ALGUHAN_KURULAR/StackQuestionsMember.tpp","secondFileName":"EDHEM_TATAR/StackQuestionsNonMember.tpp","startInFirst":{"line":32,"column":2,"tokenListIndex":22},"endInFirst":{"line":36,"column":8,"tokenListIndex":27},"startInSecond":{"line":12,"column":38,"tokenListIndex":63},"endInSecond":{"line":15,"column":8,"tokenListIndex":68},"lengthOfFirst":6,"lengthOfSecond":6}],"firstSimilarity":0.6739130434782609,"secondSimilarity":0.22627737226277372}