{"firstSubmissionId":"ALGUHAN_KURULAR","secondSubmissionId":"ILAY_FATMA_YAVUZ","similarities":{"AVG":0.09090909090909091,"MAX":0.3695652173913043,"MAXIMUM_LENGTH":332.0,"LONGEST_MATCH":10.0},"matches":[{"firstFileName":"ALGUHAN_KURULAR/StackQuestionsMember.tpp","secondFileName":"ILAY_FATMA_YAVUZ/Stack.tpp","startInFirst":{"line":14,"column":1,"tokenListIndex":7},"endInFirst":{"line":20,"column":8,"tokenListIndex":16},"startInSecond":{"line":42,"column":4,"tokenListIndex":81},"endInSecond":{"line":47,"column":8,"tokenListIndex":90},"lengthOfFirst":10,"lengthOfSecond":10},{"firstFileName":"ALGUHAN_KURULAR/StackQuestionsMember.tpp","secondFileName":"ILAY_FATMA_YAVUZ/Stack.tpp","startInFirst":{"line":9,"column":0,"tokenListIndex":0},"endInFirst":{"line":12,"column":1,"tokenListIndex":6},"startInSecond":{"line":107,"column":0,"tokenListIndex":130},"endInSecond":{"line":110,"column":2,"tokenListIndex":136},"lengthOfFirst":7,"lengthOfSecond":7}],"firstSimilarity":0.3695652173913043,"secondSimilarity":0.051829268292682924}