{"firstSubmissionId":"ALGUHAN_KURULAR","secondSubmissionId":"IRMAK_ZEHRA_EMRI","similarities":{"AVG":0.05263157894736842,"MAX":0.13043478260869565,"MAXIMUM_LENGTH":185.0,"LONGEST_MATCH":6.0},"matches":[{"firstFileName":"ALGUHAN_KURULAR/StackQuestionsMember.tpp","secondFileName":"IRMAK_ZEHRA_EMRI/main.cpp","startInFirst":{"line":10,"column":1,"tokenListIndex":2},"endInFirst":{"line":14,"column":1,"tokenListIndex":7},"startInSecond":{"line":68,"column":2,"tokenListIndex":37},"endInSecond":{"line":72,"column":2,"tokenListIndex":42},"lengthOfFirst":6,"lengthOfSecond":6}],"firstSimilarity":0.13043478260869565,"secondSimilarity":0.03296703296703297}