{"firstSubmissionId":"ALGUHAN_KURULAR","secondSubmissionId":"TEMMUZ_AKYOL","similarities":{"AVG":0.27350427350427353,"MAX":0.34782608695652173,"MAXIMUM_LENGTH":73.0,"LONGEST_MATCH":9.0},"matches":[{"firstFileName":"ALGUHAN_KURULAR/StackQuestionsMember.tpp","secondFileName":"TEMMUZ_AKYOL/StackQuestionsMember.tpp","startInFirst":{"line":9,"column":0,"tokenListIndex":0},"endInFirst":{"line":14,"column":5,"tokenListIndex":8},"startInSecond":{"line":9,"column":0,"tokenListIndex":22},"endInSecond":{"line":15,"column":11,"tokenListIndex":30},"lengthOfFirst":9,"lengthOfSecond":9},{"firstFileName":"ALGUHAN_KURULAR/StackQuestionsMember.tpp","secondFileName":"TEMMUZ_AKYOL/StackQuestionsMember.tpp","startInFirst":{"line":14,"column":11,"tokenListIndex":9},"endInFirst":{"line":19,"column":25,"tokenListIndex":15},"startInSecond":{"line":16,"column":10,"tokenListIndex":33},"endInSecond":{"line":19,"column":27,"tokenListIndex":39},"lengthOfFirst":7,"lengthOfSecond":7}],"firstSimilarity":0.34782608695652173,"secondSimilarity":0.22535211267605634}