{"firstSubmissionId":"ALGUHAN_KURULAR","secondSubmissionId":"DENIZ_KAYRA_AYDIN","similarities":{"AVG":0.12173913043478261,"MAX":0.15217391304347827,"MAXIMUM_LENGTH":71.0,"LONGEST_MATCH":7.0},"matches":[{"firstFileName":"ALGUHAN_KURULAR/StackQuestionsMember.tpp","secondFileName":"DENIZ_KAYRA_AYDIN/StackQuestionsMember.tpp","startInFirst":{"line":25,"column":0,"tokenListIndex":19},"endInFirst":{"line":35,"column":9,"tokenListIndex":25},"startInSecond":{"line":23,"column":0,"tokenListIndex":19},"endInSecond":{"line":32,"column":9,"tokenListIndex":25},"lengthOfFirst":7,"lengthOfSecond":7}],"firstSimilarity":0.15217391304347827,"secondSimilarity":0.10144927536231885}