{"firstSubmissionId":"ALGUHAN_KURULAR","secondSubmissionId":"CEYDA_SENAY","similarities":{"AVG":0.27450980392156865,"MAX":0.30434782608695654,"MAXIMUM_LENGTH":59.0,"LONGEST_MATCH":8.0},"matches":[{"firstFileName":"ALGUHAN_KURULAR/StackQuestionsMember.tpp","secondFileName":"CEYDA_SENAY/StackQuestionsMember.tpp","startInFirst":{"line":19,"column":25,"tokenListIndex":15},"endInFirst":{"line":32,"column":2,"tokenListIndex":22},"startInSecond":{"line":21,"column":12,"tokenListIndex":36},"endInSecond":{"line":37,"column":4,"tokenListIndex":43},"lengthOfFirst":8,"lengthOfSecond":8},{"firstFileName":"ALGUHAN_KURULAR/StackQuestionsMember.tpp","secondFileName":"CEYDA_SENAY/StackQuestionsNonMember.tpp","startInFirst":{"line":33,"column":2,"tokenListIndex":23},"endInFirst":{"line":36,"column":14,"tokenListIndex":28},"startInSecond":{"line":13,"column":56,"tokenListIndex":3},"endInSecond":{"line":16,"column":16,"tokenListIndex":8},"lengthOfFirst":6,"lengthOfSecond":6}],"firstSimilarity":0.30434782608695654,"secondSimilarity":0.25}