{"firstSubmissionId":"ALP_EMRE_BAYBUGA","secondSubmissionId":"DENIZ_KAYRA_AYDIN","similarities":{"AVG":0.14285714285714285,"MAX":0.18604651162790697,"MAXIMUM_LENGTH":71.0,"LONGEST_MATCH":8.0},"matches":[{"firstFileName":"ALP_EMRE_BAYBUGA/StackQuestionsMember.tpp","secondFileName":"DENIZ_KAYRA_AYDIN/StackQuestionsNonMember.tpp","startInFirst":{"line":13,"column":1,"tokenListIndex":8},"endInFirst":{"line":20,"column":8,"tokenListIndex":15},"startInSecond":{"line":13,"column":4,"tokenListIndex":48},"endInSecond":{"line":17,"column":8,"tokenListIndex":55},"lengthOfFirst":8,"lengthOfSecond":8}],"firstSimilarity":0.18604651162790697,"secondSimilarity":0.11594202898550725}