{"firstSubmissionId":"ALP_EMRE_BAYBUGA","secondSubmissionId":"EMRE_ERGUL","similarities":{"AVG":0.3025210084033613,"MAX":0.4186046511627907,"MAXIMUM_LENGTH":79.0,"LONGEST_MATCH":12.0},"matches":[{"firstFileName":"ALP_EMRE_BAYBUGA/StackQuestionsMember.tpp","secondFileName":"EMRE_ERGUL/StackQuestionsMember.tpp","startInFirst":{"line":13,"column":1,"tokenListIndex":6},"endInFirst":{"line":22,"column":4,"tokenListIndex":17},"startInSecond":{"line":10,"column":4,"tokenListIndex":2},"endInSecond":{"line":17,"column":4,"tokenListIndex":13},"lengthOfFirst":12,"lengthOfSecond":12},{"firstFileName":"ALP_EMRE_BAYBUGA/StackQuestionsMember.tpp","secondFileName":"EMRE_ERGUL/StackQuestionsMember.tpp","startInFirst":{"line":24,"column":0,"tokenListIndex":18},"endInFirst":{"line":26,"column":8,"tokenListIndex":23},"startInSecond":{"line":29,"column":4,"tokenListIndex":29},"endInSecond":{"line":30,"column":21,"tokenListIndex":34},"lengthOfFirst":6,"lengthOfSecond":6}],"firstSimilarity":0.4186046511627907,"secondSimilarity":0.23684210526315788}