{"firstSubmissionId":"ALP_EMRE_BAYBUGA","secondSubmissionId":"YUSUF_ISA_ZERENUZ","similarities":{"AVG":0.10084033613445378,"MAX":0.13953488372093023,"MAXIMUM_LENGTH":78.0,"LONGEST_MATCH":6.0},"matches":[{"firstFileName":"ALP_EMRE_BAYBUGA/StackQuestionsMember.tpp","secondFileName":"YUSUF_ISA_ZERENUZ/StackQuestionsMember.tpp","startInFirst":{"line":13,"column":1,"tokenListIndex":10},"endInFirst":{"line":20,"column":8,"tokenListIndex":15},"startInSecond":{"line":38,"column":4,"tokenListIndex":57},"endInSecond":{"line":42,"column":8,"tokenListIndex":62},"lengthOfFirst":6,"lengthOfSecond":6}],"firstSimilarity":0.13953488372093023,"secondSimilarity":0.07894736842105263}