{"firstSubmissionId":"ALP_DIKMEN","secondSubmissionId":"SERHAT_YUNUSEMRE_KALPAKLI","similarities":{"AVG":0.24528301886792453,"MAX":0.24528301886792453,"MAXIMUM_LENGTH":109.0,"LONGEST_MATCH":11.0},"matches":[{"firstFileName":"ALP_DIKMEN/StackQuestionsNonMember.tpp","secondFileName":"SERHAT_YUNUSEMRE_KALPAKLI/StackQuestionsNonMember.tpp","startInFirst":{"line":12,"column":0,"tokenListIndex":0},"endInFirst":{"line":20,"column":22,"tokenListIndex":10},"startInSecond":{"line":12,"column":0,"tokenListIndex":50},"endInSecond":{"line":15,"column":24,"tokenListIndex":60},"lengthOfFirst":11,"lengthOfSecond":11},{"firstFileName":"ALP_DIKMEN/StackQuestionsMember.tpp","secondFileName":"SERHAT_YUNUSEMRE_KALPAKLI/StackQuestionsMember.tpp","startInFirst":{"line":16,"column":2,"tokenListIndex":76},"endInFirst":{"line":21,"column":9,"tokenListIndex":83},"startInSecond":{"line":13,"column":4,"tokenListIndex":9},"endInSecond":{"line":16,"column":11,"tokenListIndex":16},"lengthOfFirst":8,"lengthOfSecond":8},{"firstFileName":"ALP_DIKMEN/StackQuestionsMember.tpp","secondFileName":"SERHAT_YUNUSEMRE_KALPAKLI/StackQuestionsMember.tpp","startInFirst":{"line":9,"column":0,"tokenListIndex":68},"endInFirst":{"line":13,"column":8,"tokenListIndex":74},"startInSecond":{"line":9,"column":0,"tokenListIndex":0},"endInSecond":{"line":11,"column":18,"tokenListIndex":6},"lengthOfFirst":7,"lengthOfSecond":7}],"firstSimilarity":0.24528301886792453,"secondSimilarity":0.24528301886792453}