{"firstSubmissionId":"ALP_EMRE_BAYBUGA","secondSubmissionId":"BORA_ERDEM_ALAN","similarities":{"AVG":0.21818181818181817,"MAX":0.27906976744186046,"MAXIMUM_LENGTH":69.0,"LONGEST_MATCH":6.0},"matches":[{"firstFileName":"ALP_EMRE_BAYBUGA/StackQuestionsMember.tpp","secondFileName":"BORA_ERDEM_ALAN/StackQuestionsMember.tpp","startInFirst":{"line":13,"column":1,"tokenListIndex":10},"endInFirst":{"line":20,"column":8,"tokenListIndex":15},"startInSecond":{"line":31,"column":2,"tokenListIndex":26},"endInSecond":{"line":34,"column":4,"tokenListIndex":31},"lengthOfFirst":6,"lengthOfSecond":6},{"firstFileName":"ALP_EMRE_BAYBUGA/StackQuestionsMember.tpp","secondFileName":"BORA_ERDEM_ALAN/StackQuestionsMember.tpp","startInFirst":{"line":24,"column":0,"tokenListIndex":18},"endInFirst":{"line":26,"column":8,"tokenListIndex":23},"startInSecond":{"line":16,"column":2,"tokenListIndex":8},"endInSecond":{"line":17,"column":15,"tokenListIndex":13},"lengthOfFirst":6,"lengthOfSecond":6}],"firstSimilarity":0.27906976744186046,"secondSimilarity":0.1791044776119403}