{"firstSubmissionId":"ALP_EMRE_BAYBUGA","secondSubmissionId":"ILAY_FATMA_YAVUZ","similarities":{"AVG":0.03234501347708895,"MAX":0.13953488372093023,"MAXIMUM_LENGTH":332.0,"LONGEST_MATCH":6.0},"matches":[{"firstFileName":"ALP_EMRE_BAYBUGA/StackQuestionsMember.tpp","secondFileName":"ILAY_FATMA_YAVUZ/StackQuestionsMember.tpp","startInFirst":{"line":44,"column":4,"tokenListIndex":34},"endInFirst":{"line":48,"column":0,"tokenListIndex":39},"startInSecond":{"line":20,"column":4,"tokenListIndex":8},"endInSecond":{"line":23,"column":4,"tokenListIndex":13},"lengthOfFirst":6,"lengthOfSecond":6}],"firstSimilarity":0.13953488372093023,"secondSimilarity":0.018292682926829267}