{"firstSubmissionId":"ALP_EMRE_BAYBUGA","secondSubmissionId":"ALP_DIKMEN","similarities":{"AVG":0.08053691275167785,"MAX":0.13953488372093023,"MAXIMUM_LENGTH":109.0,"LONGEST_MATCH":6.0},"matches":[{"firstFileName":"ALP_EMRE_BAYBUGA/StackQuestionsMember.tpp","secondFileName":"ALP_DIKMEN/StackQuestionsMember.tpp","startInFirst":{"line":13,"column":1,"tokenListIndex":10},"endInFirst":{"line":20,"column":8,"tokenListIndex":15},"startInSecond":{"line":30,"column":2,"tokenListIndex":88},"endInSecond":{"line":35,"column":6,"tokenListIndex":93},"lengthOfFirst":6,"lengthOfSecond":6}],"firstSimilarity":0.13953488372093023,"secondSimilarity":0.05660377358490566}