{"firstSubmissionId":"ALP_EMRE_BAYBUGA","secondSubmissionId":"CEYDA_SENAY","similarities":{"AVG":0.1414141414141414,"MAX":0.16279069767441862,"MAXIMUM_LENGTH":59.0,"LONGEST_MATCH":7.0},"matches":[{"firstFileName":"ALP_EMRE_BAYBUGA/StackQuestionsMember.tpp","secondFileName":"CEYDA_SENAY/StackQuestionsMember.tpp","startInFirst":{"line":13,"column":1,"tokenListIndex":8},"endInFirst":{"line":19,"column":18,"tokenListIndex":14},"startInSecond":{"line":37,"column":4,"tokenListIndex":43},"endInSecond":{"line":40,"column":19,"tokenListIndex":49},"lengthOfFirst":7,"lengthOfSecond":7}],"firstSimilarity":0.16279069767441862,"secondSimilarity":0.125}