{"firstSubmissionId":"ALP_EMRE_BAYBUGA","secondSubmissionId":"TEMMUZ_AKYOL","similarities":{"AVG":0.10526315789473684,"MAX":0.13953488372093023,"MAXIMUM_LENGTH":73.0,"LONGEST_MATCH":6.0},"matches":[{"firstFileName":"ALP_EMRE_BAYBUGA/StackQuestionsMember.tpp","secondFileName":"TEMMUZ_AKYOL/StackQuestionsMember.tpp","startInFirst":{"line":13,"column":1,"tokenListIndex":10},"endInFirst":{"line":20,"column":8,"tokenListIndex":15},"startInSecond":{"line":35,"column":2,"tokenListIndex":51},"endInSecond":{"line":38,"column":4,"tokenListIndex":56},"lengthOfFirst":6,"lengthOfSecond":6}],"firstSimilarity":0.13953488372093023,"secondSimilarity":0.08450704225352113}