{"firstSubmissionId":"ALP_EMRE_BAYBUGA","secondSubmissionId":"IRMAK_ZEHRA_EMRI","similarities":{"AVG":0.12444444444444444,"MAX":0.32558139534883723,"MAXIMUM_LENGTH":185.0,"LONGEST_MATCH":7.0},"matches":[{"firstFileName":"ALP_EMRE_BAYBUGA/StackQuestionsMember.tpp","secondFileName":"IRMAK_ZEHRA_EMRI/StackQuestionsNonMember.tpp","startInFirst":{"line":13,"column":1,"tokenListIndex":6},"endInFirst":{"line":18,"column":9,"tokenListIndex":12},"startInSecond":{"line":14,"column":4,"tokenListIndex":153},"endInSecond":{"line":17,"column":11,"tokenListIndex":159},"lengthOfFirst":7,"lengthOfSecond":7},{"firstFileName":"ALP_EMRE_BAYBUGA/StackQuestionsMember.tpp","secondFileName":"IRMAK_ZEHRA_EMRI/main.cpp","startInFirst":{"line":43,"column":0,"tokenListIndex":33},"endInFirst":{"line":48,"column":0,"tokenListIndex":39},"startInSecond":{"line":143,"column":6,"tokenListIndex":100},"endInSecond":{"line":151,"column":2,"tokenListIndex":106},"lengthOfFirst":7,"lengthOfSecond":7}],"firstSimilarity":0.32558139534883723,"secondSimilarity":0.07692307692307693}