{"firstSubmissionId":"ALP_EMRE_BAYBUGA","secondSubmissionId":"AHMET_ZEKI_IHTIYAROGLU","similarities":{"AVG":0.09230769230769231,"MAX":0.13953488372093023,"MAXIMUM_LENGTH":89.0,"LONGEST_MATCH":6.0},"matches":[{"firstFileName":"ALP_EMRE_BAYBUGA/StackQuestionsMember.tpp","secondFileName":"AHMET_ZEKI_IHTIYAROGLU/StackQuestionsMember.tpp","startInFirst":{"line":9,"column":0,"tokenListIndex":2},"endInFirst":{"line":14,"column":5,"tokenListIndex":7},"startInSecond":{"line":9,"column":0,"tokenListIndex":28},"endInSecond":{"line":11,"column":6,"tokenListIndex":33},"lengthOfFirst":6,"lengthOfSecond":6}],"firstSimilarity":0.13953488372093023,"secondSimilarity":0.06896551724137931}