{"firstSubmissionId":"ALP_EMRE_BAYBUGA","secondSubmissionId":"AYSE_ALKAN","similarities":{"AVG":0.09375,"MAX":0.13953488372093023,"MAXIMUM_LENGTH":87.0,"LONGEST_MATCH":6.0},"matches":[{"firstFileName":"ALP_EMRE_BAYBUGA/StackQuestionsMember.tpp","secondFileName":"AYSE_ALKAN/StackQuestionsNonMember.cpp","startInFirst":{"line":13,"column":1,"tokenListIndex":10},"endInFirst":{"line":20,"column":8,"tokenListIndex":15},"startInSecond":{"line":34,"column":0,"tokenListIndex":21},"endInSecond":{"line":38,"column":0,"tokenListIndex":26},"lengthOfFirst":6,"lengthOfSecond":6}],"firstSimilarity":0.13953488372093023,"secondSimilarity":0.07058823529411765}