{"firstSubmissionId":"ALP_EMRE_BAYBUGA","secondSubmissionId":"EDHEM_TATAR","similarities":{"AVG":0.14444444444444443,"MAX":0.3023255813953488,"MAXIMUM_LENGTH":140.0,"LONGEST_MATCH":7.0},"matches":[{"firstFileName":"ALP_EMRE_BAYBUGA/StackQuestionsMember.tpp","secondFileName":"EDHEM_TATAR/StackQuestionsNonMember.tpp","startInFirst":{"line":41,"column":1,"tokenListIndex":32},"endInFirst":{"line":46,"column":4,"tokenListIndex":38},"startInSecond":{"line":16,"column":4,"tokenListIndex":70},"endInSecond":{"line":20,"column":4,"tokenListIndex":76},"lengthOfFirst":7,"lengthOfSecond":7},{"firstFileName":"ALP_EMRE_BAYBUGA/StackQuestionsMember.tpp","secondFileName":"EDHEM_TATAR/StackQuestionsMember.tpp","startInFirst":{"line":10,"column":1,"tokenListIndex":4},"endInFirst":{"line":16,"column":5,"tokenListIndex":9},"startInSecond":{"line":15,"column":12,"tokenListIndex":8},"endInSecond":{"line":17,"column":12,"tokenListIndex":13},"lengthOfFirst":6,"lengthOfSecond":6}],"firstSimilarity":0.3023255813953488,"secondSimilarity":0.0948905109489051}