{"firstSubmissionId":"ALP_DIKMEN","secondSubmissionId":"IRMAK_ZEHRA_EMRI","similarities":{"AVG":0.08333333333333333,"MAX":0.11320754716981132,"MAXIMUM_LENGTH":185.0,"LONGEST_MATCH":6.0},"matches":[{"firstFileName":"ALP_DIKMEN/StackQuestionsNonMember.tpp","secondFileName":"IRMAK_ZEHRA_EMRI/StackQuestionsNonMember.tpp","startInFirst":{"line":12,"column":0,"tokenListIndex":0},"endInFirst":{"line":15,"column":6,"tokenListIndex":5},"startInSecond":{"line":12,"column":0,"tokenListIndex":149},"endInSecond":{"line":15,"column":14,"tokenListIndex":154},"lengthOfFirst":6,"lengthOfSecond":6},{"firstFileName":"ALP_DIKMEN/StackQuestionsMember.tpp","secondFileName":"IRMAK_ZEHRA_EMRI/main.cpp","startInFirst":{"line":16,"column":2,"tokenListIndex":76},"endInFirst":{"line":19,"column":2,"tokenListIndex":81},"startInSecond":{"line":195,"column":2,"tokenListIndex":134},"endInSecond":{"line":197,"column":2,"tokenListIndex":139},"lengthOfFirst":6,"lengthOfSecond":6}],"firstSimilarity":0.11320754716981132,"secondSimilarity":0.06593406593406594}