{"firstSubmissionId":"ALP_DIKMEN","secondSubmissionId":"ILAY_FATMA_YAVUZ","similarities":{"AVG":0.03225806451612903,"MAX":0.0660377358490566,"MAXIMUM_LENGTH":332.0,"LONGEST_MATCH":7.0},"matches":[{"firstFileName":"ALP_DIKMEN/StackQuestionsNonMember.cpp","secondFileName":"ILAY_FATMA_YAVUZ/Stack.tpp","startInFirst":{"line":48,"column":25,"tokenListIndex":60},"endInFirst":{"line":58,"column":0,"tokenListIndex":66},"startInSecond":{"line":46,"column":38,"tokenListIndex":89},"endInSecond":{"line":51,"column":0,"tokenListIndex":95},"lengthOfFirst":7,"lengthOfSecond":7}],"firstSimilarity":0.0660377358490566,"secondSimilarity":0.021341463414634148}