{"firstSubmissionId":"ALP_EMRE_BAYBUGA","secondSubmissionId":"DEMIR_OZHAN","similarities":{"AVG":0.15841584158415842,"MAX":0.18604651162790697,"MAXIMUM_LENGTH":61.0,"LONGEST_MATCH":8.0},"matches":[{"firstFileName":"ALP_EMRE_BAYBUGA/StackQuestionsMember.tpp","secondFileName":"DEMIR_OZHAN/StackQuestionsMember.tpp","startInFirst":{"line":13,"column":1,"tokenListIndex":8},"endInFirst":{"line":20,"column":8,"tokenListIndex":15},"startInSecond":{"line":32,"column":2,"tokenListIndex":50},"endInSecond":{"line":38,"column":6,"tokenListIndex":57},"lengthOfFirst":8,"lengthOfSecond":8}],"firstSimilarity":0.18604651162790697,"secondSimilarity":0.13793103448275862}