{"firstSubmissionId":"ALP_DIKMEN","secondSubmissionId":"EDHEM_TATAR","similarities":{"AVG":0.14814814814814814,"MAX":0.16981132075471697,"MAXIMUM_LENGTH":140.0,"LONGEST_MATCH":6.0},"matches":[{"firstFileName":"ALP_DIKMEN/StackQuestionsNonMember.cpp","secondFileName":"EDHEM_TATAR/StackQuestionsNonMember.tpp","startInFirst":{"line":44,"column":2,"tokenListIndex":52},"endInFirst":{"line":47,"column":5,"tokenListIndex":57},"startInSecond":{"line":18,"column":15,"tokenListIndex":74},"endInSecond":{"line":23,"column":11,"tokenListIndex":79},"lengthOfFirst":6,"lengthOfSecond":6},{"firstFileName":"ALP_DIKMEN/StackQuestionsMember.tpp","secondFileName":"EDHEM_TATAR/StackQuestionsMember.tpp","startInFirst":{"line":34,"column":6,"tokenListIndex":91},"endInFirst":{"line":38,"column":11,"tokenListIndex":96},"startInSecond":{"line":37,"column":18,"tokenListIndex":35},"endInSecond":{"line":42,"column":9,"tokenListIndex":40},"lengthOfFirst":6,"lengthOfSecond":6},{"firstFileName":"ALP_DIKMEN/StackQuestionsMember.tpp","secondFileName":"EDHEM_TATAR/StackQuestionsMember.tpp","startInFirst":{"line":40,"column":6,"tokenListIndex":97},"endInFirst":{"line":44,"column":11,"tokenListIndex":102},"startInSecond":{"line":43,"column":18,"tokenListIndex":45},"endInSecond":{"line":48,"column":9,"tokenListIndex":50},"lengthOfFirst":6,"lengthOfSecond":6}],"firstSimilarity":0.16981132075471697,"secondSimilarity":0.13138686131386862}