{"firstSubmissionId":"AYSE_ALKAN","secondSubmissionId":"ALP_DIKMEN","similarities":{"AVG":0.16753926701570682,"MAX":0.18823529411764706,"MAXIMUM_LENGTH":109.0,"LONGEST_MATCH":9.0},"matches":[{"firstFileName":"AYSE_ALKAN/StackQuestionsMember.tpp","secondFileName":"ALP_DIKMEN/StackQuestionsNonMember.cpp","startInFirst":{"line":19,"column":11,"tokenListIndex":49},"endInFirst":{"line":27,"column":9,"tokenListIndex":57},"startInSecond":{"line":40,"column":7,"tokenListIndex":49},"endInSecond":{"line":47,"column":5,"tokenListIndex":57},"lengthOfFirst":9,"lengthOfSecond":9},{"firstFileName":"AYSE_ALKAN/StackQuestionsNonMember.cpp","secondFileName":"ALP_DIKMEN/StackQuestionsMember.tpp","startInFirst":{"line":34,"column":0,"tokenListIndex":21},"endInFirst":{"line":39,"column":0,"tokenListIndex":27},"startInSecond":{"line":30,"column":2,"tokenListIndex":88},"endInSecond":{"line":36,"column":2,"tokenListIndex":94},"lengthOfFirst":7,"lengthOfSecond":7}],"firstSimilarity":0.18823529411764706,"secondSimilarity":0.1509433962264151}