{"firstSubmissionId":"AYSE_ALKAN","secondSubmissionId":"ILAY_FATMA_YAVUZ","similarities":{"AVG":0.08716707021791767,"MAX":0.21176470588235294,"MAXIMUM_LENGTH":332.0,"LONGEST_MATCH":9.0},"matches":[{"firstFileName":"AYSE_ALKAN/StackQuestionsMember.tpp","secondFileName":"ILAY_FATMA_YAVUZ/Stack.tpp","startInFirst":{"line":9,"column":22,"tokenListIndex":38},"endInFirst":{"line":15,"column":15,"tokenListIndex":46},"startInSecond":{"line":26,"column":0,"tokenListIndex":63},"endInSecond":{"line":30,"column":20,"tokenListIndex":71},"lengthOfFirst":9,"lengthOfSecond":9},{"firstFileName":"AYSE_ALKAN/StackQuestionsMember.tpp","secondFileName":"ILAY_FATMA_YAVUZ/StackQuestionsMember.tpp","startInFirst":{"line":45,"column":2,"tokenListIndex":77},"endInFirst":{"line":49,"column":0,"tokenListIndex":85},"startInSecond":{"line":32,"column":4,"tokenListIndex":24},"endInSecond":{"line":37,"column":0,"tokenListIndex":32},"lengthOfFirst":9,"lengthOfSecond":9}],"firstSimilarity":0.21176470588235294,"secondSimilarity":0.054878048780487805}