{"firstSubmissionId":"AYSE_ALKAN","secondSubmissionId":"ERDAL_DENIZ_OZBEY","similarities":{"AVG":0.09467455621301775,"MAX":0.09523809523809523,"MAXIMUM_LENGTH":87.0,"LONGEST_MATCH":8.0},"matches":[{"firstFileName":"AYSE_ALKAN/StackQuestionsNonMember.cpp","secondFileName":"ERDAL_DENIZ_OZBEY/question 4.cpp","startInFirst":{"line":22,"column":0,"tokenListIndex":8},"endInFirst":{"line":29,"column":0,"tokenListIndex":15},"startInSecond":{"line":20,"column":7,"tokenListIndex":45},"endInSecond":{"line":26,"column":8,"tokenListIndex":52},"lengthOfFirst":8,"lengthOfSecond":8}],"firstSimilarity":0.09411764705882353,"secondSimilarity":0.09523809523809523}