{"firstSubmissionId":"AYSE_ALKAN","secondSubmissionId":"IRMAK_ZEHRA_EMRI","similarities":{"AVG":0.0449438202247191,"MAX":0.07058823529411765,"MAXIMUM_LENGTH":185.0,"LONGEST_MATCH":6.0},"matches":[{"firstFileName":"AYSE_ALKAN/StackQuestionsMember.tpp","secondFileName":"IRMAK_ZEHRA_EMRI/main.cpp","startInFirst":{"line":11,"column":4,"tokenListIndex":39},"endInFirst":{"line":15,"column":2,"tokenListIndex":44},"startInSecond":{"line":68,"column":2,"tokenListIndex":37},"endInSecond":{"line":72,"column":2,"tokenListIndex":42},"lengthOfFirst":6,"lengthOfSecond":6}],"firstSimilarity":0.07058823529411765,"secondSimilarity":0.03296703296703297}