{"firstSubmissionId":"AYSE_ALKAN","secondSubmissionId":"YUSUF_ERDEM_ALTINSOY","similarities":{"AVG":0.043478260869565216,"MAX":0.08235294117647059,"MAXIMUM_LENGTH":246.0,"LONGEST_MATCH":7.0},"matches":[{"firstFileName":"AYSE_ALKAN/StackQuestionsMember.tpp","secondFileName":"YUSUF_ERDEM_ALTINSOY/Stack.tpp","startInFirst":{"line":9,"column":0,"tokenListIndex":37},"endInFirst":{"line":13,"column":2,"tokenListIndex":43},"startInSecond":{"line":75,"column":0,"tokenListIndex":48},"endInSecond":{"line":78,"column":2,"tokenListIndex":54},"lengthOfFirst":7,"lengthOfSecond":7}],"firstSimilarity":0.08235294117647059,"secondSimilarity":0.029535864978902954}