{"firstSubmissionId":"AYSE_ALKAN","secondSubmissionId":"EDHEM_TATAR","similarities":{"AVG":0.11711711711711711,"MAX":0.15294117647058825,"MAXIMUM_LENGTH":140.0,"LONGEST_MATCH":7.0},"matches":[{"firstFileName":"AYSE_ALKAN/StackQuestionsMember.tpp","secondFileName":"EDHEM_TATAR/StackQuestionsNonMember.tpp","startInFirst":{"line":22,"column":4,"tokenListIndex":52},"endInFirst":{"line":28,"column":2,"tokenListIndex":58},"startInSecond":{"line":18,"column":15,"tokenListIndex":74},"endInSecond":{"line":24,"column":2,"tokenListIndex":80},"lengthOfFirst":7,"lengthOfSecond":7},{"firstFileName":"AYSE_ALKAN/StackQuestionsMember.tpp","secondFileName":"EDHEM_TATAR/StackQuestionsNonMember.tpp","startInFirst":{"line":45,"column":2,"tokenListIndex":77},"endInFirst":{"line":47,"column":17,"tokenListIndex":82},"startInSecond":{"line":15,"column":4,"tokenListIndex":67},"endInSecond":{"line":18,"column":4,"tokenListIndex":72},"lengthOfFirst":6,"lengthOfSecond":6}],"firstSimilarity":0.15294117647058825,"secondSimilarity":0.0948905109489051}