{"firstSubmissionId":"AYSE_ALKAN","secondSubmissionId":"SERHAT_YUNUSEMRE_KALPAKLI","similarities":{"AVG":0.09424083769633508,"MAX":0.10588235294117647,"MAXIMUM_LENGTH":109.0,"LONGEST_MATCH":9.0},"matches":[{"firstFileName":"AYSE_ALKAN/StackQuestionsMember.tpp","secondFileName":"SERHAT_YUNUSEMRE_KALPAKLI/StackQuestionsNonMember.cpp","startInFirst":{"line":29,"column":2,"tokenListIndex":59},"endInFirst":{"line":36,"column":0,"tokenListIndex":67},"startInSecond":{"line":40,"column":0,"tokenListIndex":99},"endInSecond":{"line":49,"column":0,"tokenListIndex":107},"lengthOfFirst":9,"lengthOfSecond":9}],"firstSimilarity":0.10588235294117647,"secondSimilarity":0.08490566037735849}