{"firstSubmissionId":"BORA_ERDEM_ALAN","secondSubmissionId":"EMRE_ERGUL","similarities":{"AVG":0.6013986013986014,"MAX":0.6417910447761194,"MAXIMUM_LENGTH":79.0,"LONGEST_MATCH":21.0},"matches":[{"firstFileName":"BORA_ERDEM_ALAN/StackQuestionsNonMember.tpp","secondFileName":"EMRE_ERGUL/StackQuestionsNonMember.tpp","startInFirst":{"line":12,"column":0,"tokenListIndex":47},"endInFirst":{"line":27,"column":0,"tokenListIndex":67},"startInSecond":{"line":12,"column":0,"tokenListIndex":57},"endInSecond":{"line":26,"column":0,"tokenListIndex":77},"lengthOfFirst":21,"lengthOfSecond":21},{"firstFileName":"BORA_ERDEM_ALAN/StackQuestionsMember.tpp","secondFileName":"EMRE_ERGUL/StackQuestionsMember.tpp","startInFirst":{"line":16,"column":2,"tokenListIndex":8},"endInFirst":{"line":19,"column":2,"tokenListIndex":15},"startInSecond":{"line":29,"column":4,"tokenListIndex":29},"endInSecond":{"line":32,"column":4,"tokenListIndex":36},"lengthOfFirst":8,"lengthOfSecond":8},{"firstFileName":"BORA_ERDEM_ALAN/StackQuestionsMember.tpp","secondFileName":"EMRE_ERGUL/StackQuestionsMember.tpp","startInFirst":{"line":31,"column":2,"tokenListIndex":26},"endInFirst":{"line":35,"column":2,"tokenListIndex":32},"startInSecond":{"line":41,"column":4,"tokenListIndex":44},"endInSecond":{"line":45,"column":4,"tokenListIndex":50},"lengthOfFirst":7,"lengthOfSecond":7},{"firstFileName":"BORA_ERDEM_ALAN/StackQuestionsMember.tpp","secondFileName":"EMRE_ERGUL/StackQuestionsMember.tpp","startInFirst":{"line":39,"column":2,"tokenListIndex":38},"endInFirst":{"line":43,"column":2,"tokenListIndex":44},"startInSecond":{"line":17,"column":4,"tokenListIndex":13},"endInSecond":{"line":21,"column":4,"tokenListIndex":19},"lengthOfFirst":7,"lengthOfSecond":7}],"firstSimilarity":0.6417910447761194,"secondSimilarity":0.5657894736842105}