{"firstSubmissionId":"BORA_ERDEM_ALAN","secondSubmissionId":"YUSUF_ISA_ZERENUZ","similarities":{"AVG":0.4195804195804196,"MAX":0.44776119402985076,"MAXIMUM_LENGTH":78.0,"LONGEST_MATCH":21.0},"matches":[{"firstFileName":"BORA_ERDEM_ALAN/StackQuestionsMember.tpp","secondFileName":"YUSUF_ISA_ZERENUZ/StackQuestionsMember.tpp","startInFirst":{"line":30,"column":2,"tokenListIndex":25},"endInFirst":{"line":44,"column":0,"tokenListIndex":45},"startInSecond":{"line":38,"column":4,"tokenListIndex":56},"endInSecond":{"line":52,"column":0,"tokenListIndex":76},"lengthOfFirst":21,"lengthOfSecond":21},{"firstFileName":"BORA_ERDEM_ALAN/StackQuestionsNonMember.tpp","secondFileName":"YUSUF_ISA_ZERENUZ/StackQuestionsNonMember.tpp","startInFirst":{"line":12,"column":0,"tokenListIndex":47},"endInFirst":{"line":16,"column":6,"tokenListIndex":55},"startInSecond":{"line":12,"column":0,"tokenListIndex":0},"endInSecond":{"line":15,"column":8,"tokenListIndex":8},"lengthOfFirst":9,"lengthOfSecond":9}],"firstSimilarity":0.44776119402985076,"secondSimilarity":0.39473684210526316}