{"firstSubmissionId":"BORA_ERDEM_ALAN","secondSubmissionId":"SERHAT_YUNUSEMRE_KALPAKLI","similarities":{"AVG":0.31213872832369943,"MAX":0.40298507462686567,"MAXIMUM_LENGTH":109.0,"LONGEST_MATCH":21.0},"matches":[{"firstFileName":"BORA_ERDEM_ALAN/StackQuestionsNonMember.tpp","secondFileName":"SERHAT_YUNUSEMRE_KALPAKLI/StackQuestionsNonMember.tpp","startInFirst":{"line":12,"column":0,"tokenListIndex":47},"endInFirst":{"line":27,"column":0,"tokenListIndex":67},"startInSecond":{"line":12,"column":0,"tokenListIndex":50},"endInSecond":{"line":25,"column":0,"tokenListIndex":70},"lengthOfFirst":21,"lengthOfSecond":21},{"firstFileName":"BORA_ERDEM_ALAN/StackQuestionsMember.tpp","secondFileName":"SERHAT_YUNUSEMRE_KALPAKLI/StackQuestionsMember.tpp","startInFirst":{"line":14,"column":6,"tokenListIndex":7},"endInFirst":{"line":17,"column":4,"tokenListIndex":12},"startInSecond":{"line":12,"column":6,"tokenListIndex":8},"endInSecond":{"line":14,"column":8,"tokenListIndex":13},"lengthOfFirst":6,"lengthOfSecond":6}],"firstSimilarity":0.40298507462686567,"secondSimilarity":0.25471698113207547}