{"firstSubmissionId":"BORA_ERDEM_ALAN","secondSubmissionId":"IRMAK_ZEHRA_EMRI","similarities":{"AVG":0.14457831325301204,"MAX":0.26865671641791045,"MAXIMUM_LENGTH":185.0,"LONGEST_MATCH":6.0},"matches":[{"firstFileName":"BORA_ERDEM_ALAN/StackQuestionsMember.tpp","secondFileName":"IRMAK_ZEHRA_EMRI/main.cpp","startInFirst":{"line":14,"column":6,"tokenListIndex":7},"endInFirst":{"line":17,"column":4,"tokenListIndex":12},"startInSecond":{"line":194,"column":2,"tokenListIndex":133},"endInSecond":{"line":196,"column":4,"tokenListIndex":138},"lengthOfFirst":6,"lengthOfSecond":6},{"firstFileName":"BORA_ERDEM_ALAN/StackQuestionsNonMember.tpp","secondFileName":"IRMAK_ZEHRA_EMRI/StackQuestionsNonMember.tpp","startInFirst":{"line":12,"column":0,"tokenListIndex":47},"endInFirst":{"line":14,"column":6,"tokenListIndex":52},"startInSecond":{"line":12,"column":0,"tokenListIndex":149},"endInSecond":{"line":15,"column":14,"tokenListIndex":154},"lengthOfFirst":6,"lengthOfSecond":6},{"firstFileName":"BORA_ERDEM_ALAN/StackQuestionsNonMember.tpp","secondFileName":"IRMAK_ZEHRA_EMRI/StackQuestionsNonMember.tpp","startInFirst":{"line":15,"column":2,"tokenListIndex":53},"endInFirst":{"line":18,"column":8,"tokenListIndex":58},"startInSecond":{"line":17,"column":4,"tokenListIndex":158},"endInSecond":{"line":19,"column":16,"tokenListIndex":163},"lengthOfFirst":6,"lengthOfSecond":6}],"firstSimilarity":0.26865671641791045,"secondSimilarity":0.0989010989010989}