{"firstSubmissionId":"BORA_ERDEM_ALAN","secondSubmissionId":"ALP_DIKMEN","similarities":{"AVG":0.3699421965317919,"MAX":0.47761194029850745,"MAXIMUM_LENGTH":109.0,"LONGEST_MATCH":21.0},"matches":[{"firstFileName":"BORA_ERDEM_ALAN/StackQuestionsMember.tpp","secondFileName":"ALP_DIKMEN/StackQuestionsMember.tpp","startInFirst":{"line":30,"column":2,"tokenListIndex":25},"endInFirst":{"line":44,"column":0,"tokenListIndex":45},"startInSecond":{"line":29,"column":2,"tokenListIndex":87},"endInSecond":{"line":50,"column":0,"tokenListIndex":107},"lengthOfFirst":21,"lengthOfSecond":21},{"firstFileName":"BORA_ERDEM_ALAN/StackQuestionsNonMember.tpp","secondFileName":"ALP_DIKMEN/StackQuestionsNonMember.tpp","startInFirst":{"line":12,"column":0,"tokenListIndex":47},"endInFirst":{"line":17,"column":20,"tokenListIndex":57},"startInSecond":{"line":12,"column":0,"tokenListIndex":0},"endInSecond":{"line":20,"column":22,"tokenListIndex":10},"lengthOfFirst":11,"lengthOfSecond":11}],"firstSimilarity":0.47761194029850745,"secondSimilarity":0.3018867924528302}