{"firstSubmissionId":"BORA_ERDEM_ALAN","secondSubmissionId":"TEMMUZ_AKYOL","similarities":{"AVG":0.5797101449275363,"MAX":0.5970149253731343,"MAXIMUM_LENGTH":73.0,"LONGEST_MATCH":21.0},"matches":[{"firstFileName":"BORA_ERDEM_ALAN/StackQuestionsNonMember.tpp","secondFileName":"TEMMUZ_AKYOL/StackQuestionsNonMember.tpp","startInFirst":{"line":12,"column":0,"tokenListIndex":47},"endInFirst":{"line":27,"column":0,"tokenListIndex":67},"startInSecond":{"line":12,"column":0,"tokenListIndex":0},"endInSecond":{"line":34,"column":0,"tokenListIndex":20},"lengthOfFirst":21,"lengthOfSecond":21},{"firstFileName":"BORA_ERDEM_ALAN/StackQuestionsMember.tpp","secondFileName":"TEMMUZ_AKYOL/StackQuestionsMember.tpp","startInFirst":{"line":31,"column":2,"tokenListIndex":26},"endInFirst":{"line":39,"column":2,"tokenListIndex":38},"startInSecond":{"line":41,"column":2,"tokenListIndex":58},"endInSecond":{"line":50,"column":2,"tokenListIndex":70},"lengthOfFirst":13,"lengthOfSecond":13},{"firstFileName":"BORA_ERDEM_ALAN/StackQuestionsMember.tpp","secondFileName":"TEMMUZ_AKYOL/StackQuestionsMember.tpp","startInFirst":{"line":40,"column":2,"tokenListIndex":39},"endInFirst":{"line":43,"column":2,"tokenListIndex":44},"startInSecond":{"line":36,"column":2,"tokenListIndex":52},"endInSecond":{"line":39,"column":2,"tokenListIndex":57},"lengthOfFirst":6,"lengthOfSecond":6}],"firstSimilarity":0.5970149253731343,"secondSimilarity":0.5633802816901409}