{"firstSubmissionId":"BORA_ERDEM_ALAN","secondSubmissionId":"ERDAL_DENIZ_OZBEY","similarities":{"AVG":0.2781456953642384,"MAX":0.31343283582089554,"MAXIMUM_LENGTH":87.0,"LONGEST_MATCH":8.0},"matches":[{"firstFileName":"BORA_ERDEM_ALAN/StackQuestionsMember.tpp","secondFileName":"ERDAL_DENIZ_OZBEY/question 1 and 2.tpp","startInFirst":{"line":33,"column":4,"tokenListIndex":29},"endInFirst":{"line":37,"column":15,"tokenListIndex":36},"startInSecond":{"line":28,"column":12,"tokenListIndex":22},"endInSecond":{"line":32,"column":13,"tokenListIndex":29},"lengthOfFirst":8,"lengthOfSecond":8},{"firstFileName":"BORA_ERDEM_ALAN/StackQuestionsMember.tpp","secondFileName":"ERDAL_DENIZ_OZBEY/question 1 and 2.tpp","startInFirst":{"line":20,"column":2,"tokenListIndex":16},"endInFirst":{"line":27,"column":22,"tokenListIndex":22},"startInSecond":{"line":13,"column":4,"tokenListIndex":5},"endInSecond":{"line":21,"column":22,"tokenListIndex":11},"lengthOfFirst":7,"lengthOfSecond":7},{"firstFileName":"BORA_ERDEM_ALAN/StackQuestionsMember.tpp","secondFileName":"ERDAL_DENIZ_OZBEY/question 4.cpp","startInFirst":{"line":29,"column":2,"tokenListIndex":23},"endInFirst":{"line":32,"column":9,"tokenListIndex":28},"startInSecond":{"line":13,"column":3,"tokenListIndex":36},"endInSecond":{"line":16,"column":11,"tokenListIndex":41},"lengthOfFirst":6,"lengthOfSecond":6}],"firstSimilarity":0.31343283582089554,"secondSimilarity":0.25}