{"firstSubmissionId":"BORA_ERDEM_ALAN","secondSubmissionId":"AYSE_ALKAN","similarities":{"AVG":0.17105263157894737,"MAX":0.19402985074626866,"MAXIMUM_LENGTH":87.0,"LONGEST_MATCH":7.0},"matches":[{"firstFileName":"BORA_ERDEM_ALAN/StackQuestionsMember.tpp","secondFileName":"AYSE_ALKAN/StackQuestionsNonMember.cpp","startInFirst":{"line":31,"column":2,"tokenListIndex":26},"endInFirst":{"line":35,"column":2,"tokenListIndex":32},"startInSecond":{"line":34,"column":0,"tokenListIndex":21},"endInSecond":{"line":39,"column":0,"tokenListIndex":27},"lengthOfFirst":7,"lengthOfSecond":7},{"firstFileName":"BORA_ERDEM_ALAN/StackQuestionsMember.tpp","secondFileName":"AYSE_ALKAN/StackQuestionsMember.tpp","startInFirst":{"line":36,"column":2,"tokenListIndex":33},"endInFirst":{"line":39,"column":2,"tokenListIndex":38},"startInSecond":{"line":21,"column":2,"tokenListIndex":50},"endInSecond":{"line":24,"column":2,"tokenListIndex":55},"lengthOfFirst":6,"lengthOfSecond":6}],"firstSimilarity":0.19402985074626866,"secondSimilarity":0.15294117647058825}