{"firstSubmissionId":"BORA_ERDEM_ALAN","secondSubmissionId":"DENIZ_KAYRA_AYDIN","similarities":{"AVG":0.39705882352941174,"MAX":0.40298507462686567,"MAXIMUM_LENGTH":71.0,"LONGEST_MATCH":21.0},"matches":[{"firstFileName":"BORA_ERDEM_ALAN/StackQuestionsMember.tpp","secondFileName":"DENIZ_KAYRA_AYDIN/StackQuestionsMember.tpp","startInFirst":{"line":30,"column":2,"tokenListIndex":25},"endInFirst":{"line":44,"column":0,"tokenListIndex":45},"startInSecond":{"line":29,"column":2,"tokenListIndex":22},"endInSecond":{"line":45,"column":0,"tokenListIndex":42},"lengthOfFirst":21,"lengthOfSecond":21},{"firstFileName":"BORA_ERDEM_ALAN/StackQuestionsNonMember.tpp","secondFileName":"DENIZ_KAYRA_AYDIN/StackQuestionsNonMember.tpp","startInFirst":{"line":12,"column":0,"tokenListIndex":47},"endInFirst":{"line":14,"column":6,"tokenListIndex":52},"startInSecond":{"line":12,"column":0,"tokenListIndex":44},"endInSecond":{"line":14,"column":9,"tokenListIndex":49},"lengthOfFirst":6,"lengthOfSecond":6}],"firstSimilarity":0.40298507462686567,"secondSimilarity":0.391304347826087}