{"firstSubmissionId":"BORA_ERDEM_ALAN","secondSubmissionId":"EDHEM_TATAR","similarities":{"AVG":0.17647058823529413,"MAX":0.26865671641791045,"MAXIMUM_LENGTH":140.0,"LONGEST_MATCH":6.0},"matches":[{"firstFileName":"BORA_ERDEM_ALAN/StackQuestionsMember.tpp","secondFileName":"EDHEM_TATAR/StackQuestionsMember.tpp","startInFirst":{"line":22,"column":0,"tokenListIndex":20},"endInFirst":{"line":30,"column":2,"tokenListIndex":25},"startInSecond":{"line":25,"column":0,"tokenListIndex":22},"endInSecond":{"line":33,"column":2,"tokenListIndex":27},"lengthOfFirst":6,"lengthOfSecond":6},{"firstFileName":"BORA_ERDEM_ALAN/StackQuestionsMember.tpp","secondFileName":"EDHEM_TATAR/StackQuestionsMember.tpp","startInFirst":{"line":33,"column":4,"tokenListIndex":29},"endInFirst":{"line":36,"column":9,"tokenListIndex":34},"startInSecond":{"line":37,"column":18,"tokenListIndex":35},"endInSecond":{"line":42,"column":9,"tokenListIndex":40},"lengthOfFirst":6,"lengthOfSecond":6},{"firstFileName":"BORA_ERDEM_ALAN/StackQuestionsMember.tpp","secondFileName":"EDHEM_TATAR/StackQuestionsMember.tpp","startInFirst":{"line":37,"column":4,"tokenListIndex":35},"endInFirst":{"line":40,"column":9,"tokenListIndex":40},"startInSecond":{"line":43,"column":18,"tokenListIndex":45},"endInSecond":{"line":48,"column":9,"tokenListIndex":50},"lengthOfFirst":6,"lengthOfSecond":6}],"firstSimilarity":0.26865671641791045,"secondSimilarity":0.13138686131386862}