{"firstSubmissionId":"BORA_ERDEM_ALAN","secondSubmissionId":"AHMET_ZEKI_IHTIYAROGLU","similarities":{"AVG":0.23376623376623376,"MAX":0.26865671641791045,"MAXIMUM_LENGTH":89.0,"LONGEST_MATCH":6.0},"matches":[{"firstFileName":"BORA_ERDEM_ALAN/StackQuestionsMember.tpp","secondFileName":"AHMET_ZEKI_IHTIYAROGLU/StackQuestionsMember.tpp","startInFirst":{"line":33,"column":4,"tokenListIndex":29},"endInFirst":{"line":36,"column":9,"tokenListIndex":34},"startInSecond":{"line":41,"column":12,"tokenListIndex":69},"endInSecond":{"line":46,"column":11,"tokenListIndex":74},"lengthOfFirst":6,"lengthOfSecond":6},{"firstFileName":"BORA_ERDEM_ALAN/StackQuestionsMember.tpp","secondFileName":"AHMET_ZEKI_IHTIYAROGLU/StackQuestionsMember.tpp","startInFirst":{"line":37,"column":4,"tokenListIndex":35},"endInFirst":{"line":40,"column":9,"tokenListIndex":40},"startInSecond":{"line":47,"column":12,"tokenListIndex":76},"endInSecond":{"line":52,"column":11,"tokenListIndex":81},"lengthOfFirst":6,"lengthOfSecond":6},{"firstFileName":"BORA_ERDEM_ALAN/StackQuestionsNonMember.tpp","secondFileName":"AHMET_ZEKI_IHTIYAROGLU/StackQuestionsNonMember.tpp","startInFirst":{"line":12,"column":0,"tokenListIndex":47},"endInFirst":{"line":14,"column":6,"tokenListIndex":52},"startInSecond":{"line":12,"column":0,"tokenListIndex":0},"endInSecond":{"line":13,"column":6,"tokenListIndex":5},"lengthOfFirst":6,"lengthOfSecond":6}],"firstSimilarity":0.26865671641791045,"secondSimilarity":0.20689655172413793}