{"firstSubmissionId":"CEYDA_SENAY","secondSubmissionId":"ERDAL_DENIZ_OZBEY","similarities":{"AVG":0.24285714285714285,"MAX":0.30357142857142855,"MAXIMUM_LENGTH":87.0,"LONGEST_MATCH":11.0},"matches":[{"firstFileName":"CEYDA_SENAY/StackQuestionsMember.tpp","secondFileName":"ERDAL_DENIZ_OZBEY/question 1 and 2.tpp","startInFirst":{"line":38,"column":4,"tokenListIndex":45},"endInFirst":{"line":44,"column":4,"tokenListIndex":55},"startInSecond":{"line":27,"column":4,"tokenListIndex":20},"endInSecond":{"line":33,"column":4,"tokenListIndex":30},"lengthOfFirst":11,"lengthOfSecond":11},{"firstFileName":"CEYDA_SENAY/StackQuestionsNonMember.tpp","secondFileName":"ERDAL_DENIZ_OZBEY/question 3.tpp","startInFirst":{"line":13,"column":0,"tokenListIndex":0},"endInFirst":{"line":15,"column":9,"tokenListIndex":5},"startInSecond":{"line":11,"column":0,"tokenListIndex":71},"endInSecond":{"line":12,"column":10,"tokenListIndex":76},"lengthOfFirst":6,"lengthOfSecond":6}],"firstSimilarity":0.30357142857142855,"secondSimilarity":0.20238095238095238}