{"firstSubmissionId":"CEYDA_SENAY","secondSubmissionId":"BORA_ERDEM_ALAN","similarities":{"AVG":0.13008130081300814,"MAX":0.14285714285714285,"MAXIMUM_LENGTH":69.0,"LONGEST_MATCH":8.0},"matches":[{"firstFileName":"CEYDA_SENAY/StackQuestionsMember.tpp","secondFileName":"BORA_ERDEM_ALAN/StackQuestionsMember.tpp","startInFirst":{"line":39,"column":11,"tokenListIndex":47},"endInFirst":{"line":43,"column":18,"tokenListIndex":54},"startInSecond":{"line":33,"column":4,"tokenListIndex":29},"endInSecond":{"line":37,"column":15,"tokenListIndex":36},"lengthOfFirst":8,"lengthOfSecond":8}],"firstSimilarity":0.14285714285714285,"secondSimilarity":0.11940298507462686}