{"firstSubmissionId":"CEYDA_SENAY","secondSubmissionId":"ILAY_FATMA_YAVUZ","similarities":{"AVG":0.03125,"MAX":0.10714285714285714,"MAXIMUM_LENGTH":332.0,"LONGEST_MATCH":6.0},"matches":[{"firstFileName":"CEYDA_SENAY/StackQuestionsMember.tpp","secondFileName":"ILAY_FATMA_YAVUZ/Stack.tpp","startInFirst":{"line":11,"column":4,"tokenListIndex":23},"endInFirst":{"line":14,"column":4,"tokenListIndex":28},"startInSecond":{"line":41,"column":2,"tokenListIndex":79},"endInSecond":{"line":43,"column":4,"tokenListIndex":84},"lengthOfFirst":6,"lengthOfSecond":6}],"firstSimilarity":0.10714285714285714,"secondSimilarity":0.018292682926829267}