{"firstSubmissionId":"CEYDA_SENAY","secondSubmissionId":"DEMIR_OZHAN","similarities":{"AVG":0.3157894736842105,"MAX":0.32142857142857145,"MAXIMUM_LENGTH":61.0,"LONGEST_MATCH":10.0},"matches":[{"firstFileName":"CEYDA_SENAY/StackQuestionsMember.tpp","secondFileName":"DEMIR_OZHAN/StackQuestionsMember.tpp","startInFirst":{"line":31,"column":0,"tokenListIndex":40},"endInFirst":{"line":40,"column":19,"tokenListIndex":49},"startInSecond":{"line":26,"column":0,"tokenListIndex":47},"endInSecond":{"line":37,"column":14,"tokenListIndex":56},"lengthOfFirst":10,"lengthOfSecond":10},{"firstFileName":"CEYDA_SENAY/StackQuestionsMember.tpp","secondFileName":"DEMIR_OZHAN/StackQuestionsMember.tpp","startInFirst":{"line":10,"column":0,"tokenListIndex":21},"endInFirst":{"line":14,"column":4,"tokenListIndex":28},"startInSecond":{"line":9,"column":0,"tokenListIndex":28},"endInSecond":{"line":13,"column":2,"tokenListIndex":35},"lengthOfFirst":8,"lengthOfSecond":8}],"firstSimilarity":0.32142857142857145,"secondSimilarity":0.3103448275862069}