{"firstSubmissionId":"CEYDA_SENAY","secondSubmissionId":"DENIZ_KAYRA_AYDIN","similarities":{"AVG":0.24,"MAX":0.26785714285714285,"MAXIMUM_LENGTH":71.0,"LONGEST_MATCH":8.0},"matches":[{"firstFileName":"CEYDA_SENAY/StackQuestionsMember.tpp","secondFileName":"DENIZ_KAYRA_AYDIN/StackQuestionsMember.tpp","startInFirst":{"line":39,"column":11,"tokenListIndex":47},"endInFirst":{"line":43,"column":18,"tokenListIndex":54},"startInSecond":{"line":33,"column":4,"tokenListIndex":26},"endInSecond":{"line":37,"column":16,"tokenListIndex":33},"lengthOfFirst":8,"lengthOfSecond":8},{"firstFileName":"CEYDA_SENAY/StackQuestionsMember.tpp","secondFileName":"DENIZ_KAYRA_AYDIN/StackQuestionsMember.tpp","startInFirst":{"line":10,"column":0,"tokenListIndex":21},"endInFirst":{"line":13,"column":11,"tokenListIndex":27},"startInSecond":{"line":9,"column":0,"tokenListIndex":0},"endInSecond":{"line":13,"column":10,"tokenListIndex":6},"lengthOfFirst":7,"lengthOfSecond":7}],"firstSimilarity":0.26785714285714285,"secondSimilarity":0.21739130434782608}