{"firstSubmissionId":"CEYDA_SENAY","secondSubmissionId":"EMRE_ERGUL","similarities":{"AVG":0.6212121212121212,"MAX":0.625,"MAXIMUM_LENGTH":79.0,"LONGEST_MATCH":21.0},"matches":[{"firstFileName":"CEYDA_SENAY/StackQuestionsMember.tpp","secondFileName":"EMRE_ERGUL/StackQuestionsMember.tpp","startInFirst":{"line":10,"column":0,"tokenListIndex":21},"endInFirst":{"line":13,"column":8,"tokenListIndex":26},"startInSecond":{"line":9,"column":0,"tokenListIndex":0},"endInSecond":{"line":12,"column":8,"tokenListIndex":5},"lengthOfFirst":6,"lengthOfSecond":6},{"firstFileName":"CEYDA_SENAY/StackQuestionsNonMember.tpp","secondFileName":"EMRE_ERGUL/StackQuestionsNonMember.tpp","startInFirst":{"line":16,"column":16,"tokenListIndex":8},"endInFirst":{"line":28,"column":0,"tokenListIndex":15},"startInSecond":{"line":14,"column":10,"tokenListIndex":64},"endInSecond":{"line":26,"column":0,"tokenListIndex":77},"lengthOfFirst":8,"lengthOfSecond":14},{"firstFileName":"CEYDA_SENAY/StackQuestionsMember.tpp","secondFileName":"EMRE_ERGUL/StackQuestionsMember.tpp","startInFirst":{"line":15,"column":4,"tokenListIndex":29},"endInFirst":{"line":40,"column":19,"tokenListIndex":49},"startInSecond":{"line":23,"column":4,"tokenListIndex":22},"endInSecond":{"line":43,"column":21,"tokenListIndex":48},"lengthOfFirst":21,"lengthOfSecond":27}],"firstSimilarity":0.625,"secondSimilarity":0.618421052631579}