{"firstSubmissionId":"CEYDA_SENAY","secondSubmissionId":"TEMMUZ_AKYOL","similarities":{"AVG":0.7480314960629921,"MAX":0.75,"MAXIMUM_LENGTH":73.0,"LONGEST_MATCH":22.0},"matches":[{"firstFileName":"CEYDA_SENAY/StackQuestionsNonMember.tpp","secondFileName":"TEMMUZ_AKYOL/StackQuestionsNonMember.tpp","startInFirst":{"line":16,"column":8,"tokenListIndex":6},"endInFirst":{"line":28,"column":0,"tokenListIndex":15},"startInSecond":{"line":14,"column":2,"tokenListIndex":4},"endInSecond":{"line":34,"column":0,"tokenListIndex":20},"lengthOfFirst":10,"lengthOfSecond":17},{"firstFileName":"CEYDA_SENAY/StackQuestionsMember.tpp","secondFileName":"TEMMUZ_AKYOL/StackQuestionsMember.tpp","startInFirst":{"line":10,"column":0,"tokenListIndex":21},"endInFirst":{"line":36,"column":22,"tokenListIndex":42},"startInSecond":{"line":9,"column":0,"tokenListIndex":22},"endInSecond":{"line":30,"column":22,"tokenListIndex":46},"lengthOfFirst":22,"lengthOfSecond":25},{"firstFileName":"CEYDA_SENAY/StackQuestionsMember.tpp","secondFileName":"TEMMUZ_AKYOL/StackQuestionsMember.tpp","startInFirst":{"line":38,"column":4,"tokenListIndex":45},"endInFirst":{"line":43,"column":18,"tokenListIndex":54},"startInSecond":{"line":41,"column":2,"tokenListIndex":58},"endInSecond":{"line":48,"column":15,"tokenListIndex":68},"lengthOfFirst":10,"lengthOfSecond":11}],"firstSimilarity":0.75,"secondSimilarity":0.7464788732394366}