{"firstSubmissionId":"CEYDA_SENAY","secondSubmissionId":"SERHAT_YUNUSEMRE_KALPAKLI","similarities":{"AVG":0.08641975308641975,"MAX":0.125,"MAXIMUM_LENGTH":109.0,"LONGEST_MATCH":7.0},"matches":[{"firstFileName":"CEYDA_SENAY/StackQuestionsMember.tpp","secondFileName":"SERHAT_YUNUSEMRE_KALPAKLI/StackQuestionsMember.tpp","startInFirst":{"line":10,"column":0,"tokenListIndex":21},"endInFirst":{"line":13,"column":11,"tokenListIndex":27},"startInSecond":{"line":9,"column":0,"tokenListIndex":0},"endInSecond":{"line":11,"column":18,"tokenListIndex":6},"lengthOfFirst":7,"lengthOfSecond":7}],"firstSimilarity":0.125,"secondSimilarity":0.0660377358490566}