{"firstSubmissionId":"CEYDA_SENAY","secondSubmissionId":"EDHEM_TATAR","similarities":{"AVG":0.15544041450777202,"MAX":0.26785714285714285,"MAXIMUM_LENGTH":140.0,"LONGEST_MATCH":9.0},"matches":[{"firstFileName":"CEYDA_SENAY/StackQuestionsNonMember.tpp","secondFileName":"EDHEM_TATAR/StackQuestionsNonMember.tpp","startInFirst":{"line":13,"column":0,"tokenListIndex":0},"endInFirst":{"line":16,"column":16,"tokenListIndex":8},"startInSecond":{"line":12,"column":0,"tokenListIndex":61},"endInSecond":{"line":15,"column":14,"tokenListIndex":69},"lengthOfFirst":9,"lengthOfSecond":9},{"firstFileName":"CEYDA_SENAY/StackQuestionsMember.tpp","secondFileName":"EDHEM_TATAR/StackQuestionsMember.tpp","startInFirst":{"line":39,"column":11,"tokenListIndex":47},"endInFirst":{"line":42,"column":11,"tokenListIndex":52},"startInSecond":{"line":37,"column":18,"tokenListIndex":35},"endInSecond":{"line":42,"column":9,"tokenListIndex":40},"lengthOfFirst":6,"lengthOfSecond":6}],"firstSimilarity":0.26785714285714285,"secondSimilarity":0.10948905109489052}