{"firstSubmissionId":"CEYDA_SENAY","secondSubmissionId":"ISMAIL_EFE_YALCINKAYA","similarities":{"AVG":0.3893805309734513,"MAX":0.39285714285714285,"MAXIMUM_LENGTH":59.0,"LONGEST_MATCH":11.0},"matches":[{"firstFileName":"CEYDA_SENAY/StackQuestionsNonMember.tpp","secondFileName":"ISMAIL_EFE_YALCINKAYA/StackQuestionsNonMember.tpp","startInFirst":{"line":15,"column":2,"tokenListIndex":4},"endInFirst":{"line":26,"column":2,"tokenListIndex":14},"startInSecond":{"line":22,"column":4,"tokenListIndex":13},"endInSecond":{"line":30,"column":4,"tokenListIndex":23},"lengthOfFirst":11,"lengthOfSecond":11},{"firstFileName":"CEYDA_SENAY/StackQuestionsMember.tpp","secondFileName":"ISMAIL_EFE_YALCINKAYA/StackQuestionsMember.tpp","startInFirst":{"line":38,"column":4,"tokenListIndex":45},"endInFirst":{"line":44,"column":4,"tokenListIndex":55},"startInSecond":{"line":23,"column":4,"tokenListIndex":46},"endInSecond":{"line":29,"column":4,"tokenListIndex":56},"lengthOfFirst":11,"lengthOfSecond":11}],"firstSimilarity":0.39285714285714285,"secondSimilarity":0.38596491228070173}