{"firstSubmissionId":"CEYDA_SENAY","secondSubmissionId":"YUSUF_ISA_ZERENUZ","similarities":{"AVG":0.21212121212121213,"MAX":0.25,"MAXIMUM_LENGTH":78.0,"LONGEST_MATCH":8.0},"matches":[{"firstFileName":"CEYDA_SENAY/StackQuestionsMember.tpp","secondFileName":"YUSUF_ISA_ZERENUZ/StackQuestionsMember.tpp","startInFirst":{"line":39,"column":11,"tokenListIndex":47},"endInFirst":{"line":43,"column":18,"tokenListIndex":54},"startInSecond":{"line":41,"column":8,"tokenListIndex":60},"endInSecond":{"line":45,"column":19,"tokenListIndex":67},"lengthOfFirst":8,"lengthOfSecond":8},{"firstFileName":"CEYDA_SENAY/StackQuestionsMember.tpp","secondFileName":"YUSUF_ISA_ZERENUZ/StackQuestionsMember.tpp","startInFirst":{"line":31,"column":0,"tokenListIndex":40},"endInFirst":{"line":38,"column":4,"tokenListIndex":45},"startInSecond":{"line":31,"column":0,"tokenListIndex":51},"endInSecond":{"line":39,"column":4,"tokenListIndex":56},"lengthOfFirst":6,"lengthOfSecond":6}],"firstSimilarity":0.25,"secondSimilarity":0.18421052631578946}