{"firstSubmissionId":"CEYDA_SENAY","secondSubmissionId":"AHMET_ZEKI_IHTIYAROGLU","similarities":{"AVG":0.18181818181818182,"MAX":0.23214285714285715,"MAXIMUM_LENGTH":89.0,"LONGEST_MATCH":7.0},"matches":[{"firstFileName":"CEYDA_SENAY/StackQuestionsNonMember.tpp","secondFileName":"AHMET_ZEKI_IHTIYAROGLU/StackQuestionsNonMember.tpp","startInFirst":{"line":16,"column":12,"tokenListIndex":7},"endInFirst":{"line":21,"column":8,"tokenListIndex":13},"startInSecond":{"line":18,"column":12,"tokenListIndex":15},"endInSecond":{"line":24,"column":12,"tokenListIndex":21},"lengthOfFirst":7,"lengthOfSecond":7},{"firstFileName":"CEYDA_SENAY/StackQuestionsMember.tpp","secondFileName":"AHMET_ZEKI_IHTIYAROGLU/StackQuestionsMember.tpp","startInFirst":{"line":39,"column":11,"tokenListIndex":47},"endInFirst":{"line":42,"column":11,"tokenListIndex":52},"startInSecond":{"line":41,"column":12,"tokenListIndex":69},"endInSecond":{"line":46,"column":11,"tokenListIndex":74},"lengthOfFirst":6,"lengthOfSecond":6}],"firstSimilarity":0.23214285714285715,"secondSimilarity":0.14942528735632185}