{"firstSubmissionId":"CEYDA_SENAY","secondSubmissionId":"ALP_DIKMEN","similarities":{"AVG":0.18518518518518517,"MAX":0.26785714285714285,"MAXIMUM_LENGTH":109.0,"LONGEST_MATCH":8.0},"matches":[{"firstFileName":"CEYDA_SENAY/StackQuestionsMember.tpp","secondFileName":"ALP_DIKMEN/StackQuestionsMember.tpp","startInFirst":{"line":39,"column":11,"tokenListIndex":47},"endInFirst":{"line":43,"column":18,"tokenListIndex":54},"startInSecond":{"line":34,"column":6,"tokenListIndex":91},"endInSecond":{"line":40,"column":22,"tokenListIndex":98},"lengthOfFirst":8,"lengthOfSecond":8},{"firstFileName":"CEYDA_SENAY/StackQuestionsMember.tpp","secondFileName":"ALP_DIKMEN/StackQuestionsMember.tpp","startInFirst":{"line":10,"column":0,"tokenListIndex":21},"endInFirst":{"line":13,"column":11,"tokenListIndex":27},"startInSecond":{"line":9,"column":0,"tokenListIndex":68},"endInSecond":{"line":13,"column":8,"tokenListIndex":74},"lengthOfFirst":7,"lengthOfSecond":7}],"firstSimilarity":0.26785714285714285,"secondSimilarity":0.14150943396226415}