{"firstSubmissionId":"DEMIR_OZHAN","secondSubmissionId":"ILAY_FATMA_YAVUZ","similarities":{"AVG":0.03626943005181347,"MAX":0.1206896551724138,"MAXIMUM_LENGTH":332.0,"LONGEST_MATCH":7.0},"matches":[{"firstFileName":"DEMIR_OZHAN/StackQuestionsMember.tpp","secondFileName":"ILAY_FATMA_YAVUZ/Stack.tpp","startInFirst":{"line":10,"column":2,"tokenListIndex":30},"endInFirst":{"line":13,"column":6,"tokenListIndex":36},"startInSecond":{"line":41,"column":2,"tokenListIndex":79},"endInSecond":{"line":43,"column":11,"tokenListIndex":85},"lengthOfFirst":7,"lengthOfSecond":7}],"firstSimilarity":0.1206896551724138,"secondSimilarity":0.021341463414634148}