{"firstSubmissionId":"DEMIR_OZHAN","secondSubmissionId":"YUSUF_ERDEM_ALTINSOY","similarities":{"AVG":0.04745762711864407,"MAX":0.1206896551724138,"MAXIMUM_LENGTH":246.0,"LONGEST_MATCH":7.0},"matches":[{"firstFileName":"DEMIR_OZHAN/StackQuestionsMember.tpp","secondFileName":"YUSUF_ERDEM_ALTINSOY/Stack.tpp","startInFirst":{"line":12,"column":2,"tokenListIndex":32},"endInFirst":{"line":15,"column":17,"tokenListIndex":38},"startInSecond":{"line":189,"column":2,"tokenListIndex":165},"endInSecond":{"line":194,"column":4,"tokenListIndex":171},"lengthOfFirst":7,"lengthOfSecond":7}],"firstSimilarity":0.1206896551724138,"secondSimilarity":0.029535864978902954}