{"firstSubmissionId":"DEMIR_OZHAN","secondSubmissionId":"AYSE_ALKAN","similarities":{"AVG":0.0979020979020979,"MAX":0.1206896551724138,"MAXIMUM_LENGTH":87.0,"LONGEST_MATCH":7.0},"matches":[{"firstFileName":"DEMIR_OZHAN/StackQuestionsMember.tpp","secondFileName":"AYSE_ALKAN/StackQuestionsNonMember.cpp","startInFirst":{"line":33,"column":2,"tokenListIndex":52},"endInFirst":{"line":39,"column":2,"tokenListIndex":58},"startInSecond":{"line":34,"column":0,"tokenListIndex":21},"endInSecond":{"line":39,"column":0,"tokenListIndex":27},"lengthOfFirst":7,"lengthOfSecond":7}],"firstSimilarity":0.1206896551724138,"secondSimilarity":0.08235294117647059}