{"firstSubmissionId":"DEMIR_OZHAN","secondSubmissionId":"SERHAT_YUNUSEMRE_KALPAKLI","similarities":{"AVG":0.25609756097560976,"MAX":0.3620689655172414,"MAXIMUM_LENGTH":109.0,"LONGEST_MATCH":14.0},"matches":[{"firstFileName":"DEMIR_OZHAN/StackQuestionsNonMember.tpp","secondFileName":"SERHAT_YUNUSEMRE_KALPAKLI/StackQuestionsNonMember.tpp","startInFirst":{"line":12,"column":0,"tokenListIndex":0},"endInFirst":{"line":21,"column":6,"tokenListIndex":13},"startInSecond":{"line":12,"column":0,"tokenListIndex":50},"endInSecond":{"line":18,"column":4,"tokenListIndex":63},"lengthOfFirst":14,"lengthOfSecond":14},{"firstFileName":"DEMIR_OZHAN/StackQuestionsMember.tpp","secondFileName":"SERHAT_YUNUSEMRE_KALPAKLI/StackQuestionsMember.tpp","startInFirst":{"line":9,"column":0,"tokenListIndex":28},"endInFirst":{"line":12,"column":15,"tokenListIndex":34},"startInSecond":{"line":9,"column":0,"tokenListIndex":0},"endInSecond":{"line":11,"column":18,"tokenListIndex":6},"lengthOfFirst":7,"lengthOfSecond":7}],"firstSimilarity":0.3620689655172414,"secondSimilarity":0.19811320754716982}