{"firstSubmissionId":"DEMIR_OZHAN","secondSubmissionId":"AHMET_ZEKI_IHTIYAROGLU","similarities":{"AVG":0.08275862068965517,"MAX":0.10344827586206896,"MAXIMUM_LENGTH":89.0,"LONGEST_MATCH":6.0},"matches":[{"firstFileName":"DEMIR_OZHAN/StackQuestionsNonMember.tpp","secondFileName":"AHMET_ZEKI_IHTIYAROGLU/StackQuestionsNonMember.tpp","startInFirst":{"line":12,"column":0,"tokenListIndex":0},"endInFirst":{"line":13,"column":6,"tokenListIndex":5},"startInSecond":{"line":12,"column":0,"tokenListIndex":0},"endInSecond":{"line":13,"column":6,"tokenListIndex":5},"lengthOfFirst":6,"lengthOfSecond":6}],"firstSimilarity":0.10344827586206896,"secondSimilarity":0.06896551724137931}