{"firstSubmissionId":"DEMIR_OZHAN","secondSubmissionId":"TEMMUZ_AKYOL","similarities":{"AVG":0.43410852713178294,"MAX":0.4827586206896552,"MAXIMUM_LENGTH":73.0,"LONGEST_MATCH":14.0},"matches":[{"firstFileName":"DEMIR_OZHAN/StackQuestionsNonMember.tpp","secondFileName":"TEMMUZ_AKYOL/StackQuestionsNonMember.tpp","startInFirst":{"line":12,"column":0,"tokenListIndex":0},"endInFirst":{"line":21,"column":6,"tokenListIndex":13},"startInSecond":{"line":12,"column":0,"tokenListIndex":0},"endInSecond":{"line":22,"column":4,"tokenListIndex":13},"lengthOfFirst":14,"lengthOfSecond":14},{"firstFileName":"DEMIR_OZHAN/StackQuestionsMember.tpp","secondFileName":"TEMMUZ_AKYOL/StackQuestionsMember.tpp","startInFirst":{"line":10,"column":2,"tokenListIndex":30},"endInFirst":{"line":13,"column":6,"tokenListIndex":36},"startInSecond":{"line":15,"column":2,"tokenListIndex":29},"endInSecond":{"line":17,"column":6,"tokenListIndex":35},"lengthOfFirst":7,"lengthOfSecond":7},{"firstFileName":"DEMIR_OZHAN/StackQuestionsMember.tpp","secondFileName":"TEMMUZ_AKYOL/StackQuestionsMember.tpp","startInFirst":{"line":33,"column":2,"tokenListIndex":52},"endInFirst":{"line":39,"column":2,"tokenListIndex":58},"startInSecond":{"line":35,"column":2,"tokenListIndex":51},"endInSecond":{"line":39,"column":2,"tokenListIndex":57},"lengthOfFirst":7,"lengthOfSecond":7}],"firstSimilarity":0.4827586206896552,"secondSimilarity":0.39436619718309857}