{"firstSubmissionId":"DEMIR_OZHAN","secondSubmissionId":"BORA_ERDEM_ALAN","similarities":{"AVG":0.336,"MAX":0.3620689655172414,"MAXIMUM_LENGTH":69.0,"LONGEST_MATCH":14.0},"matches":[{"firstFileName":"DEMIR_OZHAN/StackQuestionsNonMember.tpp","secondFileName":"BORA_ERDEM_ALAN/StackQuestionsNonMember.tpp","startInFirst":{"line":12,"column":0,"tokenListIndex":0},"endInFirst":{"line":21,"column":6,"tokenListIndex":13},"startInSecond":{"line":12,"column":0,"tokenListIndex":47},"endInSecond":{"line":21,"column":6,"tokenListIndex":60},"lengthOfFirst":14,"lengthOfSecond":14},{"firstFileName":"DEMIR_OZHAN/StackQuestionsMember.tpp","secondFileName":"BORA_ERDEM_ALAN/StackQuestionsMember.tpp","startInFirst":{"line":33,"column":2,"tokenListIndex":52},"endInFirst":{"line":39,"column":2,"tokenListIndex":58},"startInSecond":{"line":31,"column":2,"tokenListIndex":26},"endInSecond":{"line":35,"column":2,"tokenListIndex":32},"lengthOfFirst":7,"lengthOfSecond":7}],"firstSimilarity":0.3620689655172414,"secondSimilarity":0.31343283582089554}