{"firstSubmissionId":"DEMIR_OZHAN","secondSubmissionId":"DENIZ_KAYRA_AYDIN","similarities":{"AVG":0.25196850393700787,"MAX":0.27586206896551724,"MAXIMUM_LENGTH":71.0,"LONGEST_MATCH":9.0},"matches":[{"firstFileName":"DEMIR_OZHAN/StackQuestionsMember.tpp","secondFileName":"DENIZ_KAYRA_AYDIN/StackQuestionsNonMember.tpp","startInFirst":{"line":32,"column":2,"tokenListIndex":50},"endInFirst":{"line":39,"column":2,"tokenListIndex":58},"startInSecond":{"line":13,"column":4,"tokenListIndex":48},"endInSecond":{"line":18,"column":4,"tokenListIndex":56},"lengthOfFirst":9,"lengthOfSecond":9},{"firstFileName":"DEMIR_OZHAN/StackQuestionsMember.tpp","secondFileName":"DENIZ_KAYRA_AYDIN/StackQuestionsMember.tpp","startInFirst":{"line":9,"column":0,"tokenListIndex":28},"endInFirst":{"line":12,"column":15,"tokenListIndex":34},"startInSecond":{"line":9,"column":0,"tokenListIndex":0},"endInSecond":{"line":13,"column":10,"tokenListIndex":6},"lengthOfFirst":7,"lengthOfSecond":7}],"firstSimilarity":0.27586206896551724,"secondSimilarity":0.2318840579710145}