{"firstSubmissionId":"DEMIR_OZHAN","secondSubmissionId":"ALP_DIKMEN","similarities":{"AVG":0.3780487804878049,"MAX":0.5344827586206896,"MAXIMUM_LENGTH":109.0,"LONGEST_MATCH":11.0},"matches":[{"firstFileName":"DEMIR_OZHAN/StackQuestionsNonMember.tpp","secondFileName":"ALP_DIKMEN/StackQuestionsNonMember.tpp","startInFirst":{"line":12,"column":0,"tokenListIndex":0},"endInFirst":{"line":17,"column":20,"tokenListIndex":10},"startInSecond":{"line":12,"column":0,"tokenListIndex":0},"endInSecond":{"line":20,"column":22,"tokenListIndex":10},"lengthOfFirst":11,"lengthOfSecond":11},{"firstFileName":"DEMIR_OZHAN/StackQuestionsMember.tpp","secondFileName":"ALP_DIKMEN/StackQuestionsMember.tpp","startInFirst":{"line":9,"column":0,"tokenListIndex":28},"endInFirst":{"line":12,"column":15,"tokenListIndex":34},"startInSecond":{"line":9,"column":0,"tokenListIndex":68},"endInSecond":{"line":13,"column":8,"tokenListIndex":74},"lengthOfFirst":7,"lengthOfSecond":7},{"firstFileName":"DEMIR_OZHAN/StackQuestionsMember.tpp","secondFileName":"ALP_DIKMEN/StackQuestionsMember.tpp","startInFirst":{"line":33,"column":2,"tokenListIndex":52},"endInFirst":{"line":39,"column":2,"tokenListIndex":58},"startInSecond":{"line":30,"column":2,"tokenListIndex":88},"endInSecond":{"line":36,"column":2,"tokenListIndex":94},"lengthOfFirst":7,"lengthOfSecond":7},{"firstFileName":"DEMIR_OZHAN/StackQuestionsMember.tpp","secondFileName":"ALP_DIKMEN/StackQuestionsMember.tpp","startInFirst":{"line":25,"column":2,"tokenListIndex":45},"endInFirst":{"line":32,"column":2,"tokenListIndex":50},"startInSecond":{"line":21,"column":2,"tokenListIndex":82},"endInSecond":{"line":29,"column":2,"tokenListIndex":87},"lengthOfFirst":6,"lengthOfSecond":6}],"firstSimilarity":0.5344827586206896,"secondSimilarity":0.29245283018867924}