{"firstSubmissionId":"DEMIR_OZHAN","secondSubmissionId":"YUSUF_ISA_ZERENUZ","similarities":{"AVG":0.23880597014925373,"MAX":0.27586206896551724,"MAXIMUM_LENGTH":78.0,"LONGEST_MATCH":9.0},"matches":[{"firstFileName":"DEMIR_OZHAN/StackQuestionsNonMember.tpp","secondFileName":"YUSUF_ISA_ZERENUZ/StackQuestionsNonMember.tpp","startInFirst":{"line":12,"column":0,"tokenListIndex":0},"endInFirst":{"line":16,"column":6,"tokenListIndex":8},"startInSecond":{"line":12,"column":0,"tokenListIndex":0},"endInSecond":{"line":15,"column":8,"tokenListIndex":8},"lengthOfFirst":9,"lengthOfSecond":9},{"firstFileName":"DEMIR_OZHAN/StackQuestionsMember.tpp","secondFileName":"YUSUF_ISA_ZERENUZ/StackQuestionsMember.tpp","startInFirst":{"line":33,"column":2,"tokenListIndex":52},"endInFirst":{"line":39,"column":2,"tokenListIndex":58},"startInSecond":{"line":38,"column":4,"tokenListIndex":57},"endInSecond":{"line":43,"column":4,"tokenListIndex":63},"lengthOfFirst":7,"lengthOfSecond":7}],"firstSimilarity":0.27586206896551724,"secondSimilarity":0.21052631578947367}