{"firstSubmissionId":"DEMIR_OZHAN","secondSubmissionId":"EMRE_ERGUL","similarities":{"AVG":0.5223880597014925,"MAX":0.603448275862069,"MAXIMUM_LENGTH":79.0,"LONGEST_MATCH":15.0},"matches":[{"firstFileName":"DEMIR_OZHAN/StackQuestionsMember.tpp","secondFileName":"EMRE_ERGUL/StackQuestionsMember.tpp","startInFirst":{"line":25,"column":2,"tokenListIndex":45},"endInFirst":{"line":43,"column":0,"tokenListIndex":59},"startInSecond":{"line":33,"column":4,"tokenListIndex":37},"endInSecond":{"line":47,"column":0,"tokenListIndex":51},"lengthOfFirst":15,"lengthOfSecond":15},{"firstFileName":"DEMIR_OZHAN/StackQuestionsNonMember.tpp","secondFileName":"EMRE_ERGUL/StackQuestionsNonMember.tpp","startInFirst":{"line":12,"column":0,"tokenListIndex":0},"endInFirst":{"line":21,"column":6,"tokenListIndex":13},"startInSecond":{"line":12,"column":0,"tokenListIndex":57},"endInSecond":{"line":20,"column":8,"tokenListIndex":70},"lengthOfFirst":14,"lengthOfSecond":14},{"firstFileName":"DEMIR_OZHAN/StackQuestionsMember.tpp","secondFileName":"EMRE_ERGUL/StackQuestionsMember.tpp","startInFirst":{"line":9,"column":0,"tokenListIndex":28},"endInFirst":{"line":12,"column":6,"tokenListIndex":33},"startInSecond":{"line":9,"column":0,"tokenListIndex":0},"endInSecond":{"line":12,"column":8,"tokenListIndex":5},"lengthOfFirst":6,"lengthOfSecond":6}],"firstSimilarity":0.603448275862069,"secondSimilarity":0.4605263157894737}