{"firstSubmissionId":"DEMIR_OZHAN","secondSubmissionId":"IRMAK_ZEHRA_EMRI","similarities":{"AVG":0.1,"MAX":0.20689655172413793,"MAXIMUM_LENGTH":185.0,"LONGEST_MATCH":6.0},"matches":[{"firstFileName":"DEMIR_OZHAN/StackQuestionsNonMember.tpp","secondFileName":"IRMAK_ZEHRA_EMRI/StackQuestionsNonMember.tpp","startInFirst":{"line":12,"column":0,"tokenListIndex":0},"endInFirst":{"line":13,"column":6,"tokenListIndex":5},"startInSecond":{"line":12,"column":0,"tokenListIndex":149},"endInSecond":{"line":15,"column":14,"tokenListIndex":154},"lengthOfFirst":6,"lengthOfSecond":6},{"firstFileName":"DEMIR_OZHAN/StackQuestionsNonMember.tpp","secondFileName":"IRMAK_ZEHRA_EMRI/StackQuestionsNonMember.tpp","startInFirst":{"line":14,"column":2,"tokenListIndex":6},"endInFirst":{"line":18,"column":8,"tokenListIndex":11},"startInSecond":{"line":17,"column":4,"tokenListIndex":158},"endInSecond":{"line":19,"column":16,"tokenListIndex":163},"lengthOfFirst":6,"lengthOfSecond":6}],"firstSimilarity":0.20689655172413793,"secondSimilarity":0.06593406593406594}