{"firstSubmissionId":"DENIZ_KAYRA_AYDIN","secondSubmissionId":"EMRE_ERGUL","similarities":{"AVG":0.5655172413793104,"MAX":0.5942028985507246,"MAXIMUM_LENGTH":79.0,"LONGEST_MATCH":9.0},"matches":[{"firstFileName":"DENIZ_KAYRA_AYDIN/StackQuestionsNonMember.tpp","secondFileName":"EMRE_ERGUL/StackQuestionsMember.tpp","startInFirst":{"line":13,"column":4,"tokenListIndex":48},"endInFirst":{"line":18,"column":4,"tokenListIndex":56},"startInSecond":{"line":40,"column":4,"tokenListIndex":42},"endInSecond":{"line":45,"column":4,"tokenListIndex":50},"lengthOfFirst":9,"lengthOfSecond":9},{"firstFileName":"DENIZ_KAYRA_AYDIN/StackQuestionsMember.tpp","secondFileName":"EMRE_ERGUL/StackQuestionsMember.tpp","startInFirst":{"line":15,"column":5,"tokenListIndex":9},"endInFirst":{"line":20,"column":4,"tokenListIndex":15},"startInSecond":{"line":27,"column":15,"tokenListIndex":27},"endInSecond":{"line":30,"column":8,"tokenListIndex":33},"lengthOfFirst":7,"lengthOfSecond":7},{"firstFileName":"DENIZ_KAYRA_AYDIN/StackQuestionsMember.tpp","secondFileName":"EMRE_ERGUL/StackQuestionsMember.tpp","startInFirst":{"line":35,"column":2,"tokenListIndex":29},"endInFirst":{"line":39,"column":2,"tokenListIndex":35},"startInSecond":{"line":17,"column":4,"tokenListIndex":13},"endInSecond":{"line":21,"column":4,"tokenListIndex":19},"lengthOfFirst":7,"lengthOfSecond":7},{"firstFileName":"DENIZ_KAYRA_AYDIN/StackQuestionsMember.tpp","secondFileName":"EMRE_ERGUL/StackQuestionsMember.tpp","startInFirst":{"line":9,"column":0,"tokenListIndex":0},"endInFirst":{"line":13,"column":2,"tokenListIndex":5},"startInSecond":{"line":9,"column":0,"tokenListIndex":0},"endInSecond":{"line":12,"column":8,"tokenListIndex":5},"lengthOfFirst":6,"lengthOfSecond":6},{"firstFileName":"DENIZ_KAYRA_AYDIN/StackQuestionsMember.tpp","secondFileName":"EMRE_ERGUL/StackQuestionsMember.tpp","startInFirst":{"line":21,"column":2,"tokenListIndex":16},"endInFirst":{"line":28,"column":22,"tokenListIndex":21},"startInSecond":{"line":32,"column":4,"tokenListIndex":36},"endInSecond":{"line":39,"column":22,"tokenListIndex":41},"lengthOfFirst":6,"lengthOfSecond":6},{"firstFileName":"DENIZ_KAYRA_AYDIN/StackQuestionsMember.tpp","secondFileName":"EMRE_ERGUL/StackQuestionsMember.tpp","startInFirst":{"line":30,"column":2,"tokenListIndex":23},"endInFirst":{"line":34,"column":4,"tokenListIndex":28},"startInSecond":{"line":11,"column":4,"tokenListIndex":6},"endInSecond":{"line":15,"column":8,"tokenListIndex":11},"lengthOfFirst":6,"lengthOfSecond":6}],"firstSimilarity":0.5942028985507246,"secondSimilarity":0.5394736842105263}