{"firstSubmissionId":"DENIZ_KAYRA_AYDIN","secondSubmissionId":"IRMAK_ZEHRA_EMRI","similarities":{"AVG":0.1593625498007968,"MAX":0.2898550724637681,"MAXIMUM_LENGTH":185.0,"LONGEST_MATCH":7.0},"matches":[{"firstFileName":"DENIZ_KAYRA_AYDIN/StackQuestionsMember.tpp","secondFileName":"IRMAK_ZEHRA_EMRI/main.cpp","startInFirst":{"line":12,"column":2,"tokenListIndex":4},"endInFirst":{"line":17,"column":2,"tokenListIndex":10},"startInSecond":{"line":55,"column":7,"tokenListIndex":22},"endInSecond":{"line":58,"column":23,"tokenListIndex":28},"lengthOfFirst":7,"lengthOfSecond":7},{"firstFileName":"DENIZ_KAYRA_AYDIN/StackQuestionsNonMember.tpp","secondFileName":"IRMAK_ZEHRA_EMRI/StackQuestionsNonMember.tpp","startInFirst":{"line":12,"column":0,"tokenListIndex":44},"endInFirst":{"line":14,"column":9,"tokenListIndex":50},"startInSecond":{"line":12,"column":0,"tokenListIndex":149},"endInSecond":{"line":16,"column":4,"tokenListIndex":155},"lengthOfFirst":7,"lengthOfSecond":7},{"firstFileName":"DENIZ_KAYRA_AYDIN/StackQuestionsMember.tpp","secondFileName":"IRMAK_ZEHRA_EMRI/main.cpp","startInFirst":{"line":19,"column":2,"tokenListIndex":11},"endInFirst":{"line":21,"column":2,"tokenListIndex":16},"startInSecond":{"line":195,"column":2,"tokenListIndex":134},"endInSecond":{"line":197,"column":2,"tokenListIndex":139},"lengthOfFirst":6,"lengthOfSecond":6}],"firstSimilarity":0.2898550724637681,"secondSimilarity":0.10989010989010989}