{"firstSubmissionId":"DENIZ_KAYRA_AYDIN","secondSubmissionId":"SERHAT_YUNUSEMRE_KALPAKLI","similarities":{"AVG":0.5314285714285715,"MAX":0.6376811594202898,"MAXIMUM_LENGTH":109.0,"LONGEST_MATCH":13.0},"matches":[{"firstFileName":"DENIZ_KAYRA_AYDIN/StackQuestionsMember.tpp","secondFileName":"SERHAT_YUNUSEMRE_KALPAKLI/StackQuestionsMember.tpp","startInFirst":{"line":9,"column":0,"tokenListIndex":0},"endInFirst":{"line":13,"column":10,"tokenListIndex":6},"startInSecond":{"line":9,"column":0,"tokenListIndex":0},"endInSecond":{"line":11,"column":18,"tokenListIndex":6},"lengthOfFirst":7,"lengthOfSecond":7},{"firstFileName":"DENIZ_KAYRA_AYDIN/StackQuestionsNonMember.tpp","secondFileName":"SERHAT_YUNUSEMRE_KALPAKLI/StackQuestionsNonMember.tpp","startInFirst":{"line":12,"column":0,"tokenListIndex":44},"endInFirst":{"line":14,"column":9,"tokenListIndex":49},"startInSecond":{"line":12,"column":0,"tokenListIndex":50},"endInSecond":{"line":13,"column":9,"tokenListIndex":55},"lengthOfFirst":6,"lengthOfSecond":6},{"firstFileName":"DENIZ_KAYRA_AYDIN/StackQuestionsMember.tpp","secondFileName":"SERHAT_YUNUSEMRE_KALPAKLI/StackQuestionsMember.tpp","startInFirst":{"line":19,"column":2,"tokenListIndex":11},"endInFirst":{"line":30,"column":2,"tokenListIndex":23},"startInSecond":{"line":13,"column":4,"tokenListIndex":9},"endInSecond":{"line":27,"column":3,"tokenListIndex":22},"lengthOfFirst":13,"lengthOfSecond":14},{"firstFileName":"DENIZ_KAYRA_AYDIN/StackQuestionsMember.tpp","secondFileName":"SERHAT_YUNUSEMRE_KALPAKLI/StackQuestionsMember.tpp","startInFirst":{"line":32,"column":2,"tokenListIndex":24},"endInFirst":{"line":39,"column":2,"tokenListIndex":35},"startInSecond":{"line":31,"column":8,"tokenListIndex":32},"endInSecond":{"line":41,"column":8,"tokenListIndex":46},"lengthOfFirst":12,"lengthOfSecond":15},{"firstFileName":"DENIZ_KAYRA_AYDIN/StackQuestionsMember.tpp","secondFileName":"SERHAT_YUNUSEMRE_KALPAKLI/StackQuestionsNonMember.tpp","startInFirst":{"line":40,"column":9,"tokenListIndex":37},"endInFirst":{"line":45,"column":0,"tokenListIndex":42},"startInSecond":{"line":19,"column":4,"tokenListIndex":64},"endInSecond":{"line":25,"column":0,"tokenListIndex":70},"lengthOfFirst":6,"lengthOfSecond":7}],"firstSimilarity":0.6376811594202898,"secondSimilarity":0.46226415094339623}