{"firstSubmissionId":"DENIZ_KAYRA_AYDIN","secondSubmissionId":"ALP_DIKMEN","similarities":{"AVG":0.5942857142857143,"MAX":0.7536231884057971,"MAXIMUM_LENGTH":109.0,"LONGEST_MATCH":32.0},"matches":[{"firstFileName":"DENIZ_KAYRA_AYDIN/StackQuestionsMember.tpp","secondFileName":"ALP_DIKMEN/StackQuestionsMember.tpp","startInFirst":{"line":19,"column":2,"tokenListIndex":11},"endInFirst":{"line":45,"column":0,"tokenListIndex":42},"startInSecond":{"line":16,"column":2,"tokenListIndex":76},"endInSecond":{"line":50,"column":0,"tokenListIndex":107},"lengthOfFirst":32,"lengthOfSecond":32},{"firstFileName":"DENIZ_KAYRA_AYDIN/StackQuestionsMember.tpp","secondFileName":"ALP_DIKMEN/StackQuestionsMember.tpp","startInFirst":{"line":9,"column":0,"tokenListIndex":0},"endInFirst":{"line":14,"column":2,"tokenListIndex":7},"startInSecond":{"line":9,"column":0,"tokenListIndex":68},"endInSecond":{"line":14,"column":2,"tokenListIndex":75},"lengthOfFirst":8,"lengthOfSecond":8},{"firstFileName":"DENIZ_KAYRA_AYDIN/StackQuestionsNonMember.tpp","secondFileName":"ALP_DIKMEN/StackQuestionsNonMember.tpp","startInFirst":{"line":12,"column":0,"tokenListIndex":44},"endInFirst":{"line":14,"column":9,"tokenListIndex":49},"startInSecond":{"line":12,"column":0,"tokenListIndex":0},"endInSecond":{"line":15,"column":6,"tokenListIndex":5},"lengthOfFirst":6,"lengthOfSecond":6},{"firstFileName":"DENIZ_KAYRA_AYDIN/StackQuestionsNonMember.tpp","secondFileName":"ALP_DIKMEN/StackQuestionsNonMember.cpp","startInFirst":{"line":15,"column":4,"tokenListIndex":51},"endInFirst":{"line":18,"column":4,"tokenListIndex":56},"startInSecond":{"line":42,"column":1,"tokenListIndex":50},"endInSecond":{"line":46,"column":1,"tokenListIndex":55},"lengthOfFirst":6,"lengthOfSecond":6}],"firstSimilarity":0.7536231884057971,"secondSimilarity":0.49056603773584906}