{"firstSubmissionId":"DENIZ_KAYRA_AYDIN","secondSubmissionId":"TEMMUZ_AKYOL","similarities":{"AVG":0.5285714285714286,"MAX":0.5362318840579711,"MAXIMUM_LENGTH":73.0,"LONGEST_MATCH":13.0},"matches":[{"firstFileName":"DENIZ_KAYRA_AYDIN/StackQuestionsMember.tpp","secondFileName":"TEMMUZ_AKYOL/StackQuestionsMember.tpp","startInFirst":{"line":30,"column":2,"tokenListIndex":23},"endInFirst":{"line":39,"column":2,"tokenListIndex":35},"startInSecond":{"line":41,"column":2,"tokenListIndex":58},"endInSecond":{"line":50,"column":2,"tokenListIndex":70},"lengthOfFirst":13,"lengthOfSecond":13},{"firstFileName":"DENIZ_KAYRA_AYDIN/StackQuestionsMember.tpp","secondFileName":"TEMMUZ_AKYOL/StackQuestionsMember.tpp","startInFirst":{"line":19,"column":2,"tokenListIndex":11},"endInFirst":{"line":28,"column":22,"tokenListIndex":21},"startInSecond":{"line":19,"column":2,"tokenListIndex":36},"endInSecond":{"line":30,"column":22,"tokenListIndex":46},"lengthOfFirst":11,"lengthOfSecond":11},{"firstFileName":"DENIZ_KAYRA_AYDIN/StackQuestionsNonMember.tpp","secondFileName":"TEMMUZ_AKYOL/StackQuestionsMember.tpp","startInFirst":{"line":13,"column":4,"tokenListIndex":50},"endInFirst":{"line":18,"column":4,"tokenListIndex":56},"startInSecond":{"line":35,"column":2,"tokenListIndex":51},"endInSecond":{"line":39,"column":2,"tokenListIndex":57},"lengthOfFirst":7,"lengthOfSecond":7},{"firstFileName":"DENIZ_KAYRA_AYDIN/StackQuestionsNonMember.tpp","secondFileName":"TEMMUZ_AKYOL/StackQuestionsNonMember.tpp","startInFirst":{"line":12,"column":0,"tokenListIndex":44},"endInFirst":{"line":14,"column":9,"tokenListIndex":49},"startInSecond":{"line":12,"column":0,"tokenListIndex":0},"endInSecond":{"line":14,"column":6,"tokenListIndex":5},"lengthOfFirst":6,"lengthOfSecond":6}],"firstSimilarity":0.5362318840579711,"secondSimilarity":0.5211267605633803}