{"firstSubmissionId":"DENIZ_KAYRA_AYDIN","secondSubmissionId":"EDHEM_TATAR","similarities":{"AVG":0.558252427184466,"MAX":0.7101449275362319,"MAXIMUM_LENGTH":140.0,"LONGEST_MATCH":43.0},"matches":[{"firstFileName":"DENIZ_KAYRA_AYDIN/StackQuestionsNonMember.tpp","secondFileName":"EDHEM_TATAR/StackQuestionsNonMember.tpp","startInFirst":{"line":16,"column":8,"tokenListIndex":53},"endInFirst":{"line":19,"column":11,"tokenListIndex":58},"startInSecond":{"line":27,"column":18,"tokenListIndex":88},"endInSecond":{"line":32,"column":9,"tokenListIndex":93},"lengthOfFirst":6,"lengthOfSecond":6},{"firstFileName":"DENIZ_KAYRA_AYDIN/StackQuestionsMember.tpp","secondFileName":"EDHEM_TATAR/StackQuestionsMember.tpp","startInFirst":{"line":9,"column":0,"tokenListIndex":0},"endInFirst":{"line":45,"column":0,"tokenListIndex":42},"startInSecond":{"line":9,"column":0,"tokenListIndex":0},"endInSecond":{"line":54,"column":0,"tokenListIndex":59},"lengthOfFirst":43,"lengthOfSecond":60}],"firstSimilarity":0.7101449275362319,"secondSimilarity":0.48175182481751827}