{"firstSubmissionId":"DENIZ_KAYRA_AYDIN","secondSubmissionId":"AYSE_ALKAN","similarities":{"AVG":0.16883116883116883,"MAX":0.18840579710144928,"MAXIMUM_LENGTH":87.0,"LONGEST_MATCH":7.0},"matches":[{"firstFileName":"DENIZ_KAYRA_AYDIN/StackQuestionsMember.tpp","secondFileName":"AYSE_ALKAN/StackQuestionsNonMember.cpp","startInFirst":{"line":30,"column":2,"tokenListIndex":23},"endInFirst":{"line":35,"column":2,"tokenListIndex":29},"startInSecond":{"line":34,"column":0,"tokenListIndex":21},"endInSecond":{"line":39,"column":0,"tokenListIndex":27},"lengthOfFirst":7,"lengthOfSecond":7},{"firstFileName":"DENIZ_KAYRA_AYDIN/StackQuestionsMember.tpp","secondFileName":"AYSE_ALKAN/StackQuestionsMember.tpp","startInFirst":{"line":36,"column":2,"tokenListIndex":30},"endInFirst":{"line":39,"column":2,"tokenListIndex":35},"startInSecond":{"line":21,"column":2,"tokenListIndex":50},"endInSecond":{"line":24,"column":2,"tokenListIndex":55},"lengthOfFirst":6,"lengthOfSecond":6}],"firstSimilarity":0.18840579710144928,"secondSimilarity":0.15294117647058825}