{"firstSubmissionId":"DENIZ_KAYRA_AYDIN","secondSubmissionId":"YUSUF_ISA_ZERENUZ","similarities":{"AVG":0.3724137931034483,"MAX":0.391304347826087,"MAXIMUM_LENGTH":78.0,"LONGEST_MATCH":21.0},"matches":[{"firstFileName":"DENIZ_KAYRA_AYDIN/StackQuestionsMember.tpp","secondFileName":"YUSUF_ISA_ZERENUZ/StackQuestionsMember.tpp","startInFirst":{"line":29,"column":2,"tokenListIndex":22},"endInFirst":{"line":45,"column":0,"tokenListIndex":42},"startInSecond":{"line":38,"column":4,"tokenListIndex":56},"endInSecond":{"line":52,"column":0,"tokenListIndex":76},"lengthOfFirst":21,"lengthOfSecond":21},{"firstFileName":"DENIZ_KAYRA_AYDIN/StackQuestionsNonMember.tpp","secondFileName":"YUSUF_ISA_ZERENUZ/StackQuestionsNonMember.tpp","startInFirst":{"line":12,"column":0,"tokenListIndex":44},"endInFirst":{"line":14,"column":9,"tokenListIndex":49},"startInSecond":{"line":12,"column":0,"tokenListIndex":0},"endInSecond":{"line":13,"column":6,"tokenListIndex":5},"lengthOfFirst":6,"lengthOfSecond":6}],"firstSimilarity":0.391304347826087,"secondSimilarity":0.35526315789473684}