{"firstSubmissionId":"DENIZ_KAYRA_AYDIN","secondSubmissionId":"ERDAL_DENIZ_OZBEY","similarities":{"AVG":0.10457516339869281,"MAX":0.11594202898550725,"MAXIMUM_LENGTH":87.0,"LONGEST_MATCH":8.0},"matches":[{"firstFileName":"DENIZ_KAYRA_AYDIN/StackQuestionsMember.tpp","secondFileName":"ERDAL_DENIZ_OZBEY/question 1 and 2.tpp","startInFirst":{"line":33,"column":4,"tokenListIndex":26},"endInFirst":{"line":37,"column":16,"tokenListIndex":33},"startInSecond":{"line":28,"column":12,"tokenListIndex":22},"endInSecond":{"line":32,"column":13,"tokenListIndex":29},"lengthOfFirst":8,"lengthOfSecond":8}],"firstSimilarity":0.11594202898550725,"secondSimilarity":0.09523809523809523}