{"firstSubmissionId":"DENIZ_KAYRA_AYDIN","secondSubmissionId":"AHMET_ZEKI_IHTIYAROGLU","similarities":{"AVG":0.782051282051282,"MAX":0.7931034482758621,"MAXIMUM_LENGTH":89.0,"LONGEST_MATCH":19.0},"matches":[{"firstFileName":"DENIZ_KAYRA_AYDIN/StackQuestionsNonMember.tpp","secondFileName":"AHMET_ZEKI_IHTIYAROGLU/StackQuestionsNonMember.tpp","startInFirst":{"line":12,"column":0,"tokenListIndex":44},"endInFirst":{"line":14,"column":9,"tokenListIndex":50},"startInSecond":{"line":12,"column":0,"tokenListIndex":0},"endInSecond":{"line":15,"column":4,"tokenListIndex":6},"lengthOfFirst":7,"lengthOfSecond":7},{"firstFileName":"DENIZ_KAYRA_AYDIN/StackQuestionsMember.tpp","secondFileName":"AHMET_ZEKI_IHTIYAROGLU/StackQuestionsMember.tpp","startInFirst":{"line":14,"column":2,"tokenListIndex":7},"endInFirst":{"line":28,"column":22,"tokenListIndex":21},"startInSecond":{"line":11,"column":6,"tokenListIndex":33},"endInSecond":{"line":36,"column":22,"tokenListIndex":61},"lengthOfFirst":15,"lengthOfSecond":29},{"firstFileName":"DENIZ_KAYRA_AYDIN/StackQuestionsMember.tpp","secondFileName":"AHMET_ZEKI_IHTIYAROGLU/StackQuestionsMember.tpp","startInFirst":{"line":32,"column":2,"tokenListIndex":24},"endInFirst":{"line":45,"column":0,"tokenListIndex":42},"startInSecond":{"line":40,"column":4,"tokenListIndex":66},"endInSecond":{"line":58,"column":0,"tokenListIndex":87},"lengthOfFirst":19,"lengthOfSecond":22},{"firstFileName":"DENIZ_KAYRA_AYDIN/StackQuestionsNonMember.tpp","secondFileName":"AHMET_ZEKI_IHTIYAROGLU/StackQuestionsNonMember.tpp","startInFirst":{"line":19,"column":11,"tokenListIndex":58},"endInFirst":{"line":30,"column":0,"tokenListIndex":69},"startInSecond":{"line":18,"column":18,"tokenListIndex":16},"endInSecond":{"line":29,"column":0,"tokenListIndex":26},"lengthOfFirst":12,"lengthOfSecond":11}],"firstSimilarity":0.7681159420289855,"secondSimilarity":0.7931034482758621}