{"firstSubmissionId":"EDHEM_TATAR","secondSubmissionId":"IRMAK_ZEHRA_EMRI","similarities":{"AVG":0.03761755485893417,"MAX":0.043795620437956206,"MAXIMUM_LENGTH":185.0,"LONGEST_MATCH":6.0},"matches":[{"firstFileName":"EDHEM_TATAR/StackQuestionsNonMember.tpp","secondFileName":"IRMAK_ZEHRA_EMRI/main.cpp","startInFirst":{"line":14,"column":9,"tokenListIndex":66},"endInFirst":{"line":17,"column":4,"tokenListIndex":71},"startInSecond":{"line":143,"column":6,"tokenListIndex":100},"endInSecond":{"line":148,"column":35,"tokenListIndex":105},"lengthOfFirst":6,"lengthOfSecond":6}],"firstSimilarity":0.043795620437956206,"secondSimilarity":0.03296703296703297}