{"firstSubmissionId":"EDHEM_TATAR","secondSubmissionId":"ILAY_FATMA_YAVUZ","similarities":{"AVG":0.05591397849462366,"MAX":0.0948905109489051,"MAXIMUM_LENGTH":332.0,"LONGEST_MATCH":7.0},"matches":[{"firstFileName":"EDHEM_TATAR/StackQuestionsMember.tpp","secondFileName":"ILAY_FATMA_YAVUZ/Stack.tpp","startInFirst":{"line":17,"column":4,"tokenListIndex":12},"endInFirst":{"line":20,"column":12,"tokenListIndex":18},"startInSecond":{"line":43,"column":4,"tokenListIndex":84},"endInSecond":{"line":47,"column":8,"tokenListIndex":90},"lengthOfFirst":7,"lengthOfSecond":7},{"firstFileName":"EDHEM_TATAR/StackQuestionsNonMember.tpp","secondFileName":"ILAY_FATMA_YAVUZ/StackQuestionsMember.tpp","startInFirst":{"line":15,"column":4,"tokenListIndex":67},"endInFirst":{"line":18,"column":4,"tokenListIndex":72},"startInSecond":{"line":32,"column":4,"tokenListIndex":24},"endInSecond":{"line":35,"column":19,"tokenListIndex":29},"lengthOfFirst":6,"lengthOfSecond":6}],"firstSimilarity":0.0948905109489051,"secondSimilarity":0.039634146341463415}