{"firstSubmissionId":"EMRE_ERGUL","secondSubmissionId":"SERHAT_YUNUSEMRE_KALPAKLI","similarities":{"AVG":0.2967032967032967,"MAX":0.35526315789473684,"MAXIMUM_LENGTH":109.0,"LONGEST_MATCH":21.0},"matches":[{"firstFileName":"EMRE_ERGUL/StackQuestionsNonMember.tpp","secondFileName":"SERHAT_YUNUSEMRE_KALPAKLI/StackQuestionsNonMember.tpp","startInFirst":{"line":12,"column":0,"tokenListIndex":57},"endInFirst":{"line":26,"column":0,"tokenListIndex":77},"startInSecond":{"line":12,"column":0,"tokenListIndex":50},"endInSecond":{"line":25,"column":0,"tokenListIndex":70},"lengthOfFirst":21,"lengthOfSecond":21},{"firstFileName":"EMRE_ERGUL/StackQuestionsMember.tpp","secondFileName":"SERHAT_YUNUSEMRE_KALPAKLI/StackQuestionsMember.tpp","startInFirst":{"line":9,"column":0,"tokenListIndex":0},"endInFirst":{"line":12,"column":8,"tokenListIndex":5},"startInSecond":{"line":9,"column":0,"tokenListIndex":0},"endInSecond":{"line":11,"column":11,"tokenListIndex":5},"lengthOfFirst":6,"lengthOfSecond":6}],"firstSimilarity":0.35526315789473684,"secondSimilarity":0.25471698113207547}