{"firstSubmissionId":"EMRE_ERGUL","secondSubmissionId":"AHMET_ZEKI_IHTIYAROGLU","similarities":{"AVG":0.0736196319018405,"MAX":0.07894736842105263,"MAXIMUM_LENGTH":89.0,"LONGEST_MATCH":6.0},"matches":[{"firstFileName":"EMRE_ERGUL/StackQuestionsNonMember.tpp","secondFileName":"AHMET_ZEKI_IHTIYAROGLU/StackQuestionsNonMember.tpp","startInFirst":{"line":12,"column":0,"tokenListIndex":57},"endInFirst":{"line":13,"column":8,"tokenListIndex":62},"startInSecond":{"line":12,"column":0,"tokenListIndex":0},"endInSecond":{"line":13,"column":6,"tokenListIndex":5},"lengthOfFirst":6,"lengthOfSecond":6}],"firstSimilarity":0.07894736842105263,"secondSimilarity":0.06896551724137931}