{"firstSubmissionId":"EMRE_ERGUL","secondSubmissionId":"ALP_DIKMEN","similarities":{"AVG":0.43956043956043955,"MAX":0.5263157894736842,"MAXIMUM_LENGTH":109.0,"LONGEST_MATCH":11.0},"matches":[{"firstFileName":"EMRE_ERGUL/StackQuestionsNonMember.tpp","secondFileName":"ALP_DIKMEN/StackQuestionsNonMember.tpp","startInFirst":{"line":12,"column":0,"tokenListIndex":57},"endInFirst":{"line":16,"column":24,"tokenListIndex":67},"startInSecond":{"line":12,"column":0,"tokenListIndex":0},"endInSecond":{"line":20,"column":22,"tokenListIndex":10},"lengthOfFirst":11,"lengthOfSecond":11},{"firstFileName":"EMRE_ERGUL/StackQuestionsMember.tpp","secondFileName":"ALP_DIKMEN/StackQuestionsNonMember.cpp","startInFirst":{"line":18,"column":4,"tokenListIndex":14},"endInFirst":{"line":22,"column":8,"tokenListIndex":21},"startInSecond":{"line":42,"column":1,"tokenListIndex":50},"endInSecond":{"line":47,"column":5,"tokenListIndex":57},"lengthOfFirst":8,"lengthOfSecond":8},{"firstFileName":"EMRE_ERGUL/StackQuestionsMember.tpp","secondFileName":"ALP_DIKMEN/StackQuestionsMember.tpp","startInFirst":{"line":31,"column":8,"tokenListIndex":35},"endInFirst":{"line":40,"column":4,"tokenListIndex":42},"startInSecond":{"line":18,"column":6,"tokenListIndex":80},"endInSecond":{"line":29,"column":2,"tokenListIndex":87},"lengthOfFirst":8,"lengthOfSecond":8},{"firstFileName":"EMRE_ERGUL/StackQuestionsMember.tpp","secondFileName":"ALP_DIKMEN/StackQuestionsMember.tpp","startInFirst":{"line":41,"column":4,"tokenListIndex":44},"endInFirst":{"line":45,"column":4,"tokenListIndex":50},"startInSecond":{"line":30,"column":2,"tokenListIndex":88},"endInSecond":{"line":36,"column":2,"tokenListIndex":94},"lengthOfFirst":7,"lengthOfSecond":7},{"firstFileName":"EMRE_ERGUL/StackQuestionsMember.tpp","secondFileName":"ALP_DIKMEN/StackQuestionsMember.tpp","startInFirst":{"line":9,"column":0,"tokenListIndex":0},"endInFirst":{"line":12,"column":8,"tokenListIndex":5},"startInSecond":{"line":9,"column":0,"tokenListIndex":68},"endInSecond":{"line":13,"column":6,"tokenListIndex":73},"lengthOfFirst":6,"lengthOfSecond":6}],"firstSimilarity":0.5263157894736842,"secondSimilarity":0.37735849056603776}