{"firstSubmissionId":"EMRE_ERGUL","secondSubmissionId":"AYSE_ALKAN","similarities":{"AVG":0.18633540372670807,"MAX":0.19736842105263158,"MAXIMUM_LENGTH":87.0,"LONGEST_MATCH":8.0},"matches":[{"firstFileName":"EMRE_ERGUL/StackQuestionsMember.tpp","secondFileName":"AYSE_ALKAN/StackQuestionsMember.tpp","startInFirst":{"line":18,"column":4,"tokenListIndex":14},"endInFirst":{"line":22,"column":8,"tokenListIndex":21},"startInSecond":{"line":21,"column":2,"tokenListIndex":50},"endInSecond":{"line":27,"column":9,"tokenListIndex":57},"lengthOfFirst":8,"lengthOfSecond":8},{"firstFileName":"EMRE_ERGUL/StackQuestionsMember.tpp","secondFileName":"AYSE_ALKAN/StackQuestionsNonMember.cpp","startInFirst":{"line":41,"column":4,"tokenListIndex":44},"endInFirst":{"line":45,"column":4,"tokenListIndex":50},"startInSecond":{"line":34,"column":0,"tokenListIndex":21},"endInSecond":{"line":39,"column":0,"tokenListIndex":27},"lengthOfFirst":7,"lengthOfSecond":7}],"firstSimilarity":0.19736842105263158,"secondSimilarity":0.17647058823529413}