{"firstSubmissionId":"EMRE_ERGUL","secondSubmissionId":"IRMAK_ZEHRA_EMRI","similarities":{"AVG":0.05426356589147287,"MAX":0.09210526315789473,"MAXIMUM_LENGTH":185.0,"LONGEST_MATCH":7.0},"matches":[{"firstFileName":"EMRE_ERGUL/StackQuestionsMember.tpp","secondFileName":"IRMAK_ZEHRA_EMRI/StackQuestionsNonMember.tpp","startInFirst":{"line":10,"column":4,"tokenListIndex":2},"endInFirst":{"line":13,"column":11,"tokenListIndex":8},"startInSecond":{"line":14,"column":4,"tokenListIndex":153},"endInSecond":{"line":17,"column":11,"tokenListIndex":159},"lengthOfFirst":7,"lengthOfSecond":7}],"firstSimilarity":0.09210526315789473,"secondSimilarity":0.038461538461538464}