{"firstSubmissionId":"EMRE_ERGUL","secondSubmissionId":"EDHEM_TATAR","similarities":{"AVG":0.056338028169014086,"MAX":0.07894736842105263,"MAXIMUM_LENGTH":140.0,"LONGEST_MATCH":6.0},"matches":[{"firstFileName":"EMRE_ERGUL/StackQuestionsMember.tpp","secondFileName":"EDHEM_TATAR/StackQuestionsNonMember.tpp","startInFirst":{"line":19,"column":8,"tokenListIndex":16},"endInFirst":{"line":22,"column":8,"tokenListIndex":21},"startInSecond":{"line":18,"column":15,"tokenListIndex":74},"endInSecond":{"line":23,"column":11,"tokenListIndex":79},"lengthOfFirst":6,"lengthOfSecond":6}],"firstSimilarity":0.07894736842105263,"secondSimilarity":0.043795620437956206}