{"firstSubmissionId":"ERDAL_DENIZ_OZBEY","secondSubmissionId":"ILAY_FATMA_YAVUZ","similarities":{"AVG":0.03398058252427184,"MAX":0.08333333333333333,"MAXIMUM_LENGTH":332.0,"LONGEST_MATCH":7.0},"matches":[{"firstFileName":"ERDAL_DENIZ_OZBEY/question 1 and 2.tpp","secondFileName":"ILAY_FATMA_YAVUZ/Stack.tpp","startInFirst":{"line":14,"column":4,"tokenListIndex":8},"endInFirst":{"line":23,"column":8,"tokenListIndex":14},"startInSecond":{"line":123,"column":2,"tokenListIndex":145},"endInSecond":{"line":129,"column":4,"tokenListIndex":151},"lengthOfFirst":7,"lengthOfSecond":7}],"firstSimilarity":0.08333333333333333,"secondSimilarity":0.021341463414634148}