{"firstSubmissionId":"ERDAL_DENIZ_OZBEY","secondSubmissionId":"EDHEM_TATAR","similarities":{"AVG":0.1085972850678733,"MAX":0.14285714285714285,"MAXIMUM_LENGTH":140.0,"LONGEST_MATCH":6.0},"matches":[{"firstFileName":"ERDAL_DENIZ_OZBEY/question 1 and 2.tpp","secondFileName":"EDHEM_TATAR/StackQuestionsMember.tpp","startInFirst":{"line":28,"column":12,"tokenListIndex":22},"endInFirst":{"line":31,"column":12,"tokenListIndex":27},"startInSecond":{"line":37,"column":18,"tokenListIndex":35},"endInSecond":{"line":42,"column":9,"tokenListIndex":40},"lengthOfFirst":6,"lengthOfSecond":6},{"firstFileName":"ERDAL_DENIZ_OZBEY/question 3.tpp","secondFileName":"EDHEM_TATAR/StackQuestionsNonMember.tpp","startInFirst":{"line":11,"column":0,"tokenListIndex":71},"endInFirst":{"line":12,"column":10,"tokenListIndex":76},"startInSecond":{"line":12,"column":0,"tokenListIndex":61},"endInSecond":{"line":14,"column":9,"tokenListIndex":66},"lengthOfFirst":6,"lengthOfSecond":6}],"firstSimilarity":0.14285714285714285,"secondSimilarity":0.08759124087591241}