{"firstSubmissionId":"ERDAL_DENIZ_OZBEY","secondSubmissionId":"YUSUF_ERDEM_ALTINSOY","similarities":{"AVG":0.04361370716510903,"MAX":0.08333333333333333,"MAXIMUM_LENGTH":246.0,"LONGEST_MATCH":7.0},"matches":[{"firstFileName":"ERDAL_DENIZ_OZBEY/question 1 and 2.tpp","secondFileName":"YUSUF_ERDEM_ALTINSOY/Stack.tpp","startInFirst":{"line":14,"column":4,"tokenListIndex":8},"endInFirst":{"line":23,"column":8,"tokenListIndex":14},"startInSecond":{"line":91,"column":2,"tokenListIndex":63},"endInSecond":{"line":97,"column":4,"tokenListIndex":69},"lengthOfFirst":7,"lengthOfSecond":7}],"firstSimilarity":0.08333333333333333,"secondSimilarity":0.029535864978902954}