{"firstSubmissionId":"ERDAL_DENIZ_OZBEY","secondSubmissionId":"SERHAT_YUNUSEMRE_KALPAKLI","similarities":{"AVG":0.06315789473684211,"MAX":0.07142857142857142,"MAXIMUM_LENGTH":109.0,"LONGEST_MATCH":6.0},"matches":[{"firstFileName":"ERDAL_DENIZ_OZBEY/question 4.cpp","secondFileName":"SERHAT_YUNUSEMRE_KALPAKLI/StackQuestionsMember.tpp","startInFirst":{"line":29,"column":4,"tokenListIndex":57},"endInFirst":{"line":30,"column":15,"tokenListIndex":62},"startInSecond":{"line":28,"column":3,"tokenListIndex":24},"endInSecond":{"line":29,"column":7,"tokenListIndex":29},"lengthOfFirst":6,"lengthOfSecond":6}],"firstSimilarity":0.07142857142857142,"secondSimilarity":0.05660377358490566}