{"firstSubmissionId":"ERDAL_DENIZ_OZBEY","secondSubmissionId":"AHMET_ZEKI_IHTIYAROGLU","similarities":{"AVG":0.07017543859649122,"MAX":0.07142857142857142,"MAXIMUM_LENGTH":89.0,"LONGEST_MATCH":6.0},"matches":[{"firstFileName":"ERDAL_DENIZ_OZBEY/question 1 and 2.tpp","secondFileName":"AHMET_ZEKI_IHTIYAROGLU/StackQuestionsMember.tpp","startInFirst":{"line":28,"column":12,"tokenListIndex":22},"endInFirst":{"line":31,"column":12,"tokenListIndex":27},"startInSecond":{"line":41,"column":12,"tokenListIndex":69},"endInSecond":{"line":46,"column":11,"tokenListIndex":74},"lengthOfFirst":6,"lengthOfSecond":6}],"firstSimilarity":0.07142857142857142,"secondSimilarity":0.06896551724137931}