{"firstSubmissionId":"ERDAL_DENIZ_OZBEY","secondSubmissionId":"ALP_DIKMEN","similarities":{"AVG":0.08421052631578947,"MAX":0.09523809523809523,"MAXIMUM_LENGTH":109.0,"LONGEST_MATCH":8.0},"matches":[{"firstFileName":"ERDAL_DENIZ_OZBEY/question 1 and 2.tpp","secondFileName":"ALP_DIKMEN/StackQuestionsMember.tpp","startInFirst":{"line":28,"column":12,"tokenListIndex":22},"endInFirst":{"line":32,"column":13,"tokenListIndex":29},"startInSecond":{"line":34,"column":6,"tokenListIndex":91},"endInSecond":{"line":40,"column":22,"tokenListIndex":98},"lengthOfFirst":8,"lengthOfSecond":8}],"firstSimilarity":0.09523809523809523,"secondSimilarity":0.07547169811320754}