{"firstSubmissionId":"EREN_KOCAGOKCEN","secondSubmissionId":"EDHEM_TATAR","similarities":{"AVG":0.0759493670886076,"MAX":0.2857142857142857,"MAXIMUM_LENGTH":140.0,"LONGEST_MATCH":6.0},"matches":[{"firstFileName":"EREN_KOCAGOKCEN/StackQuestionsMember.tpp","secondFileName":"EDHEM_TATAR/StackQuestionsMember.tpp","startInFirst":{"line":17,"column":4,"tokenListIndex":8},"endInFirst":{"line":26,"column":4,"tokenListIndex":13},"startInSecond":{"line":23,"column":2,"tokenListIndex":21},"endInSecond":{"line":32,"column":11,"tokenListIndex":26},"lengthOfFirst":6,"lengthOfSecond":6}],"firstSimilarity":0.2857142857142857,"secondSimilarity":0.043795620437956206}