{"firstSubmissionId":"EYLUL_COSKUN","secondSubmissionId":"BORA_ERDEM_ALAN","similarities":{"AVG":0.11764705882352941,"MAX":0.17142857142857143,"MAXIMUM_LENGTH":69.0,"LONGEST_MATCH":6.0},"matches":[{"firstFileName":"EYLUL_COSKUN/StackQuestionsMember.tpp","secondFileName":"BORA_ERDEM_ALAN/StackQuestionsMember.tpp","startInFirst":{"line":26,"column":2,"tokenListIndex":24},"endInFirst":{"line":35,"column":11,"tokenListIndex":29},"startInSecond":{"line":21,"column":2,"tokenListIndex":19},"endInSecond":{"line":29,"column":11,"tokenListIndex":24},"lengthOfFirst":6,"lengthOfSecond":6}],"firstSimilarity":0.17142857142857143,"secondSimilarity":0.08955223880597014}