{"firstSubmissionId":"EYLUL_COSKUN","secondSubmissionId":"EDHEM_TATAR","similarities":{"AVG":0.06976744186046512,"MAX":0.17142857142857143,"MAXIMUM_LENGTH":140.0,"LONGEST_MATCH":6.0},"matches":[{"firstFileName":"EYLUL_COSKUN/StackQuestionsMember.tpp","secondFileName":"EDHEM_TATAR/StackQuestionsMember.tpp","startInFirst":{"line":18,"column":4,"tokenListIndex":10},"endInFirst":{"line":20,"column":4,"tokenListIndex":15},"startInSecond":{"line":19,"column":8,"tokenListIndex":14},"endInSecond":{"line":21,"column":8,"tokenListIndex":19},"lengthOfFirst":6,"lengthOfSecond":6}],"firstSimilarity":0.17142857142857143,"secondSimilarity":0.043795620437956206}