{"firstSubmissionId":"EYLUL_COSKUN","secondSubmissionId":"ALGUHAN_KURULAR","similarities":{"AVG":0.14814814814814814,"MAX":0.17142857142857143,"MAXIMUM_LENGTH":47.0,"LONGEST_MATCH":6.0},"matches":[{"firstFileName":"EYLUL_COSKUN/StackQuestionsMember.tpp","secondFileName":"ALGUHAN_KURULAR/StackQuestionsMember.tpp","startInFirst":{"line":18,"column":4,"tokenListIndex":10},"endInFirst":{"line":20,"column":4,"tokenListIndex":15},"startInSecond":{"line":19,"column":1,"tokenListIndex":12},"endInSecond":{"line":21,"column":1,"tokenListIndex":17},"lengthOfFirst":6,"lengthOfSecond":6}],"firstSimilarity":0.17142857142857143,"secondSimilarity":0.13043478260869565}