{"firstSubmissionId":"HIRANUR_DENIZ","secondSubmissionId":"OMER_FARUK_GUCER","similarities":{"AVG":0.15584415584415584,"MAX":0.18181818181818182,"MAXIMUM_LENGTH":47.0,"LONGEST_MATCH":6.0},"matches":[{"firstFileName":"HIRANUR_DENIZ/StackQuestionsNonMember.tpp","secondFileName":"OMER_FARUK_GUCER/StackQuestionsNonMember.tpp","startInFirst":{"line":15,"column":12,"tokenListIndex":25},"endInFirst":{"line":21,"column":8,"tokenListIndex":30},"startInSecond":{"line":16,"column":8,"tokenListIndex":21},"endInSecond":{"line":22,"column":8,"tokenListIndex":26},"lengthOfFirst":6,"lengthOfSecond":6}],"firstSimilarity":0.18181818181818182,"secondSimilarity":0.13636363636363635}