{"firstSubmissionId":"HIRANUR_DENIZ","secondSubmissionId":"CEYDA_SENAY","similarities":{"AVG":0.29213483146067415,"MAX":0.3939393939393939,"MAXIMUM_LENGTH":59.0,"LONGEST_MATCH":7.0},"matches":[{"firstFileName":"HIRANUR_DENIZ/StackQuestionsNonMember.tpp","secondFileName":"CEYDA_SENAY/StackQuestionsNonMember.tpp","startInFirst":{"line":14,"column":37,"tokenListIndex":24},"endInFirst":{"line":21,"column":8,"tokenListIndex":30},"startInSecond":{"line":16,"column":12,"tokenListIndex":7},"endInSecond":{"line":21,"column":8,"tokenListIndex":13},"lengthOfFirst":7,"lengthOfSecond":7},{"firstFileName":"HIRANUR_DENIZ/StackQuestionsNonMember.tpp","secondFileName":"CEYDA_SENAY/StackQuestionsNonMember.tpp","startInFirst":{"line":11,"column":0,"tokenListIndex":14},"endInFirst":{"line":13,"column":10,"tokenListIndex":19},"startInSecond":{"line":13,"column":0,"tokenListIndex":0},"endInSecond":{"line":15,"column":9,"tokenListIndex":5},"lengthOfFirst":6,"lengthOfSecond":6}],"firstSimilarity":0.3939393939393939,"secondSimilarity":0.23214285714285715}