{"firstSubmissionId":"HIRANUR_DENIZ","secondSubmissionId":"ISMAIL_EFE_YALCINKAYA","similarities":{"AVG":0.15555555555555556,"MAX":0.21212121212121213,"MAXIMUM_LENGTH":59.0,"LONGEST_MATCH":7.0},"matches":[{"firstFileName":"HIRANUR_DENIZ/StackQuestionsNonMember.tpp","secondFileName":"ISMAIL_EFE_YALCINKAYA/StackQuestionsNonMember.tpp","startInFirst":{"line":14,"column":37,"tokenListIndex":24},"endInFirst":{"line":21,"column":8,"tokenListIndex":30},"startInSecond":{"line":23,"column":10,"tokenListIndex":16},"endInSecond":{"line":28,"column":8,"tokenListIndex":22},"lengthOfFirst":7,"lengthOfSecond":7}],"firstSimilarity":0.21212121212121213,"secondSimilarity":0.12280701754385964}