{"firstSubmissionId":"HIRANUR_DENIZ","secondSubmissionId":"YUSUF_ERDEM_ALTINSOY","similarities":{"AVG":0.05925925925925926,"MAX":0.24242424242424243,"MAXIMUM_LENGTH":246.0,"LONGEST_MATCH":8.0},"matches":[{"firstFileName":"HIRANUR_DENIZ/StackQuestionsMember.tpp","secondFileName":"YUSUF_ERDEM_ALTINSOY/Stack.tpp","startInFirst":{"line":14,"column":0,"tokenListIndex":5},"endInFirst":{"line":26,"column":0,"tokenListIndex":12},"startInSecond":{"line":209,"column":0,"tokenListIndex":187},"endInSecond":{"line":216,"column":0,"tokenListIndex":194},"lengthOfFirst":8,"lengthOfSecond":8}],"firstSimilarity":0.24242424242424243,"secondSimilarity":0.03375527426160337}