{"firstSubmissionId":"HIRANUR_DENIZ","secondSubmissionId":"EDHEM_TATAR","similarities":{"AVG":0.07058823529411765,"MAX":0.18181818181818182,"MAXIMUM_LENGTH":140.0,"LONGEST_MATCH":6.0},"matches":[{"firstFileName":"HIRANUR_DENIZ/StackQuestionsNonMember.tpp","secondFileName":"EDHEM_TATAR/StackQuestionsNonMember.tpp","startInFirst":{"line":11,"column":0,"tokenListIndex":14},"endInFirst":{"line":13,"column":10,"tokenListIndex":19},"startInSecond":{"line":12,"column":0,"tokenListIndex":61},"endInSecond":{"line":14,"column":9,"tokenListIndex":66},"lengthOfFirst":6,"lengthOfSecond":6}],"firstSimilarity":0.18181818181818182,"secondSimilarity":0.043795620437956206}