{"firstSubmissionId":"HIRANUR_DENIZ","secondSubmissionId":"ERDAL_DENIZ_OZBEY","similarities":{"AVG":0.10256410256410256,"MAX":0.18181818181818182,"MAXIMUM_LENGTH":87.0,"LONGEST_MATCH":6.0},"matches":[{"firstFileName":"HIRANUR_DENIZ/StackQuestionsNonMember.tpp","secondFileName":"ERDAL_DENIZ_OZBEY/question 3.tpp","startInFirst":{"line":11,"column":0,"tokenListIndex":14},"endInFirst":{"line":13,"column":10,"tokenListIndex":19},"startInSecond":{"line":11,"column":0,"tokenListIndex":71},"endInSecond":{"line":12,"column":10,"tokenListIndex":76},"lengthOfFirst":6,"lengthOfSecond":6}],"firstSimilarity":0.18181818181818182,"secondSimilarity":0.07142857142857142}