{"firstSubmissionId":"HIRANUR_DENIZ","secondSubmissionId":"ILAY_FATMA_YAVUZ","similarities":{"AVG":0.0443213296398892,"MAX":0.24242424242424243,"MAXIMUM_LENGTH":332.0,"LONGEST_MATCH":8.0},"matches":[{"firstFileName":"HIRANUR_DENIZ/StackQuestionsMember.tpp","secondFileName":"ILAY_FATMA_YAVUZ/Stack.tpp","startInFirst":{"line":14,"column":0,"tokenListIndex":5},"endInFirst":{"line":26,"column":0,"tokenListIndex":12},"startInSecond":{"line":241,"column":0,"tokenListIndex":269},"endInSecond":{"line":248,"column":0,"tokenListIndex":276},"lengthOfFirst":8,"lengthOfSecond":8}],"firstSimilarity":0.24242424242424243,"secondSimilarity":0.024390243902439025}