{"firstSubmissionId":"HIRANUR_DENIZ","secondSubmissionId":"AHMET_ZEKI_IHTIYAROGLU","similarities":{"AVG":0.11666666666666667,"MAX":0.21212121212121213,"MAXIMUM_LENGTH":89.0,"LONGEST_MATCH":7.0},"matches":[{"firstFileName":"HIRANUR_DENIZ/StackQuestionsNonMember.tpp","secondFileName":"AHMET_ZEKI_IHTIYAROGLU/StackQuestionsNonMember.tpp","startInFirst":{"line":14,"column":37,"tokenListIndex":24},"endInFirst":{"line":21,"column":8,"tokenListIndex":30},"startInSecond":{"line":18,"column":12,"tokenListIndex":15},"endInSecond":{"line":24,"column":12,"tokenListIndex":21},"lengthOfFirst":7,"lengthOfSecond":7}],"firstSimilarity":0.21212121212121213,"secondSimilarity":0.08045977011494253}