{"firstSubmissionId":"IRMAK_ZEHRA_EMRI","secondSubmissionId":"ILAY_FATMA_YAVUZ","similarities":{"AVG":0.10196078431372549,"MAX":0.14285714285714285,"MAXIMUM_LENGTH":332.0,"LONGEST_MATCH":10.0},"matches":[{"firstFileName":"IRMAK_ZEHRA_EMRI/main.cpp","secondFileName":"ILAY_FATMA_YAVUZ/Stack.tpp","startInFirst":{"line":65,"column":31,"tokenListIndex":33},"endInFirst":{"line":72,"column":2,"tokenListIndex":42},"startInSecond":{"line":178,"column":28,"tokenListIndex":201},"endInSecond":{"line":185,"column":2,"tokenListIndex":210},"lengthOfFirst":10,"lengthOfSecond":10},{"firstFileName":"IRMAK_ZEHRA_EMRI/main.cpp","secondFileName":"ILAY_FATMA_YAVUZ/Stack.tpp","startInFirst":{"line":75,"column":2,"tokenListIndex":43},"endInFirst":{"line":81,"column":2,"tokenListIndex":52},"startInSecond":{"line":157,"column":2,"tokenListIndex":182},"endInSecond":{"line":163,"column":2,"tokenListIndex":191},"lengthOfFirst":10,"lengthOfSecond":10},{"firstFileName":"IRMAK_ZEHRA_EMRI/main.cpp","secondFileName":"ILAY_FATMA_YAVUZ/StackQuestionsMember.tpp","startInFirst":{"line":144,"column":2,"tokenListIndex":101},"endInFirst":{"line":151,"column":2,"tokenListIndex":106},"startInSecond":{"line":20,"column":4,"tokenListIndex":8},"endInSecond":{"line":23,"column":4,"tokenListIndex":13},"lengthOfFirst":6,"lengthOfSecond":6}],"firstSimilarity":0.14285714285714285,"secondSimilarity":0.07926829268292683}