{"firstSubmissionId":"IRMAK_ZEHRA_EMRI","secondSubmissionId":"YUSUF_ERDEM_ALTINSOY","similarities":{"AVG":0.0954653937947494,"MAX":0.10989010989010989,"MAXIMUM_LENGTH":246.0,"LONGEST_MATCH":10.0},"matches":[{"firstFileName":"IRMAK_ZEHRA_EMRI/main.cpp","secondFileName":"YUSUF_ERDEM_ALTINSOY/Stack.tpp","startInFirst":{"line":65,"column":31,"tokenListIndex":33},"endInFirst":{"line":72,"column":2,"tokenListIndex":42},"startInSecond":{"line":146,"column":28,"tokenListIndex":119},"endInSecond":{"line":153,"column":2,"tokenListIndex":128},"lengthOfFirst":10,"lengthOfSecond":10},{"firstFileName":"IRMAK_ZEHRA_EMRI/main.cpp","secondFileName":"YUSUF_ERDEM_ALTINSOY/Stack.tpp","startInFirst":{"line":75,"column":2,"tokenListIndex":43},"endInFirst":{"line":81,"column":2,"tokenListIndex":52},"startInSecond":{"line":125,"column":2,"tokenListIndex":100},"endInSecond":{"line":131,"column":2,"tokenListIndex":109},"lengthOfFirst":10,"lengthOfSecond":10}],"firstSimilarity":0.10989010989010989,"secondSimilarity":0.08438818565400844}