{"firstSubmissionId":"ISMAIL_EFE_YALCINKAYA","secondSubmissionId":"EDHEM_TATAR","similarities":{"AVG":0.061855670103092786,"MAX":0.10526315789473684,"MAXIMUM_LENGTH":140.0,"LONGEST_MATCH":6.0},"matches":[{"firstFileName":"ISMAIL_EFE_YALCINKAYA/StackQuestionsMember.tpp","secondFileName":"EDHEM_TATAR/StackQuestionsMember.tpp","startInFirst":{"line":24,"column":12,"tokenListIndex":48},"endInFirst":{"line":27,"column":12,"tokenListIndex":53},"startInSecond":{"line":37,"column":18,"tokenListIndex":35},"endInSecond":{"line":42,"column":9,"tokenListIndex":40},"lengthOfFirst":6,"lengthOfSecond":6}],"firstSimilarity":0.10526315789473684,"secondSimilarity":0.043795620437956206}