{"firstSubmissionId":"ISMAIL_EFE_YALCINKAYA","secondSubmissionId":"ALP_DIKMEN","similarities":{"AVG":0.17177914110429449,"MAX":0.24561403508771928,"MAXIMUM_LENGTH":109.0,"LONGEST_MATCH":8.0},"matches":[{"firstFileName":"ISMAIL_EFE_YALCINKAYA/StackQuestionsMember.tpp","secondFileName":"ALP_DIKMEN/StackQuestionsMember.tpp","startInFirst":{"line":24,"column":12,"tokenListIndex":48},"endInFirst":{"line":28,"column":19,"tokenListIndex":55},"startInSecond":{"line":34,"column":6,"tokenListIndex":91},"endInSecond":{"line":40,"column":22,"tokenListIndex":98},"lengthOfFirst":8,"lengthOfSecond":8},{"firstFileName":"ISMAIL_EFE_YALCINKAYA/StackQuestionsMember.tpp","secondFileName":"ALP_DIKMEN/StackQuestionsMember.tpp","startInFirst":{"line":17,"column":4,"tokenListIndex":41},"endInFirst":{"line":23,"column":4,"tokenListIndex":46},"startInSecond":{"line":21,"column":2,"tokenListIndex":82},"endInSecond":{"line":29,"column":2,"tokenListIndex":87},"lengthOfFirst":6,"lengthOfSecond":6}],"firstSimilarity":0.24561403508771928,"secondSimilarity":0.1320754716981132}