{"firstSubmissionId":"ISMAIL_EFE_YALCINKAYA","secondSubmissionId":"YUSUF_ISA_ZERENUZ","similarities":{"AVG":0.12030075187969924,"MAX":0.14035087719298245,"MAXIMUM_LENGTH":78.0,"LONGEST_MATCH":8.0},"matches":[{"firstFileName":"ISMAIL_EFE_YALCINKAYA/StackQuestionsMember.tpp","secondFileName":"YUSUF_ISA_ZERENUZ/StackQuestionsMember.tpp","startInFirst":{"line":24,"column":12,"tokenListIndex":48},"endInFirst":{"line":28,"column":19,"tokenListIndex":55},"startInSecond":{"line":41,"column":8,"tokenListIndex":60},"endInSecond":{"line":45,"column":19,"tokenListIndex":67},"lengthOfFirst":8,"lengthOfSecond":8}],"firstSimilarity":0.14035087719298245,"secondSimilarity":0.10526315789473684}