{"firstSubmissionId":"ISMAIL_EFE_YALCINKAYA","secondSubmissionId":"AHMET_ZEKI_IHTIYAROGLU","similarities":{"AVG":0.18055555555555555,"MAX":0.22807017543859648,"MAXIMUM_LENGTH":89.0,"LONGEST_MATCH":7.0},"matches":[{"firstFileName":"ISMAIL_EFE_YALCINKAYA/StackQuestionsNonMember.tpp","secondFileName":"AHMET_ZEKI_IHTIYAROGLU/StackQuestionsNonMember.tpp","startInFirst":{"line":23,"column":10,"tokenListIndex":16},"endInFirst":{"line":28,"column":8,"tokenListIndex":22},"startInSecond":{"line":18,"column":12,"tokenListIndex":15},"endInSecond":{"line":24,"column":12,"tokenListIndex":21},"lengthOfFirst":7,"lengthOfSecond":7},{"firstFileName":"ISMAIL_EFE_YALCINKAYA/StackQuestionsMember.tpp","secondFileName":"AHMET_ZEKI_IHTIYAROGLU/StackQuestionsMember.tpp","startInFirst":{"line":24,"column":12,"tokenListIndex":48},"endInFirst":{"line":27,"column":12,"tokenListIndex":53},"startInSecond":{"line":41,"column":12,"tokenListIndex":69},"endInSecond":{"line":46,"column":11,"tokenListIndex":74},"lengthOfFirst":6,"lengthOfSecond":6}],"firstSimilarity":0.22807017543859648,"secondSimilarity":0.14942528735632185}