{"firstSubmissionId":"ISMAIL_EFE_YALCINKAYA","secondSubmissionId":"EMRE_ERGUL","similarities":{"AVG":0.09022556390977443,"MAX":0.10526315789473684,"MAXIMUM_LENGTH":79.0,"LONGEST_MATCH":6.0},"matches":[{"firstFileName":"ISMAIL_EFE_YALCINKAYA/StackQuestionsMember.tpp","secondFileName":"EMRE_ERGUL/StackQuestionsMember.tpp","startInFirst":{"line":17,"column":4,"tokenListIndex":41},"endInFirst":{"line":23,"column":4,"tokenListIndex":46},"startInSecond":{"line":33,"column":4,"tokenListIndex":37},"endInSecond":{"line":40,"column":4,"tokenListIndex":42},"lengthOfFirst":6,"lengthOfSecond":6}],"firstSimilarity":0.10526315789473684,"secondSimilarity":0.07894736842105263}