{"firstSubmissionId":"ISMAIL_EFE_YALCINKAYA","secondSubmissionId":"TEMMUZ_AKYOL","similarities":{"AVG":0.125,"MAX":0.14035087719298245,"MAXIMUM_LENGTH":73.0,"LONGEST_MATCH":8.0},"matches":[{"firstFileName":"ISMAIL_EFE_YALCINKAYA/StackQuestionsMember.tpp","secondFileName":"TEMMUZ_AKYOL/StackQuestionsMember.tpp","startInFirst":{"line":24,"column":12,"tokenListIndex":48},"endInFirst":{"line":28,"column":19,"tokenListIndex":55},"startInSecond":{"line":43,"column":4,"tokenListIndex":61},"endInSecond":{"line":48,"column":15,"tokenListIndex":68},"lengthOfFirst":8,"lengthOfSecond":8}],"firstSimilarity":0.14035087719298245,"secondSimilarity":0.11267605633802817}