{"firstSubmissionId":"ISMAIL_EFE_YALCINKAYA","secondSubmissionId":"DENIZ_KAYRA_AYDIN","similarities":{"AVG":0.2222222222222222,"MAX":0.24561403508771928,"MAXIMUM_LENGTH":71.0,"LONGEST_MATCH":8.0},"matches":[{"firstFileName":"ISMAIL_EFE_YALCINKAYA/StackQuestionsMember.tpp","secondFileName":"DENIZ_KAYRA_AYDIN/StackQuestionsMember.tpp","startInFirst":{"line":24,"column":12,"tokenListIndex":48},"endInFirst":{"line":28,"column":19,"tokenListIndex":55},"startInSecond":{"line":33,"column":4,"tokenListIndex":26},"endInSecond":{"line":37,"column":16,"tokenListIndex":33},"lengthOfFirst":8,"lengthOfSecond":8},{"firstFileName":"ISMAIL_EFE_YALCINKAYA/StackQuestionsMember.tpp","secondFileName":"DENIZ_KAYRA_AYDIN/StackQuestionsMember.tpp","startInFirst":{"line":17,"column":4,"tokenListIndex":41},"endInFirst":{"line":23,"column":4,"tokenListIndex":46},"startInSecond":{"line":22,"column":2,"tokenListIndex":17},"endInSecond":{"line":29,"column":2,"tokenListIndex":22},"lengthOfFirst":6,"lengthOfSecond":6}],"firstSimilarity":0.24561403508771928,"secondSimilarity":0.2028985507246377}