{"firstSubmissionId":"ISMAIL_EFE_YALCINKAYA","secondSubmissionId":"BORA_ERDEM_ALAN","similarities":{"AVG":0.12903225806451613,"MAX":0.14035087719298245,"MAXIMUM_LENGTH":69.0,"LONGEST_MATCH":8.0},"matches":[{"firstFileName":"ISMAIL_EFE_YALCINKAYA/StackQuestionsMember.tpp","secondFileName":"BORA_ERDEM_ALAN/StackQuestionsMember.tpp","startInFirst":{"line":24,"column":12,"tokenListIndex":48},"endInFirst":{"line":28,"column":19,"tokenListIndex":55},"startInSecond":{"line":33,"column":4,"tokenListIndex":29},"endInSecond":{"line":37,"column":15,"tokenListIndex":36},"lengthOfFirst":8,"lengthOfSecond":8}],"firstSimilarity":0.14035087719298245,"secondSimilarity":0.11940298507462686}