{"firstSubmissionId":"ISMAIL_EFE_YALCINKAYA","secondSubmissionId":"ERDAL_DENIZ_OZBEY","similarities":{"AVG":0.15602836879432624,"MAX":0.19298245614035087,"MAXIMUM_LENGTH":87.0,"LONGEST_MATCH":11.0},"matches":[{"firstFileName":"ISMAIL_EFE_YALCINKAYA/StackQuestionsMember.tpp","secondFileName":"ERDAL_DENIZ_OZBEY/question 1 and 2.tpp","startInFirst":{"line":23,"column":4,"tokenListIndex":46},"endInFirst":{"line":29,"column":4,"tokenListIndex":56},"startInSecond":{"line":27,"column":4,"tokenListIndex":20},"endInSecond":{"line":33,"column":4,"tokenListIndex":30},"lengthOfFirst":11,"lengthOfSecond":11}],"firstSimilarity":0.19298245614035087,"secondSimilarity":0.13095238095238096}