{"firstSubmissionId":"ISMAIL_EFE_YALCINKAYA","secondSubmissionId":"DEMIR_OZHAN","similarities":{"AVG":0.10434782608695652,"MAX":0.10526315789473684,"MAXIMUM_LENGTH":61.0,"LONGEST_MATCH":6.0},"matches":[{"firstFileName":"ISMAIL_EFE_YALCINKAYA/StackQuestionsMember.tpp","secondFileName":"DEMIR_OZHAN/StackQuestionsMember.tpp","startInFirst":{"line":17,"column":4,"tokenListIndex":41},"endInFirst":{"line":23,"column":4,"tokenListIndex":46},"startInSecond":{"line":25,"column":2,"tokenListIndex":45},"endInSecond":{"line":32,"column":2,"tokenListIndex":50},"lengthOfFirst":6,"lengthOfSecond":6}],"firstSimilarity":0.10526315789473684,"secondSimilarity":0.10344827586206896}