{"firstSubmissionId":"MERTCAN_ARSLAN","secondSubmissionId":"EDHEM_TATAR","similarities":{"AVG":0.10843373493975904,"MAX":0.3103448275862069,"MAXIMUM_LENGTH":140.0,"LONGEST_MATCH":9.0},"matches":[{"firstFileName":"MERTCAN_ARSLAN/StackQuestionsMember.tpp","secondFileName":"EDHEM_TATAR/StackQuestionsMember.tpp","startInFirst":{"line":10,"column":13,"tokenListIndex":4},"endInFirst":{"line":13,"column":33,"tokenListIndex":12},"startInSecond":{"line":15,"column":16,"tokenListIndex":9},"endInSecond":{"line":19,"column":41,"tokenListIndex":17},"lengthOfFirst":9,"lengthOfSecond":9}],"firstSimilarity":0.3103448275862069,"secondSimilarity":0.06569343065693431}