{"firstSubmissionId":"MERTCAN_ARSLAN","secondSubmissionId":"YUSUF_ISA_ZERENUZ","similarities":{"AVG":0.13333333333333333,"MAX":0.2413793103448276,"MAXIMUM_LENGTH":78.0,"LONGEST_MATCH":7.0},"matches":[{"firstFileName":"MERTCAN_ARSLAN/StackQuestionsMember.tpp","secondFileName":"YUSUF_ISA_ZERENUZ/StackQuestionsMember.tpp","startInFirst":{"line":10,"column":2,"tokenListIndex":2},"endInFirst":{"line":12,"column":6,"tokenListIndex":8},"startInSecond":{"line":12,"column":4,"tokenListIndex":27},"endInSecond":{"line":14,"column":8,"tokenListIndex":33},"lengthOfFirst":7,"lengthOfSecond":7}],"firstSimilarity":0.2413793103448276,"secondSimilarity":0.09210526315789473}