{"firstSubmissionId":"MERTCAN_ARSLAN","secondSubmissionId":"SERHAT_YUNUSEMRE_KALPAKLI","similarities":{"AVG":0.08888888888888889,"MAX":0.20689655172413793,"MAXIMUM_LENGTH":109.0,"LONGEST_MATCH":6.0},"matches":[{"firstFileName":"MERTCAN_ARSLAN/StackQuestionsMember.tpp","secondFileName":"SERHAT_YUNUSEMRE_KALPAKLI/StackQuestionsMember.tpp","startInFirst":{"line":13,"column":4,"tokenListIndex":9},"endInFirst":{"line":15,"column":4,"tokenListIndex":14},"startInSecond":{"line":13,"column":4,"tokenListIndex":9},"endInSecond":{"line":15,"column":4,"tokenListIndex":14},"lengthOfFirst":6,"lengthOfSecond":6}],"firstSimilarity":0.20689655172413793,"secondSimilarity":0.05660377358490566}