{"firstSubmissionId":"MERTCAN_ARSLAN","secondSubmissionId":"IRMAK_ZEHRA_EMRI","similarities":{"AVG":0.05687203791469194,"MAX":0.20689655172413793,"MAXIMUM_LENGTH":185.0,"LONGEST_MATCH":6.0},"matches":[{"firstFileName":"MERTCAN_ARSLAN/StackQuestionsMember.tpp","secondFileName":"IRMAK_ZEHRA_EMRI/main.cpp","startInFirst":{"line":13,"column":4,"tokenListIndex":9},"endInFirst":{"line":15,"column":4,"tokenListIndex":14},"startInSecond":{"line":195,"column":2,"tokenListIndex":134},"endInSecond":{"line":197,"column":2,"tokenListIndex":139},"lengthOfFirst":6,"lengthOfSecond":6}],"firstSimilarity":0.20689655172413793,"secondSimilarity":0.03296703296703297}