{"firstSubmissionId":"MERTCAN_ARSLAN","secondSubmissionId":"DENIZ_KAYRA_AYDIN","similarities":{"AVG":0.12244897959183673,"MAX":0.20689655172413793,"MAXIMUM_LENGTH":71.0,"LONGEST_MATCH":6.0},"matches":[{"firstFileName":"MERTCAN_ARSLAN/StackQuestionsMember.tpp","secondFileName":"DENIZ_KAYRA_AYDIN/StackQuestionsMember.tpp","startInFirst":{"line":13,"column":4,"tokenListIndex":9},"endInFirst":{"line":15,"column":4,"tokenListIndex":14},"startInSecond":{"line":19,"column":2,"tokenListIndex":11},"endInSecond":{"line":21,"column":2,"tokenListIndex":16},"lengthOfFirst":6,"lengthOfSecond":6}],"firstSimilarity":0.20689655172413793,"secondSimilarity":0.08695652173913043}