{"firstSubmissionId":"MERTCAN_ARSLAN","secondSubmissionId":"ILAY_FATMA_YAVUZ","similarities":{"AVG":0.03361344537815126,"MAX":0.20689655172413793,"MAXIMUM_LENGTH":332.0,"LONGEST_MATCH":6.0},"matches":[{"firstFileName":"MERTCAN_ARSLAN/StackQuestionsMember.tpp","secondFileName":"ILAY_FATMA_YAVUZ/Stack.tpp","startInFirst":{"line":12,"column":2,"tokenListIndex":7},"endInFirst":{"line":13,"column":33,"tokenListIndex":12},"startInSecond":{"line":43,"column":4,"tokenListIndex":84},"endInSecond":{"line":46,"column":38,"tokenListIndex":89},"lengthOfFirst":6,"lengthOfSecond":6}],"firstSimilarity":0.20689655172413793,"secondSimilarity":0.018292682926829267}