{"firstSubmissionId":"MERTCAN_ARSLAN","secondSubmissionId":"ALGUHAN_KURULAR","similarities":{"AVG":0.16,"MAX":0.20689655172413793,"MAXIMUM_LENGTH":47.0,"LONGEST_MATCH":6.0},"matches":[{"firstFileName":"MERTCAN_ARSLAN/StackQuestionsMember.tpp","secondFileName":"ALGUHAN_KURULAR/StackQuestionsMember.tpp","startInFirst":{"line":12,"column":2,"tokenListIndex":7},"endInFirst":{"line":13,"column":33,"tokenListIndex":12},"startInSecond":{"line":17,"column":1,"tokenListIndex":10},"endInSecond":{"line":19,"column":25,"tokenListIndex":15},"lengthOfFirst":6,"lengthOfSecond":6}],"firstSimilarity":0.20689655172413793,"secondSimilarity":0.13043478260869565}