{"firstSubmissionId":"MERTCAN_ARSLAN","secondSubmissionId":"AHMET_ZEKI_IHTIYAROGLU","similarities":{"AVG":0.1206896551724138,"MAX":0.2413793103448276,"MAXIMUM_LENGTH":89.0,"LONGEST_MATCH":7.0},"matches":[{"firstFileName":"MERTCAN_ARSLAN/StackQuestionsMember.tpp","secondFileName":"AHMET_ZEKI_IHTIYAROGLU/StackQuestionsMember.tpp","startInFirst":{"line":12,"column":6,"tokenListIndex":8},"endInFirst":{"line":15,"column":4,"tokenListIndex":14},"startInSecond":{"line":16,"column":8,"tokenListIndex":38},"endInSecond":{"line":19,"column":8,"tokenListIndex":44},"lengthOfFirst":7,"lengthOfSecond":7}],"firstSimilarity":0.2413793103448276,"secondSimilarity":0.08045977011494253}