{"firstSubmissionId":"MERTCAN_ARSLAN","secondSubmissionId":"CEYDA_SENAY","similarities":{"AVG":0.16470588235294117,"MAX":0.2413793103448276,"MAXIMUM_LENGTH":59.0,"LONGEST_MATCH":7.0},"matches":[{"firstFileName":"MERTCAN_ARSLAN/StackQuestionsMember.tpp","secondFileName":"CEYDA_SENAY/StackQuestionsMember.tpp","startInFirst":{"line":18,"column":4,"tokenListIndex":19},"endInFirst":{"line":23,"column":0,"tokenListIndex":25},"startInSecond":{"line":42,"column":4,"tokenListIndex":51},"endInSecond":{"line":48,"column":0,"tokenListIndex":57},"lengthOfFirst":7,"lengthOfSecond":7}],"firstSimilarity":0.2413793103448276,"secondSimilarity":0.125}