{"firstSubmissionId":"MERTCAN_ARSLAN","secondSubmissionId":"ALP_DIKMEN","similarities":{"AVG":0.1037037037037037,"MAX":0.2413793103448276,"MAXIMUM_LENGTH":109.0,"LONGEST_MATCH":7.0},"matches":[{"firstFileName":"MERTCAN_ARSLAN/StackQuestionsMember.tpp","secondFileName":"ALP_DIKMEN/StackQuestionsMember.tpp","startInFirst":{"line":12,"column":6,"tokenListIndex":8},"endInFirst":{"line":15,"column":4,"tokenListIndex":14},"startInSecond":{"line":14,"column":2,"tokenListIndex":75},"endInSecond":{"line":19,"column":2,"tokenListIndex":81},"lengthOfFirst":7,"lengthOfSecond":7}],"firstSimilarity":0.2413793103448276,"secondSimilarity":0.0660377358490566}