{"firstSubmissionId":"MERTCAN_ARSLAN","secondSubmissionId":"TEMMUZ_AKYOL","similarities":{"AVG":0.16,"MAX":0.27586206896551724,"MAXIMUM_LENGTH":73.0,"LONGEST_MATCH":8.0},"matches":[{"firstFileName":"MERTCAN_ARSLAN/StackQuestionsMember.tpp","secondFileName":"TEMMUZ_AKYOL/StackQuestionsMember.tpp","startInFirst":{"line":12,"column":2,"tokenListIndex":7},"endInFirst":{"line":15,"column":4,"tokenListIndex":14},"startInSecond":{"line":17,"column":2,"tokenListIndex":34},"endInSecond":{"line":21,"column":2,"tokenListIndex":41},"lengthOfFirst":8,"lengthOfSecond":8}],"firstSimilarity":0.27586206896551724,"secondSimilarity":0.11267605633802817}