{"firstSubmissionId":"OMER_FARUK_GUCER","secondSubmissionId":"ALP_DIKMEN","similarities":{"AVG":0.10666666666666667,"MAX":0.18181818181818182,"MAXIMUM_LENGTH":109.0,"LONGEST_MATCH":8.0},"matches":[{"firstFileName":"OMER_FARUK_GUCER/StackQuestionsNonMember.tpp","secondFileName":"ALP_DIKMEN/StackQuestionsNonMember.tpp","startInFirst":{"line":12,"column":0,"tokenListIndex":10},"endInFirst":{"line":14,"column":12,"tokenListIndex":17},"startInSecond":{"line":12,"column":0,"tokenListIndex":0},"endInSecond":{"line":16,"column":9,"tokenListIndex":7},"lengthOfFirst":8,"lengthOfSecond":8}],"firstSimilarity":0.18181818181818182,"secondSimilarity":0.07547169811320754}