{"firstSubmissionId":"OMER_FARUK_GUCER","secondSubmissionId":"CEYDA_SENAY","similarities":{"AVG":0.12,"MAX":0.13636363636363635,"MAXIMUM_LENGTH":59.0,"LONGEST_MATCH":6.0},"matches":[{"firstFileName":"OMER_FARUK_GUCER/StackQuestionsNonMember.tpp","secondFileName":"CEYDA_SENAY/StackQuestionsNonMember.tpp","startInFirst":{"line":16,"column":8,"tokenListIndex":21},"endInFirst":{"line":22,"column":8,"tokenListIndex":26},"startInSecond":{"line":16,"column":16,"tokenListIndex":8},"endInSecond":{"line":21,"column":8,"tokenListIndex":13},"lengthOfFirst":6,"lengthOfSecond":6}],"firstSimilarity":0.13636363636363635,"secondSimilarity":0.10714285714285714}