{"firstSubmissionId":"OMER_FARUK_GUCER","secondSubmissionId":"AHMET_ZEKI_IHTIYAROGLU","similarities":{"AVG":0.183206106870229,"MAX":0.2727272727272727,"MAXIMUM_LENGTH":89.0,"LONGEST_MATCH":6.0},"matches":[{"firstFileName":"OMER_FARUK_GUCER/StackQuestionsNonMember.tpp","secondFileName":"AHMET_ZEKI_IHTIYAROGLU/StackQuestionsNonMember.tpp","startInFirst":{"line":12,"column":0,"tokenListIndex":10},"endInFirst":{"line":13,"column":8,"tokenListIndex":15},"startInSecond":{"line":12,"column":0,"tokenListIndex":0},"endInSecond":{"line":13,"column":6,"tokenListIndex":5},"lengthOfFirst":6,"lengthOfSecond":6},{"firstFileName":"OMER_FARUK_GUCER/StackQuestionsNonMember.tpp","secondFileName":"AHMET_ZEKI_IHTIYAROGLU/StackQuestionsNonMember.tpp","startInFirst":{"line":16,"column":8,"tokenListIndex":21},"endInFirst":{"line":22,"column":8,"tokenListIndex":26},"startInSecond":{"line":18,"column":18,"tokenListIndex":16},"endInSecond":{"line":24,"column":12,"tokenListIndex":21},"lengthOfFirst":6,"lengthOfSecond":6}],"firstSimilarity":0.2727272727272727,"secondSimilarity":0.13793103448275862}