{"firstSubmissionId":"OMER_FARUK_GUCER","secondSubmissionId":"DENIZ_KAYRA_AYDIN","similarities":{"AVG":0.10619469026548672,"MAX":0.13636363636363635,"MAXIMUM_LENGTH":71.0,"LONGEST_MATCH":6.0},"matches":[{"firstFileName":"OMER_FARUK_GUCER/StackQuestionsNonMember.tpp","secondFileName":"DENIZ_KAYRA_AYDIN/StackQuestionsNonMember.tpp","startInFirst":{"line":12,"column":0,"tokenListIndex":10},"endInFirst":{"line":13,"column":8,"tokenListIndex":15},"startInSecond":{"line":12,"column":0,"tokenListIndex":44},"endInSecond":{"line":14,"column":9,"tokenListIndex":49},"lengthOfFirst":6,"lengthOfSecond":6}],"firstSimilarity":0.13636363636363635,"secondSimilarity":0.08695652173913043}