{"firstSubmissionId":"OMER_FARUK_GUCER","secondSubmissionId":"EDHEM_TATAR","similarities":{"AVG":0.07734806629834254,"MAX":0.1590909090909091,"MAXIMUM_LENGTH":140.0,"LONGEST_MATCH":7.0},"matches":[{"firstFileName":"OMER_FARUK_GUCER/StackQuestionsNonMember.tpp","secondFileName":"EDHEM_TATAR/StackQuestionsNonMember.tpp","startInFirst":{"line":13,"column":4,"tokenListIndex":14},"endInFirst":{"line":15,"column":18,"tokenListIndex":20},"startInSecond":{"line":24,"column":2,"tokenListIndex":80},"endInSecond":{"line":27,"column":14,"tokenListIndex":86},"lengthOfFirst":7,"lengthOfSecond":7}],"firstSimilarity":0.1590909090909091,"secondSimilarity":0.051094890510948905}