{"firstSubmissionId":"OMER_FARUK_GUCER","secondSubmissionId":"ISMAIL_EFE_YALCINKAYA","similarities":{"AVG":0.1188118811881188,"MAX":0.13636363636363635,"MAXIMUM_LENGTH":59.0,"LONGEST_MATCH":6.0},"matches":[{"firstFileName":"OMER_FARUK_GUCER/StackQuestionsNonMember.tpp","secondFileName":"ISMAIL_EFE_YALCINKAYA/StackQuestionsNonMember.tpp","startInFirst":{"line":16,"column":8,"tokenListIndex":21},"endInFirst":{"line":22,"column":8,"tokenListIndex":26},"startInSecond":{"line":23,"column":16,"tokenListIndex":17},"endInSecond":{"line":28,"column":8,"tokenListIndex":22},"lengthOfFirst":6,"lengthOfSecond":6}],"firstSimilarity":0.13636363636363635,"secondSimilarity":0.10526315789473684}