{"firstSubmissionId":"OMER_FARUK_GUCER","secondSubmissionId":"AYSE_ALKAN","similarities":{"AVG":0.09302325581395349,"MAX":0.13636363636363635,"MAXIMUM_LENGTH":87.0,"LONGEST_MATCH":6.0},"matches":[{"firstFileName":"OMER_FARUK_GUCER/StackQuestionsMember.tpp","secondFileName":"AYSE_ALKAN/StackQuestionsMember.tpp","startInFirst":{"line":11,"column":15,"tokenListIndex":36},"endInFirst":{"line":15,"column":4,"tokenListIndex":41},"startInSecond":{"line":12,"column":10,"tokenListIndex":42},"endInSecond":{"line":18,"column":2,"tokenListIndex":47},"lengthOfFirst":6,"lengthOfSecond":6}],"firstSimilarity":0.13636363636363635,"secondSimilarity":0.07058823529411765}