{"firstSubmissionId":"OMER_FARUK_GUCER","secondSubmissionId":"EMRE_ERGUL","similarities":{"AVG":0.13333333333333333,"MAX":0.18181818181818182,"MAXIMUM_LENGTH":79.0,"LONGEST_MATCH":8.0},"matches":[{"firstFileName":"OMER_FARUK_GUCER/StackQuestionsNonMember.tpp","secondFileName":"EMRE_ERGUL/StackQuestionsNonMember.tpp","startInFirst":{"line":12,"column":0,"tokenListIndex":10},"endInFirst":{"line":14,"column":12,"tokenListIndex":17},"startInSecond":{"line":12,"column":0,"tokenListIndex":57},"endInSecond":{"line":14,"column":10,"tokenListIndex":64},"lengthOfFirst":8,"lengthOfSecond":8}],"firstSimilarity":0.18181818181818182,"secondSimilarity":0.10526315789473684}