{"firstSubmissionId":"OMER_FARUK_GUCER","secondSubmissionId":"IRMAK_ZEHRA_EMRI","similarities":{"AVG":0.11504424778761062,"MAX":0.29545454545454547,"MAXIMUM_LENGTH":185.0,"LONGEST_MATCH":7.0},"matches":[{"firstFileName":"OMER_FARUK_GUCER/StackQuestionsNonMember.cpp","secondFileName":"IRMAK_ZEHRA_EMRI/main.cpp","startInFirst":{"line":12,"column":0,"tokenListIndex":0},"endInFirst":{"line":13,"column":36,"tokenListIndex":6},"startInSecond":{"line":53,"column":22,"tokenListIndex":19},"endInSecond":{"line":55,"column":37,"tokenListIndex":25},"lengthOfFirst":7,"lengthOfSecond":7},{"firstFileName":"OMER_FARUK_GUCER/StackQuestionsNonMember.tpp","secondFileName":"IRMAK_ZEHRA_EMRI/StackQuestionsNonMember.tpp","startInFirst":{"line":12,"column":0,"tokenListIndex":10},"endInFirst":{"line":13,"column":8,"tokenListIndex":15},"startInSecond":{"line":12,"column":0,"tokenListIndex":149},"endInSecond":{"line":15,"column":14,"tokenListIndex":154},"lengthOfFirst":6,"lengthOfSecond":6}],"firstSimilarity":0.29545454545454547,"secondSimilarity":0.07142857142857142}