{"firstSubmissionId":"OMER_FARUK_GUCER","secondSubmissionId":"BORA_ERDEM_ALAN","similarities":{"AVG":0.14414414414414414,"MAX":0.18181818181818182,"MAXIMUM_LENGTH":69.0,"LONGEST_MATCH":8.0},"matches":[{"firstFileName":"OMER_FARUK_GUCER/StackQuestionsNonMember.tpp","secondFileName":"BORA_ERDEM_ALAN/StackQuestionsNonMember.tpp","startInFirst":{"line":12,"column":0,"tokenListIndex":10},"endInFirst":{"line":14,"column":12,"tokenListIndex":17},"startInSecond":{"line":12,"column":0,"tokenListIndex":47},"endInSecond":{"line":15,"column":9,"tokenListIndex":54},"lengthOfFirst":8,"lengthOfSecond":8}],"firstSimilarity":0.18181818181818182,"secondSimilarity":0.11940298507462686}