{"firstSubmissionId":"OMER_FARUK_GUCER","secondSubmissionId":"SERHAT_YUNUSEMRE_KALPAKLI","similarities":{"AVG":0.18666666666666668,"MAX":0.3181818181818182,"MAXIMUM_LENGTH":109.0,"LONGEST_MATCH":8.0},"matches":[{"firstFileName":"OMER_FARUK_GUCER/StackQuestionsNonMember.tpp","secondFileName":"SERHAT_YUNUSEMRE_KALPAKLI/StackQuestionsNonMember.tpp","startInFirst":{"line":12,"column":0,"tokenListIndex":10},"endInFirst":{"line":14,"column":12,"tokenListIndex":17},"startInSecond":{"line":12,"column":0,"tokenListIndex":50},"endInSecond":{"line":14,"column":9,"tokenListIndex":57},"lengthOfFirst":8,"lengthOfSecond":8},{"firstFileName":"OMER_FARUK_GUCER/StackQuestionsNonMember.cpp","secondFileName":"SERHAT_YUNUSEMRE_KALPAKLI/StackQuestionsMember.tpp","startInFirst":{"line":12,"column":25,"tokenListIndex":1},"endInFirst":{"line":13,"column":36,"tokenListIndex":6},"startInSecond":{"line":26,"column":4,"tokenListIndex":23},"endInSecond":{"line":28,"column":33,"tokenListIndex":28},"lengthOfFirst":6,"lengthOfSecond":6}],"firstSimilarity":0.3181818181818182,"secondSimilarity":0.1320754716981132}