{"firstSubmissionId":"OMER_FARUK_GUCER","secondSubmissionId":"YUSUF_ISA_ZERENUZ","similarities":{"AVG":0.13333333333333333,"MAX":0.18181818181818182,"MAXIMUM_LENGTH":78.0,"LONGEST_MATCH":8.0},"matches":[{"firstFileName":"OMER_FARUK_GUCER/StackQuestionsNonMember.tpp","secondFileName":"YUSUF_ISA_ZERENUZ/StackQuestionsNonMember.tpp","startInFirst":{"line":12,"column":0,"tokenListIndex":10},"endInFirst":{"line":14,"column":12,"tokenListIndex":17},"startInSecond":{"line":12,"column":0,"tokenListIndex":0},"endInSecond":{"line":14,"column":9,"tokenListIndex":7},"lengthOfFirst":8,"lengthOfSecond":8}],"firstSimilarity":0.18181818181818182,"secondSimilarity":0.10526315789473684}