{"firstSubmissionId":"SERHAT_YUNUSEMRE_KALPAKLI","secondSubmissionId":"IRMAK_ZEHRA_EMRI","similarities":{"AVG":0.18055555555555555,"MAX":0.24528301886792453,"MAXIMUM_LENGTH":185.0,"LONGEST_MATCH":7.0},"matches":[{"firstFileName":"SERHAT_YUNUSEMRE_KALPAKLI/StackQuestionsMember.tpp","secondFileName":"IRMAK_ZEHRA_EMRI/main.cpp","startInFirst":{"line":12,"column":6,"tokenListIndex":8},"endInFirst":{"line":15,"column":4,"tokenListIndex":14},"startInSecond":{"line":194,"column":2,"tokenListIndex":133},"endInSecond":{"line":197,"column":2,"tokenListIndex":139},"lengthOfFirst":7,"lengthOfSecond":7},{"firstFileName":"SERHAT_YUNUSEMRE_KALPAKLI/StackQuestionsNonMember.cpp","secondFileName":"IRMAK_ZEHRA_EMRI/main.cpp","startInFirst":{"line":14,"column":0,"tokenListIndex":76},"endInFirst":{"line":17,"column":1,"tokenListIndex":82},"startInSecond":{"line":53,"column":39,"tokenListIndex":20},"endInSecond":{"line":57,"column":4,"tokenListIndex":26},"lengthOfFirst":7,"lengthOfSecond":7},{"firstFileName":"SERHAT_YUNUSEMRE_KALPAKLI/StackQuestionsNonMember.tpp","secondFileName":"IRMAK_ZEHRA_EMRI/StackQuestionsNonMember.tpp","startInFirst":{"line":12,"column":0,"tokenListIndex":50},"endInFirst":{"line":13,"column":9,"tokenListIndex":55},"startInSecond":{"line":12,"column":0,"tokenListIndex":149},"endInSecond":{"line":15,"column":14,"tokenListIndex":154},"lengthOfFirst":6,"lengthOfSecond":6},{"firstFileName":"SERHAT_YUNUSEMRE_KALPAKLI/StackQuestionsNonMember.tpp","secondFileName":"IRMAK_ZEHRA_EMRI/StackQuestionsNonMember.tpp","startInFirst":{"line":14,"column":2,"tokenListIndex":56},"endInFirst":{"line":16,"column":4,"tokenListIndex":61},"startInSecond":{"line":17,"column":4,"tokenListIndex":158},"endInSecond":{"line":19,"column":16,"tokenListIndex":163},"lengthOfFirst":6,"lengthOfSecond":6}],"firstSimilarity":0.24528301886792453,"secondSimilarity":0.14285714285714285}