{"firstSubmissionId":"TEMMUZ_AKYOL","secondSubmissionId":"YUSUF_ERDEM_ALTINSOY","similarities":{"AVG":0.09740259740259741,"MAX":0.2112676056338028,"MAXIMUM_LENGTH":246.0,"LONGEST_MATCH":8.0},"matches":[{"firstFileName":"TEMMUZ_AKYOL/StackQuestionsMember.tpp","secondFileName":"YUSUF_ERDEM_ALTINSOY/Stack.tpp","startInFirst":{"line":25,"column":0,"tokenListIndex":44},"endInFirst":{"line":35,"column":2,"tokenListIndex":51},"startInSecond":{"line":216,"column":0,"tokenListIndex":194},"endInSecond":{"line":229,"column":2,"tokenListIndex":201},"lengthOfFirst":8,"lengthOfSecond":8},{"firstFileName":"TEMMUZ_AKYOL/StackQuestionsMember.tpp","secondFileName":"YUSUF_ERDEM_ALTINSOY/Stack.tpp","startInFirst":{"line":9,"column":0,"tokenListIndex":22},"endInFirst":{"line":13,"column":2,"tokenListIndex":28},"startInSecond":{"line":75,"column":0,"tokenListIndex":48},"endInSecond":{"line":78,"column":2,"tokenListIndex":54},"lengthOfFirst":7,"lengthOfSecond":7}],"firstSimilarity":0.2112676056338028,"secondSimilarity":0.06329113924050633}