{"firstSubmissionId":"TEMMUZ_AKYOL","secondSubmissionId":"IRMAK_ZEHRA_EMRI","similarities":{"AVG":0.18972332015810275,"MAX":0.3380281690140845,"MAXIMUM_LENGTH":185.0,"LONGEST_MATCH":6.0},"matches":[{"firstFileName":"TEMMUZ_AKYOL/StackQuestionsNonMember.tpp","secondFileName":"IRMAK_ZEHRA_EMRI/StackQuestionsNonMember.tpp","startInFirst":{"line":12,"column":0,"tokenListIndex":0},"endInFirst":{"line":14,"column":6,"tokenListIndex":5},"startInSecond":{"line":12,"column":0,"tokenListIndex":149},"endInSecond":{"line":15,"column":14,"tokenListIndex":154},"lengthOfFirst":6,"lengthOfSecond":6},{"firstFileName":"TEMMUZ_AKYOL/StackQuestionsNonMember.tpp","secondFileName":"IRMAK_ZEHRA_EMRI/StackQuestionsNonMember.tpp","startInFirst":{"line":15,"column":2,"tokenListIndex":6},"endInFirst":{"line":19,"column":8,"tokenListIndex":11},"startInSecond":{"line":17,"column":4,"tokenListIndex":158},"endInSecond":{"line":19,"column":16,"tokenListIndex":163},"lengthOfFirst":6,"lengthOfSecond":6},{"firstFileName":"TEMMUZ_AKYOL/StackQuestionsMember.tpp","secondFileName":"IRMAK_ZEHRA_EMRI/main.cpp","startInFirst":{"line":11,"column":2,"tokenListIndex":24},"endInFirst":{"line":15,"column":2,"tokenListIndex":29},"startInSecond":{"line":68,"column":2,"tokenListIndex":37},"endInSecond":{"line":72,"column":2,"tokenListIndex":42},"lengthOfFirst":6,"lengthOfSecond":6},{"firstFileName":"TEMMUZ_AKYOL/StackQuestionsMember.tpp","secondFileName":"IRMAK_ZEHRA_EMRI/main.cpp","startInFirst":{"line":19,"column":2,"tokenListIndex":36},"endInFirst":{"line":21,"column":2,"tokenListIndex":41},"startInSecond":{"line":195,"column":2,"tokenListIndex":134},"endInSecond":{"line":197,"column":2,"tokenListIndex":139},"lengthOfFirst":6,"lengthOfSecond":6}],"firstSimilarity":0.3380281690140845,"secondSimilarity":0.13186813186813187}