{"firstSubmissionId":"TEMMUZ_AKYOL","secondSubmissionId":"ILAY_FATMA_YAVUZ","similarities":{"AVG":0.12531328320802004,"MAX":0.352112676056338,"MAXIMUM_LENGTH":332.0,"LONGEST_MATCH":17.0},"matches":[{"firstFileName":"TEMMUZ_AKYOL/StackQuestionsMember.tpp","secondFileName":"ILAY_FATMA_YAVUZ/Stack.tpp","startInFirst":{"line":9,"column":22,"tokenListIndex":23},"endInFirst":{"line":19,"column":27,"tokenListIndex":39},"startInSecond":{"line":36,"column":0,"tokenListIndex":73},"endInSecond":{"line":46,"column":38,"tokenListIndex":89},"lengthOfFirst":17,"lengthOfSecond":17},{"firstFileName":"TEMMUZ_AKYOL/StackQuestionsMember.tpp","secondFileName":"ILAY_FATMA_YAVUZ/Stack.tpp","startInFirst":{"line":25,"column":0,"tokenListIndex":44},"endInFirst":{"line":35,"column":2,"tokenListIndex":51},"startInSecond":{"line":248,"column":0,"tokenListIndex":276},"endInSecond":{"line":261,"column":2,"tokenListIndex":283},"lengthOfFirst":8,"lengthOfSecond":8}],"firstSimilarity":0.352112676056338,"secondSimilarity":0.07621951219512195}