{"firstSubmissionId":"TEMMUZ_AKYOL","secondSubmissionId":"SERHAT_YUNUSEMRE_KALPAKLI","similarities":{"AVG":0.327683615819209,"MAX":0.4084507042253521,"MAXIMUM_LENGTH":109.0,"LONGEST_MATCH":21.0},"matches":[{"firstFileName":"TEMMUZ_AKYOL/StackQuestionsNonMember.tpp","secondFileName":"SERHAT_YUNUSEMRE_KALPAKLI/StackQuestionsNonMember.tpp","startInFirst":{"line":12,"column":0,"tokenListIndex":0},"endInFirst":{"line":34,"column":0,"tokenListIndex":20},"startInSecond":{"line":12,"column":0,"tokenListIndex":50},"endInSecond":{"line":25,"column":0,"tokenListIndex":70},"lengthOfFirst":21,"lengthOfSecond":21},{"firstFileName":"TEMMUZ_AKYOL/StackQuestionsMember.tpp","secondFileName":"SERHAT_YUNUSEMRE_KALPAKLI/StackQuestionsMember.tpp","startInFirst":{"line":19,"column":2,"tokenListIndex":36},"endInFirst":{"line":23,"column":9,"tokenListIndex":43},"startInSecond":{"line":13,"column":4,"tokenListIndex":9},"endInSecond":{"line":16,"column":11,"tokenListIndex":16},"lengthOfFirst":8,"lengthOfSecond":8}],"firstSimilarity":0.4084507042253521,"secondSimilarity":0.27358490566037735}