{"firstSubmissionId":"TEMMUZ_AKYOL","secondSubmissionId":"AHMET_ZEKI_IHTIYAROGLU","similarities":{"AVG":0.26582278481012656,"MAX":0.29577464788732394,"MAXIMUM_LENGTH":89.0,"LONGEST_MATCH":9.0},"matches":[{"firstFileName":"TEMMUZ_AKYOL/StackQuestionsMember.tpp","secondFileName":"AHMET_ZEKI_IHTIYAROGLU/StackQuestionsMember.tpp","startInFirst":{"line":17,"column":6,"tokenListIndex":35},"endInFirst":{"line":23,"column":9,"tokenListIndex":43},"startInSecond":{"line":16,"column":8,"tokenListIndex":38},"endInSecond":{"line":20,"column":15,"tokenListIndex":46},"lengthOfFirst":9,"lengthOfSecond":9},{"firstFileName":"TEMMUZ_AKYOL/StackQuestionsNonMember.tpp","secondFileName":"AHMET_ZEKI_IHTIYAROGLU/StackQuestionsNonMember.tpp","startInFirst":{"line":12,"column":0,"tokenListIndex":0},"endInFirst":{"line":14,"column":6,"tokenListIndex":5},"startInSecond":{"line":12,"column":0,"tokenListIndex":0},"endInSecond":{"line":13,"column":6,"tokenListIndex":5},"lengthOfFirst":6,"lengthOfSecond":6},{"firstFileName":"TEMMUZ_AKYOL/StackQuestionsMember.tpp","secondFileName":"AHMET_ZEKI_IHTIYAROGLU/StackQuestionsMember.tpp","startInFirst":{"line":43,"column":4,"tokenListIndex":61},"endInFirst":{"line":47,"column":9,"tokenListIndex":66},"startInSecond":{"line":41,"column":12,"tokenListIndex":69},"endInSecond":{"line":46,"column":11,"tokenListIndex":74},"lengthOfFirst":6,"lengthOfSecond":6}],"firstSimilarity":0.29577464788732394,"secondSimilarity":0.2413793103448276}