{"firstSubmissionId":"TEMMUZ_AKYOL","secondSubmissionId":"EMRE_ERGUL","similarities":{"AVG":0.6530612244897959,"MAX":0.676056338028169,"MAXIMUM_LENGTH":79.0,"LONGEST_MATCH":21.0},"matches":[{"firstFileName":"TEMMUZ_AKYOL/StackQuestionsNonMember.tpp","secondFileName":"EMRE_ERGUL/StackQuestionsNonMember.tpp","startInFirst":{"line":12,"column":0,"tokenListIndex":0},"endInFirst":{"line":34,"column":0,"tokenListIndex":20},"startInSecond":{"line":12,"column":0,"tokenListIndex":57},"endInSecond":{"line":26,"column":0,"tokenListIndex":77},"lengthOfFirst":21,"lengthOfSecond":21},{"firstFileName":"TEMMUZ_AKYOL/StackQuestionsMember.tpp","secondFileName":"EMRE_ERGUL/StackQuestionsMember.tpp","startInFirst":{"line":20,"column":4,"tokenListIndex":40},"endInFirst":{"line":30,"column":22,"tokenListIndex":46},"startInSecond":{"line":31,"column":8,"tokenListIndex":35},"endInSecond":{"line":39,"column":22,"tokenListIndex":41},"lengthOfFirst":7,"lengthOfSecond":7},{"firstFileName":"TEMMUZ_AKYOL/StackQuestionsMember.tpp","secondFileName":"EMRE_ERGUL/StackQuestionsMember.tpp","startInFirst":{"line":35,"column":2,"tokenListIndex":51},"endInFirst":{"line":39,"column":2,"tokenListIndex":57},"startInSecond":{"line":41,"column":4,"tokenListIndex":44},"endInSecond":{"line":45,"column":4,"tokenListIndex":50},"lengthOfFirst":7,"lengthOfSecond":7},{"firstFileName":"TEMMUZ_AKYOL/StackQuestionsMember.tpp","secondFileName":"EMRE_ERGUL/StackQuestionsMember.tpp","startInFirst":{"line":45,"column":2,"tokenListIndex":64},"endInFirst":{"line":50,"column":2,"tokenListIndex":70},"startInSecond":{"line":17,"column":4,"tokenListIndex":13},"endInSecond":{"line":21,"column":4,"tokenListIndex":19},"lengthOfFirst":7,"lengthOfSecond":7},{"firstFileName":"TEMMUZ_AKYOL/StackQuestionsMember.tpp","secondFileName":"EMRE_ERGUL/StackQuestionsMember.tpp","startInFirst":{"line":41,"column":2,"tokenListIndex":58},"endInFirst":{"line":44,"column":4,"tokenListIndex":63},"startInSecond":{"line":11,"column":4,"tokenListIndex":6},"endInSecond":{"line":15,"column":8,"tokenListIndex":11},"lengthOfFirst":6,"lengthOfSecond":6}],"firstSimilarity":0.676056338028169,"secondSimilarity":0.631578947368421}