{"firstSubmissionId":"TEMMUZ_AKYOL","secondSubmissionId":"EDHEM_TATAR","similarities":{"AVG":0.11538461538461539,"MAX":0.16901408450704225,"MAXIMUM_LENGTH":140.0,"LONGEST_MATCH":6.0},"matches":[{"firstFileName":"TEMMUZ_AKYOL/StackQuestionsMember.tpp","secondFileName":"EDHEM_TATAR/StackQuestionsMember.tpp","startInFirst":{"line":17,"column":2,"tokenListIndex":34},"endInFirst":{"line":19,"column":27,"tokenListIndex":39},"startInSecond":{"line":17,"column":4,"tokenListIndex":12},"endInSecond":{"line":19,"column":41,"tokenListIndex":17},"lengthOfFirst":6,"lengthOfSecond":6},{"firstFileName":"TEMMUZ_AKYOL/StackQuestionsMember.tpp","secondFileName":"EDHEM_TATAR/StackQuestionsMember.tpp","startInFirst":{"line":43,"column":4,"tokenListIndex":61},"endInFirst":{"line":47,"column":9,"tokenListIndex":66},"startInSecond":{"line":37,"column":18,"tokenListIndex":35},"endInSecond":{"line":42,"column":9,"tokenListIndex":40},"lengthOfFirst":6,"lengthOfSecond":6}],"firstSimilarity":0.16901408450704225,"secondSimilarity":0.08759124087591241}