{"firstSubmissionId":"TEMMUZ_AKYOL","secondSubmissionId":"YUSUF_ISA_ZERENUZ","similarities":{"AVG":0.38095238095238093,"MAX":0.39436619718309857,"MAXIMUM_LENGTH":78.0,"LONGEST_MATCH":13.0},"matches":[{"firstFileName":"TEMMUZ_AKYOL/StackQuestionsMember.tpp","secondFileName":"YUSUF_ISA_ZERENUZ/StackQuestionsMember.tpp","startInFirst":{"line":41,"column":2,"tokenListIndex":58},"endInFirst":{"line":50,"column":2,"tokenListIndex":70},"startInSecond":{"line":38,"column":4,"tokenListIndex":57},"endInSecond":{"line":47,"column":4,"tokenListIndex":69},"lengthOfFirst":13,"lengthOfSecond":13},{"firstFileName":"TEMMUZ_AKYOL/StackQuestionsNonMember.tpp","secondFileName":"YUSUF_ISA_ZERENUZ/StackQuestionsNonMember.tpp","startInFirst":{"line":12,"column":0,"tokenListIndex":0},"endInFirst":{"line":17,"column":4,"tokenListIndex":8},"startInSecond":{"line":12,"column":0,"tokenListIndex":0},"endInSecond":{"line":15,"column":8,"tokenListIndex":8},"lengthOfFirst":9,"lengthOfSecond":9},{"firstFileName":"TEMMUZ_AKYOL/StackQuestionsMember.tpp","secondFileName":"YUSUF_ISA_ZERENUZ/StackQuestionsMember.tpp","startInFirst":{"line":36,"column":2,"tokenListIndex":52},"endInFirst":{"line":39,"column":2,"tokenListIndex":57},"startInSecond":{"line":48,"column":4,"tokenListIndex":70},"endInSecond":{"line":51,"column":4,"tokenListIndex":75},"lengthOfFirst":6,"lengthOfSecond":6}],"firstSimilarity":0.39436619718309857,"secondSimilarity":0.3684210526315789}