{"firstSubmissionId":"TEMMUZ_AKYOL","secondSubmissionId":"ERDAL_DENIZ_OZBEY","similarities":{"AVG":0.1032258064516129,"MAX":0.11267605633802817,"MAXIMUM_LENGTH":87.0,"LONGEST_MATCH":8.0},"matches":[{"firstFileName":"TEMMUZ_AKYOL/StackQuestionsMember.tpp","secondFileName":"ERDAL_DENIZ_OZBEY/question 1 and 2.tpp","startInFirst":{"line":43,"column":4,"tokenListIndex":61},"endInFirst":{"line":48,"column":15,"tokenListIndex":68},"startInSecond":{"line":28,"column":12,"tokenListIndex":22},"endInSecond":{"line":32,"column":13,"tokenListIndex":29},"lengthOfFirst":8,"lengthOfSecond":8}],"firstSimilarity":0.11267605633802817,"secondSimilarity":0.09523809523809523}