{"firstSubmissionId":"TEMMUZ_AKYOL","secondSubmissionId":"ALP_DIKMEN","similarities":{"AVG":0.4745762711864407,"MAX":0.5915492957746479,"MAXIMUM_LENGTH":109.0,"LONGEST_MATCH":13.0},"matches":[{"firstFileName":"TEMMUZ_AKYOL/StackQuestionsMember.tpp","secondFileName":"ALP_DIKMEN/StackQuestionsMember.tpp","startInFirst":{"line":41,"column":2,"tokenListIndex":58},"endInFirst":{"line":50,"column":2,"tokenListIndex":70},"startInSecond":{"line":30,"column":2,"tokenListIndex":88},"endInSecond":{"line":42,"column":2,"tokenListIndex":100},"lengthOfFirst":13,"lengthOfSecond":13},{"firstFileName":"TEMMUZ_AKYOL/StackQuestionsMember.tpp","secondFileName":"ALP_DIKMEN/StackQuestionsMember.tpp","startInFirst":{"line":17,"column":6,"tokenListIndex":35},"endInFirst":{"line":30,"column":22,"tokenListIndex":46},"startInSecond":{"line":14,"column":2,"tokenListIndex":75},"endInSecond":{"line":27,"column":22,"tokenListIndex":86},"lengthOfFirst":12,"lengthOfSecond":12},{"firstFileName":"TEMMUZ_AKYOL/StackQuestionsNonMember.tpp","secondFileName":"ALP_DIKMEN/StackQuestionsNonMember.tpp","startInFirst":{"line":12,"column":0,"tokenListIndex":0},"endInFirst":{"line":18,"column":20,"tokenListIndex":10},"startInSecond":{"line":12,"column":0,"tokenListIndex":0},"endInSecond":{"line":20,"column":22,"tokenListIndex":10},"lengthOfFirst":11,"lengthOfSecond":11},{"firstFileName":"TEMMUZ_AKYOL/StackQuestionsMember.tpp","secondFileName":"ALP_DIKMEN/StackQuestionsNonMember.cpp","startInFirst":{"line":36,"column":2,"tokenListIndex":52},"endInFirst":{"line":39,"column":2,"tokenListIndex":57},"startInSecond":{"line":42,"column":1,"tokenListIndex":50},"endInSecond":{"line":46,"column":1,"tokenListIndex":55},"lengthOfFirst":6,"lengthOfSecond":6}],"firstSimilarity":0.5915492957746479,"secondSimilarity":0.39622641509433965}