{"firstSubmissionId":"TEMMUZ_AKYOL","secondSubmissionId":"AYSE_ALKAN","similarities":{"AVG":0.34615384615384615,"MAX":0.38028169014084506,"MAXIMUM_LENGTH":87.0,"LONGEST_MATCH":12.0},"matches":[{"firstFileName":"TEMMUZ_AKYOL/StackQuestionsMember.tpp","secondFileName":"AYSE_ALKAN/StackQuestionsNonMember.cpp","startInFirst":{"line":32,"column":2,"tokenListIndex":47},"endInFirst":{"line":41,"column":2,"tokenListIndex":58},"startInSecond":{"line":31,"column":0,"tokenListIndex":17},"endInSecond":{"line":40,"column":0,"tokenListIndex":28},"lengthOfFirst":12,"lengthOfSecond":12},{"firstFileName":"TEMMUZ_AKYOL/StackQuestionsMember.tpp","secondFileName":"AYSE_ALKAN/StackQuestionsMember.tpp","startInFirst":{"line":9,"column":0,"tokenListIndex":22},"endInFirst":{"line":15,"column":11,"tokenListIndex":30},"startInSecond":{"line":9,"column":0,"tokenListIndex":37},"endInSecond":{"line":15,"column":9,"tokenListIndex":45},"lengthOfFirst":9,"lengthOfSecond":9},{"firstFileName":"TEMMUZ_AKYOL/StackQuestionsMember.tpp","secondFileName":"AYSE_ALKAN/StackQuestionsMember.tpp","startInFirst":{"line":42,"column":2,"tokenListIndex":59},"endInFirst":{"line":45,"column":2,"tokenListIndex":64},"startInSecond":{"line":21,"column":2,"tokenListIndex":50},"endInSecond":{"line":24,"column":2,"tokenListIndex":55},"lengthOfFirst":6,"lengthOfSecond":6}],"firstSimilarity":0.38028169014084506,"secondSimilarity":0.3176470588235294}