{"firstSubmissionId":"YUSUF_ISA_ZERENUZ","secondSubmissionId":"ALP_DIKMEN","similarities":{"AVG":0.32967032967032966,"MAX":0.39473684210526316,"MAXIMUM_LENGTH":109.0,"LONGEST_MATCH":21.0},"matches":[{"firstFileName":"YUSUF_ISA_ZERENUZ/StackQuestionsMember.tpp","secondFileName":"ALP_DIKMEN/StackQuestionsMember.tpp","startInFirst":{"line":38,"column":4,"tokenListIndex":56},"endInFirst":{"line":52,"column":0,"tokenListIndex":76},"startInSecond":{"line":29,"column":2,"tokenListIndex":87},"endInSecond":{"line":50,"column":0,"tokenListIndex":107},"lengthOfFirst":21,"lengthOfSecond":21},{"firstFileName":"YUSUF_ISA_ZERENUZ/StackQuestionsNonMember.tpp","secondFileName":"ALP_DIKMEN/StackQuestionsNonMember.tpp","startInFirst":{"line":12,"column":0,"tokenListIndex":0},"endInFirst":{"line":15,"column":8,"tokenListIndex":8},"startInSecond":{"line":12,"column":0,"tokenListIndex":0},"endInSecond":{"line":18,"column":6,"tokenListIndex":8},"lengthOfFirst":9,"lengthOfSecond":9}],"firstSimilarity":0.39473684210526316,"secondSimilarity":0.2830188679245283}