{"firstSubmissionId":"YUSUF_ERDEM_ALTINSOY","secondSubmissionId":"ILAY_FATMA_YAVUZ","similarities":{"AVG":0.8283185840707965,"MAX":0.9873417721518988,"MAXIMUM_LENGTH":332.0,"LONGEST_MATCH":228.0},"matches":[{"firstFileName":"YUSUF_ERDEM_ALTINSOY/Stack.tpp","secondFileName":"ILAY_FATMA_YAVUZ/Stack.tpp","startInFirst":{"line":20,"column":0,"tokenListIndex":13},"endInFirst":{"line":276,"column":0,"tokenListIndex":240},"startInSecond":{"line":51,"column":0,"tokenListIndex":95},"endInSecond":{"line":308,"column":0,"tokenListIndex":322},"lengthOfFirst":228,"lengthOfSecond":228},{"firstFileName":"YUSUF_ERDEM_ALTINSOY/Stack.tpp","secondFileName":"ILAY_FATMA_YAVUZ/Stack.tpp","startInFirst":{"line":13,"column":0,"tokenListIndex":7},"endInFirst":{"line":19,"column":2,"tokenListIndex":12},"startInSecond":{"line":13,"column":0,"tokenListIndex":45},"endInSecond":{"line":19,"column":2,"tokenListIndex":50},"lengthOfFirst":6,"lengthOfSecond":6}],"firstSimilarity":0.9873417721518988,"secondSimilarity":0.7134146341463414}