{"firstSubmissionId":"YUSUF_ISA_ZERENUZ","secondSubmissionId":"ERDAL_DENIZ_OZBEY","similarities":{"AVG":0.1,"MAX":0.10526315789473684,"MAXIMUM_LENGTH":87.0,"LONGEST_MATCH":8.0},"matches":[{"firstFileName":"YUSUF_ISA_ZERENUZ/StackQuestionsMember.tpp","secondFileName":"ERDAL_DENIZ_OZBEY/question 1 and 2.tpp","startInFirst":{"line":41,"column":8,"tokenListIndex":60},"endInFirst":{"line":45,"column":19,"tokenListIndex":67},"startInSecond":{"line":28,"column":12,"tokenListIndex":22},"endInSecond":{"line":32,"column":13,"tokenListIndex":29},"lengthOfFirst":8,"lengthOfSecond":8}],"firstSimilarity":0.10526315789473684,"secondSimilarity":0.09523809523809523}