{"firstSubmissionId":"YUSUF_ISA_ZERENUZ","secondSubmissionId":"SERHAT_YUNUSEMRE_KALPAKLI","similarities":{"AVG":0.0989010989010989,"MAX":0.11842105263157894,"MAXIMUM_LENGTH":109.0,"LONGEST_MATCH":9.0},"matches":[{"firstFileName":"YUSUF_ISA_ZERENUZ/StackQuestionsNonMember.tpp","secondFileName":"SERHAT_YUNUSEMRE_KALPAKLI/StackQuestionsNonMember.tpp","startInFirst":{"line":12,"column":0,"tokenListIndex":0},"endInFirst":{"line":15,"column":8,"tokenListIndex":8},"startInSecond":{"line":12,"column":0,"tokenListIndex":50},"endInSecond":{"line":15,"column":4,"tokenListIndex":58},"lengthOfFirst":9,"lengthOfSecond":9}],"firstSimilarity":0.11842105263157894,"secondSimilarity":0.08490566037735849}