{"firstSubmissionId":"YUSUF_ISA_ZERENUZ","secondSubmissionId":"AHMET_ZEKI_IHTIYAROGLU","similarities":{"AVG":0.22085889570552147,"MAX":0.23684210526315788,"MAXIMUM_LENGTH":89.0,"LONGEST_MATCH":6.0},"matches":[{"firstFileName":"YUSUF_ISA_ZERENUZ/StackQuestionsNonMember.tpp","secondFileName":"AHMET_ZEKI_IHTIYAROGLU/StackQuestionsNonMember.tpp","startInFirst":{"line":12,"column":0,"tokenListIndex":0},"endInFirst":{"line":13,"column":6,"tokenListIndex":5},"startInSecond":{"line":12,"column":0,"tokenListIndex":0},"endInSecond":{"line":13,"column":6,"tokenListIndex":5},"lengthOfFirst":6,"lengthOfSecond":6},{"firstFileName":"YUSUF_ISA_ZERENUZ/StackQuestionsMember.tpp","secondFileName":"AHMET_ZEKI_IHTIYAROGLU/StackQuestionsMember.tpp","startInFirst":{"line":41,"column":8,"tokenListIndex":60},"endInFirst":{"line":44,"column":11,"tokenListIndex":65},"startInSecond":{"line":41,"column":12,"tokenListIndex":69},"endInSecond":{"line":46,"column":11,"tokenListIndex":74},"lengthOfFirst":6,"lengthOfSecond":6},{"firstFileName":"YUSUF_ISA_ZERENUZ/StackQuestionsMember.tpp","secondFileName":"AHMET_ZEKI_IHTIYAROGLU/StackQuestionsMember.tpp","startInFirst":{"line":45,"column":8,"tokenListIndex":66},"endInFirst":{"line":48,"column":11,"tokenListIndex":71},"startInSecond":{"line":47,"column":12,"tokenListIndex":76},"endInSecond":{"line":52,"column":11,"tokenListIndex":81},"lengthOfFirst":6,"lengthOfSecond":6}],"firstSimilarity":0.23684210526315788,"secondSimilarity":0.20689655172413793}