{"firstSubmissionId":"YUSUF_ISA_ZERENUZ","secondSubmissionId":"YUSUF_ERDEM_ALTINSOY","similarities":{"AVG":0.07667731629392971,"MAX":0.15789473684210525,"MAXIMUM_LENGTH":246.0,"LONGEST_MATCH":6.0},"matches":[{"firstFileName":"YUSUF_ISA_ZERENUZ/StackQuestionsMember.tpp","secondFileName":"YUSUF_ERDEM_ALTINSOY/Stack.tpp","startInFirst":{"line":11,"column":4,"tokenListIndex":26},"endInFirst":{"line":13,"column":8,"tokenListIndex":31},"startInSecond":{"line":188,"column":2,"tokenListIndex":164},"endInSecond":{"line":192,"column":7,"tokenListIndex":169},"lengthOfFirst":6,"lengthOfSecond":6},{"firstFileName":"YUSUF_ISA_ZERENUZ/StackQuestionsMember.tpp","secondFileName":"YUSUF_ERDEM_ALTINSOY/Stack.tpp","startInFirst":{"line":29,"column":12,"tokenListIndex":49},"endInFirst":{"line":37,"column":4,"tokenListIndex":54},"startInSecond":{"line":36,"column":4,"tokenListIndex":22},"endInSecond":{"line":42,"column":52,"tokenListIndex":27},"lengthOfFirst":6,"lengthOfSecond":6}],"firstSimilarity":0.15789473684210525,"secondSimilarity":0.05063291139240506}