{"firstSubmissionId":"YUSUF_ISA_ZERENUZ","secondSubmissionId":"EMRE_ERGUL","similarities":{"AVG":0.3026315789473684,"MAX":0.3026315789473684,"MAXIMUM_LENGTH":79.0,"LONGEST_MATCH":9.0},"matches":[{"firstFileName":"YUSUF_ISA_ZERENUZ/StackQuestionsNonMember.tpp","secondFileName":"EMRE_ERGUL/StackQuestionsNonMember.tpp","startInFirst":{"line":12,"column":0,"tokenListIndex":0},"endInFirst":{"line":15,"column":8,"tokenListIndex":8},"startInSecond":{"line":12,"column":0,"tokenListIndex":57},"endInSecond":{"line":15,"column":8,"tokenListIndex":65},"lengthOfFirst":9,"lengthOfSecond":9},{"firstFileName":"YUSUF_ISA_ZERENUZ/StackQuestionsMember.tpp","secondFileName":"EMRE_ERGUL/StackQuestionsMember.tpp","startInFirst":{"line":38,"column":4,"tokenListIndex":57},"endInFirst":{"line":43,"column":4,"tokenListIndex":63},"startInSecond":{"line":41,"column":4,"tokenListIndex":44},"endInSecond":{"line":45,"column":4,"tokenListIndex":50},"lengthOfFirst":7,"lengthOfSecond":7},{"firstFileName":"YUSUF_ISA_ZERENUZ/StackQuestionsMember.tpp","secondFileName":"EMRE_ERGUL/StackQuestionsMember.tpp","startInFirst":{"line":47,"column":4,"tokenListIndex":69},"endInFirst":{"line":51,"column":4,"tokenListIndex":75},"startInSecond":{"line":17,"column":4,"tokenListIndex":13},"endInSecond":{"line":21,"column":4,"tokenListIndex":19},"lengthOfFirst":7,"lengthOfSecond":7}],"firstSimilarity":0.3026315789473684,"secondSimilarity":0.3026315789473684}