{"firstSubmissionId":"YUSUF_ISA_ZERENUZ","secondSubmissionId":"ILAY_FATMA_YAVUZ","similarities":{"AVG":0.0594059405940594,"MAX":0.15789473684210525,"MAXIMUM_LENGTH":332.0,"LONGEST_MATCH":6.0},"matches":[{"firstFileName":"YUSUF_ISA_ZERENUZ/StackQuestionsMember.tpp","secondFileName":"ILAY_FATMA_YAVUZ/Stack.tpp","startInFirst":{"line":11,"column":4,"tokenListIndex":26},"endInFirst":{"line":13,"column":8,"tokenListIndex":31},"startInSecond":{"line":220,"column":2,"tokenListIndex":246},"endInSecond":{"line":224,"column":7,"tokenListIndex":251},"lengthOfFirst":6,"lengthOfSecond":6},{"firstFileName":"YUSUF_ISA_ZERENUZ/StackQuestionsMember.tpp","secondFileName":"ILAY_FATMA_YAVUZ/Stack.tpp","startInFirst":{"line":29,"column":12,"tokenListIndex":49},"endInFirst":{"line":37,"column":4,"tokenListIndex":54},"startInSecond":{"line":68,"column":4,"tokenListIndex":104},"endInSecond":{"line":74,"column":52,"tokenListIndex":109},"lengthOfFirst":6,"lengthOfSecond":6}],"firstSimilarity":0.15789473684210525,"secondSimilarity":0.036585365853658534}