{"firstSubmissionId":"YUSUF_ISA_ZERENUZ","secondSubmissionId":"IRMAK_ZEHRA_EMRI","similarities":{"AVG":0.046511627906976744,"MAX":0.07894736842105263,"MAXIMUM_LENGTH":185.0,"LONGEST_MATCH":6.0},"matches":[{"firstFileName":"YUSUF_ISA_ZERENUZ/StackQuestionsNonMember.tpp","secondFileName":"IRMAK_ZEHRA_EMRI/StackQuestionsNonMember.tpp","startInFirst":{"line":12,"column":0,"tokenListIndex":0},"endInFirst":{"line":13,"column":6,"tokenListIndex":5},"startInSecond":{"line":12,"column":0,"tokenListIndex":149},"endInSecond":{"line":15,"column":14,"tokenListIndex":154},"lengthOfFirst":6,"lengthOfSecond":6}],"firstSimilarity":0.07894736842105263,"secondSimilarity":0.03296703296703297}