{"firstSubmissionId":"YUSUF_ISA_ZERENUZ","secondSubmissionId":"AYSE_ALKAN","similarities":{"AVG":0.16149068322981366,"MAX":0.17105263157894737,"MAXIMUM_LENGTH":87.0,"LONGEST_MATCH":7.0},"matches":[{"firstFileName":"YUSUF_ISA_ZERENUZ/StackQuestionsMember.tpp","secondFileName":"AYSE_ALKAN/StackQuestionsNonMember.cpp","startInFirst":{"line":38,"column":4,"tokenListIndex":57},"endInFirst":{"line":43,"column":4,"tokenListIndex":63},"startInSecond":{"line":34,"column":0,"tokenListIndex":21},"endInSecond":{"line":39,"column":0,"tokenListIndex":27},"lengthOfFirst":7,"lengthOfSecond":7},{"firstFileName":"YUSUF_ISA_ZERENUZ/StackQuestionsMember.tpp","secondFileName":"AYSE_ALKAN/StackQuestionsMember.tpp","startInFirst":{"line":44,"column":4,"tokenListIndex":64},"endInFirst":{"line":47,"column":4,"tokenListIndex":69},"startInSecond":{"line":21,"column":2,"tokenListIndex":50},"endInSecond":{"line":24,"column":2,"tokenListIndex":55},"lengthOfFirst":6,"lengthOfSecond":6}],"firstSimilarity":0.17105263157894737,"secondSimilarity":0.15294117647058825}