{"firstSubmissionId":"YUSUF_ISA_ZERENUZ","secondSubmissionId":"EDHEM_TATAR","similarities":{"AVG":0.11267605633802817,"MAX":0.15789473684210525,"MAXIMUM_LENGTH":140.0,"LONGEST_MATCH":6.0},"matches":[{"firstFileName":"YUSUF_ISA_ZERENUZ/StackQuestionsMember.tpp","secondFileName":"EDHEM_TATAR/StackQuestionsMember.tpp","startInFirst":{"line":41,"column":8,"tokenListIndex":60},"endInFirst":{"line":44,"column":11,"tokenListIndex":65},"startInSecond":{"line":37,"column":18,"tokenListIndex":35},"endInSecond":{"line":42,"column":9,"tokenListIndex":40},"lengthOfFirst":6,"lengthOfSecond":6},{"firstFileName":"YUSUF_ISA_ZERENUZ/StackQuestionsMember.tpp","secondFileName":"EDHEM_TATAR/StackQuestionsMember.tpp","startInFirst":{"line":45,"column":8,"tokenListIndex":66},"endInFirst":{"line":48,"column":11,"tokenListIndex":71},"startInSecond":{"line":43,"column":18,"tokenListIndex":45},"endInSecond":{"line":48,"column":9,"tokenListIndex":50},"lengthOfFirst":6,"lengthOfSecond":6}],"firstSimilarity":0.15789473684210525,"secondSimilarity":0.08759124087591241}