{"firstSubmissionId":"AGAH_DEMIR_GOK","secondSubmissionId":"CAGATAY_YUREKLI","similarities":{"AVG":0.27040816326530615,"MAX":0.2789473684210526,"MAXIMUM_LENGTH":204.0,"LONGEST_MATCH":14.0},"matches":[{"firstFileName":"AGAH_DEMIR_GOK/StackQuestionsNonMember.tpp","secondFileName":"CAGATAY_YUREKLI/StackQuestionsNonMember.tpp","startInFirst":{"line":68,"column":2,"tokenListIndex":171},"endInFirst":{"line":74,"column":6,"tokenListIndex":184},"startInSecond":{"line":107,"column":4,"tokenListIndex":181},"endInSecond":{"line":115,"column":12,"tokenListIndex":194},"lengthOfFirst":14,"lengthOfSecond":14},{"firstFileName":"AGAH_DEMIR_GOK/StackQuestionsMember.tpp","secondFileName":"CAGATAY_YUREKLI/StackQuestionsNonMember.tpp","startInFirst":{"line":18,"column":2,"tokenListIndex":10},"endInFirst":{"line":23,"column":9,"tokenListIndex":17},"startInSecond":{"line":93,"column":4,"tokenListIndex":165},"endInSecond":{"line":98,"column":8,"tokenListIndex":172},"lengthOfFirst":8,"lengthOfSecond":8},{"firstFileName":"AGAH_DEMIR_GOK/StackQuestionsMember.tpp","secondFileName":"CAGATAY_YUREKLI/StackQuestionsNonMember.tpp","startInFirst":{"line":60,"column":2,"tokenListIndex":67},"endInFirst":{"line":65,"column":2,"tokenListIndex":73},"startInSecond":{"line":86,"column":4,"tokenListIndex":158},"endInSecond":{"line":92,"column":4,"tokenListIndex":164},"lengthOfFirst":7,"lengthOfSecond":7},{"firstFileName":"AGAH_DEMIR_GOK/StackQuestionsNonMember.tpp","secondFileName":"CAGATAY_YUREKLI/StackQuestionsMember.tpp","startInFirst":{"line":20,"column":2,"tokenListIndex":102},"endInFirst":{"line":23,"column":2,"tokenListIndex":107},"startInSecond":{"line":99,"column":1,"tokenListIndex":75},"endInSecond":{"line":103,"column":1,"tokenListIndex":80},"lengthOfFirst":6,"lengthOfSecond":6},{"firstFileName":"AGAH_DEMIR_GOK/StackQuestionsNonMember.tpp","secondFileName":"CAGATAY_YUREKLI/StackQuestionsNonMember.tpp","startInFirst":{"line":31,"column":2,"tokenListIndex":117},"endInFirst":{"line":33,"column":4,"tokenListIndex":122},"startInSecond":{"line":98,"column":12,"tokenListIndex":173},"endInSecond":{"line":102,"column":8,"tokenListIndex":178},"lengthOfFirst":6,"lengthOfSecond":6},{"firstFileName":"AGAH_DEMIR_GOK/StackQuestionsNonMember.tpp","secondFileName":"CAGATAY_YUREKLI/StackQuestionsMember.tpp","startInFirst":{"line":51,"column":2,"tokenListIndex":143},"endInFirst":{"line":54,"column":2,"tokenListIndex":148},"startInSecond":{"line":105,"column":1,"tokenListIndex":81},"endInSecond":{"line":109,"column":1,"tokenListIndex":86},"lengthOfFirst":6,"lengthOfSecond":6},{"firstFileName":"AGAH_DEMIR_GOK/StackQuestionsNonMember.tpp","secondFileName":"CAGATAY_YUREKLI/StackQuestionsNonMember.tpp","startInFirst":{"line":74,"column":20,"tokenListIndex":185},"endInFirst":{"line":80,"column":0,"tokenListIndex":190},"startInSecond":{"line":118,"column":24,"tokenListIndex":197},"endInSecond":{"line":125,"column":0,"tokenListIndex":202},"lengthOfFirst":6,"lengthOfSecond":6}],"firstSimilarity":0.2789473684210526,"secondSimilarity":0.2623762376237624}