{"firstSubmissionId":"AGAH_DEMIR_GOK","secondSubmissionId":"ATAKAN_NAKTURK","similarities":{"AVG":0.3217821782178218,"MAX":0.34210526315789475,"MAXIMUM_LENGTH":216.0,"LONGEST_MATCH":13.0},"matches":[{"firstFileName":"AGAH_DEMIR_GOK/StackQuestionsMember.tpp","secondFileName":"ATAKAN_NAKTURK/StackQuestionsNonMember.tpp","startInFirst":{"line":43,"column":0,"tokenListIndex":43},"endInFirst":{"line":49,"column":28,"tokenListIndex":55},"startInSecond":{"line":11,"column":0,"tokenListIndex":111},"endInSecond":{"line":16,"column":30,"tokenListIndex":123},"lengthOfFirst":13,"lengthOfSecond":13},{"firstFileName":"AGAH_DEMIR_GOK/StackQuestionsNonMember.tpp","secondFileName":"ATAKAN_NAKTURK/StackQuestionsMember.tpp","startInFirst":{"line":28,"column":8,"tokenListIndex":115},"endInFirst":{"line":33,"column":4,"tokenListIndex":122},"startInSecond":{"line":19,"column":2,"tokenListIndex":16},"endInSecond":{"line":23,"column":4,"tokenListIndex":23},"lengthOfFirst":8,"lengthOfSecond":8},{"firstFileName":"AGAH_DEMIR_GOK/StackQuestionsNonMember.tpp","secondFileName":"ATAKAN_NAKTURK/StackQuestionsMember.tpp","startInFirst":{"line":11,"column":0,"tokenListIndex":89},"endInFirst":{"line":13,"column":2,"tokenListIndex":95},"startInSecond":{"line":60,"column":0,"tokenListIndex":55},"endInSecond":{"line":62,"column":4,"tokenListIndex":61},"lengthOfFirst":7,"lengthOfSecond":7},{"firstFileName":"AGAH_DEMIR_GOK/StackQuestionsNonMember.tpp","secondFileName":"ATAKAN_NAKTURK/StackQuestionsNonMember.tpp","startInFirst":{"line":70,"column":4,"tokenListIndex":177},"endInFirst":{"line":73,"column":9,"tokenListIndex":183},"startInSecond":{"line":77,"column":8,"tokenListIndex":195},"endInSecond":{"line":80,"column":12,"tokenListIndex":201},"lengthOfFirst":7,"lengthOfSecond":7},{"firstFileName":"AGAH_DEMIR_GOK/StackQuestionsMember.tpp","secondFileName":"ATAKAN_NAKTURK/StackQuestionsMember.tpp","startInFirst":{"line":18,"column":2,"tokenListIndex":10},"endInFirst":{"line":21,"column":2,"tokenListIndex":15},"startInSecond":{"line":89,"column":4,"tokenListIndex":91},"endInSecond":{"line":93,"column":4,"tokenListIndex":96},"lengthOfFirst":6,"lengthOfSecond":6},{"firstFileName":"AGAH_DEMIR_GOK/StackQuestionsMember.tpp","secondFileName":"ATAKAN_NAKTURK/StackQuestionsMember.tpp","startInFirst":{"line":23,"column":2,"tokenListIndex":16},"endInFirst":{"line":25,"column":10,"tokenListIndex":21},"startInSecond":{"line":16,"column":2,"tokenListIndex":10},"endInSecond":{"line":18,"column":7,"tokenListIndex":15},"lengthOfFirst":6,"lengthOfSecond":6},{"firstFileName":"AGAH_DEMIR_GOK/StackQuestionsMember.tpp","secondFileName":"ATAKAN_NAKTURK/StackQuestionsMember.tpp","startInFirst":{"line":60,"column":2,"tokenListIndex":67},"endInFirst":{"line":63,"column":2,"tokenListIndex":72},"startInSecond":{"line":94,"column":4,"tokenListIndex":97},"endInSecond":{"line":98,"column":4,"tokenListIndex":102},"lengthOfFirst":6,"lengthOfSecond":6},{"firstFileName":"AGAH_DEMIR_GOK/StackQuestionsNonMember.tpp","secondFileName":"ATAKAN_NAKTURK/StackQuestionsMember.tpp","startInFirst":{"line":20,"column":2,"tokenListIndex":102},"endInFirst":{"line":23,"column":2,"tokenListIndex":107},"startInSecond":{"line":99,"column":4,"tokenListIndex":103},"endInSecond":{"line":103,"column":4,"tokenListIndex":108},"lengthOfFirst":6,"lengthOfSecond":6},{"firstFileName":"AGAH_DEMIR_GOK/StackQuestionsNonMember.tpp","secondFileName":"ATAKAN_NAKTURK/StackQuestionsNonMember.tpp","startInFirst":{"line":51,"column":2,"tokenListIndex":143},"endInFirst":{"line":54,"column":2,"tokenListIndex":148},"startInSecond":{"line":34,"column":4,"tokenListIndex":148},"endInSecond":{"line":38,"column":4,"tokenListIndex":153},"lengthOfFirst":6,"lengthOfSecond":6}],"firstSimilarity":0.34210526315789475,"secondSimilarity":0.3037383177570093}