{"firstSubmissionId":"ALI_OZUER","secondSubmissionId":"UMUT_ERTUGRUL_DASGIN","similarities":{"AVG":0.20625,"MAX":0.20754716981132076,"MAXIMUM_LENGTH":163.0,"LONGEST_MATCH":13.0},"matches":[{"firstFileName":"ALI_OZUER/StackQuestionsMember.tpp","secondFileName":"UMUT_ERTUGRUL_DASGIN/StackQuestionsNonMember.tpp","startInFirst":{"line":52,"column":6,"tokenListIndex":61},"endInFirst":{"line":60,"column":7,"tokenListIndex":73},"startInSecond":{"line":26,"column":8,"tokenListIndex":98},"endInSecond":{"line":35,"column":34,"tokenListIndex":110},"lengthOfFirst":13,"lengthOfSecond":13},{"firstFileName":"ALI_OZUER/StackQuestionsMember.tpp","secondFileName":"UMUT_ERTUGRUL_DASGIN/StackQuestionsMember.tpp","startInFirst":{"line":13,"column":2,"tokenListIndex":5},"endInFirst":{"line":17,"column":6,"tokenListIndex":12},"startInSecond":{"line":13,"column":4,"tokenListIndex":3},"endInSecond":{"line":16,"column":8,"tokenListIndex":10},"lengthOfFirst":8,"lengthOfSecond":8},{"firstFileName":"ALI_OZUER/StackQuestionsMember.tpp","secondFileName":"UMUT_ERTUGRUL_DASGIN/StackQuestionsMember.tpp","startInFirst":{"line":68,"column":4,"tokenListIndex":86},"endInFirst":{"line":71,"column":4,"tokenListIndex":91},"startInSecond":{"line":52,"column":4,"tokenListIndex":54},"endInSecond":{"line":55,"column":4,"tokenListIndex":59},"lengthOfFirst":6,"lengthOfSecond":6},{"firstFileName":"ALI_OZUER/StackQuestionsMember.tpp","secondFileName":"UMUT_ERTUGRUL_DASGIN/StackQuestionsNonMember.tpp","startInFirst":{"line":72,"column":4,"tokenListIndex":92},"endInFirst":{"line":75,"column":4,"tokenListIndex":97},"startInSecond":{"line":54,"column":4,"tokenListIndex":128},"endInSecond":{"line":57,"column":4,"tokenListIndex":133},"lengthOfFirst":6,"lengthOfSecond":6}],"firstSimilarity":0.20754716981132076,"secondSimilarity":0.20496894409937888}