{"firstSubmissionId":"ALI_OZUER","secondSubmissionId":"ATAKAN_NAKTURK","similarities":{"AVG":0.43967828418230565,"MAX":0.5157232704402516,"MAXIMUM_LENGTH":216.0,"LONGEST_MATCH":25.0},"matches":[{"firstFileName":"ALI_OZUER/StackQuestionsMember.tpp","secondFileName":"ATAKAN_NAKTURK/StackQuestionsNonMember.tpp","startInFirst":{"line":47,"column":4,"tokenListIndex":51},"endInFirst":{"line":61,"column":6,"tokenListIndex":75},"startInSecond":{"line":29,"column":4,"tokenListIndex":140},"endInSecond":{"line":46,"column":19,"tokenListIndex":164},"lengthOfFirst":25,"lengthOfSecond":25},{"firstFileName":"ALI_OZUER/StackQuestionsMember.tpp","secondFileName":"ATAKAN_NAKTURK/StackQuestionsMember.tpp","startInFirst":{"line":68,"column":4,"tokenListIndex":86},"endInFirst":{"line":79,"column":4,"tokenListIndex":103},"startInSecond":{"line":89,"column":4,"tokenListIndex":91},"endInSecond":{"line":103,"column":4,"tokenListIndex":108},"lengthOfFirst":18,"lengthOfSecond":18},{"firstFileName":"ALI_OZUER/StackQuestionsNonMember.tpp","secondFileName":"ATAKAN_NAKTURK/StackQuestionsNonMember.tpp","startInFirst":{"line":27,"column":10,"tokenListIndex":143},"endInFirst":{"line":40,"column":56,"tokenListIndex":157},"startInSecond":{"line":47,"column":8,"tokenListIndex":165},"endInSecond":{"line":61,"column":56,"tokenListIndex":179},"lengthOfFirst":15,"lengthOfSecond":15},{"firstFileName":"ALI_OZUER/StackQuestionsMember.tpp","secondFileName":"ATAKAN_NAKTURK/StackQuestionsMember.tpp","startInFirst":{"line":64,"column":4,"tokenListIndex":78},"endInFirst":{"line":67,"column":4,"tokenListIndex":85},"startInSecond":{"line":75,"column":8,"tokenListIndex":71},"endInSecond":{"line":79,"column":8,"tokenListIndex":78},"lengthOfFirst":8,"lengthOfSecond":8},{"firstFileName":"ALI_OZUER/StackQuestionsNonMember.tpp","secondFileName":"ATAKAN_NAKTURK/StackQuestionsMember.tpp","startInFirst":{"line":12,"column":2,"tokenListIndex":115},"endInFirst":{"line":14,"column":4,"tokenListIndex":122},"startInSecond":{"line":19,"column":2,"tokenListIndex":16},"endInSecond":{"line":23,"column":4,"tokenListIndex":23},"lengthOfFirst":8,"lengthOfSecond":8},{"firstFileName":"ALI_OZUER/StackQuestionsNonMember.tpp","secondFileName":"ATAKAN_NAKTURK/StackQuestionsNonMember.tpp","startInFirst":{"line":17,"column":2,"tokenListIndex":126},"endInFirst":{"line":21,"column":10,"tokenListIndex":133},"startInSecond":{"line":66,"column":4,"tokenListIndex":183},"endInSecond":{"line":72,"column":12,"tokenListIndex":190},"lengthOfFirst":8,"lengthOfSecond":8}],"firstSimilarity":0.5157232704402516,"secondSimilarity":0.38317757009345793}