{"firstSubmissionId":"ALI_OZUER","secondSubmissionId":"ZEYNEP_ECE_BIKEZ","similarities":{"AVG":0.20348837209302326,"MAX":0.22012578616352202,"MAXIMUM_LENGTH":187.0,"LONGEST_MATCH":10.0},"matches":[{"firstFileName":"ALI_OZUER/StackQuestionsMember.tpp","secondFileName":"ZEYNEP_ECE_BIKEZ/StackQuestionsMember.tpp","startInFirst":{"line":11,"column":2,"tokenListIndex":1},"endInFirst":{"line":15,"column":11,"tokenListIndex":10},"startInSecond":{"line":48,"column":4,"tokenListIndex":44},"endInSecond":{"line":54,"column":22,"tokenListIndex":53},"lengthOfFirst":10,"lengthOfSecond":10},{"firstFileName":"ALI_OZUER/StackQuestionsMember.tpp","secondFileName":"ZEYNEP_ECE_BIKEZ/StackQuestionsNonMember.tpp","startInFirst":{"line":18,"column":2,"tokenListIndex":14},"endInFirst":{"line":21,"column":10,"tokenListIndex":20},"startInSecond":{"line":41,"column":11,"tokenListIndex":139},"endInSecond":{"line":45,"column":16,"tokenListIndex":145},"lengthOfFirst":7,"lengthOfSecond":7},{"firstFileName":"ALI_OZUER/StackQuestionsMember.tpp","secondFileName":"ZEYNEP_ECE_BIKEZ/StackQuestionsMember.tpp","startInFirst":{"line":51,"column":4,"tokenListIndex":59},"endInFirst":{"line":54,"column":4,"tokenListIndex":64},"startInSecond":{"line":19,"column":2,"tokenListIndex":12},"endInSecond":{"line":22,"column":2,"tokenListIndex":17},"lengthOfFirst":6,"lengthOfSecond":6},{"firstFileName":"ALI_OZUER/StackQuestionsMember.tpp","secondFileName":"ZEYNEP_ECE_BIKEZ/StackQuestionsMember.tpp","startInFirst":{"line":55,"column":4,"tokenListIndex":65},"endInFirst":{"line":58,"column":4,"tokenListIndex":70},"startInSecond":{"line":55,"column":4,"tokenListIndex":54},"endInSecond":{"line":58,"column":4,"tokenListIndex":59},"lengthOfFirst":6,"lengthOfSecond":6},{"firstFileName":"ALI_OZUER/StackQuestionsMember.tpp","secondFileName":"ZEYNEP_ECE_BIKEZ/StackQuestionsNonMember.tpp","startInFirst":{"line":59,"column":4,"tokenListIndex":71},"endInFirst":{"line":62,"column":4,"tokenListIndex":76},"startInSecond":{"line":62,"column":16,"tokenListIndex":172},"endInSecond":{"line":65,"column":16,"tokenListIndex":177},"lengthOfFirst":6,"lengthOfSecond":6}],"firstSimilarity":0.22012578616352202,"secondSimilarity":0.1891891891891892}