{"firstSubmissionId":"ALI_OZUER","secondSubmissionId":"CAGATAY_YUREKLI","similarities":{"AVG":0.4265927977839335,"MAX":0.48427672955974843,"MAXIMUM_LENGTH":204.0,"LONGEST_MATCH":18.0},"matches":[{"firstFileName":"ALI_OZUER/StackQuestionsMember.tpp","secondFileName":"CAGATAY_YUREKLI/StackQuestionsNonMember.tpp","startInFirst":{"line":51,"column":4,"tokenListIndex":59},"endInFirst":{"line":62,"column":4,"tokenListIndex":76},"startInSecond":{"line":56,"column":1,"tokenListIndex":131},"endInSecond":{"line":69,"column":4,"tokenListIndex":148},"lengthOfFirst":18,"lengthOfSecond":18},{"firstFileName":"ALI_OZUER/StackQuestionsNonMember.tpp","secondFileName":"CAGATAY_YUREKLI/StackQuestionsMember.tpp","startInFirst":{"line":26,"column":2,"tokenListIndex":141},"endInFirst":{"line":35,"column":0,"tokenListIndex":154},"startInSecond":{"line":97,"column":1,"tokenListIndex":74},"endInSecond":{"line":110,"column":0,"tokenListIndex":87},"lengthOfFirst":14,"lengthOfSecond":14},{"firstFileName":"ALI_OZUER/StackQuestionsNonMember.tpp","secondFileName":"CAGATAY_YUREKLI/StackQuestionsNonMember.tpp","startInFirst":{"line":7,"column":0,"tokenListIndex":107},"endInFirst":{"line":12,"column":12,"tokenListIndex":117},"startInSecond":{"line":11,"column":22,"tokenListIndex":90},"endInSecond":{"line":21,"column":20,"tokenListIndex":100},"lengthOfFirst":11,"lengthOfSecond":11},{"firstFileName":"ALI_OZUER/StackQuestionsMember.tpp","secondFileName":"CAGATAY_YUREKLI/StackQuestionsMember.tpp","startInFirst":{"line":35,"column":0,"tokenListIndex":38},"endInFirst":{"line":44,"column":2,"tokenListIndex":47},"startInSecond":{"line":53,"column":0,"tokenListIndex":39},"endInSecond":{"line":69,"column":1,"tokenListIndex":48},"lengthOfFirst":10,"lengthOfSecond":10},{"firstFileName":"ALI_OZUER/StackQuestionsMember.tpp","secondFileName":"CAGATAY_YUREKLI/StackQuestionsMember.tpp","startInFirst":{"line":15,"column":2,"tokenListIndex":9},"endInFirst":{"line":18,"column":2,"tokenListIndex":14},"startInSecond":{"line":21,"column":2,"tokenListIndex":11},"endInSecond":{"line":25,"column":5,"tokenListIndex":16},"lengthOfFirst":6,"lengthOfSecond":6},{"firstFileName":"ALI_OZUER/StackQuestionsMember.tpp","secondFileName":"CAGATAY_YUREKLI/StackQuestionsNonMember.tpp","startInFirst":{"line":20,"column":2,"tokenListIndex":17},"endInFirst":{"line":22,"column":8,"tokenListIndex":22},"startInSecond":{"line":23,"column":1,"tokenListIndex":101},"endInSecond":{"line":28,"column":3,"tokenListIndex":106},"lengthOfFirst":6,"lengthOfSecond":6},{"firstFileName":"ALI_OZUER/StackQuestionsMember.tpp","secondFileName":"CAGATAY_YUREKLI/StackQuestionsNonMember.tpp","startInFirst":{"line":68,"column":4,"tokenListIndex":86},"endInFirst":{"line":71,"column":4,"tokenListIndex":91},"startInSecond":{"line":86,"column":4,"tokenListIndex":158},"endInSecond":{"line":89,"column":4,"tokenListIndex":163},"lengthOfFirst":6,"lengthOfSecond":6},{"firstFileName":"ALI_OZUER/StackQuestionsMember.tpp","secondFileName":"CAGATAY_YUREKLI/StackQuestionsNonMember.tpp","startInFirst":{"line":72,"column":4,"tokenListIndex":92},"endInFirst":{"line":75,"column":4,"tokenListIndex":97},"startInSecond":{"line":93,"column":4,"tokenListIndex":165},"endInSecond":{"line":96,"column":4,"tokenListIndex":170},"lengthOfFirst":6,"lengthOfSecond":6}],"firstSimilarity":0.48427672955974843,"secondSimilarity":0.3811881188118812}