{"firstSubmissionId":"ALI_OZUER","secondSubmissionId":"SAFA_GOKALP_UGUR","similarities":{"AVG":0.47678018575851394,"MAX":0.48427672955974843,"MAXIMUM_LENGTH":166.0,"LONGEST_MATCH":12.0},"matches":[{"firstFileName":"ALI_OZUER/StackQuestionsMember.tpp","secondFileName":"SAFA_GOKALP_UGUR/StackQuestionsMember.tpp","startInFirst":{"line":11,"column":2,"tokenListIndex":1},"endInFirst":{"line":17,"column":6,"tokenListIndex":12},"startInSecond":{"line":17,"column":4,"tokenListIndex":86},"endInSecond":{"line":21,"column":11,"tokenListIndex":97},"lengthOfFirst":12,"lengthOfSecond":12},{"firstFileName":"ALI_OZUER/StackQuestionsNonMember.tpp","secondFileName":"SAFA_GOKALP_UGUR/StackQuestionsNonMember.tpp","startInFirst":{"line":31,"column":2,"tokenListIndex":148},"endInFirst":{"line":40,"column":56,"tokenListIndex":157},"startInSecond":{"line":58,"column":4,"tokenListIndex":64},"endInSecond":{"line":68,"column":51,"tokenListIndex":73},"lengthOfFirst":10,"lengthOfSecond":10},{"firstFileName":"ALI_OZUER/StackQuestionsMember.tpp","secondFileName":"SAFA_GOKALP_UGUR/StackQuestionsNonMember.tpp","startInFirst":{"line":47,"column":4,"tokenListIndex":51},"endInFirst":{"line":50,"column":4,"tokenListIndex":58},"startInSecond":{"line":34,"column":1,"tokenListIndex":27},"endInSecond":{"line":37,"column":4,"tokenListIndex":34},"lengthOfFirst":8,"lengthOfSecond":8},{"firstFileName":"ALI_OZUER/StackQuestionsMember.tpp","secondFileName":"SAFA_GOKALP_UGUR/StackQuestionsMember.tpp","startInFirst":{"line":52,"column":6,"tokenListIndex":61},"endInFirst":{"line":56,"column":17,"tokenListIndex":68},"startInSecond":{"line":76,"column":12,"tokenListIndex":155},"endInSecond":{"line":80,"column":20,"tokenListIndex":162},"lengthOfFirst":8,"lengthOfSecond":8},{"firstFileName":"ALI_OZUER/StackQuestionsMember.tpp","secondFileName":"SAFA_GOKALP_UGUR/StackQuestionsNonMember.tpp","startInFirst":{"line":64,"column":4,"tokenListIndex":78},"endInFirst":{"line":67,"column":4,"tokenListIndex":85},"startInSecond":{"line":38,"column":4,"tokenListIndex":35},"endInSecond":{"line":41,"column":4,"tokenListIndex":42},"lengthOfFirst":8,"lengthOfSecond":8},{"firstFileName":"ALI_OZUER/StackQuestionsNonMember.tpp","secondFileName":"SAFA_GOKALP_UGUR/StackQuestionsMember.tpp","startInFirst":{"line":14,"column":13,"tokenListIndex":123},"endInFirst":{"line":18,"column":13,"tokenListIndex":129},"startInSecond":{"line":63,"column":8,"tokenListIndex":139},"endInSecond":{"line":67,"column":19,"tokenListIndex":145},"lengthOfFirst":7,"lengthOfSecond":7},{"firstFileName":"ALI_OZUER/StackQuestionsMember.tpp","secondFileName":"SAFA_GOKALP_UGUR/StackQuestionsNonMember.tpp","startInFirst":{"line":19,"column":2,"tokenListIndex":15},"endInFirst":{"line":21,"column":10,"tokenListIndex":20},"startInSecond":{"line":43,"column":4,"tokenListIndex":43},"endInSecond":{"line":46,"column":11,"tokenListIndex":48},"lengthOfFirst":6,"lengthOfSecond":6},{"firstFileName":"ALI_OZUER/StackQuestionsMember.tpp","secondFileName":"SAFA_GOKALP_UGUR/StackQuestionsMember.tpp","startInFirst":{"line":33,"column":2,"tokenListIndex":36},"endInFirst":{"line":40,"column":58,"tokenListIndex":41},"startInSecond":{"line":39,"column":4,"tokenListIndex":115},"endInSecond":{"line":47,"column":58,"tokenListIndex":120},"lengthOfFirst":6,"lengthOfSecond":6},{"firstFileName":"ALI_OZUER/StackQuestionsMember.tpp","secondFileName":"SAFA_GOKALP_UGUR/StackQuestionsNonMember.tpp","startInFirst":{"line":59,"column":4,"tokenListIndex":71},"endInFirst":{"line":62,"column":4,"tokenListIndex":76},"startInSecond":{"line":24,"column":4,"tokenListIndex":15},"endInSecond":{"line":27,"column":4,"tokenListIndex":20},"lengthOfFirst":6,"lengthOfSecond":6},{"firstFileName":"ALI_OZUER/StackQuestionsMember.tpp","secondFileName":"SAFA_GOKALP_UGUR/StackQuestionsNonMember.tpp","startInFirst":{"line":68,"column":4,"tokenListIndex":86},"endInFirst":{"line":71,"column":4,"tokenListIndex":91},"startInSecond":{"line":71,"column":4,"tokenListIndex":75},"endInSecond":{"line":74,"column":4,"tokenListIndex":80},"lengthOfFirst":6,"lengthOfSecond":6}],"firstSimilarity":0.48427672955974843,"secondSimilarity":0.4695121951219512}