{"firstSubmissionId":"ALI_OZUER","secondSubmissionId":"AGAH_DEMIR_GOK","similarities":{"AVG":0.18911174785100288,"MAX":0.20754716981132076,"MAXIMUM_LENGTH":192.0,"LONGEST_MATCH":9.0},"matches":[{"firstFileName":"ALI_OZUER/StackQuestionsNonMember.tpp","secondFileName":"AGAH_DEMIR_GOK/StackQuestionsNonMember.tpp","startInFirst":{"line":11,"column":2,"tokenListIndex":114},"endInFirst":{"line":14,"column":4,"tokenListIndex":122},"startInSecond":{"line":28,"column":8,"tokenListIndex":114},"endInSecond":{"line":33,"column":4,"tokenListIndex":122},"lengthOfFirst":9,"lengthOfSecond":9},{"firstFileName":"ALI_OZUER/StackQuestionsMember.tpp","secondFileName":"AGAH_DEMIR_GOK/StackQuestionsMember.tpp","startInFirst":{"line":51,"column":4,"tokenListIndex":59},"endInFirst":{"line":54,"column":4,"tokenListIndex":64},"startInSecond":{"line":18,"column":2,"tokenListIndex":10},"endInSecond":{"line":21,"column":2,"tokenListIndex":15},"lengthOfFirst":6,"lengthOfSecond":6},{"firstFileName":"ALI_OZUER/StackQuestionsMember.tpp","secondFileName":"AGAH_DEMIR_GOK/StackQuestionsMember.tpp","startInFirst":{"line":55,"column":4,"tokenListIndex":65},"endInFirst":{"line":58,"column":4,"tokenListIndex":70},"startInSecond":{"line":60,"column":2,"tokenListIndex":67},"endInSecond":{"line":63,"column":2,"tokenListIndex":72},"lengthOfFirst":6,"lengthOfSecond":6},{"firstFileName":"ALI_OZUER/StackQuestionsMember.tpp","secondFileName":"AGAH_DEMIR_GOK/StackQuestionsNonMember.tpp","startInFirst":{"line":59,"column":4,"tokenListIndex":71},"endInFirst":{"line":62,"column":4,"tokenListIndex":76},"startInSecond":{"line":20,"column":2,"tokenListIndex":102},"endInSecond":{"line":23,"column":2,"tokenListIndex":107},"lengthOfFirst":6,"lengthOfSecond":6},{"firstFileName":"ALI_OZUER/StackQuestionsMember.tpp","secondFileName":"AGAH_DEMIR_GOK/StackQuestionsNonMember.tpp","startInFirst":{"line":68,"column":4,"tokenListIndex":86},"endInFirst":{"line":71,"column":4,"tokenListIndex":91},"startInSecond":{"line":51,"column":2,"tokenListIndex":143},"endInSecond":{"line":54,"column":2,"tokenListIndex":148},"lengthOfFirst":6,"lengthOfSecond":6}],"firstSimilarity":0.20754716981132076,"secondSimilarity":0.1736842105263158}