{"firstSubmissionId":"ALISA_IDA_DELEON","secondSubmissionId":"ZEYNEP_ECE_BIKEZ","similarities":{"AVG":0.06984126984126984,"MAX":0.08461538461538462,"MAXIMUM_LENGTH":187.0,"LONGEST_MATCH":11.0},"matches":[{"firstFileName":"ALISA_IDA_DELEON/StackQuestionsMember_ Alisa_İda Deleon.tpp","secondFileName":"ZEYNEP_ECE_BIKEZ/StackQuestionsMember.tpp","startInFirst":{"line":43,"column":58,"tokenListIndex":42},"endInFirst":{"line":47,"column":6,"tokenListIndex":52},"startInSecond":{"line":46,"column":4,"tokenListIndex":43},"endInSecond":{"line":54,"column":22,"tokenListIndex":53},"lengthOfFirst":11,"lengthOfSecond":11}],"firstSimilarity":0.08461538461538462,"secondSimilarity":0.05945945945945946}