{"firstSubmissionId":"ALISA_IDA_DELEON","secondSubmissionId":"ATAKAN_NAKTURK","similarities":{"AVG":0.06976744186046512,"MAX":0.09230769230769231,"MAXIMUM_LENGTH":216.0,"LONGEST_MATCH":6.0},"matches":[{"firstFileName":"ALISA_IDA_DELEON/StackQuestionsMember_ Alisa_İda Deleon.tpp","secondFileName":"ATAKAN_NAKTURK/StackQuestionsNonMember.tpp","startInFirst":{"line":16,"column":2,"tokenListIndex":11},"endInFirst":{"line":18,"column":4,"tokenListIndex":16},"startInSecond":{"line":72,"column":4,"tokenListIndex":189},"endInSecond":{"line":75,"column":8,"tokenListIndex":194},"lengthOfFirst":6,"lengthOfSecond":6},{"firstFileName":"ALISA_IDA_DELEON/StackQuestionsMember_ Alisa_İda Deleon.tpp","secondFileName":"ATAKAN_NAKTURK/StackQuestionsNonMember.tpp","startInFirst":{"line":46,"column":23,"tokenListIndex":49},"endInFirst":{"line":49,"column":2,"tokenListIndex":54},"startInSecond":{"line":14,"column":8,"tokenListIndex":118},"endInSecond":{"line":16,"column":30,"tokenListIndex":123},"lengthOfFirst":6,"lengthOfSecond":6}],"firstSimilarity":0.09230769230769231,"secondSimilarity":0.056074766355140186}