{"firstSubmissionId":"ALISA_IDA_DELEON","secondSubmissionId":"ELIF_KAYAR","similarities":{"AVG":0.2397003745318352,"MAX":0.24615384615384617,"MAXIMUM_LENGTH":139.0,"LONGEST_MATCH":12.0},"matches":[{"firstFileName":"ALISA_IDA_DELEON/StackQuestionsMember_ Alisa_İda Deleon.tpp","secondFileName":"ELIF_KAYAR/StackQuestionsMember.tpp","startInFirst":{"line":43,"column":22,"tokenListIndex":41},"endInFirst":{"line":47,"column":6,"tokenListIndex":52},"startInSecond":{"line":10,"column":0,"tokenListIndex":0},"endInSecond":{"line":16,"column":5,"tokenListIndex":11},"lengthOfFirst":12,"lengthOfSecond":12},{"firstFileName":"ALISA_IDA_DELEON/StackQuestionsNonMember alisa.tpp","secondFileName":"ELIF_KAYAR/StackQuestionsMember.tpp","startInFirst":{"line":14,"column":2,"tokenListIndex":101},"endInFirst":{"line":16,"column":2,"tokenListIndex":108},"startInSecond":{"line":41,"column":3,"tokenListIndex":38},"endInSecond":{"line":43,"column":3,"tokenListIndex":45},"lengthOfFirst":8,"lengthOfSecond":8},{"firstFileName":"ALISA_IDA_DELEON/StackQuestionsMember_ Alisa_İda Deleon.tpp","secondFileName":"ELIF_KAYAR/StackQuestionsNonMember.tpp","startInFirst":{"line":23,"column":0,"tokenListIndex":20},"endInFirst":{"line":24,"column":6,"tokenListIndex":25},"startInSecond":{"line":46,"column":1,"tokenListIndex":119},"endInSecond":{"line":47,"column":6,"tokenListIndex":124},"lengthOfFirst":6,"lengthOfSecond":6},{"firstFileName":"ALISA_IDA_DELEON/StackQuestionsMember_ Alisa_İda Deleon.tpp","secondFileName":"ELIF_KAYAR/StackQuestionsNonMember.tpp","startInFirst":{"line":49,"column":2,"tokenListIndex":54},"endInFirst":{"line":55,"column":2,"tokenListIndex":59},"startInSecond":{"line":48,"column":6,"tokenListIndex":126},"endInSecond":{"line":49,"column":33,"tokenListIndex":131},"lengthOfFirst":6,"lengthOfSecond":6}],"firstSimilarity":0.24615384615384617,"secondSimilarity":0.23357664233576642}