{"firstSubmissionId":"ALISA_IDA_DELEON","secondSubmissionId":"KENAN_OZCAKIR","similarities":{"AVG":0.26765799256505574,"MAX":0.27692307692307694,"MAXIMUM_LENGTH":141.0,"LONGEST_MATCH":8.0},"matches":[{"firstFileName":"ALISA_IDA_DELEON/StackQuestionsMember_ Alisa_İda Deleon.tpp","secondFileName":"KENAN_OZCAKIR/StackQuestionsMember.tpp","startInFirst":{"line":38,"column":0,"tokenListIndex":39},"endInFirst":{"line":45,"column":29,"tokenListIndex":46},"startInSecond":{"line":46,"column":0,"tokenListIndex":103},"endInSecond":{"line":62,"column":14,"tokenListIndex":110},"lengthOfFirst":8,"lengthOfSecond":8},{"firstFileName":"ALISA_IDA_DELEON/StackQuestionsMember_ Alisa_İda Deleon.tpp","secondFileName":"KENAN_OZCAKIR/StackQuestionsNonMember.tpp","startInFirst":{"line":46,"column":2,"tokenListIndex":47},"endInFirst":{"line":49,"column":2,"tokenListIndex":54},"startInSecond":{"line":18,"column":4,"tokenListIndex":2},"endInSecond":{"line":22,"column":4,"tokenListIndex":9},"lengthOfFirst":8,"lengthOfSecond":8},{"firstFileName":"ALISA_IDA_DELEON/StackQuestionsMember_ Alisa_İda Deleon.tpp","secondFileName":"KENAN_OZCAKIR/StackQuestionsNonMember.tpp","startInFirst":{"line":72,"column":9,"tokenListIndex":83},"endInFirst":{"line":76,"column":4,"tokenListIndex":90},"startInSecond":{"line":28,"column":22,"tokenListIndex":16},"endInSecond":{"line":34,"column":8,"tokenListIndex":23},"lengthOfFirst":8,"lengthOfSecond":8},{"firstFileName":"ALISA_IDA_DELEON/StackQuestionsMember_ Alisa_İda Deleon.tpp","secondFileName":"KENAN_OZCAKIR/StackQuestionsMember.tpp","startInFirst":{"line":16,"column":2,"tokenListIndex":11},"endInFirst":{"line":18,"column":4,"tokenListIndex":16},"startInSecond":{"line":28,"column":4,"tokenListIndex":83},"endInSecond":{"line":30,"column":8,"tokenListIndex":88},"lengthOfFirst":6,"lengthOfSecond":6},{"firstFileName":"ALISA_IDA_DELEON/StackQuestionsNonMember alisa.tpp","secondFileName":"KENAN_OZCAKIR/StackQuestionsMember.tpp","startInFirst":{"line":14,"column":2,"tokenListIndex":101},"endInFirst":{"line":15,"column":6,"tokenListIndex":106},"startInSecond":{"line":12,"column":4,"tokenListIndex":62},"endInSecond":{"line":14,"column":13,"tokenListIndex":67},"lengthOfFirst":6,"lengthOfSecond":6}],"firstSimilarity":0.27692307692307694,"secondSimilarity":0.2589928057553957}