{"firstSubmissionId":"ALISA_IDA_DELEON","secondSubmissionId":"PELIN_GORER","similarities":{"AVG":0.15272727272727274,"MAX":0.16153846153846155,"MAXIMUM_LENGTH":147.0,"LONGEST_MATCH":9.0},"matches":[{"firstFileName":"ALISA_IDA_DELEON/StackQuestionsMember_ Alisa_İda Deleon.tpp","secondFileName":"PELIN_GORER/StackQuestionsMember.tpp","startInFirst":{"line":43,"column":58,"tokenListIndex":42},"endInFirst":{"line":46,"column":31,"tokenListIndex":50},"startInSecond":{"line":14,"column":4,"tokenListIndex":3},"endInSecond":{"line":21,"column":4,"tokenListIndex":11},"lengthOfFirst":9,"lengthOfSecond":9},{"firstFileName":"ALISA_IDA_DELEON/StackQuestionsMember_ Alisa_İda Deleon.tpp","secondFileName":"PELIN_GORER/StackQuestionsMember.tpp","startInFirst":{"line":16,"column":2,"tokenListIndex":11},"endInFirst":{"line":18,"column":4,"tokenListIndex":16},"startInSecond":{"line":22,"column":4,"tokenListIndex":12},"endInSecond":{"line":24,"column":8,"tokenListIndex":17},"lengthOfFirst":6,"lengthOfSecond":6},{"firstFileName":"ALISA_IDA_DELEON/StackQuestionsMember_ Alisa_İda Deleon.tpp","secondFileName":"PELIN_GORER/StackQuestionsMember.tpp","startInFirst":{"line":72,"column":9,"tokenListIndex":83},"endInFirst":{"line":75,"column":10,"tokenListIndex":88},"startInSecond":{"line":29,"column":8,"tokenListIndex":25},"endInSecond":{"line":31,"column":15,"tokenListIndex":30},"lengthOfFirst":6,"lengthOfSecond":6}],"firstSimilarity":0.16153846153846155,"secondSimilarity":0.14482758620689656}