{"firstSubmissionId":"ALISA_IDA_DELEON","secondSubmissionId":"SAFA_GOKALP_UGUR","similarities":{"AVG":0.17006802721088435,"MAX":0.19230769230769232,"MAXIMUM_LENGTH":166.0,"LONGEST_MATCH":10.0},"matches":[{"firstFileName":"ALISA_IDA_DELEON/StackQuestionsMember_ Alisa_İda Deleon.tpp","secondFileName":"SAFA_GOKALP_UGUR/StackQuestionsMember.tpp","startInFirst":{"line":45,"column":2,"tokenListIndex":43},"endInFirst":{"line":47,"column":6,"tokenListIndex":52},"startInSecond":{"line":17,"column":4,"tokenListIndex":86},"endInSecond":{"line":20,"column":11,"tokenListIndex":95},"lengthOfFirst":10,"lengthOfSecond":10},{"firstFileName":"ALISA_IDA_DELEON/StackQuestionsMember_ Alisa_İda Deleon.tpp","secondFileName":"SAFA_GOKALP_UGUR/StackQuestionsMember.tpp","startInFirst":{"line":26,"column":4,"tokenListIndex":28},"endInFirst":{"line":35,"column":4,"tokenListIndex":35},"startInSecond":{"line":27,"column":8,"tokenListIndex":106},"endInSecond":{"line":36,"column":23,"tokenListIndex":113},"lengthOfFirst":8,"lengthOfSecond":8},{"firstFileName":"ALISA_IDA_DELEON/StackQuestionsMember_ Alisa_İda Deleon.tpp","secondFileName":"SAFA_GOKALP_UGUR/StackQuestionsMember.tpp","startInFirst":{"line":57,"column":2,"tokenListIndex":63},"endInFirst":{"line":60,"column":16,"tokenListIndex":69},"startInSecond":{"line":21,"column":4,"tokenListIndex":96},"endInSecond":{"line":24,"column":14,"tokenListIndex":102},"lengthOfFirst":7,"lengthOfSecond":7}],"firstSimilarity":0.19230769230769232,"secondSimilarity":0.1524390243902439}