{"firstSubmissionId":"ALISA_IDA_DELEON","secondSubmissionId":"TARIK_SERTVURAN","similarities":{"AVG":0.5581395348837209,"MAX":0.5625,"MAXIMUM_LENGTH":136.0,"LONGEST_MATCH":15.0},"matches":[{"firstFileName":"ALISA_IDA_DELEON/StackQuestionsMember_ Alisa_İda Deleon.tpp","secondFileName":"TARIK_SERTVURAN/StackQuestionsMember.tpp","startInFirst":{"line":23,"column":20,"tokenListIndex":23},"endInFirst":{"line":37,"column":0,"tokenListIndex":37},"startInSecond":{"line":34,"column":40,"tokenListIndex":28},"endInSecond":{"line":49,"column":2,"tokenListIndex":42},"lengthOfFirst":15,"lengthOfSecond":15},{"firstFileName":"ALISA_IDA_DELEON/StackQuestionsMember_ Alisa_İda Deleon.tpp","secondFileName":"TARIK_SERTVURAN/StackQuestionsMember.tpp","startInFirst":{"line":14,"column":2,"tokenListIndex":8},"endInFirst":{"line":22,"column":0,"tokenListIndex":19},"startInSecond":{"line":62,"column":4,"tokenListIndex":51},"endInSecond":{"line":71,"column":2,"tokenListIndex":62},"lengthOfFirst":12,"lengthOfSecond":12},{"firstFileName":"ALISA_IDA_DELEON/StackQuestionsMember_ Alisa_İda Deleon.tpp","secondFileName":"TARIK_SERTVURAN/StackQuestionsMember.tpp","startInFirst":{"line":71,"column":2,"tokenListIndex":81},"endInFirst":{"line":78,"column":0,"tokenListIndex":92},"startInSecond":{"line":90,"column":2,"tokenListIndex":81},"endInSecond":{"line":101,"column":0,"tokenListIndex":92},"lengthOfFirst":12,"lengthOfSecond":12},{"firstFileName":"ALISA_IDA_DELEON/StackQuestionsNonMember alisa.tpp","secondFileName":"TARIK_SERTVURAN/StackQuestionsMember.tpp","startInFirst":{"line":16,"column":2,"tokenListIndex":108},"endInFirst":{"line":22,"column":0,"tokenListIndex":118},"startInSecond":{"line":17,"column":2,"tokenListIndex":5},"endInSecond":{"line":25,"column":2,"tokenListIndex":15},"lengthOfFirst":11,"lengthOfSecond":11},{"firstFileName":"ALISA_IDA_DELEON/StackQuestionsMember_ Alisa_İda Deleon.tpp","secondFileName":"TARIK_SERTVURAN/StackQuestionsMember.tpp","startInFirst":{"line":38,"column":0,"tokenListIndex":39},"endInFirst":{"line":45,"column":29,"tokenListIndex":46},"startInSecond":{"line":51,"column":0,"tokenListIndex":43},"endInSecond":{"line":60,"column":4,"tokenListIndex":50},"lengthOfFirst":8,"lengthOfSecond":8},{"firstFileName":"ALISA_IDA_DELEON/StackQuestionsMember_ Alisa_İda Deleon.tpp","secondFileName":"TARIK_SERTVURAN/StackQuestionsNonMember.tpp","startInFirst":{"line":59,"column":2,"tokenListIndex":65},"endInFirst":{"line":63,"column":2,"tokenListIndex":72},"startInSecond":{"line":39,"column":4,"tokenListIndex":102},"endInSecond":{"line":44,"column":4,"tokenListIndex":109},"lengthOfFirst":8,"lengthOfSecond":8},{"firstFileName":"ALISA_IDA_DELEON/StackQuestionsMember_ Alisa_İda Deleon.tpp","secondFileName":"TARIK_SERTVURAN/StackQuestionsMember.tpp","startInFirst":{"line":46,"column":2,"tokenListIndex":47},"endInFirst":{"line":47,"column":6,"tokenListIndex":52},"startInSecond":{"line":27,"column":2,"tokenListIndex":16},"endInSecond":{"line":31,"column":6,"tokenListIndex":21},"lengthOfFirst":6,"lengthOfSecond":6}],"firstSimilarity":0.5538461538461539,"secondSimilarity":0.5625}