{"firstSubmissionId":"ALISA_IDA_DELEON","secondSubmissionId":"UMUT_ERTUGRUL_DASGIN","similarities":{"AVG":0.19931271477663232,"MAX":0.2230769230769231,"MAXIMUM_LENGTH":163.0,"LONGEST_MATCH":10.0},"matches":[{"firstFileName":"ALISA_IDA_DELEON/StackQuestionsMember_ Alisa_İda Deleon.tpp","secondFileName":"UMUT_ERTUGRUL_DASGIN/StackQuestionsMember.tpp","startInFirst":{"line":60,"column":16,"tokenListIndex":69},"endInFirst":{"line":65,"column":22,"tokenListIndex":78},"startInSecond":{"line":53,"column":8,"tokenListIndex":56},"endInSecond":{"line":58,"column":29,"tokenListIndex":65},"lengthOfFirst":10,"lengthOfSecond":10},{"firstFileName":"ALISA_IDA_DELEON/StackQuestionsMember_ Alisa_İda Deleon.tpp","secondFileName":"UMUT_ERTUGRUL_DASGIN/StackQuestionsMember.tpp","startInFirst":{"line":75,"column":2,"tokenListIndex":86},"endInFirst":{"line":78,"column":0,"tokenListIndex":92},"startInSecond":{"line":64,"column":4,"tokenListIndex":72},"endInSecond":{"line":67,"column":0,"tokenListIndex":78},"lengthOfFirst":7,"lengthOfSecond":7},{"firstFileName":"ALISA_IDA_DELEON/StackQuestionsMember_ Alisa_İda Deleon.tpp","secondFileName":"UMUT_ERTUGRUL_DASGIN/StackQuestionsMember.tpp","startInFirst":{"line":46,"column":2,"tokenListIndex":47},"endInFirst":{"line":47,"column":6,"tokenListIndex":52},"startInSecond":{"line":13,"column":4,"tokenListIndex":3},"endInSecond":{"line":15,"column":8,"tokenListIndex":8},"lengthOfFirst":6,"lengthOfSecond":6},{"firstFileName":"ALISA_IDA_DELEON/StackQuestionsNonMember alisa.tpp","secondFileName":"UMUT_ERTUGRUL_DASGIN/StackQuestionsNonMember.tpp","startInFirst":{"line":23,"column":0,"tokenListIndex":119},"endInFirst":{"line":24,"column":18,"tokenListIndex":124},"startInSecond":{"line":62,"column":19,"tokenListIndex":142},"endInSecond":{"line":66,"column":32,"tokenListIndex":147},"lengthOfFirst":6,"lengthOfSecond":6}],"firstSimilarity":0.2230769230769231,"secondSimilarity":0.18012422360248448}