{"firstSubmissionId":"ALISA_IDA_DELEON","secondSubmissionId":"ALI_OZUER","similarities":{"AVG":0.11764705882352941,"MAX":0.13076923076923078,"MAXIMUM_LENGTH":161.0,"LONGEST_MATCH":10.0},"matches":[{"firstFileName":"ALISA_IDA_DELEON/StackQuestionsMember_ Alisa_İda Deleon.tpp","secondFileName":"ALI_OZUER/StackQuestionsMember.tpp","startInFirst":{"line":45,"column":2,"tokenListIndex":43},"endInFirst":{"line":47,"column":6,"tokenListIndex":52},"startInSecond":{"line":11,"column":2,"tokenListIndex":1},"endInSecond":{"line":15,"column":11,"tokenListIndex":10},"lengthOfFirst":10,"lengthOfSecond":10},{"firstFileName":"ALISA_IDA_DELEON/StackQuestionsNonMember alisa.tpp","secondFileName":"ALI_OZUER/StackQuestionsMember.tpp","startInFirst":{"line":11,"column":0,"tokenListIndex":94},"endInFirst":{"line":13,"column":27,"tokenListIndex":100},"startInSecond":{"line":40,"column":0,"tokenListIndex":39},"endInSecond":{"line":42,"column":10,"tokenListIndex":45},"lengthOfFirst":7,"lengthOfSecond":7}],"firstSimilarity":0.13076923076923078,"secondSimilarity":0.1069182389937107}