{"firstSubmissionId":"ALISA_IDA_DELEON","secondSubmissionId":"AGAH_DEMIR_GOK","similarities":{"AVG":0.1,"MAX":0.12307692307692308,"MAXIMUM_LENGTH":192.0,"LONGEST_MATCH":10.0},"matches":[{"firstFileName":"ALISA_IDA_DELEON/StackQuestionsMember_ Alisa_İda Deleon.tpp","secondFileName":"AGAH_DEMIR_GOK/StackQuestionsMember.tpp","startInFirst":{"line":23,"column":20,"tokenListIndex":23},"endInFirst":{"line":32,"column":4,"tokenListIndex":32},"startInSecond":{"line":26,"column":40,"tokenListIndex":28},"endInSecond":{"line":33,"column":4,"tokenListIndex":37},"lengthOfFirst":10,"lengthOfSecond":10},{"firstFileName":"ALISA_IDA_DELEON/StackQuestionsMember_ Alisa_İda Deleon.tpp","secondFileName":"AGAH_DEMIR_GOK/StackQuestionsMember.tpp","startInFirst":{"line":46,"column":23,"tokenListIndex":49},"endInFirst":{"line":49,"column":2,"tokenListIndex":54},"startInSecond":{"line":46,"column":4,"tokenListIndex":50},"endInSecond":{"line":49,"column":28,"tokenListIndex":55},"lengthOfFirst":6,"lengthOfSecond":6}],"firstSimilarity":0.12307692307692308,"secondSimilarity":0.08421052631578947}