{"firstSubmissionId":"ALISA_IDA_DELEON","secondSubmissionId":"MERT_ACAR","similarities":{"AVG":0.1444866920152091,"MAX":0.14615384615384616,"MAXIMUM_LENGTH":140.0,"LONGEST_MATCH":7.0},"matches":[{"firstFileName":"ALISA_IDA_DELEON/StackQuestionsMember_ Alisa_İda Deleon.tpp","secondFileName":"MERT_ACAR/main.cpp","startInFirst":{"line":75,"column":2,"tokenListIndex":86},"endInFirst":{"line":78,"column":0,"tokenListIndex":92},"startInSecond":{"line":194,"column":2,"tokenListIndex":132},"endInSecond":{"line":197,"column":0,"tokenListIndex":138},"lengthOfFirst":7,"lengthOfSecond":7},{"firstFileName":"ALISA_IDA_DELEON/StackQuestionsMember_ Alisa_İda Deleon.tpp","secondFileName":"MERT_ACAR/main.cpp","startInFirst":{"line":16,"column":10,"tokenListIndex":12},"endInFirst":{"line":19,"column":4,"tokenListIndex":17},"startInSecond":{"line":109,"column":2,"tokenListIndex":68},"endInSecond":{"line":114,"column":2,"tokenListIndex":73},"lengthOfFirst":6,"lengthOfSecond":6},{"firstFileName":"ALISA_IDA_DELEON/StackQuestionsMember_ Alisa_İda Deleon.tpp","secondFileName":"MERT_ACAR/main.cpp","startInFirst":{"line":59,"column":9,"tokenListIndex":66},"endInFirst":{"line":62,"column":4,"tokenListIndex":71},"startInSecond":{"line":144,"column":2,"tokenListIndex":95},"endInSecond":{"line":150,"column":2,"tokenListIndex":100},"lengthOfFirst":6,"lengthOfSecond":6}],"firstSimilarity":0.14615384615384616,"secondSimilarity":0.14285714285714285}