{"firstSubmissionId":"ALISA_IDA_DELEON","secondSubmissionId":"EYLUL_SUICMEZ","similarities":{"AVG":0.11428571428571428,"MAX":0.12307692307692308,"MAXIMUM_LENGTH":152.0,"LONGEST_MATCH":9.0},"matches":[{"firstFileName":"ALISA_IDA_DELEON/StackQuestionsMember_ Alisa_İda Deleon.tpp","secondFileName":"EYLUL_SUICMEZ/StackQuestionsMember.tpp","startInFirst":{"line":45,"column":2,"tokenListIndex":43},"endInFirst":{"line":47,"column":2,"tokenListIndex":51},"startInSecond":{"line":11,"column":2,"tokenListIndex":30},"endInSecond":{"line":17,"column":0,"tokenListIndex":38},"lengthOfFirst":9,"lengthOfSecond":9},{"firstFileName":"ALISA_IDA_DELEON/StackQuestionsMember_ Alisa_İda Deleon.tpp","secondFileName":"EYLUL_SUICMEZ/StackQuestionsMember.tpp","startInFirst":{"line":16,"column":2,"tokenListIndex":11},"endInFirst":{"line":19,"column":4,"tokenListIndex":17},"startInSecond":{"line":26,"column":0,"tokenListIndex":52},"endInSecond":{"line":29,"column":1,"tokenListIndex":58},"lengthOfFirst":7,"lengthOfSecond":7}],"firstSimilarity":0.12307692307692308,"secondSimilarity":0.10666666666666667}