{"firstSubmissionId":"ALISA_IDA_DELEON","secondSubmissionId":"YUSUF_KULLUK","similarities":{"AVG":0.15602836879432624,"MAX":0.16923076923076924,"MAXIMUM_LENGTH":154.0,"LONGEST_MATCH":9.0},"matches":[{"firstFileName":"ALISA_IDA_DELEON/StackQuestionsMember_ Alisa_İda Deleon.tpp","secondFileName":"YUSUF_KULLUK/StackQuestionsNonMember.tpp","startInFirst":{"line":72,"column":9,"tokenListIndex":83},"endInFirst":{"line":77,"column":2,"tokenListIndex":91},"startInSecond":{"line":67,"column":20,"tokenListIndex":126},"endInSecond":{"line":72,"column":4,"tokenListIndex":134},"lengthOfFirst":9,"lengthOfSecond":9},{"firstFileName":"ALISA_IDA_DELEON/StackQuestionsMember_ Alisa_İda Deleon.tpp","secondFileName":"YUSUF_KULLUK/StackQuestionsNonMember.tpp","startInFirst":{"line":22,"column":0,"tokenListIndex":19},"endInFirst":{"line":24,"column":6,"tokenListIndex":25},"startInSecond":{"line":60,"column":2,"tokenListIndex":116},"endInSecond":{"line":65,"column":13,"tokenListIndex":122},"lengthOfFirst":7,"lengthOfSecond":7},{"firstFileName":"ALISA_IDA_DELEON/StackQuestionsMember_ Alisa_İda Deleon.tpp","secondFileName":"YUSUF_KULLUK/StackQuestionsMember.tpp","startInFirst":{"line":46,"column":2,"tokenListIndex":47},"endInFirst":{"line":47,"column":6,"tokenListIndex":52},"startInSecond":{"line":13,"column":1,"tokenListIndex":1},"endInSecond":{"line":16,"column":13,"tokenListIndex":6},"lengthOfFirst":6,"lengthOfSecond":6}],"firstSimilarity":0.16923076923076924,"secondSimilarity":0.14473684210526316}