{"firstSubmissionId":"ALISA_IDA_DELEON","secondSubmissionId":"CAGATAY_YUREKLI","similarities":{"AVG":0.21084337349397592,"MAX":0.2692307692307692,"MAXIMUM_LENGTH":204.0,"LONGEST_MATCH":9.0},"matches":[{"firstFileName":"ALISA_IDA_DELEON/StackQuestionsMember_ Alisa_İda Deleon.tpp","secondFileName":"CAGATAY_YUREKLI/StackQuestionsMember.tpp","startInFirst":{"line":38,"column":0,"tokenListIndex":38},"endInFirst":{"line":45,"column":29,"tokenListIndex":46},"startInSecond":{"line":52,"column":1,"tokenListIndex":38},"endInSecond":{"line":66,"column":1,"tokenListIndex":46},"lengthOfFirst":9,"lengthOfSecond":9},{"firstFileName":"ALISA_IDA_DELEON/StackQuestionsMember_ Alisa_İda Deleon.tpp","secondFileName":"CAGATAY_YUREKLI/StackQuestionsNonMember.tpp","startInFirst":{"line":22,"column":0,"tokenListIndex":19},"endInFirst":{"line":24,"column":6,"tokenListIndex":25},"startInSecond":{"line":105,"column":4,"tokenListIndex":180},"endInSecond":{"line":108,"column":10,"tokenListIndex":186},"lengthOfFirst":7,"lengthOfSecond":7},{"firstFileName":"ALISA_IDA_DELEON/StackQuestionsNonMember alisa.tpp","secondFileName":"CAGATAY_YUREKLI/StackQuestionsNonMember.tpp","startInFirst":{"line":11,"column":0,"tokenListIndex":94},"endInFirst":{"line":13,"column":27,"tokenListIndex":100},"startInSecond":{"line":11,"column":0,"tokenListIndex":89},"endInSecond":{"line":16,"column":1,"tokenListIndex":95},"lengthOfFirst":7,"lengthOfSecond":7},{"firstFileName":"ALISA_IDA_DELEON/StackQuestionsMember_ Alisa_İda Deleon.tpp","secondFileName":"CAGATAY_YUREKLI/StackQuestionsMember.tpp","startInFirst":{"line":16,"column":2,"tokenListIndex":11},"endInFirst":{"line":18,"column":4,"tokenListIndex":16},"startInSecond":{"line":27,"column":5,"tokenListIndex":17},"endInSecond":{"line":29,"column":9,"tokenListIndex":22},"lengthOfFirst":6,"lengthOfSecond":6},{"firstFileName":"ALISA_IDA_DELEON/StackQuestionsMember_ Alisa_İda Deleon.tpp","secondFileName":"CAGATAY_YUREKLI/StackQuestionsNonMember.tpp","startInFirst":{"line":75,"column":2,"tokenListIndex":86},"endInFirst":{"line":77,"column":2,"tokenListIndex":91},"startInSecond":{"line":101,"column":4,"tokenListIndex":174},"endInSecond":{"line":103,"column":4,"tokenListIndex":179},"lengthOfFirst":6,"lengthOfSecond":6}],"firstSimilarity":0.2692307692307692,"secondSimilarity":0.17326732673267325}