{"firstSubmissionId":"BAHAR_CETIN_ASLAN","secondSubmissionId":"KARDELEN_KARTAL","similarities":{"AVG":0.06282722513089005,"MAX":0.06382978723404255,"MAXIMUM_LENGTH":99.0,"LONGEST_MATCH":6.0},"matches":[{"firstFileName":"BAHAR_CETIN_ASLAN/StackQuestionsMemberbc.cpp","secondFileName":"KARDELEN_KARTAL/StackQuestionsNonMember.tpp","startInFirst":{"line":56,"column":1,"tokenListIndex":43},"endInFirst":{"line":65,"column":1,"tokenListIndex":48},"startInSecond":{"line":19,"column":1,"tokenListIndex":52},"endInSecond":{"line":21,"column":1,"tokenListIndex":57},"lengthOfFirst":6,"lengthOfSecond":6}],"firstSimilarity":0.06382978723404255,"secondSimilarity":0.061855670103092786}