{"firstSubmissionId":"BAHAR_CETIN_ASLAN","secondSubmissionId":"UMUT_ERTUGRUL_DASGIN","similarities":{"AVG":0.10196078431372549,"MAX":0.13829787234042554,"MAXIMUM_LENGTH":163.0,"LONGEST_MATCH":7.0},"matches":[{"firstFileName":"BAHAR_CETIN_ASLAN/StackQuestionsMemberbc.cpp","secondFileName":"UMUT_ERTUGRUL_DASGIN/StackQuestionsNonMember.tpp","startInFirst":{"line":19,"column":0,"tokenListIndex":7},"endInFirst":{"line":25,"column":0,"tokenListIndex":13},"startInSecond":{"line":13,"column":4,"tokenListIndex":82},"endInSecond":{"line":16,"column":20,"tokenListIndex":88},"lengthOfFirst":7,"lengthOfSecond":7},{"firstFileName":"BAHAR_CETIN_ASLAN/StackQuestionsMemberbc.cpp","secondFileName":"UMUT_ERTUGRUL_DASGIN/StackQuestionsMember.tpp","startInFirst":{"line":30,"column":31,"tokenListIndex":22},"endInFirst":{"line":33,"column":23,"tokenListIndex":27},"startInSecond":{"line":15,"column":8,"tokenListIndex":8},"endInSecond":{"line":18,"column":17,"tokenListIndex":13},"lengthOfFirst":6,"lengthOfSecond":6}],"firstSimilarity":0.13829787234042554,"secondSimilarity":0.08074534161490683}