{"firstSubmissionId":"BAHAR_CETIN_ASLAN","secondSubmissionId":"SAFA_GOKALP_UGUR","similarities":{"AVG":0.27906976744186046,"MAX":0.3829787234042553,"MAXIMUM_LENGTH":166.0,"LONGEST_MATCH":9.0},"matches":[{"firstFileName":"BAHAR_CETIN_ASLAN/StackQuestionsMemberbc.cpp","secondFileName":"SAFA_GOKALP_UGUR/StackQuestionsNonMember.tpp","startInFirst":{"line":56,"column":1,"tokenListIndex":43},"endInFirst":{"line":65,"column":1,"tokenListIndex":51},"startInSecond":{"line":15,"column":4,"tokenListIndex":6},"endInSecond":{"line":23,"column":10,"tokenListIndex":14},"lengthOfFirst":9,"lengthOfSecond":9},{"firstFileName":"BAHAR_CETIN_ASLAN/StackQuestionsMemberbc.cpp","secondFileName":"SAFA_GOKALP_UGUR/StackQuestionsNonMember.tpp","startInFirst":{"line":24,"column":0,"tokenListIndex":11},"endInFirst":{"line":28,"column":7,"tokenListIndex":18},"startInSecond":{"line":25,"column":8,"tokenListIndex":17},"endInSecond":{"line":31,"column":8,"tokenListIndex":24},"lengthOfFirst":8,"lengthOfSecond":8},{"firstFileName":"BAHAR_CETIN_ASLAN/StackQuestionsMemberbc.cpp","secondFileName":"SAFA_GOKALP_UGUR/StackQuestionsNonMember.tpp","startInFirst":{"line":69,"column":9,"tokenListIndex":55},"endInFirst":{"line":73,"column":3,"tokenListIndex":61},"startInSecond":{"line":34,"column":10,"tokenListIndex":29},"endInSecond":{"line":38,"column":4,"tokenListIndex":35},"lengthOfFirst":7,"lengthOfSecond":7},{"firstFileName":"BAHAR_CETIN_ASLAN/StackQuestionsMemberbc.cpp","secondFileName":"SAFA_GOKALP_UGUR/StackQuestionsMember.tpp","startInFirst":{"line":32,"column":3,"tokenListIndex":23},"endInFirst":{"line":34,"column":3,"tokenListIndex":28},"startInSecond":{"line":49,"column":4,"tokenListIndex":121},"endInSecond":{"line":51,"column":4,"tokenListIndex":126},"lengthOfFirst":6,"lengthOfSecond":6},{"firstFileName":"BAHAR_CETIN_ASLAN/StackQuestionsMemberbc.cpp","secondFileName":"SAFA_GOKALP_UGUR/StackQuestionsNonMember.tpp","startInFirst":{"line":73,"column":9,"tokenListIndex":62},"endInFirst":{"line":76,"column":3,"tokenListIndex":67},"startInSecond":{"line":38,"column":13,"tokenListIndex":37},"endInSecond":{"line":41,"column":4,"tokenListIndex":42},"lengthOfFirst":6,"lengthOfSecond":6}],"firstSimilarity":0.3829787234042553,"secondSimilarity":0.21951219512195122}