{"firstSubmissionId":"BAHAR_CETIN_ASLAN","secondSubmissionId":"PELIN_GORER","similarities":{"AVG":0.0502092050209205,"MAX":0.06382978723404255,"MAXIMUM_LENGTH":147.0,"LONGEST_MATCH":6.0},"matches":[{"firstFileName":"BAHAR_CETIN_ASLAN/StackQuestionsMemberbc.cpp","secondFileName":"PELIN_GORER/StackQuestionsNonMember.tpp","startInFirst":{"line":69,"column":9,"tokenListIndex":55},"endInFirst":{"line":72,"column":3,"tokenListIndex":60},"startInSecond":{"line":17,"column":15,"tokenListIndex":106},"endInSecond":{"line":20,"column":4,"tokenListIndex":111},"lengthOfFirst":6,"lengthOfSecond":6}],"firstSimilarity":0.06382978723404255,"secondSimilarity":0.041379310344827586}