{"firstSubmissionId":"BAHAR_CETIN_ASLAN","secondSubmissionId":"CAGATAY_YUREKLI","similarities":{"AVG":0.08108108108108109,"MAX":0.1276595744680851,"MAXIMUM_LENGTH":204.0,"LONGEST_MATCH":6.0},"matches":[{"firstFileName":"BAHAR_CETIN_ASLAN/StackQuestionsMemberbc.cpp","secondFileName":"CAGATAY_YUREKLI/StackQuestionsNonMember.tpp","startInFirst":{"line":24,"column":0,"tokenListIndex":11},"endInFirst":{"line":27,"column":7,"tokenListIndex":16},"startInSecond":{"line":94,"column":8,"tokenListIndex":167},"endInSecond":{"line":98,"column":8,"tokenListIndex":172},"lengthOfFirst":6,"lengthOfSecond":6},{"firstFileName":"BAHAR_CETIN_ASLAN/StackQuestionsMemberbc.cpp","secondFileName":"CAGATAY_YUREKLI/StackQuestionsMember.tpp","startInFirst":{"line":30,"column":31,"tokenListIndex":22},"endInFirst":{"line":33,"column":23,"tokenListIndex":27},"startInSecond":{"line":21,"column":2,"tokenListIndex":10},"endInSecond":{"line":24,"column":14,"tokenListIndex":15},"lengthOfFirst":6,"lengthOfSecond":6}],"firstSimilarity":0.1276595744680851,"secondSimilarity":0.0594059405940594}