{"firstSubmissionId":"BAHAR_CETIN_ASLAN","secondSubmissionId":"ALI_OZUER","similarities":{"AVG":0.1422924901185771,"MAX":0.19148936170212766,"MAXIMUM_LENGTH":161.0,"LONGEST_MATCH":6.0},"matches":[{"firstFileName":"BAHAR_CETIN_ASLAN/StackQuestionsMemberbc.cpp","secondFileName":"ALI_OZUER/StackQuestionsMember.tpp","startInFirst":{"line":69,"column":9,"tokenListIndex":55},"endInFirst":{"line":72,"column":3,"tokenListIndex":60},"startInSecond":{"line":47,"column":13,"tokenListIndex":53},"endInSecond":{"line":50,"column":4,"tokenListIndex":58},"lengthOfFirst":6,"lengthOfSecond":6},{"firstFileName":"BAHAR_CETIN_ASLAN/StackQuestionsMemberbc.cpp","secondFileName":"ALI_OZUER/StackQuestionsMember.tpp","startInFirst":{"line":73,"column":9,"tokenListIndex":62},"endInFirst":{"line":76,"column":3,"tokenListIndex":67},"startInSecond":{"line":64,"column":13,"tokenListIndex":80},"endInSecond":{"line":67,"column":4,"tokenListIndex":85},"lengthOfFirst":6,"lengthOfSecond":6},{"firstFileName":"BAHAR_CETIN_ASLAN/StackQuestionsMemberbc.cpp","secondFileName":"ALI_OZUER/StackQuestionsNonMember.tpp","startInFirst":{"line":88,"column":9,"tokenListIndex":80},"endInFirst":{"line":91,"column":3,"tokenListIndex":85},"startInSecond":{"line":13,"column":11,"tokenListIndex":120},"endInSecond":{"line":16,"column":2,"tokenListIndex":125},"lengthOfFirst":6,"lengthOfSecond":6}],"firstSimilarity":0.19148936170212766,"secondSimilarity":0.11320754716981132}