{"firstSubmissionId":"BAHAR_CETIN_ASLAN","secondSubmissionId":"AGAH_DEMIR_GOK","similarities":{"AVG":0.1056338028169014,"MAX":0.1595744680851064,"MAXIMUM_LENGTH":192.0,"LONGEST_MATCH":8.0},"matches":[{"firstFileName":"BAHAR_CETIN_ASLAN/StackQuestionsMemberbc.cpp","secondFileName":"AGAH_DEMIR_GOK/StackQuestionsMember.tpp","startInFirst":{"line":24,"column":0,"tokenListIndex":11},"endInFirst":{"line":28,"column":7,"tokenListIndex":18},"startInSecond":{"line":19,"column":4,"tokenListIndex":12},"endInSecond":{"line":24,"column":9,"tokenListIndex":19},"lengthOfFirst":8,"lengthOfSecond":8},{"firstFileName":"BAHAR_CETIN_ASLAN/StackQuestionsMemberbc.cpp","secondFileName":"AGAH_DEMIR_GOK/StackQuestionsMember.tpp","startInFirst":{"line":30,"column":6,"tokenListIndex":20},"endInFirst":{"line":33,"column":5,"tokenListIndex":26},"startInSecond":{"line":26,"column":14,"tokenListIndex":26},"endInSecond":{"line":28,"column":12,"tokenListIndex":32},"lengthOfFirst":7,"lengthOfSecond":7}],"firstSimilarity":0.1595744680851064,"secondSimilarity":0.07894736842105263}