{"firstSubmissionId":"BAHAR_CETIN_ASLAN","secondSubmissionId":"YUSUF_KULLUK","similarities":{"AVG":0.11382113821138211,"MAX":0.14893617021276595,"MAXIMUM_LENGTH":154.0,"LONGEST_MATCH":8.0},"matches":[{"firstFileName":"BAHAR_CETIN_ASLAN/StackQuestionsMemberbc.cpp","secondFileName":"YUSUF_KULLUK/StackQuestionsMember.tpp","startInFirst":{"line":58,"column":1,"tokenListIndex":44},"endInFirst":{"line":65,"column":1,"tokenListIndex":51},"startInSecond":{"line":14,"column":8,"tokenListIndex":3},"endInSecond":{"line":20,"column":4,"tokenListIndex":10},"lengthOfFirst":8,"lengthOfSecond":8},{"firstFileName":"BAHAR_CETIN_ASLAN/StackQuestionsMemberbc.cpp","secondFileName":"YUSUF_KULLUK/StackQuestionsMember.tpp","startInFirst":{"line":21,"column":0,"tokenListIndex":9},"endInFirst":{"line":26,"column":0,"tokenListIndex":14},"startInSecond":{"line":51,"column":2,"tokenListIndex":39},"endInSecond":{"line":57,"column":2,"tokenListIndex":44},"lengthOfFirst":6,"lengthOfSecond":6}],"firstSimilarity":0.14893617021276595,"secondSimilarity":0.09210526315789473}