{"firstSubmissionId":"BAHAR_CETIN_ASLAN","secondSubmissionId":"EYLUL_SUICMEZ","similarities":{"AVG":0.16393442622950818,"MAX":0.2127659574468085,"MAXIMUM_LENGTH":152.0,"LONGEST_MATCH":8.0},"matches":[{"firstFileName":"BAHAR_CETIN_ASLAN/StackQuestionsMemberbc.cpp","secondFileName":"EYLUL_SUICMEZ/StackQuestionsMember.tpp","startInFirst":{"line":24,"column":0,"tokenListIndex":11},"endInFirst":{"line":28,"column":7,"tokenListIndex":18},"startInSecond":{"line":19,"column":1,"tokenListIndex":41},"endInSecond":{"line":23,"column":3,"tokenListIndex":48},"lengthOfFirst":8,"lengthOfSecond":8},{"firstFileName":"BAHAR_CETIN_ASLAN/StackQuestionsMemberbc.cpp","secondFileName":"EYLUL_SUICMEZ/StackQuestionsMember.tpp","startInFirst":{"line":60,"column":5,"tokenListIndex":47},"endInFirst":{"line":65,"column":1,"tokenListIndex":52},"startInSecond":{"line":67,"column":1,"tokenListIndex":100},"endInSecond":{"line":72,"column":1,"tokenListIndex":105},"lengthOfFirst":6,"lengthOfSecond":6},{"firstFileName":"BAHAR_CETIN_ASLAN/StackQuestionsMemberbc.cpp","secondFileName":"EYLUL_SUICMEZ/StackQuestionsMember.tpp","startInFirst":{"line":69,"column":9,"tokenListIndex":55},"endInFirst":{"line":72,"column":3,"tokenListIndex":60},"startInSecond":{"line":48,"column":10,"tokenListIndex":74},"endInSecond":{"line":51,"column":1,"tokenListIndex":79},"lengthOfFirst":6,"lengthOfSecond":6}],"firstSimilarity":0.2127659574468085,"secondSimilarity":0.13333333333333333}