{"firstSubmissionId":"BAHAR_CETIN_ASLAN","secondSubmissionId":"MUHAMMED_ENES_CAM","similarities":{"AVG":0.1890547263681592,"MAX":0.20212765957446807,"MAXIMUM_LENGTH":109.0,"LONGEST_MATCH":7.0},"matches":[{"firstFileName":"BAHAR_CETIN_ASLAN/StackQuestionsMemberbc.cpp","secondFileName":"MUHAMMED_ENES_CAM/StackQuestionsNonMember.tpp","startInFirst":{"line":69,"column":9,"tokenListIndex":55},"endInFirst":{"line":73,"column":3,"tokenListIndex":61},"startInSecond":{"line":23,"column":9,"tokenListIndex":13},"endInSecond":{"line":28,"column":1,"tokenListIndex":19},"lengthOfFirst":7,"lengthOfSecond":7},{"firstFileName":"BAHAR_CETIN_ASLAN/StackQuestionsMemberbc.cpp","secondFileName":"MUHAMMED_ENES_CAM/StackQuestionsNonMember.tpp","startInFirst":{"line":24,"column":0,"tokenListIndex":11},"endInFirst":{"line":27,"column":7,"tokenListIndex":16},"startInSecond":{"line":56,"column":2,"tokenListIndex":42},"endInSecond":{"line":60,"column":5,"tokenListIndex":47},"lengthOfFirst":6,"lengthOfSecond":6},{"firstFileName":"BAHAR_CETIN_ASLAN/StackQuestionsMemberbc.cpp","secondFileName":"MUHAMMED_ENES_CAM/StackQuestionsNonMember.tpp","startInFirst":{"line":30,"column":31,"tokenListIndex":22},"endInFirst":{"line":33,"column":23,"tokenListIndex":27},"startInSecond":{"line":72,"column":32,"tokenListIndex":63},"endInSecond":{"line":75,"column":25,"tokenListIndex":68},"lengthOfFirst":6,"lengthOfSecond":6}],"firstSimilarity":0.20212765957446807,"secondSimilarity":0.17757009345794392}