{"firstSubmissionId":"BAHAR_CETIN_ASLAN","secondSubmissionId":"ALISA_IDA_DELEON","similarities":{"AVG":0.05357142857142857,"MAX":0.06382978723404255,"MAXIMUM_LENGTH":132.0,"LONGEST_MATCH":6.0},"matches":[{"firstFileName":"BAHAR_CETIN_ASLAN/StackQuestionsMemberbc.cpp","secondFileName":"ALISA_IDA_DELEON/StackQuestionsMember_ Alisa_İda Deleon.tpp","startInFirst":{"line":17,"column":0,"tokenListIndex":6},"endInFirst":{"line":24,"column":0,"tokenListIndex":11},"startInSecond":{"line":13,"column":24,"tokenListIndex":7},"endInSecond":{"line":16,"column":10,"tokenListIndex":12},"lengthOfFirst":6,"lengthOfSecond":6}],"firstSimilarity":0.06382978723404255,"secondSimilarity":0.046153846153846156}