{"firstSubmissionId":"BAHAR_CETIN_ASLAN","secondSubmissionId":"TARIK_SERTVURAN","similarities":{"AVG":0.11711711711711711,"MAX":0.13829787234042554,"MAXIMUM_LENGTH":136.0,"LONGEST_MATCH":7.0},"matches":[{"firstFileName":"BAHAR_CETIN_ASLAN/StackQuestionsMemberbc.cpp","secondFileName":"TARIK_SERTVURAN/StackQuestionsMember.tpp","startInFirst":{"line":30,"column":6,"tokenListIndex":20},"endInFirst":{"line":33,"column":5,"tokenListIndex":26},"startInSecond":{"line":34,"column":12,"tokenListIndex":26},"endInSecond":{"line":36,"column":6,"tokenListIndex":32},"lengthOfFirst":7,"lengthOfSecond":7},{"firstFileName":"BAHAR_CETIN_ASLAN/StackQuestionsMemberbc.cpp","secondFileName":"TARIK_SERTVURAN/StackQuestionsMember.tpp","startInFirst":{"line":24,"column":0,"tokenListIndex":11},"endInFirst":{"line":27,"column":7,"tokenListIndex":16},"startInSecond":{"line":66,"column":14,"tokenListIndex":58},"endInSecond":{"line":71,"column":6,"tokenListIndex":63},"lengthOfFirst":6,"lengthOfSecond":6}],"firstSimilarity":0.13829787234042554,"secondSimilarity":0.1015625}