{"firstSubmissionId":"BAHAR_CETIN_ASLAN","secondSubmissionId":"ATAKAN_NAKTURK","similarities":{"AVG":0.2662337662337662,"MAX":0.43617021276595747,"MAXIMUM_LENGTH":216.0,"LONGEST_MATCH":10.0},"matches":[{"firstFileName":"BAHAR_CETIN_ASLAN/StackQuestionsMemberbc.cpp","secondFileName":"ATAKAN_NAKTURK/StackQuestionsMember.tpp","startInFirst":{"line":37,"column":3,"tokenListIndex":30},"endInFirst":{"line":50,"column":58,"tokenListIndex":39},"startInSecond":{"line":50,"column":4,"tokenListIndex":48},"endInSecond":{"line":60,"column":58,"tokenListIndex":57},"lengthOfFirst":10,"lengthOfSecond":10},{"firstFileName":"BAHAR_CETIN_ASLAN/StackQuestionsMemberbc.cpp","secondFileName":"ATAKAN_NAKTURK/StackQuestionsNonMember.tpp","startInFirst":{"line":69,"column":9,"tokenListIndex":55},"endInFirst":{"line":73,"column":3,"tokenListIndex":61},"startInSecond":{"line":24,"column":12,"tokenListIndex":134},"endInSecond":{"line":29,"column":4,"tokenListIndex":140},"lengthOfFirst":7,"lengthOfSecond":7},{"firstFileName":"BAHAR_CETIN_ASLAN/StackQuestionsMemberbc.cpp","secondFileName":"ATAKAN_NAKTURK/StackQuestionsMember.tpp","startInFirst":{"line":30,"column":31,"tokenListIndex":22},"endInFirst":{"line":33,"column":23,"tokenListIndex":27},"startInSecond":{"line":17,"column":2,"tokenListIndex":13},"endInSecond":{"line":19,"column":18,"tokenListIndex":18},"lengthOfFirst":6,"lengthOfSecond":6},{"firstFileName":"BAHAR_CETIN_ASLAN/StackQuestionsMemberbc.cpp","secondFileName":"ATAKAN_NAKTURK/StackQuestionsMember.tpp","startInFirst":{"line":54,"column":1,"tokenListIndex":41},"endInFirst":{"line":60,"column":1,"tokenListIndex":46},"startInSecond":{"line":63,"column":8,"tokenListIndex":64},"endInSecond":{"line":70,"column":4,"tokenListIndex":69},"lengthOfFirst":6,"lengthOfSecond":6},{"firstFileName":"BAHAR_CETIN_ASLAN/StackQuestionsMemberbc.cpp","secondFileName":"ATAKAN_NAKTURK/StackQuestionsMember.tpp","startInFirst":{"line":73,"column":9,"tokenListIndex":62},"endInFirst":{"line":76,"column":3,"tokenListIndex":67},"startInSecond":{"line":75,"column":16,"tokenListIndex":73},"endInSecond":{"line":79,"column":8,"tokenListIndex":78},"lengthOfFirst":6,"lengthOfSecond":6},{"firstFileName":"BAHAR_CETIN_ASLAN/StackQuestionsMemberbc.cpp","secondFileName":"ATAKAN_NAKTURK/StackQuestionsMember.tpp","startInFirst":{"line":88,"column":9,"tokenListIndex":80},"endInFirst":{"line":91,"column":3,"tokenListIndex":85},"startInSecond":{"line":83,"column":16,"tokenListIndex":83},"endInSecond":{"line":87,"column":8,"tokenListIndex":88},"lengthOfFirst":6,"lengthOfSecond":6}],"firstSimilarity":0.43617021276595747,"secondSimilarity":0.19158878504672897}