{"firstSubmissionId":"BAHAR_CETIN_ASLAN","secondSubmissionId":"KENAN_OZCAKIR","similarities":{"AVG":0.12017167381974249,"MAX":0.14893617021276595,"MAXIMUM_LENGTH":141.0,"LONGEST_MATCH":8.0},"matches":[{"firstFileName":"BAHAR_CETIN_ASLAN/StackQuestionsMemberbc.cpp","secondFileName":"KENAN_OZCAKIR/StackQuestionsMember.tpp","startInFirst":{"line":24,"column":0,"tokenListIndex":11},"endInFirst":{"line":28,"column":7,"tokenListIndex":18},"startInSecond":{"line":17,"column":8,"tokenListIndex":71},"endInSecond":{"line":22,"column":11,"tokenListIndex":78},"lengthOfFirst":8,"lengthOfSecond":8},{"firstFileName":"BAHAR_CETIN_ASLAN/StackQuestionsMemberbc.cpp","secondFileName":"KENAN_OZCAKIR/StackQuestionsNonMember.tpp","startInFirst":{"line":69,"column":9,"tokenListIndex":55},"endInFirst":{"line":72,"column":3,"tokenListIndex":60},"startInSecond":{"line":33,"column":13,"tokenListIndex":21},"endInSecond":{"line":35,"column":23,"tokenListIndex":26},"lengthOfFirst":6,"lengthOfSecond":6}],"firstSimilarity":0.14893617021276595,"secondSimilarity":0.10071942446043165}