{"firstSubmissionId":"CAGATAY_YUREKLI","secondSubmissionId":"ATAKAN_NAKTURK","similarities":{"AVG":0.3798076923076923,"MAX":0.3910891089108911,"MAXIMUM_LENGTH":216.0,"LONGEST_MATCH":19.0},"matches":[{"firstFileName":"CAGATAY_YUREKLI/StackQuestionsNonMember.tpp","secondFileName":"ATAKAN_NAKTURK/StackQuestionsMember.tpp","startInFirst":{"line":56,"column":1,"tokenListIndex":131},"endInFirst":{"line":70,"column":0,"tokenListIndex":149},"startInSecond":{"line":89,"column":4,"tokenListIndex":91},"endInSecond":{"line":104,"column":0,"tokenListIndex":109},"lengthOfFirst":19,"lengthOfSecond":19},{"firstFileName":"CAGATAY_YUREKLI/StackQuestionsMember.tpp","secondFileName":"ATAKAN_NAKTURK/StackQuestionsNonMember.tpp","startInFirst":{"line":97,"column":1,"tokenListIndex":74},"endInFirst":{"line":108,"column":2,"tokenListIndex":85},"startInSecond":{"line":38,"column":4,"tokenListIndex":153},"endInSecond":{"line":46,"column":19,"tokenListIndex":164},"lengthOfFirst":12,"lengthOfSecond":12},{"firstFileName":"CAGATAY_YUREKLI/StackQuestionsMember.tpp","secondFileName":"ATAKAN_NAKTURK/StackQuestionsMember.tpp","startInFirst":{"line":32,"column":9,"tokenListIndex":23},"endInFirst":{"line":42,"column":9,"tokenListIndex":30},"startInSecond":{"line":40,"column":8,"tokenListIndex":39},"endInSecond":{"line":49,"column":8,"tokenListIndex":46},"lengthOfFirst":8,"lengthOfSecond":8},{"firstFileName":"CAGATAY_YUREKLI/StackQuestionsNonMember.tpp","secondFileName":"ATAKAN_NAKTURK/StackQuestionsMember.tpp","startInFirst":{"line":98,"column":4,"tokenListIndex":171},"endInFirst":{"line":102,"column":8,"tokenListIndex":178},"startInSecond":{"line":19,"column":2,"tokenListIndex":16},"endInSecond":{"line":23,"column":4,"tokenListIndex":23},"lengthOfFirst":8,"lengthOfSecond":8},{"firstFileName":"CAGATAY_YUREKLI/StackQuestionsNonMember.tpp","secondFileName":"ATAKAN_NAKTURK/StackQuestionsNonMember.tpp","startInFirst":{"line":85,"column":4,"tokenListIndex":157},"endInFirst":{"line":89,"column":4,"tokenListIndex":163},"startInSecond":{"line":63,"column":4,"tokenListIndex":182},"endInSecond":{"line":70,"column":4,"tokenListIndex":188},"lengthOfFirst":7,"lengthOfSecond":7},{"firstFileName":"CAGATAY_YUREKLI/StackQuestionsNonMember.tpp","secondFileName":"ATAKAN_NAKTURK/StackQuestionsNonMember.tpp","startInFirst":{"line":110,"column":8,"tokenListIndex":187},"endInFirst":{"line":114,"column":12,"tokenListIndex":193},"startInSecond":{"line":77,"column":8,"tokenListIndex":195},"endInSecond":{"line":80,"column":12,"tokenListIndex":201},"lengthOfFirst":7,"lengthOfSecond":7},{"firstFileName":"CAGATAY_YUREKLI/StackQuestionsMember.tpp","secondFileName":"ATAKAN_NAKTURK/StackQuestionsMember.tpp","startInFirst":{"line":21,"column":2,"tokenListIndex":9},"endInFirst":{"line":24,"column":4,"tokenListIndex":14},"startInSecond":{"line":16,"column":2,"tokenListIndex":10},"endInSecond":{"line":18,"column":7,"tokenListIndex":15},"lengthOfFirst":6,"lengthOfSecond":6},{"firstFileName":"CAGATAY_YUREKLI/StackQuestionsMember.tpp","secondFileName":"ATAKAN_NAKTURK/StackQuestionsNonMember.tpp","startInFirst":{"line":27,"column":5,"tokenListIndex":17},"endInFirst":{"line":29,"column":9,"tokenListIndex":22},"startInSecond":{"line":72,"column":4,"tokenListIndex":189},"endInSecond":{"line":75,"column":8,"tokenListIndex":194},"lengthOfFirst":6,"lengthOfSecond":6},{"firstFileName":"CAGATAY_YUREKLI/StackQuestionsNonMember.tpp","secondFileName":"ATAKAN_NAKTURK/StackQuestionsNonMember.tpp","startInFirst":{"line":93,"column":4,"tokenListIndex":165},"endInFirst":{"line":96,"column":4,"tokenListIndex":170},"startInSecond":{"line":51,"column":4,"tokenListIndex":170},"endInSecond":{"line":55,"column":4,"tokenListIndex":175},"lengthOfFirst":6,"lengthOfSecond":6}],"firstSimilarity":0.3910891089108911,"secondSimilarity":0.3691588785046729}