{"firstSubmissionId":"ELIF_KAYAR","secondSubmissionId":"AGAH_DEMIR_GOK","similarities":{"AVG":0.20795107033639143,"MAX":0.24817518248175183,"MAXIMUM_LENGTH":192.0,"LONGEST_MATCH":8.0},"matches":[{"firstFileName":"ELIF_KAYAR/StackQuestionsNonMember.tpp","secondFileName":"AGAH_DEMIR_GOK/StackQuestionsNonMember.tpp","startInFirst":{"line":38,"column":46,"tokenListIndex":108},"endInFirst":{"line":42,"column":29,"tokenListIndex":115},"startInSecond":{"line":28,"column":8,"tokenListIndex":114},"endInSecond":{"line":32,"column":37,"tokenListIndex":121},"lengthOfFirst":8,"lengthOfSecond":8},{"firstFileName":"ELIF_KAYAR/StackQuestionsMember.tpp","secondFileName":"AGAH_DEMIR_GOK/StackQuestionsNonMember.tpp","startInFirst":{"line":17,"column":1,"tokenListIndex":12},"endInFirst":{"line":19,"column":1,"tokenListIndex":18},"startInSecond":{"line":62,"column":8,"tokenListIndex":159},"endInSecond":{"line":63,"column":33,"tokenListIndex":165},"lengthOfFirst":7,"lengthOfSecond":7},{"firstFileName":"ELIF_KAYAR/StackQuestionsMember.tpp","secondFileName":"AGAH_DEMIR_GOK/StackQuestionsMember.tpp","startInFirst":{"line":41,"column":25,"tokenListIndex":40},"endInFirst":{"line":45,"column":1,"tokenListIndex":46},"startInSecond":{"line":46,"column":4,"tokenListIndex":50},"endInSecond":{"line":50,"column":2,"tokenListIndex":56},"lengthOfFirst":7,"lengthOfSecond":7},{"firstFileName":"ELIF_KAYAR/StackQuestionsMember.tpp","secondFileName":"AGAH_DEMIR_GOK/StackQuestionsMember.tpp","startInFirst":{"line":31,"column":1,"tokenListIndex":32},"endInFirst":{"line":40,"column":3,"tokenListIndex":37},"startInSecond":{"line":37,"column":2,"tokenListIndex":41},"endInSecond":{"line":44,"column":8,"tokenListIndex":46},"lengthOfFirst":6,"lengthOfSecond":6},{"firstFileName":"ELIF_KAYAR/StackQuestionsNonMember.tpp","secondFileName":"AGAH_DEMIR_GOK/StackQuestionsNonMember.tpp","startInFirst":{"line":46,"column":1,"tokenListIndex":119},"endInFirst":{"line":47,"column":6,"tokenListIndex":124},"startInSecond":{"line":68,"column":2,"tokenListIndex":171},"endInSecond":{"line":69,"column":12,"tokenListIndex":176},"lengthOfFirst":6,"lengthOfSecond":6}],"firstSimilarity":0.24817518248175183,"secondSimilarity":0.17894736842105263}