{"firstSubmissionId":"ELIF_KAYAR","secondSubmissionId":"UMUT_ERTUGRUL_DASGIN","similarities":{"AVG":0.14093959731543623,"MAX":0.15328467153284672,"MAXIMUM_LENGTH":163.0,"LONGEST_MATCH":8.0},"matches":[{"firstFileName":"ELIF_KAYAR/StackQuestionsMember.tpp","secondFileName":"UMUT_ERTUGRUL_DASGIN/StackQuestionsMember.tpp","startInFirst":{"line":14,"column":1,"tokenListIndex":6},"endInFirst":{"line":17,"column":5,"tokenListIndex":13},"startInSecond":{"line":13,"column":4,"tokenListIndex":3},"endInSecond":{"line":16,"column":8,"tokenListIndex":10},"lengthOfFirst":8,"lengthOfSecond":8},{"firstFileName":"ELIF_KAYAR/StackQuestionsNonMember.tpp","secondFileName":"UMUT_ERTUGRUL_DASGIN/StackQuestionsNonMember.tpp","startInFirst":{"line":20,"column":3,"tokenListIndex":86},"endInFirst":{"line":23,"column":20,"tokenListIndex":92},"startInSecond":{"line":26,"column":21,"tokenListIndex":99},"endInSecond":{"line":31,"column":21,"tokenListIndex":105},"lengthOfFirst":7,"lengthOfSecond":7},{"firstFileName":"ELIF_KAYAR/StackQuestionsNonMember.tpp","secondFileName":"UMUT_ERTUGRUL_DASGIN/StackQuestionsMember.tpp","startInFirst":{"line":46,"column":1,"tokenListIndex":119},"endInFirst":{"line":47,"column":6,"tokenListIndex":124},"startInSecond":{"line":58,"column":4,"tokenListIndex":62},"endInSecond":{"line":59,"column":12,"tokenListIndex":67},"lengthOfFirst":6,"lengthOfSecond":6}],"firstSimilarity":0.15328467153284672,"secondSimilarity":0.13043478260869565}