{"firstSubmissionId":"ELIF_KAYAR","secondSubmissionId":"CAGATAY_YUREKLI","similarities":{"AVG":0.2890855457227139,"MAX":0.35766423357664234,"MAXIMUM_LENGTH":204.0,"LONGEST_MATCH":8.0},"matches":[{"firstFileName":"ELIF_KAYAR/StackQuestionsMember.tpp","secondFileName":"CAGATAY_YUREKLI/StackQuestionsNonMember.tpp","startInFirst":{"line":18,"column":1,"tokenListIndex":15},"endInFirst":{"line":22,"column":3,"tokenListIndex":22},"startInSecond":{"line":21,"column":1,"tokenListIndex":98},"endInSecond":{"line":26,"column":2,"tokenListIndex":105},"lengthOfFirst":8,"lengthOfSecond":8},{"firstFileName":"ELIF_KAYAR/StackQuestionsMember.tpp","secondFileName":"CAGATAY_YUREKLI/StackQuestionsNonMember.tpp","startInFirst":{"line":37,"column":22,"tokenListIndex":35},"endInFirst":{"line":42,"column":3,"tokenListIndex":42},"startInSecond":{"line":78,"column":0,"tokenListIndex":150},"endInSecond":{"line":85,"column":4,"tokenListIndex":157},"lengthOfFirst":8,"lengthOfSecond":8},{"firstFileName":"ELIF_KAYAR/StackQuestionsNonMember.tpp","secondFileName":"CAGATAY_YUREKLI/StackQuestionsMember.tpp","startInFirst":{"line":20,"column":3,"tokenListIndex":86},"endInFirst":{"line":23,"column":20,"tokenListIndex":92},"startInSecond":{"line":101,"column":13,"tokenListIndex":78},"endInSecond":{"line":107,"column":13,"tokenListIndex":84},"lengthOfFirst":7,"lengthOfSecond":7},{"firstFileName":"ELIF_KAYAR/StackQuestionsNonMember.tpp","secondFileName":"CAGATAY_YUREKLI/StackQuestionsNonMember.tpp","startInFirst":{"line":27,"column":3,"tokenListIndex":96},"endInFirst":{"line":30,"column":20,"tokenListIndex":102},"startInSecond":{"line":57,"column":21,"tokenListIndex":134},"endInSecond":{"line":62,"column":24,"tokenListIndex":140},"lengthOfFirst":7,"lengthOfSecond":7},{"firstFileName":"ELIF_KAYAR/StackQuestionsNonMember.tpp","secondFileName":"CAGATAY_YUREKLI/StackQuestionsNonMember.tpp","startInFirst":{"line":40,"column":3,"tokenListIndex":109},"endInFirst":{"line":42,"column":29,"tokenListIndex":115},"startInSecond":{"line":98,"column":4,"tokenListIndex":171},"endInSecond":{"line":101,"column":26,"tokenListIndex":177},"lengthOfFirst":7,"lengthOfSecond":7},{"firstFileName":"ELIF_KAYAR/StackQuestionsMember.tpp","secondFileName":"CAGATAY_YUREKLI/StackQuestionsMember.tpp","startInFirst":{"line":10,"column":0,"tokenListIndex":0},"endInFirst":{"line":13,"column":29,"tokenListIndex":5},"startInSecond":{"line":61,"column":22,"tokenListIndex":41},"endInSecond":{"line":66,"column":1,"tokenListIndex":46},"lengthOfFirst":6,"lengthOfSecond":6},{"firstFileName":"ELIF_KAYAR/StackQuestionsNonMember.tpp","secondFileName":"CAGATAY_YUREKLI/StackQuestionsNonMember.tpp","startInFirst":{"line":46,"column":1,"tokenListIndex":119},"endInFirst":{"line":47,"column":6,"tokenListIndex":124},"startInSecond":{"line":107,"column":4,"tokenListIndex":181},"endInSecond":{"line":108,"column":10,"tokenListIndex":186},"lengthOfFirst":6,"lengthOfSecond":6}],"firstSimilarity":0.35766423357664234,"secondSimilarity":0.24257425742574257}