{"firstSubmissionId":"ELIF_KAYAR","secondSubmissionId":"SAFA_GOKALP_UGUR","similarities":{"AVG":0.42524916943521596,"MAX":0.46715328467153283,"MAXIMUM_LENGTH":166.0,"LONGEST_MATCH":12.0},"matches":[{"firstFileName":"ELIF_KAYAR/StackQuestionsMember.tpp","secondFileName":"SAFA_GOKALP_UGUR/StackQuestionsMember.tpp","startInFirst":{"line":13,"column":1,"tokenListIndex":2},"endInFirst":{"line":17,"column":5,"tokenListIndex":13},"startInSecond":{"line":17,"column":4,"tokenListIndex":86},"endInSecond":{"line":21,"column":11,"tokenListIndex":97},"lengthOfFirst":12,"lengthOfSecond":12},{"firstFileName":"ELIF_KAYAR/StackQuestionsMember.tpp","secondFileName":"SAFA_GOKALP_UGUR/StackQuestionsMember.tpp","startInFirst":{"line":46,"column":2,"tokenListIndex":47},"endInFirst":{"line":51,"column":2,"tokenListIndex":58},"startInSecond":{"line":62,"column":4,"tokenListIndex":135},"endInSecond":{"line":68,"column":4,"tokenListIndex":146},"lengthOfFirst":12,"lengthOfSecond":12},{"firstFileName":"ELIF_KAYAR/StackQuestionsNonMember.tpp","secondFileName":"SAFA_GOKALP_UGUR/StackQuestionsMember.tpp","startInFirst":{"line":20,"column":3,"tokenListIndex":86},"endInFirst":{"line":24,"column":2,"tokenListIndex":93},"startInSecond":{"line":77,"column":8,"tokenListIndex":156},"endInSecond":{"line":81,"column":4,"tokenListIndex":163},"lengthOfFirst":8,"lengthOfSecond":8},{"firstFileName":"ELIF_KAYAR/StackQuestionsMember.tpp","secondFileName":"SAFA_GOKALP_UGUR/StackQuestionsMember.tpp","startInFirst":{"line":28,"column":1,"tokenListIndex":31},"endInFirst":{"line":40,"column":3,"tokenListIndex":37},"startInSecond":{"line":39,"column":4,"tokenListIndex":115},"endInSecond":{"line":49,"column":4,"tokenListIndex":121},"lengthOfFirst":7,"lengthOfSecond":7},{"firstFileName":"ELIF_KAYAR/StackQuestionsNonMember.tpp","secondFileName":"SAFA_GOKALP_UGUR/StackQuestionsNonMember.tpp","startInFirst":{"line":46,"column":27,"tokenListIndex":122},"endInFirst":{"line":48,"column":28,"tokenListIndex":128},"startInSecond":{"line":31,"column":8,"tokenListIndex":24},"endInSecond":{"line":34,"column":34,"tokenListIndex":30},"lengthOfFirst":7,"lengthOfSecond":7},{"firstFileName":"ELIF_KAYAR/StackQuestionsMember.tpp","secondFileName":"SAFA_GOKALP_UGUR/StackQuestionsMember.tpp","startInFirst":{"line":17,"column":16,"tokenListIndex":14},"endInFirst":{"line":19,"column":5,"tokenListIndex":19},"startInSecond":{"line":23,"column":11,"tokenListIndex":99},"endInSecond":{"line":25,"column":10,"tokenListIndex":104},"lengthOfFirst":6,"lengthOfSecond":6},{"firstFileName":"ELIF_KAYAR/StackQuestionsMember.tpp","secondFileName":"SAFA_GOKALP_UGUR/StackQuestionsNonMember.tpp","startInFirst":{"line":53,"column":2,"tokenListIndex":60},"endInFirst":{"line":54,"column":18,"tokenListIndex":65},"startInSecond":{"line":38,"column":4,"tokenListIndex":35},"endInSecond":{"line":39,"column":17,"tokenListIndex":40},"lengthOfFirst":6,"lengthOfSecond":6},{"firstFileName":"ELIF_KAYAR/StackQuestionsNonMember.tpp","secondFileName":"SAFA_GOKALP_UGUR/StackQuestionsNonMember.tpp","startInFirst":{"line":38,"column":0,"tokenListIndex":106},"endInFirst":{"line":40,"column":19,"tokenListIndex":111},"startInSecond":{"line":12,"column":0,"tokenListIndex":0},"endInSecond":{"line":14,"column":9,"tokenListIndex":5},"lengthOfFirst":6,"lengthOfSecond":6}],"firstSimilarity":0.46715328467153283,"secondSimilarity":0.3902439024390244}