{"firstSubmissionId":"ELIF_KAYAR","secondSubmissionId":"ALI_OZUER","similarities":{"AVG":0.625,"MAX":0.6715328467153284,"MAXIMUM_LENGTH":161.0,"LONGEST_MATCH":25.0},"matches":[{"firstFileName":"ELIF_KAYAR/StackQuestionsNonMember.tpp","secondFileName":"ALI_OZUER/StackQuestionsMember.tpp","startInFirst":{"line":20,"column":3,"tokenListIndex":86},"endInFirst":{"line":23,"column":20,"tokenListIndex":92},"startInSecond":{"line":52,"column":18,"tokenListIndex":62},"endInSecond":{"line":56,"column":17,"tokenListIndex":68},"lengthOfFirst":7,"lengthOfSecond":7},{"firstFileName":"ELIF_KAYAR/StackQuestionsNonMember.tpp","secondFileName":"ALI_OZUER/StackQuestionsMember.tpp","startInFirst":{"line":27,"column":3,"tokenListIndex":96},"endInFirst":{"line":30,"column":20,"tokenListIndex":102},"startInSecond":{"line":69,"column":18,"tokenListIndex":89},"endInSecond":{"line":73,"column":17,"tokenListIndex":95},"lengthOfFirst":7,"lengthOfSecond":7},{"firstFileName":"ELIF_KAYAR/StackQuestionsMember.tpp","secondFileName":"ALI_OZUER/StackQuestionsMember.tpp","startInFirst":{"line":28,"column":1,"tokenListIndex":31},"endInFirst":{"line":37,"column":58,"tokenListIndex":36},"startInSecond":{"line":33,"column":2,"tokenListIndex":36},"endInSecond":{"line":40,"column":58,"tokenListIndex":41},"lengthOfFirst":6,"lengthOfSecond":6},{"firstFileName":"ELIF_KAYAR/StackQuestionsMember.tpp","secondFileName":"ALI_OZUER/StackQuestionsNonMember.tpp","startInFirst":{"line":40,"column":3,"tokenListIndex":37},"endInFirst":{"line":42,"column":3,"tokenListIndex":42},"startInSecond":{"line":7,"column":22,"tokenListIndex":108},"endInSecond":{"line":10,"column":2,"tokenListIndex":113},"lengthOfFirst":6,"lengthOfSecond":6},{"firstFileName":"ELIF_KAYAR/StackQuestionsMember.tpp","secondFileName":"ALI_OZUER/StackQuestionsMember.tpp","startInFirst":{"line":56,"column":8,"tokenListIndex":68},"endInFirst":{"line":60,"column":0,"tokenListIndex":73},"startInSecond":{"line":77,"column":7,"tokenListIndex":100},"endInSecond":{"line":81,"column":0,"tokenListIndex":105},"lengthOfFirst":6,"lengthOfSecond":6},{"firstFileName":"ELIF_KAYAR/StackQuestionsMember.tpp","secondFileName":"ALI_OZUER/StackQuestionsMember.tpp","startInFirst":{"line":13,"column":1,"tokenListIndex":2},"endInFirst":{"line":25,"column":14,"tokenListIndex":28},"startInSecond":{"line":11,"column":2,"tokenListIndex":1},"endInSecond":{"line":24,"column":13,"tokenListIndex":25},"lengthOfFirst":27,"lengthOfSecond":25},{"firstFileName":"ELIF_KAYAR/StackQuestionsMember.tpp","secondFileName":"ALI_OZUER/StackQuestionsMember.tpp","startInFirst":{"line":45,"column":1,"tokenListIndex":46},"endInFirst":{"line":49,"column":2,"tokenListIndex":54},"startInSecond":{"line":46,"column":2,"tokenListIndex":50},"endInSecond":{"line":51,"column":4,"tokenListIndex":59},"lengthOfFirst":9,"lengthOfSecond":10},{"firstFileName":"ELIF_KAYAR/StackQuestionsMember.tpp","secondFileName":"ALI_OZUER/StackQuestionsMember.tpp","startInFirst":{"line":49,"column":8,"tokenListIndex":55},"endInFirst":{"line":56,"column":2,"tokenListIndex":67},"startInSecond":{"line":60,"column":7,"tokenListIndex":73},"endInSecond":{"line":68,"column":4,"tokenListIndex":86},"lengthOfFirst":13,"lengthOfSecond":14},{"firstFileName":"ELIF_KAYAR/StackQuestionsNonMember.tpp","secondFileName":"ALI_OZUER/StackQuestionsNonMember.tpp","startInFirst":{"line":38,"column":46,"tokenListIndex":108},"endInFirst":{"line":44,"column":1,"tokenListIndex":118},"startInSecond":{"line":11,"column":2,"tokenListIndex":114},"endInSecond":{"line":16,"column":2,"tokenListIndex":125},"lengthOfFirst":11,"lengthOfSecond":12}],"firstSimilarity":0.6715328467153284,"secondSimilarity":0.5849056603773585}