{"firstSubmissionId":"ELIF_KAYAR","secondSubmissionId":"YUSUF_KULLUK","similarities":{"AVG":0.33217993079584773,"MAX":0.35036496350364965,"MAXIMUM_LENGTH":154.0,"LONGEST_MATCH":8.0},"matches":[{"firstFileName":"ELIF_KAYAR/StackQuestionsNonMember.tpp","secondFileName":"YUSUF_KULLUK/StackQuestionsNonMember.tpp","startInFirst":{"line":11,"column":0,"tokenListIndex":75},"endInFirst":{"line":16,"column":13,"tokenListIndex":82},"startInSecond":{"line":14,"column":0,"tokenListIndex":65},"endInSecond":{"line":18,"column":14,"tokenListIndex":72},"lengthOfFirst":8,"lengthOfSecond":8},{"firstFileName":"ELIF_KAYAR/StackQuestionsMember.tpp","secondFileName":"YUSUF_KULLUK/StackQuestionsMember.tpp","startInFirst":{"line":14,"column":1,"tokenListIndex":6},"endInFirst":{"line":17,"column":1,"tokenListIndex":12},"startInSecond":{"line":13,"column":1,"tokenListIndex":1},"endInSecond":{"line":20,"column":4,"tokenListIndex":7},"lengthOfFirst":7,"lengthOfSecond":7},{"firstFileName":"ELIF_KAYAR/StackQuestionsMember.tpp","secondFileName":"YUSUF_KULLUK/StackQuestionsMember.tpp","startInFirst":{"line":28,"column":1,"tokenListIndex":31},"endInFirst":{"line":40,"column":3,"tokenListIndex":37},"startInSecond":{"line":36,"column":4,"tokenListIndex":26},"endInSecond":{"line":48,"column":2,"tokenListIndex":32},"lengthOfFirst":7,"lengthOfSecond":7},{"firstFileName":"ELIF_KAYAR/StackQuestionsNonMember.tpp","secondFileName":"YUSUF_KULLUK/StackQuestionsMember.tpp","startInFirst":{"line":20,"column":3,"tokenListIndex":86},"endInFirst":{"line":23,"column":20,"tokenListIndex":92},"startInSecond":{"line":55,"column":15,"tokenListIndex":42},"endInSecond":{"line":59,"column":15,"tokenListIndex":48},"lengthOfFirst":7,"lengthOfSecond":7},{"firstFileName":"ELIF_KAYAR/StackQuestionsNonMember.tpp","secondFileName":"YUSUF_KULLUK/StackQuestionsMember.tpp","startInFirst":{"line":27,"column":3,"tokenListIndex":96},"endInFirst":{"line":30,"column":20,"tokenListIndex":102},"startInSecond":{"line":63,"column":15,"tokenListIndex":54},"endInSecond":{"line":67,"column":15,"tokenListIndex":60},"lengthOfFirst":7,"lengthOfSecond":7},{"firstFileName":"ELIF_KAYAR/StackQuestionsMember.tpp","secondFileName":"YUSUF_KULLUK/StackQuestionsNonMember.tpp","startInFirst":{"line":17,"column":5,"tokenListIndex":13},"endInFirst":{"line":19,"column":1,"tokenListIndex":18},"startInSecond":{"line":57,"column":6,"tokenListIndex":109},"endInSecond":{"line":59,"column":2,"tokenListIndex":114},"lengthOfFirst":6,"lengthOfSecond":6},{"firstFileName":"ELIF_KAYAR/StackQuestionsNonMember.tpp","secondFileName":"YUSUF_KULLUK/StackQuestionsNonMember.tpp","startInFirst":{"line":46,"column":1,"tokenListIndex":119},"endInFirst":{"line":47,"column":6,"tokenListIndex":124},"startInSecond":{"line":64,"column":2,"tokenListIndex":117},"endInSecond":{"line":65,"column":13,"tokenListIndex":122},"lengthOfFirst":6,"lengthOfSecond":6}],"firstSimilarity":0.35036496350364965,"secondSimilarity":0.3157894736842105}