{"firstSubmissionId":"ELIF_KAYAR","secondSubmissionId":"PELIN_GORER","similarities":{"AVG":0.24822695035460993,"MAX":0.25547445255474455,"MAXIMUM_LENGTH":147.0,"LONGEST_MATCH":9.0},"matches":[{"firstFileName":"ELIF_KAYAR/StackQuestionsMember.tpp","secondFileName":"PELIN_GORER/StackQuestionsMember.tpp","startInFirst":{"line":12,"column":1,"tokenListIndex":1},"endInFirst":{"line":14,"column":29,"tokenListIndex":9},"startInSecond":{"line":14,"column":4,"tokenListIndex":3},"endInSecond":{"line":21,"column":4,"tokenListIndex":11},"lengthOfFirst":9,"lengthOfSecond":9},{"firstFileName":"ELIF_KAYAR/StackQuestionsNonMember.tpp","secondFileName":"PELIN_GORER/StackQuestionsNonMember.tpp","startInFirst":{"line":13,"column":1,"tokenListIndex":78},"endInFirst":{"line":18,"column":4,"tokenListIndex":84},"startInSecond":{"line":11,"column":44,"tokenListIndex":95},"endInSecond":{"line":14,"column":7,"tokenListIndex":101},"lengthOfFirst":7,"lengthOfSecond":7},{"firstFileName":"ELIF_KAYAR/StackQuestionsNonMember.tpp","secondFileName":"PELIN_GORER/StackQuestionsMember.tpp","startInFirst":{"line":20,"column":3,"tokenListIndex":86},"endInFirst":{"line":23,"column":20,"tokenListIndex":92},"startInSecond":{"line":64,"column":22,"tokenListIndex":82},"endInSecond":{"line":68,"column":18,"tokenListIndex":88},"lengthOfFirst":7,"lengthOfSecond":7},{"firstFileName":"ELIF_KAYAR/StackQuestionsMember.tpp","secondFileName":"PELIN_GORER/StackQuestionsMember.tpp","startInFirst":{"line":37,"column":58,"tokenListIndex":36},"endInFirst":{"line":41,"column":31,"tokenListIndex":41},"startInSecond":{"line":53,"column":4,"tokenListIndex":63},"endInSecond":{"line":57,"column":4,"tokenListIndex":68},"lengthOfFirst":6,"lengthOfSecond":6},{"firstFileName":"ELIF_KAYAR/StackQuestionsMember.tpp","secondFileName":"PELIN_GORER/StackQuestionsNonMember.tpp","startInFirst":{"line":46,"column":2,"tokenListIndex":47},"endInFirst":{"line":47,"column":18,"tokenListIndex":52},"startInSecond":{"line":17,"column":4,"tokenListIndex":104},"endInSecond":{"line":18,"column":21,"tokenListIndex":109},"lengthOfFirst":6,"lengthOfSecond":6}],"firstSimilarity":0.25547445255474455,"secondSimilarity":0.2413793103448276}