{"firstSubmissionId":"ELIF_KAYAR","secondSubmissionId":"KENAN_OZCAKIR","similarities":{"AVG":0.30434782608695654,"MAX":0.30656934306569344,"MAXIMUM_LENGTH":141.0,"LONGEST_MATCH":9.0},"matches":[{"firstFileName":"ELIF_KAYAR/StackQuestionsMember.tpp","secondFileName":"KENAN_OZCAKIR/StackQuestionsNonMember.tpp","startInFirst":{"line":40,"column":3,"tokenListIndex":37},"endInFirst":{"line":43,"column":3,"tokenListIndex":45},"startInSecond":{"line":16,"column":34,"tokenListIndex":1},"endInSecond":{"line":22,"column":4,"tokenListIndex":9},"lengthOfFirst":9,"lengthOfSecond":9},{"firstFileName":"ELIF_KAYAR/StackQuestionsMember.tpp","secondFileName":"KENAN_OZCAKIR/StackQuestionsMember.tpp","startInFirst":{"line":14,"column":1,"tokenListIndex":6},"endInFirst":{"line":17,"column":1,"tokenListIndex":12},"startInSecond":{"line":12,"column":4,"tokenListIndex":62},"endInSecond":{"line":15,"column":4,"tokenListIndex":68},"lengthOfFirst":7,"lengthOfSecond":7},{"firstFileName":"ELIF_KAYAR/StackQuestionsMember.tpp","secondFileName":"KENAN_OZCAKIR/StackQuestionsNonMember.tpp","startInFirst":{"line":47,"column":3,"tokenListIndex":51},"endInFirst":{"line":50,"column":14,"tokenListIndex":57},"startInSecond":{"line":34,"column":20,"tokenListIndex":24},"endInSecond":{"line":38,"column":17,"tokenListIndex":30},"lengthOfFirst":7,"lengthOfSecond":7},{"firstFileName":"ELIF_KAYAR/StackQuestionsNonMember.tpp","secondFileName":"KENAN_OZCAKIR/StackQuestionsNonMember.tpp","startInFirst":{"line":20,"column":3,"tokenListIndex":86},"endInFirst":{"line":23,"column":20,"tokenListIndex":92},"startInSecond":{"line":46,"column":20,"tokenListIndex":40},"endInSecond":{"line":50,"column":20,"tokenListIndex":46},"lengthOfFirst":7,"lengthOfSecond":7},{"firstFileName":"ELIF_KAYAR/StackQuestionsMember.tpp","secondFileName":"KENAN_OZCAKIR/StackQuestionsMember.tpp","startInFirst":{"line":10,"column":0,"tokenListIndex":0},"endInFirst":{"line":13,"column":29,"tokenListIndex":5},"startInSecond":{"line":56,"column":24,"tokenListIndex":105},"endInSecond":{"line":62,"column":14,"tokenListIndex":110},"lengthOfFirst":6,"lengthOfSecond":6},{"firstFileName":"ELIF_KAYAR/StackQuestionsNonMember.tpp","secondFileName":"KENAN_OZCAKIR/StackQuestionsNonMember.tpp","startInFirst":{"line":27,"column":17,"tokenListIndex":97},"endInFirst":{"line":30,"column":20,"tokenListIndex":102},"startInSecond":{"line":39,"column":8,"tokenListIndex":31},"endInSecond":{"line":44,"column":8,"tokenListIndex":36},"lengthOfFirst":6,"lengthOfSecond":6}],"firstSimilarity":0.30656934306569344,"secondSimilarity":0.302158273381295}