{"firstSubmissionId":"ELIF_KAYAR","secondSubmissionId":"ZEYNEP_ECE_BIKEZ","similarities":{"AVG":0.15527950310559005,"MAX":0.18248175182481752,"MAXIMUM_LENGTH":187.0,"LONGEST_MATCH":11.0},"matches":[{"firstFileName":"ELIF_KAYAR/StackQuestionsMember.tpp","secondFileName":"ZEYNEP_ECE_BIKEZ/StackQuestionsMember.tpp","startInFirst":{"line":12,"column":1,"tokenListIndex":1},"endInFirst":{"line":16,"column":5,"tokenListIndex":11},"startInSecond":{"line":46,"column":4,"tokenListIndex":43},"endInSecond":{"line":54,"column":22,"tokenListIndex":53},"lengthOfFirst":11,"lengthOfSecond":11},{"firstFileName":"ELIF_KAYAR/StackQuestionsMember.tpp","secondFileName":"ZEYNEP_ECE_BIKEZ/StackQuestionsNonMember.tpp","startInFirst":{"line":17,"column":16,"tokenListIndex":14},"endInFirst":{"line":21,"column":7,"tokenListIndex":21},"startInSecond":{"line":18,"column":11,"tokenListIndex":102},"endInSecond":{"line":22,"column":16,"tokenListIndex":109},"lengthOfFirst":8,"lengthOfSecond":8},{"firstFileName":"ELIF_KAYAR/StackQuestionsMember.tpp","secondFileName":"ZEYNEP_ECE_BIKEZ/StackQuestionsMember.tpp","startInFirst":{"line":31,"column":1,"tokenListIndex":32},"endInFirst":{"line":40,"column":3,"tokenListIndex":37},"startInSecond":{"line":38,"column":2,"tokenListIndex":36},"endInSecond":{"line":47,"column":4,"tokenListIndex":41},"lengthOfFirst":6,"lengthOfSecond":6}],"firstSimilarity":0.18248175182481752,"secondSimilarity":0.13513513513513514}