{"firstSubmissionId":"ELIF_KAYAR","secondSubmissionId":"ATAKAN_NAKTURK","similarities":{"AVG":0.27350427350427353,"MAX":0.35036496350364965,"MAXIMUM_LENGTH":216.0,"LONGEST_MATCH":8.0},"matches":[{"firstFileName":"ELIF_KAYAR/StackQuestionsMember.tpp","secondFileName":"ATAKAN_NAKTURK/StackQuestionsMember.tpp","startInFirst":{"line":43,"column":3,"tokenListIndex":45},"endInFirst":{"line":47,"column":18,"tokenListIndex":52},"startInSecond":{"line":70,"column":4,"tokenListIndex":69},"endInSecond":{"line":77,"column":27,"tokenListIndex":76},"lengthOfFirst":8,"lengthOfSecond":8},{"firstFileName":"ELIF_KAYAR/StackQuestionsMember.tpp","secondFileName":"ATAKAN_NAKTURK/StackQuestionsNonMember.tpp","startInFirst":{"line":54,"column":3,"tokenListIndex":64},"endInFirst":{"line":57,"column":14,"tokenListIndex":70},"startInSecond":{"line":31,"column":24,"tokenListIndex":145},"endInSecond":{"line":36,"column":28,"tokenListIndex":151},"lengthOfFirst":7,"lengthOfSecond":7},{"firstFileName":"ELIF_KAYAR/StackQuestionsNonMember.tpp","secondFileName":"ATAKAN_NAKTURK/StackQuestionsMember.tpp","startInFirst":{"line":20,"column":3,"tokenListIndex":86},"endInFirst":{"line":23,"column":20,"tokenListIndex":92},"startInSecond":{"line":91,"column":24,"tokenListIndex":94},"endInSecond":{"line":96,"column":19,"tokenListIndex":100},"lengthOfFirst":7,"lengthOfSecond":7},{"firstFileName":"ELIF_KAYAR/StackQuestionsNonMember.tpp","secondFileName":"ATAKAN_NAKTURK/StackQuestionsNonMember.tpp","startInFirst":{"line":27,"column":3,"tokenListIndex":96},"endInFirst":{"line":30,"column":20,"tokenListIndex":102},"startInSecond":{"line":41,"column":31,"tokenListIndex":157},"endInSecond":{"line":46,"column":8,"tokenListIndex":163},"lengthOfFirst":7,"lengthOfSecond":7},{"firstFileName":"ELIF_KAYAR/StackQuestionsNonMember.tpp","secondFileName":"ATAKAN_NAKTURK/StackQuestionsMember.tpp","startInFirst":{"line":33,"column":0,"tokenListIndex":105},"endInFirst":{"line":40,"column":19,"tokenListIndex":111},"startInSecond":{"line":55,"column":0,"tokenListIndex":54},"endInSecond":{"line":61,"column":23,"tokenListIndex":60},"lengthOfFirst":7,"lengthOfSecond":7},{"firstFileName":"ELIF_KAYAR/StackQuestionsNonMember.tpp","secondFileName":"ATAKAN_NAKTURK/StackQuestionsNonMember.tpp","startInFirst":{"line":11,"column":0,"tokenListIndex":75},"endInFirst":{"line":16,"column":1,"tokenListIndex":80},"startInSecond":{"line":61,"column":0,"tokenListIndex":177},"endInSecond":{"line":64,"column":4,"tokenListIndex":182},"lengthOfFirst":6,"lengthOfSecond":6},{"firstFileName":"ELIF_KAYAR/StackQuestionsNonMember.tpp","secondFileName":"ATAKAN_NAKTURK/StackQuestionsNonMember.tpp","startInFirst":{"line":43,"column":11,"tokenListIndex":117},"endInFirst":{"line":46,"column":27,"tokenListIndex":122},"startInSecond":{"line":27,"column":8,"tokenListIndex":138},"endInSecond":{"line":29,"column":35,"tokenListIndex":143},"lengthOfFirst":6,"lengthOfSecond":6}],"firstSimilarity":0.35036496350364965,"secondSimilarity":0.22429906542056074}