{"firstSubmissionId":"ELIF_KAYAR","secondSubmissionId":"EYLUL_SUICMEZ","similarities":{"AVG":0.2926829268292683,"MAX":0.30656934306569344,"MAXIMUM_LENGTH":152.0,"LONGEST_MATCH":9.0},"matches":[{"firstFileName":"ELIF_KAYAR/StackQuestionsMember.tpp","secondFileName":"EYLUL_SUICMEZ/StackQuestionsMember.tpp","startInFirst":{"line":13,"column":1,"tokenListIndex":2},"endInFirst":{"line":16,"column":1,"tokenListIndex":10},"startInSecond":{"line":11,"column":2,"tokenListIndex":30},"endInSecond":{"line":17,"column":0,"tokenListIndex":38},"lengthOfFirst":9,"lengthOfSecond":9},{"firstFileName":"ELIF_KAYAR/StackQuestionsNonMember.tpp","secondFileName":"EYLUL_SUICMEZ/StackQuestionsMember.tpp","startInFirst":{"line":20,"column":3,"tokenListIndex":86},"endInFirst":{"line":24,"column":2,"tokenListIndex":93},"startInSecond":{"line":53,"column":13,"tokenListIndex":83},"endInSecond":{"line":59,"column":0,"tokenListIndex":90},"lengthOfFirst":8,"lengthOfSecond":8},{"firstFileName":"ELIF_KAYAR/StackQuestionsNonMember.tpp","secondFileName":"EYLUL_SUICMEZ/StackQuestionsMember.tpp","startInFirst":{"line":27,"column":3,"tokenListIndex":96},"endInFirst":{"line":30,"column":20,"tokenListIndex":102},"startInSecond":{"line":82,"column":13,"tokenListIndex":121},"endInSecond":{"line":87,"column":20,"tokenListIndex":127},"lengthOfFirst":7,"lengthOfSecond":7},{"firstFileName":"ELIF_KAYAR/StackQuestionsMember.tpp","secondFileName":"EYLUL_SUICMEZ/StackQuestionsMember.tpp","startInFirst":{"line":28,"column":1,"tokenListIndex":31},"endInFirst":{"line":37,"column":58,"tokenListIndex":36},"startInSecond":{"line":35,"column":0,"tokenListIndex":63},"endInSecond":{"line":43,"column":58,"tokenListIndex":68},"lengthOfFirst":6,"lengthOfSecond":6},{"firstFileName":"ELIF_KAYAR/StackQuestionsMember.tpp","secondFileName":"EYLUL_SUICMEZ/StackQuestionsMember.tpp","startInFirst":{"line":46,"column":2,"tokenListIndex":47},"endInFirst":{"line":47,"column":18,"tokenListIndex":52},"startInSecond":{"line":48,"column":2,"tokenListIndex":72},"endInSecond":{"line":49,"column":14,"tokenListIndex":77},"lengthOfFirst":6,"lengthOfSecond":6},{"firstFileName":"ELIF_KAYAR/StackQuestionsNonMember.tpp","secondFileName":"EYLUL_SUICMEZ/StackQuestionsNonMember.tpp","startInFirst":{"line":38,"column":0,"tokenListIndex":106},"endInFirst":{"line":40,"column":19,"tokenListIndex":111},"startInSecond":{"line":12,"column":0,"tokenListIndex":0},"endInSecond":{"line":13,"column":14,"tokenListIndex":5},"lengthOfFirst":6,"lengthOfSecond":6}],"firstSimilarity":0.30656934306569344,"secondSimilarity":0.28}