{"firstSubmissionId":"EYLUL_SUICMEZ","secondSubmissionId":"CAGATAY_YUREKLI","similarities":{"AVG":0.3125,"MAX":0.36666666666666664,"MAXIMUM_LENGTH":204.0,"LONGEST_MATCH":19.0},"matches":[{"firstFileName":"EYLUL_SUICMEZ/StackQuestionsMember.tpp","secondFileName":"CAGATAY_YUREKLI/StackQuestionsNonMember.tpp","startInFirst":{"line":84,"column":0,"tokenListIndex":123},"endInFirst":{"line":99,"column":0,"tokenListIndex":141},"startInSecond":{"line":52,"column":1,"tokenListIndex":130},"endInSecond":{"line":69,"column":4,"tokenListIndex":148},"lengthOfFirst":19,"lengthOfSecond":19},{"firstFileName":"EYLUL_SUICMEZ/StackQuestionsMember.tpp","secondFileName":"CAGATAY_YUREKLI/StackQuestionsNonMember.tpp","startInFirst":{"line":14,"column":0,"tokenListIndex":34},"endInFirst":{"line":22,"column":1,"tokenListIndex":45},"startInSecond":{"line":81,"column":4,"tokenListIndex":153},"endInSecond":{"line":92,"column":4,"tokenListIndex":164},"lengthOfFirst":12,"lengthOfSecond":12},{"firstFileName":"EYLUL_SUICMEZ/StackQuestionsMember.tpp","secondFileName":"CAGATAY_YUREKLI/StackQuestionsMember.tpp","startInFirst":{"line":52,"column":1,"tokenListIndex":80},"endInFirst":{"line":58,"column":1,"tokenListIndex":89},"startInSecond":{"line":99,"column":1,"tokenListIndex":75},"endInSecond":{"line":107,"column":13,"tokenListIndex":84},"lengthOfFirst":10,"lengthOfSecond":10},{"firstFileName":"EYLUL_SUICMEZ/StackQuestionsMember.tpp","secondFileName":"CAGATAY_YUREKLI/StackQuestionsMember.tpp","startInFirst":{"line":24,"column":1,"tokenListIndex":50},"endInFirst":{"line":28,"column":1,"tokenListIndex":57},"startInSecond":{"line":24,"column":14,"tokenListIndex":15},"endInSecond":{"line":29,"column":9,"tokenListIndex":22},"lengthOfFirst":8,"lengthOfSecond":8},{"firstFileName":"EYLUL_SUICMEZ/StackQuestionsMember.tpp","secondFileName":"CAGATAY_YUREKLI/StackQuestionsNonMember.tpp","startInFirst":{"line":60,"column":1,"tokenListIndex":91},"endInFirst":{"line":63,"column":0,"tokenListIndex":96},"startInSecond":{"line":93,"column":4,"tokenListIndex":165},"endInSecond":{"line":96,"column":4,"tokenListIndex":170},"lengthOfFirst":6,"lengthOfSecond":6}],"firstSimilarity":0.36666666666666664,"secondSimilarity":0.2722772277227723}