{"firstSubmissionId":"EYLUL_SUICMEZ","secondSubmissionId":"UMUT_ERTUGRUL_DASGIN","similarities":{"AVG":0.2829581993569132,"MAX":0.29333333333333333,"MAXIMUM_LENGTH":163.0,"LONGEST_MATCH":13.0},"matches":[{"firstFileName":"EYLUL_SUICMEZ/StackQuestionsMember.tpp","secondFileName":"UMUT_ERTUGRUL_DASGIN/StackQuestionsNonMember.tpp","startInFirst":{"line":82,"column":2,"tokenListIndex":120},"endInFirst":{"line":92,"column":2,"tokenListIndex":132},"startInSecond":{"line":26,"column":8,"tokenListIndex":98},"endInSecond":{"line":35,"column":34,"tokenListIndex":110},"lengthOfFirst":13,"lengthOfSecond":13},{"firstFileName":"EYLUL_SUICMEZ/StackQuestionsMember.tpp","secondFileName":"UMUT_ERTUGRUL_DASGIN/StackQuestionsMember.tpp","startInFirst":{"line":15,"column":0,"tokenListIndex":36},"endInFirst":{"line":21,"column":0,"tokenListIndex":44},"startInSecond":{"line":49,"column":16,"tokenListIndex":51},"endInSecond":{"line":55,"column":4,"tokenListIndex":59},"lengthOfFirst":9,"lengthOfSecond":9},{"firstFileName":"EYLUL_SUICMEZ/StackQuestionsNonMember.tpp","secondFileName":"UMUT_ERTUGRUL_DASGIN/StackQuestionsMember.tpp","startInFirst":{"line":12,"column":22,"tokenListIndex":1},"endInFirst":{"line":16,"column":0,"tokenListIndex":8},"startInSecond":{"line":43,"column":0,"tokenListIndex":38},"endInSecond":{"line":45,"column":24,"tokenListIndex":45},"lengthOfFirst":8,"lengthOfSecond":8},{"firstFileName":"EYLUL_SUICMEZ/StackQuestionsMember.tpp","secondFileName":"UMUT_ERTUGRUL_DASGIN/StackQuestionsNonMember.tpp","startInFirst":{"line":68,"column":1,"tokenListIndex":104},"endInFirst":{"line":76,"column":1,"tokenListIndex":111},"startInSecond":{"line":51,"column":34,"tokenListIndex":126},"endInSecond":{"line":57,"column":4,"tokenListIndex":133},"lengthOfFirst":8,"lengthOfSecond":8},{"firstFileName":"EYLUL_SUICMEZ/StackQuestionsMember.tpp","secondFileName":"UMUT_ERTUGRUL_DASGIN/StackQuestionsMember.tpp","startInFirst":{"line":22,"column":1,"tokenListIndex":45},"endInFirst":{"line":24,"column":1,"tokenListIndex":50},"startInSecond":{"line":16,"column":4,"tokenListIndex":9},"endInSecond":{"line":19,"column":4,"tokenListIndex":14},"lengthOfFirst":6,"lengthOfSecond":6}],"firstSimilarity":0.29333333333333333,"secondSimilarity":0.2732919254658385}