{"firstSubmissionId":"EYLUL_SUICMEZ","secondSubmissionId":"ATAKAN_NAKTURK","similarities":{"AVG":0.43956043956043955,"MAX":0.5333333333333333,"MAXIMUM_LENGTH":216.0,"LONGEST_MATCH":18.0},"matches":[{"firstFileName":"EYLUL_SUICMEZ/StackQuestionsMember.tpp","secondFileName":"ATAKAN_NAKTURK/StackQuestionsNonMember.tpp","startInFirst":{"line":48,"column":2,"tokenListIndex":72},"endInFirst":{"line":58,"column":1,"tokenListIndex":89},"startInSecond":{"line":29,"column":4,"tokenListIndex":140},"endInSecond":{"line":41,"column":31,"tokenListIndex":157},"lengthOfFirst":18,"lengthOfSecond":18},{"firstFileName":"EYLUL_SUICMEZ/StackQuestionsMember.tpp","secondFileName":"ATAKAN_NAKTURK/StackQuestionsMember.tpp","startInFirst":{"line":81,"column":1,"tokenListIndex":118},"endInFirst":{"line":94,"column":0,"tokenListIndex":135},"startInSecond":{"line":89,"column":4,"tokenListIndex":91},"endInSecond":{"line":103,"column":4,"tokenListIndex":108},"lengthOfFirst":18,"lengthOfSecond":18},{"firstFileName":"EYLUL_SUICMEZ/StackQuestionsMember.tpp","secondFileName":"ATAKAN_NAKTURK/StackQuestionsNonMember.tpp","startInFirst":{"line":96,"column":8,"tokenListIndex":137},"endInFirst":{"line":103,"column":0,"tokenListIndex":147},"startInSecond":{"line":47,"column":8,"tokenListIndex":165},"endInSecond":{"line":55,"column":4,"tokenListIndex":175},"lengthOfFirst":11,"lengthOfSecond":11},{"firstFileName":"EYLUL_SUICMEZ/StackQuestionsNonMember.tpp","secondFileName":"ATAKAN_NAKTURK/StackQuestionsNonMember.tpp","startInFirst":{"line":12,"column":0,"tokenListIndex":0},"endInFirst":{"line":17,"column":0,"tokenListIndex":9},"startInSecond":{"line":11,"column":0,"tokenListIndex":111},"endInSecond":{"line":16,"column":4,"tokenListIndex":120},"lengthOfFirst":10,"lengthOfSecond":10},{"firstFileName":"EYLUL_SUICMEZ/StackQuestionsMember.tpp","secondFileName":"ATAKAN_NAKTURK/StackQuestionsNonMember.tpp","startInFirst":{"line":68,"column":1,"tokenListIndex":102},"endInFirst":{"line":76,"column":1,"tokenListIndex":111},"startInSecond":{"line":61,"column":56,"tokenListIndex":179},"endInSecond":{"line":70,"column":4,"tokenListIndex":188},"lengthOfFirst":10,"lengthOfSecond":10},{"firstFileName":"EYLUL_SUICMEZ/StackQuestionsNonMember.tpp","secondFileName":"ATAKAN_NAKTURK/StackQuestionsNonMember.tpp","startInFirst":{"line":18,"column":0,"tokenListIndex":10},"endInFirst":{"line":24,"column":0,"tokenListIndex":16},"startInSecond":{"line":74,"column":20,"tokenListIndex":193},"endInSecond":{"line":78,"column":42,"tokenListIndex":199},"lengthOfFirst":7,"lengthOfSecond":7},{"firstFileName":"EYLUL_SUICMEZ/StackQuestionsMember.tpp","secondFileName":"ATAKAN_NAKTURK/StackQuestionsNonMember.tpp","startInFirst":{"line":59,"column":0,"tokenListIndex":90},"endInFirst":{"line":62,"column":2,"tokenListIndex":95},"startInSecond":{"line":43,"column":4,"tokenListIndex":159},"endInSecond":{"line":46,"column":19,"tokenListIndex":164},"lengthOfFirst":6,"lengthOfSecond":6}],"firstSimilarity":0.5333333333333333,"secondSimilarity":0.37383177570093457}