{"firstSubmissionId":"EYLUL_SUICMEZ","secondSubmissionId":"ALI_OZUER","similarities":{"AVG":0.5048543689320388,"MAX":0.52,"MAXIMUM_LENGTH":161.0,"LONGEST_MATCH":18.0},"matches":[{"firstFileName":"EYLUL_SUICMEZ/StackQuestionsMember.tpp","secondFileName":"ALI_OZUER/StackQuestionsMember.tpp","startInFirst":{"line":48,"column":2,"tokenListIndex":72},"endInFirst":{"line":58,"column":1,"tokenListIndex":89},"startInSecond":{"line":47,"column":4,"tokenListIndex":51},"endInSecond":{"line":56,"column":17,"tokenListIndex":68},"lengthOfFirst":18,"lengthOfSecond":18},{"firstFileName":"EYLUL_SUICMEZ/StackQuestionsMember.tpp","secondFileName":"ALI_OZUER/StackQuestionsMember.tpp","startInFirst":{"line":81,"column":1,"tokenListIndex":118},"endInFirst":{"line":94,"column":0,"tokenListIndex":135},"startInSecond":{"line":68,"column":4,"tokenListIndex":86},"endInSecond":{"line":79,"column":4,"tokenListIndex":103},"lengthOfFirst":18,"lengthOfSecond":18},{"firstFileName":"EYLUL_SUICMEZ/StackQuestionsMember.tpp","secondFileName":"ALI_OZUER/StackQuestionsNonMember.tpp","startInFirst":{"line":96,"column":1,"tokenListIndex":136},"endInFirst":{"line":103,"column":0,"tokenListIndex":147},"startInSecond":{"line":27,"column":2,"tokenListIndex":142},"endInSecond":{"line":34,"column":2,"tokenListIndex":153},"lengthOfFirst":12,"lengthOfSecond":12},{"firstFileName":"EYLUL_SUICMEZ/StackQuestionsMember.tpp","secondFileName":"ALI_OZUER/StackQuestionsMember.tpp","startInFirst":{"line":10,"column":0,"tokenListIndex":29},"endInFirst":{"line":17,"column":0,"tokenListIndex":38},"startInSecond":{"line":10,"column":0,"tokenListIndex":0},"endInSecond":{"line":15,"column":2,"tokenListIndex":9},"lengthOfFirst":10,"lengthOfSecond":10},{"firstFileName":"EYLUL_SUICMEZ/StackQuestionsMember.tpp","secondFileName":"ALI_OZUER/StackQuestionsMember.tpp","startInFirst":{"line":35,"column":0,"tokenListIndex":63},"endInFirst":{"line":45,"column":0,"tokenListIndex":69},"startInSecond":{"line":33,"column":2,"tokenListIndex":36},"endInSecond":{"line":41,"column":2,"tokenListIndex":42},"lengthOfFirst":7,"lengthOfSecond":7},{"firstFileName":"EYLUL_SUICMEZ/StackQuestionsMember.tpp","secondFileName":"ALI_OZUER/StackQuestionsMember.tpp","startInFirst":{"line":59,"column":0,"tokenListIndex":90},"endInFirst":{"line":63,"column":0,"tokenListIndex":96},"startInSecond":{"line":58,"column":4,"tokenListIndex":70},"endInSecond":{"line":62,"column":4,"tokenListIndex":76},"lengthOfFirst":7,"lengthOfSecond":7},{"firstFileName":"EYLUL_SUICMEZ/StackQuestionsMember.tpp","secondFileName":"ALI_OZUER/StackQuestionsNonMember.tpp","startInFirst":{"line":18,"column":0,"tokenListIndex":39},"endInFirst":{"line":21,"column":0,"tokenListIndex":44},"startInSecond":{"line":17,"column":2,"tokenListIndex":126},"endInSecond":{"line":20,"column":2,"tokenListIndex":131},"lengthOfFirst":6,"lengthOfSecond":6}],"firstSimilarity":0.52,"secondSimilarity":0.49056603773584906}