{"firstSubmissionId":"EYLUL_SUICMEZ","secondSubmissionId":"ZEYNEP_ECE_BIKEZ","similarities":{"AVG":0.16119402985074627,"MAX":0.18,"MAXIMUM_LENGTH":187.0,"LONGEST_MATCH":9.0},"matches":[{"firstFileName":"EYLUL_SUICMEZ/StackQuestionsMember.tpp","secondFileName":"ZEYNEP_ECE_BIKEZ/StackQuestionsMember.tpp","startInFirst":{"line":11,"column":2,"tokenListIndex":30},"endInFirst":{"line":17,"column":0,"tokenListIndex":38},"startInSecond":{"line":48,"column":4,"tokenListIndex":44},"endInSecond":{"line":54,"column":4,"tokenListIndex":52},"lengthOfFirst":9,"lengthOfSecond":9},{"firstFileName":"EYLUL_SUICMEZ/StackQuestionsMember.tpp","secondFileName":"ZEYNEP_ECE_BIKEZ/StackQuestionsMember.tpp","startInFirst":{"line":18,"column":0,"tokenListIndex":39},"endInFirst":{"line":21,"column":0,"tokenListIndex":44},"startInSecond":{"line":19,"column":2,"tokenListIndex":12},"endInSecond":{"line":22,"column":2,"tokenListIndex":17},"lengthOfFirst":6,"lengthOfSecond":6},{"firstFileName":"EYLUL_SUICMEZ/StackQuestionsMember.tpp","secondFileName":"ZEYNEP_ECE_BIKEZ/StackQuestionsMember.tpp","startInFirst":{"line":52,"column":1,"tokenListIndex":80},"endInFirst":{"line":55,"column":0,"tokenListIndex":85},"startInSecond":{"line":55,"column":4,"tokenListIndex":54},"endInSecond":{"line":58,"column":4,"tokenListIndex":59},"lengthOfFirst":6,"lengthOfSecond":6},{"firstFileName":"EYLUL_SUICMEZ/StackQuestionsMember.tpp","secondFileName":"ZEYNEP_ECE_BIKEZ/StackQuestionsNonMember.tpp","startInFirst":{"line":60,"column":1,"tokenListIndex":91},"endInFirst":{"line":63,"column":0,"tokenListIndex":96},"startInSecond":{"line":62,"column":16,"tokenListIndex":172},"endInSecond":{"line":65,"column":16,"tokenListIndex":177},"lengthOfFirst":6,"lengthOfSecond":6}],"firstSimilarity":0.18,"secondSimilarity":0.14594594594594595}