{"firstSubmissionId":"EYLUL_SUICMEZ","secondSubmissionId":"AGAH_DEMIR_GOK","similarities":{"AVG":0.2411764705882353,"MAX":0.2733333333333333,"MAXIMUM_LENGTH":192.0,"LONGEST_MATCH":10.0},"matches":[{"firstFileName":"EYLUL_SUICMEZ/StackQuestionsNonMember.tpp","secondFileName":"AGAH_DEMIR_GOK/StackQuestionsMember.tpp","startInFirst":{"line":12,"column":0,"tokenListIndex":0},"endInFirst":{"line":17,"column":0,"tokenListIndex":9},"startInSecond":{"line":43,"column":0,"tokenListIndex":43},"endInSecond":{"line":49,"column":2,"tokenListIndex":52},"lengthOfFirst":10,"lengthOfSecond":10},{"firstFileName":"EYLUL_SUICMEZ/StackQuestionsMember.tpp","secondFileName":"AGAH_DEMIR_GOK/StackQuestionsMember.tpp","startInFirst":{"line":18,"column":0,"tokenListIndex":39},"endInFirst":{"line":23,"column":3,"tokenListIndex":48},"startInSecond":{"line":18,"column":2,"tokenListIndex":10},"endInSecond":{"line":24,"column":9,"tokenListIndex":19},"lengthOfFirst":10,"lengthOfSecond":10},{"firstFileName":"EYLUL_SUICMEZ/StackQuestionsMember.tpp","secondFileName":"AGAH_DEMIR_GOK/StackQuestionsNonMember.tpp","startInFirst":{"line":78,"column":13,"tokenListIndex":116},"endInFirst":{"line":84,"column":0,"tokenListIndex":123},"startInSecond":{"line":50,"column":2,"tokenListIndex":141},"endInSecond":{"line":54,"column":2,"tokenListIndex":148},"lengthOfFirst":8,"lengthOfSecond":8},{"firstFileName":"EYLUL_SUICMEZ/StackQuestionsNonMember.tpp","secondFileName":"AGAH_DEMIR_GOK/StackQuestionsMember.tpp","startInFirst":{"line":21,"column":1,"tokenListIndex":13},"endInFirst":{"line":25,"column":13,"tokenListIndex":19},"startInSecond":{"line":61,"column":4,"tokenListIndex":69},"endInSecond":{"line":65,"column":14,"tokenListIndex":75},"lengthOfFirst":7,"lengthOfSecond":7},{"firstFileName":"EYLUL_SUICMEZ/StackQuestionsMember.tpp","secondFileName":"AGAH_DEMIR_GOK/StackQuestionsNonMember.tpp","startInFirst":{"line":52,"column":1,"tokenListIndex":80},"endInFirst":{"line":55,"column":0,"tokenListIndex":85},"startInSecond":{"line":20,"column":2,"tokenListIndex":102},"endInSecond":{"line":23,"column":2,"tokenListIndex":107},"lengthOfFirst":6,"lengthOfSecond":6}],"firstSimilarity":0.2733333333333333,"secondSimilarity":0.21578947368421053}