{"firstSubmissionId":"EYLUL_SUICMEZ","secondSubmissionId":"YUSUF_KULLUK","similarities":{"AVG":0.423841059602649,"MAX":0.4266666666666667,"MAXIMUM_LENGTH":154.0,"LONGEST_MATCH":22.0},"matches":[{"firstFileName":"EYLUL_SUICMEZ/StackQuestionsMember.tpp","secondFileName":"YUSUF_KULLUK/StackQuestionsMember.tpp","startInFirst":{"line":82,"column":2,"tokenListIndex":120},"endInFirst":{"line":99,"column":0,"tokenListIndex":141},"startInSecond":{"line":55,"column":4,"tokenListIndex":41},"endInSecond":{"line":69,"column":2,"tokenListIndex":62},"lengthOfFirst":22,"lengthOfSecond":22},{"firstFileName":"EYLUL_SUICMEZ/StackQuestionsMember.tpp","secondFileName":"YUSUF_KULLUK/StackQuestionsNonMember.tpp","startInFirst":{"line":52,"column":1,"tokenListIndex":80},"endInFirst":{"line":58,"column":1,"tokenListIndex":89},"startInSecond":{"line":25,"column":4,"tokenListIndex":81},"endInSecond":{"line":32,"column":19,"tokenListIndex":90},"lengthOfFirst":10,"lengthOfSecond":10},{"firstFileName":"EYLUL_SUICMEZ/StackQuestionsMember.tpp","secondFileName":"YUSUF_KULLUK/StackQuestionsNonMember.tpp","startInFirst":{"line":59,"column":0,"tokenListIndex":90},"endInFirst":{"line":63,"column":0,"tokenListIndex":96},"startInSecond":{"line":36,"column":4,"tokenListIndex":95},"endInSecond":{"line":40,"column":4,"tokenListIndex":101},"lengthOfFirst":7,"lengthOfSecond":7},{"firstFileName":"EYLUL_SUICMEZ/StackQuestionsMember.tpp","secondFileName":"YUSUF_KULLUK/StackQuestionsNonMember.tpp","startInFirst":{"line":73,"column":1,"tokenListIndex":106},"endInFirst":{"line":77,"column":1,"tokenListIndex":112},"startInSecond":{"line":66,"column":4,"tokenListIndex":123},"endInSecond":{"line":70,"column":4,"tokenListIndex":129},"lengthOfFirst":7,"lengthOfSecond":7},{"firstFileName":"EYLUL_SUICMEZ/StackQuestionsMember.tpp","secondFileName":"YUSUF_KULLUK/StackQuestionsMember.tpp","startInFirst":{"line":22,"column":1,"tokenListIndex":45},"endInFirst":{"line":24,"column":1,"tokenListIndex":50},"startInSecond":{"line":48,"column":2,"tokenListIndex":32},"endInSecond":{"line":49,"column":27,"tokenListIndex":37},"lengthOfFirst":6,"lengthOfSecond":6},{"firstFileName":"EYLUL_SUICMEZ/StackQuestionsMember.tpp","secondFileName":"YUSUF_KULLUK/StackQuestionsMember.tpp","startInFirst":{"line":35,"column":0,"tokenListIndex":63},"endInFirst":{"line":43,"column":58,"tokenListIndex":68},"startInSecond":{"line":36,"column":4,"tokenListIndex":26},"endInSecond":{"line":46,"column":58,"tokenListIndex":31},"lengthOfFirst":6,"lengthOfSecond":6},{"firstFileName":"EYLUL_SUICMEZ/StackQuestionsMember.tpp","secondFileName":"YUSUF_KULLUK/StackQuestionsNonMember.tpp","startInFirst":{"line":46,"column":1,"tokenListIndex":70},"endInFirst":{"line":48,"column":19,"tokenListIndex":75},"startInSecond":{"line":60,"column":2,"tokenListIndex":115},"endInSecond":{"line":64,"column":24,"tokenListIndex":120},"lengthOfFirst":6,"lengthOfSecond":6}],"firstSimilarity":0.4266666666666667,"secondSimilarity":0.42105263157894735}