{"firstSubmissionId":"EYLUL_SUICMEZ","secondSubmissionId":"SAFA_GOKALP_UGUR","similarities":{"AVG":0.46496815286624205,"MAX":0.4866666666666667,"MAXIMUM_LENGTH":166.0,"LONGEST_MATCH":11.0},"matches":[{"firstFileName":"EYLUL_SUICMEZ/StackQuestionsMember.tpp","secondFileName":"SAFA_GOKALP_UGUR/StackQuestionsNonMember.tpp","startInFirst":{"line":17,"column":0,"tokenListIndex":38},"endInFirst":{"line":23,"column":3,"tokenListIndex":48},"startInSecond":{"line":18,"column":1,"tokenListIndex":14},"endInSecond":{"line":31,"column":8,"tokenListIndex":24},"lengthOfFirst":11,"lengthOfSecond":11},{"firstFileName":"EYLUL_SUICMEZ/StackQuestionsNonMember.tpp","secondFileName":"SAFA_GOKALP_UGUR/StackQuestionsNonMember.tpp","startInFirst":{"line":12,"column":0,"tokenListIndex":0},"endInFirst":{"line":17,"column":0,"tokenListIndex":9},"startInSecond":{"line":12,"column":0,"tokenListIndex":0},"endInSecond":{"line":23,"column":1,"tokenListIndex":9},"lengthOfFirst":10,"lengthOfSecond":10},{"firstFileName":"EYLUL_SUICMEZ/StackQuestionsMember.tpp","secondFileName":"SAFA_GOKALP_UGUR/StackQuestionsMember.tpp","startInFirst":{"line":53,"column":2,"tokenListIndex":82},"endInFirst":{"line":59,"column":0,"tokenListIndex":90},"startInSecond":{"line":76,"column":12,"tokenListIndex":155},"endInSecond":{"line":81,"column":4,"tokenListIndex":163},"lengthOfFirst":9,"lengthOfSecond":9},{"firstFileName":"EYLUL_SUICMEZ/StackQuestionsMember.tpp","secondFileName":"SAFA_GOKALP_UGUR/StackQuestionsMember.tpp","startInFirst":{"line":11,"column":2,"tokenListIndex":30},"endInFirst":{"line":16,"column":0,"tokenListIndex":37},"startInSecond":{"line":17,"column":4,"tokenListIndex":86},"endInSecond":{"line":18,"column":31,"tokenListIndex":93},"lengthOfFirst":8,"lengthOfSecond":8},{"firstFileName":"EYLUL_SUICMEZ/StackQuestionsMember.tpp","secondFileName":"SAFA_GOKALP_UGUR/StackQuestionsMember.tpp","startInFirst":{"line":46,"column":1,"tokenListIndex":70},"endInFirst":{"line":49,"column":14,"tokenListIndex":77},"startInSecond":{"line":59,"column":4,"tokenListIndex":133},"endInSecond":{"line":63,"column":19,"tokenListIndex":140},"lengthOfFirst":8,"lengthOfSecond":8},{"firstFileName":"EYLUL_SUICMEZ/StackQuestionsMember.tpp","secondFileName":"SAFA_GOKALP_UGUR/StackQuestionsNonMember.tpp","startInFirst":{"line":68,"column":1,"tokenListIndex":104},"endInFirst":{"line":76,"column":1,"tokenListIndex":111},"startInSecond":{"line":68,"column":51,"tokenListIndex":73},"endInSecond":{"line":74,"column":4,"tokenListIndex":80},"lengthOfFirst":8,"lengthOfSecond":8},{"firstFileName":"EYLUL_SUICMEZ/StackQuestionsMember.tpp","secondFileName":"SAFA_GOKALP_UGUR/StackQuestionsNonMember.tpp","startInFirst":{"line":79,"column":2,"tokenListIndex":117},"endInFirst":{"line":84,"column":0,"tokenListIndex":123},"startInSecond":{"line":57,"column":4,"tokenListIndex":63},"endInSecond":{"line":63,"column":0,"tokenListIndex":69},"lengthOfFirst":7,"lengthOfSecond":7},{"firstFileName":"EYLUL_SUICMEZ/StackQuestionsNonMember.tpp","secondFileName":"SAFA_GOKALP_UGUR/StackQuestionsMember.tpp","startInFirst":{"line":20,"column":0,"tokenListIndex":12},"endInFirst":{"line":25,"column":0,"tokenListIndex":17},"startInSecond":{"line":66,"column":4,"tokenListIndex":142},"endInSecond":{"line":70,"column":4,"tokenListIndex":147},"lengthOfFirst":6,"lengthOfSecond":6},{"firstFileName":"EYLUL_SUICMEZ/StackQuestionsMember.tpp","secondFileName":"SAFA_GOKALP_UGUR/StackQuestionsMember.tpp","startInFirst":{"line":35,"column":0,"tokenListIndex":63},"endInFirst":{"line":43,"column":58,"tokenListIndex":68},"startInSecond":{"line":39,"column":4,"tokenListIndex":115},"endInSecond":{"line":47,"column":58,"tokenListIndex":120},"lengthOfFirst":6,"lengthOfSecond":6}],"firstSimilarity":0.4866666666666667,"secondSimilarity":0.4451219512195122}