{"firstSubmissionId":"HASAN_KHALILOV","secondSubmissionId":"ALISA_IDA_DELEON","similarities":{"AVG":0.13725490196078433,"MAX":0.1891891891891892,"MAXIMUM_LENGTH":132.0,"LONGEST_MATCH":8.0},"matches":[{"firstFileName":"HASAN_KHALILOV/StackQuestionsMember.tpp","secondFileName":"ALISA_IDA_DELEON/StackQuestionsMember_ Alisa_İda Deleon.tpp","startInFirst":{"line":40,"column":0,"tokenListIndex":34},"endInFirst":{"line":51,"column":2,"tokenListIndex":41},"startInSecond":{"line":38,"column":0,"tokenListIndex":39},"endInSecond":{"line":45,"column":29,"tokenListIndex":46},"lengthOfFirst":8,"lengthOfSecond":8},{"firstFileName":"HASAN_KHALILOV/StackQuestionsMember.tpp","secondFileName":"ALISA_IDA_DELEON/StackQuestionsMember_ Alisa_İda Deleon.tpp","startInFirst":{"line":11,"column":2,"tokenListIndex":1},"endInFirst":{"line":16,"column":16,"tokenListIndex":6},"startInSecond":{"line":46,"column":2,"tokenListIndex":47},"endInSecond":{"line":47,"column":6,"tokenListIndex":52},"lengthOfFirst":6,"lengthOfSecond":6}],"firstSimilarity":0.1891891891891892,"secondSimilarity":0.1076923076923077}