{"firstSubmissionId":"HASAN_KHALILOV","secondSubmissionId":"EYLUL_SUICMEZ","similarities":{"AVG":0.21428571428571427,"MAX":0.32432432432432434,"MAXIMUM_LENGTH":152.0,"LONGEST_MATCH":11.0},"matches":[{"firstFileName":"HASAN_KHALILOV/StackQuestionsMember.tpp","secondFileName":"EYLUL_SUICMEZ/StackQuestionsMember.tpp","startInFirst":{"line":15,"column":2,"tokenListIndex":7},"endInFirst":{"line":24,"column":9,"tokenListIndex":17},"startInSecond":{"line":17,"column":0,"tokenListIndex":38},"endInSecond":{"line":23,"column":3,"tokenListIndex":48},"lengthOfFirst":11,"lengthOfSecond":11},{"firstFileName":"HASAN_KHALILOV/StackQuestionsMember.tpp","secondFileName":"EYLUL_SUICMEZ/StackQuestionsMember.tpp","startInFirst":{"line":63,"column":2,"tokenListIndex":50},"endInFirst":{"line":67,"column":2,"tokenListIndex":56},"startInSecond":{"line":68,"column":1,"tokenListIndex":105},"endInSecond":{"line":76,"column":1,"tokenListIndex":111},"lengthOfFirst":7,"lengthOfSecond":7},{"firstFileName":"HASAN_KHALILOV/StackQuestionsMember.tpp","secondFileName":"EYLUL_SUICMEZ/StackQuestionsMember.tpp","startInFirst":{"line":39,"column":2,"tokenListIndex":33},"endInFirst":{"line":49,"column":4,"tokenListIndex":38},"startInSecond":{"line":36,"column":0,"tokenListIndex":64},"endInSecond":{"line":45,"column":0,"tokenListIndex":69},"lengthOfFirst":6,"lengthOfSecond":6}],"firstSimilarity":0.32432432432432434,"secondSimilarity":0.16}