{"firstSubmissionId":"HASAN_KHALILOV","secondSubmissionId":"KAMI_AVCI","similarities":{"AVG":0.16993464052287582,"MAX":0.17567567567567569,"MAXIMUM_LENGTH":80.0,"LONGEST_MATCH":7.0},"matches":[{"firstFileName":"HASAN_KHALILOV/StackQuestionsMember.tpp","secondFileName":"KAMI_AVCI/StackQuestionsMember.Kami.Avcı.cpp","startInFirst":{"line":49,"column":4,"tokenListIndex":38},"endInFirst":{"line":54,"column":21,"tokenListIndex":44},"startInSecond":{"line":12,"column":4,"tokenListIndex":3},"endInSecond":{"line":15,"column":17,"tokenListIndex":9},"lengthOfFirst":7,"lengthOfSecond":7},{"firstFileName":"HASAN_KHALILOV/StackQuestionsMember.tpp","secondFileName":"KAMI_AVCI/StackQuestionsMember.Kami.Avcı.cpp","startInFirst":{"line":18,"column":2,"tokenListIndex":8},"endInFirst":{"line":21,"column":2,"tokenListIndex":13},"startInSecond":{"line":70,"column":4,"tokenListIndex":62},"endInSecond":{"line":73,"column":4,"tokenListIndex":67},"lengthOfFirst":6,"lengthOfSecond":6}],"firstSimilarity":0.17567567567567569,"secondSimilarity":0.16455696202531644}