{"firstSubmissionId":"HASAN_KHALILOV","secondSubmissionId":"PELIN_GORER","similarities":{"AVG":0.182648401826484,"MAX":0.2702702702702703,"MAXIMUM_LENGTH":147.0,"LONGEST_MATCH":7.0},"matches":[{"firstFileName":"HASAN_KHALILOV/StackQuestionsMember.tpp","secondFileName":"PELIN_GORER/StackQuestionsMember.tpp","startInFirst":{"line":15,"column":2,"tokenListIndex":7},"endInFirst":{"line":21,"column":2,"tokenListIndex":13},"startInSecond":{"line":62,"column":4,"tokenListIndex":78},"endInSecond":{"line":66,"column":4,"tokenListIndex":84},"lengthOfFirst":7,"lengthOfSecond":7},{"firstFileName":"HASAN_KHALILOV/StackQuestionsMember.tpp","secondFileName":"PELIN_GORER/StackQuestionsMember.tpp","startInFirst":{"line":73,"column":32,"tokenListIndex":64},"endInFirst":{"line":76,"column":44,"tokenListIndex":70},"startInSecond":{"line":32,"column":7,"tokenListIndex":33},"endInSecond":{"line":33,"column":38,"tokenListIndex":39},"lengthOfFirst":7,"lengthOfSecond":7},{"firstFileName":"HASAN_KHALILOV/StackQuestionsMember.tpp","secondFileName":"PELIN_GORER/StackQuestionsMember.tpp","startInFirst":{"line":64,"column":2,"tokenListIndex":51},"endInFirst":{"line":67,"column":2,"tokenListIndex":56},"startInSecond":{"line":67,"column":4,"tokenListIndex":85},"endInSecond":{"line":70,"column":4,"tokenListIndex":90},"lengthOfFirst":6,"lengthOfSecond":6}],"firstSimilarity":0.2702702702702703,"secondSimilarity":0.13793103448275862}