{"firstSubmissionId":"HASAN_KHALILOV","secondSubmissionId":"AGAH_DEMIR_GOK","similarities":{"AVG":0.2196969696969697,"MAX":0.3918918918918919,"MAXIMUM_LENGTH":192.0,"LONGEST_MATCH":11.0},"matches":[{"firstFileName":"HASAN_KHALILOV/StackQuestionsMember.tpp","secondFileName":"AGAH_DEMIR_GOK/StackQuestionsNonMember.tpp","startInFirst":{"line":64,"column":2,"tokenListIndex":51},"endInFirst":{"line":73,"column":2,"tokenListIndex":61},"startInSecond":{"line":20,"column":2,"tokenListIndex":102},"endInSecond":{"line":27,"column":8,"tokenListIndex":112},"lengthOfFirst":11,"lengthOfSecond":11},{"firstFileName":"HASAN_KHALILOV/StackQuestionsMember.tpp","secondFileName":"AGAH_DEMIR_GOK/StackQuestionsMember.tpp","startInFirst":{"line":18,"column":2,"tokenListIndex":8},"endInFirst":{"line":24,"column":9,"tokenListIndex":17},"startInSecond":{"line":18,"column":2,"tokenListIndex":10},"endInSecond":{"line":24,"column":9,"tokenListIndex":19},"lengthOfFirst":10,"lengthOfSecond":10},{"firstFileName":"HASAN_KHALILOV/StackQuestionsMember.tpp","secondFileName":"AGAH_DEMIR_GOK/StackQuestionsMember.tpp","startInFirst":{"line":73,"column":5,"tokenListIndex":62},"endInFirst":{"line":76,"column":15,"tokenListIndex":69},"startInSecond":{"line":65,"column":14,"tokenListIndex":75},"endInSecond":{"line":68,"column":17,"tokenListIndex":82},"lengthOfFirst":8,"lengthOfSecond":8}],"firstSimilarity":0.3918918918918919,"secondSimilarity":0.15263157894736842}