{"firstSubmissionId":"HASAN_KHALILOV","secondSubmissionId":"MUHAMMED_ENES_CAM","similarities":{"AVG":0.17679558011049723,"MAX":0.21621621621621623,"MAXIMUM_LENGTH":109.0,"LONGEST_MATCH":9.0},"matches":[{"firstFileName":"HASAN_KHALILOV/StackQuestionsMember.tpp","secondFileName":"MUHAMMED_ENES_CAM/StackQuestionsNonMember.tpp","startInFirst":{"line":15,"column":2,"tokenListIndex":7},"endInFirst":{"line":23,"column":9,"tokenListIndex":15},"startInSecond":{"line":53,"column":1,"tokenListIndex":39},"endInSecond":{"line":60,"column":5,"tokenListIndex":47},"lengthOfFirst":9,"lengthOfSecond":9},{"firstFileName":"HASAN_KHALILOV/StackQuestionsMember.tpp","secondFileName":"MUHAMMED_ENES_CAM/StackQuestionsNonMember.tpp","startInFirst":{"line":64,"column":2,"tokenListIndex":51},"endInFirst":{"line":70,"column":2,"tokenListIndex":57},"startInSecond":{"line":65,"column":1,"tokenListIndex":51},"endInSecond":{"line":70,"column":4,"tokenListIndex":57},"lengthOfFirst":7,"lengthOfSecond":7}],"firstSimilarity":0.21621621621621623,"secondSimilarity":0.14953271028037382}