{"firstSubmissionId":"HASAN_KHALILOV","secondSubmissionId":"SAFA_GOKALP_UGUR","similarities":{"AVG":0.20168067226890757,"MAX":0.32432432432432434,"MAXIMUM_LENGTH":166.0,"LONGEST_MATCH":11.0},"matches":[{"firstFileName":"HASAN_KHALILOV/StackQuestionsMember.tpp","secondFileName":"SAFA_GOKALP_UGUR/StackQuestionsNonMember.tpp","startInFirst":{"line":15,"column":2,"tokenListIndex":7},"endInFirst":{"line":24,"column":9,"tokenListIndex":17},"startInSecond":{"line":18,"column":1,"tokenListIndex":14},"endInSecond":{"line":31,"column":8,"tokenListIndex":24},"lengthOfFirst":11,"lengthOfSecond":11},{"firstFileName":"HASAN_KHALILOV/StackQuestionsMember.tpp","secondFileName":"SAFA_GOKALP_UGUR/StackQuestionsNonMember.tpp","startInFirst":{"line":63,"column":2,"tokenListIndex":50},"endInFirst":{"line":67,"column":2,"tokenListIndex":56},"startInSecond":{"line":70,"column":2,"tokenListIndex":74},"endInSecond":{"line":74,"column":4,"tokenListIndex":80},"lengthOfFirst":7,"lengthOfSecond":7},{"firstFileName":"HASAN_KHALILOV/StackQuestionsMember.tpp","secondFileName":"SAFA_GOKALP_UGUR/StackQuestionsMember.tpp","startInFirst":{"line":11,"column":2,"tokenListIndex":1},"endInFirst":{"line":16,"column":16,"tokenListIndex":6},"startInSecond":{"line":18,"column":4,"tokenListIndex":90},"endInSecond":{"line":20,"column":11,"tokenListIndex":95},"lengthOfFirst":6,"lengthOfSecond":6}],"firstSimilarity":0.32432432432432434,"secondSimilarity":0.14634146341463414}