{"firstSubmissionId":"HASAN_KHALILOV","secondSubmissionId":"ATAKAN_NAKTURK","similarities":{"AVG":0.09027777777777778,"MAX":0.17567567567567569,"MAXIMUM_LENGTH":216.0,"LONGEST_MATCH":7.0},"matches":[{"firstFileName":"HASAN_KHALILOV/StackQuestionsMember.tpp","secondFileName":"ATAKAN_NAKTURK/StackQuestionsNonMember.tpp","startInFirst":{"line":15,"column":2,"tokenListIndex":7},"endInFirst":{"line":21,"column":2,"tokenListIndex":13},"startInSecond":{"line":63,"column":4,"tokenListIndex":182},"endInSecond":{"line":70,"column":4,"tokenListIndex":188},"lengthOfFirst":7,"lengthOfSecond":7},{"firstFileName":"HASAN_KHALILOV/StackQuestionsMember.tpp","secondFileName":"ATAKAN_NAKTURK/StackQuestionsMember.tpp","startInFirst":{"line":64,"column":2,"tokenListIndex":51},"endInFirst":{"line":67,"column":2,"tokenListIndex":56},"startInSecond":{"line":89,"column":4,"tokenListIndex":91},"endInSecond":{"line":93,"column":4,"tokenListIndex":96},"lengthOfFirst":6,"lengthOfSecond":6}],"firstSimilarity":0.17567567567567569,"secondSimilarity":0.06074766355140187}