{"firstSubmissionId":"HASAN_KHALILOV","secondSubmissionId":"KENAN_OZCAKIR","similarities":{"AVG":0.4131455399061033,"MAX":0.5945945945945946,"MAXIMUM_LENGTH":141.0,"LONGEST_MATCH":18.0},"matches":[{"firstFileName":"HASAN_KHALILOV/StackQuestionsMember.tpp","secondFileName":"KENAN_OZCAKIR/StackQuestionsMember.tpp","startInFirst":{"line":10,"column":0,"tokenListIndex":0},"endInFirst":{"line":24,"column":9,"tokenListIndex":17},"startInSecond":{"line":10,"column":0,"tokenListIndex":61},"endInSecond":{"line":22,"column":11,"tokenListIndex":78},"lengthOfFirst":18,"lengthOfSecond":18},{"firstFileName":"HASAN_KHALILOV/StackQuestionsMember.tpp","secondFileName":"KENAN_OZCAKIR/StackQuestionsMember.tpp","startInFirst":{"line":39,"column":2,"tokenListIndex":33},"endInFirst":{"line":54,"column":21,"tokenListIndex":44},"startInSecond":{"line":45,"column":4,"tokenListIndex":102},"endInSecond":{"line":64,"column":12,"tokenListIndex":113},"lengthOfFirst":12,"lengthOfSecond":12},{"firstFileName":"HASAN_KHALILOV/StackQuestionsMember.tpp","secondFileName":"KENAN_OZCAKIR/StackQuestionsNonMember.tpp","startInFirst":{"line":63,"column":2,"tokenListIndex":50},"endInFirst":{"line":67,"column":2,"tokenListIndex":56},"startInSecond":{"line":23,"column":4,"tokenListIndex":12},"endInSecond":{"line":30,"column":4,"tokenListIndex":18},"lengthOfFirst":7,"lengthOfSecond":7},{"firstFileName":"HASAN_KHALILOV/StackQuestionsMember.tpp","secondFileName":"KENAN_OZCAKIR/StackQuestionsMember.tpp","startInFirst":{"line":73,"column":5,"tokenListIndex":62},"endInFirst":{"line":76,"column":11,"tokenListIndex":68},"startInSecond":{"line":79,"column":4,"tokenListIndex":129},"endInSecond":{"line":81,"column":13,"tokenListIndex":135},"lengthOfFirst":7,"lengthOfSecond":7}],"firstSimilarity":0.5945945945945946,"secondSimilarity":0.31654676258992803}