{"firstSubmissionId":"HASAN_KHALILOV","secondSubmissionId":"UMUT_ERTUGRUL_DASGIN","similarities":{"AVG":0.22127659574468084,"MAX":0.35135135135135137,"MAXIMUM_LENGTH":163.0,"LONGEST_MATCH":12.0},"matches":[{"firstFileName":"HASAN_KHALILOV/StackQuestionsMember.tpp","secondFileName":"UMUT_ERTUGRUL_DASGIN/StackQuestionsNonMember.tpp","startInFirst":{"line":63,"column":2,"tokenListIndex":50},"endInFirst":{"line":73,"column":2,"tokenListIndex":61},"startInSecond":{"line":52,"column":4,"tokenListIndex":127},"endInSecond":{"line":61,"column":4,"tokenListIndex":138},"lengthOfFirst":12,"lengthOfSecond":12},{"firstFileName":"HASAN_KHALILOV/StackQuestionsMember.tpp","secondFileName":"UMUT_ERTUGRUL_DASGIN/StackQuestionsNonMember.tpp","startInFirst":{"line":15,"column":2,"tokenListIndex":5},"endInFirst":{"line":20,"column":4,"tokenListIndex":12},"startInSecond":{"line":13,"column":4,"tokenListIndex":82},"endInSecond":{"line":17,"column":8,"tokenListIndex":89},"lengthOfFirst":8,"lengthOfSecond":8},{"firstFileName":"HASAN_KHALILOV/StackQuestionsMember.tpp","secondFileName":"UMUT_ERTUGRUL_DASGIN/StackQuestionsMember.tpp","startInFirst":{"line":49,"column":4,"tokenListIndex":38},"endInFirst":{"line":54,"column":9,"tokenListIndex":43},"startInSecond":{"line":13,"column":4,"tokenListIndex":3},"endInSecond":{"line":15,"column":8,"tokenListIndex":8},"lengthOfFirst":6,"lengthOfSecond":6}],"firstSimilarity":0.35135135135135137,"secondSimilarity":0.16149068322981366}