{"firstSubmissionId":"HASAN_KHALILOV","secondSubmissionId":"ZEYNEP_ECE_BIKEZ","similarities":{"AVG":0.2625482625482625,"MAX":0.4594594594594595,"MAXIMUM_LENGTH":187.0,"LONGEST_MATCH":9.0},"matches":[{"firstFileName":"HASAN_KHALILOV/StackQuestionsMember.tpp","secondFileName":"ZEYNEP_ECE_BIKEZ/StackQuestionsMember.tpp","startInFirst":{"line":73,"column":52,"tokenListIndex":65},"endInFirst":{"line":79,"column":0,"tokenListIndex":73},"startInSecond":{"line":76,"column":4,"tokenListIndex":82},"endInSecond":{"line":81,"column":0,"tokenListIndex":90},"lengthOfFirst":9,"lengthOfSecond":9},{"firstFileName":"HASAN_KHALILOV/StackQuestionsMember.tpp","secondFileName":"ZEYNEP_ECE_BIKEZ/StackQuestionsMember.tpp","startInFirst":{"line":27,"column":2,"tokenListIndex":18},"endInFirst":{"line":30,"column":4,"tokenListIndex":24},"startInSecond":{"line":27,"column":2,"tokenListIndex":22},"endInSecond":{"line":29,"column":8,"tokenListIndex":28},"lengthOfFirst":7,"lengthOfSecond":7},{"firstFileName":"HASAN_KHALILOV/StackQuestionsMember.tpp","secondFileName":"ZEYNEP_ECE_BIKEZ/StackQuestionsMember.tpp","startInFirst":{"line":11,"column":2,"tokenListIndex":1},"endInFirst":{"line":16,"column":16,"tokenListIndex":6},"startInSecond":{"line":51,"column":4,"tokenListIndex":48},"endInSecond":{"line":54,"column":22,"tokenListIndex":53},"lengthOfFirst":6,"lengthOfSecond":6},{"firstFileName":"HASAN_KHALILOV/StackQuestionsMember.tpp","secondFileName":"ZEYNEP_ECE_BIKEZ/StackQuestionsMember.tpp","startInFirst":{"line":18,"column":2,"tokenListIndex":8},"endInFirst":{"line":21,"column":2,"tokenListIndex":13},"startInSecond":{"line":19,"column":2,"tokenListIndex":12},"endInSecond":{"line":22,"column":2,"tokenListIndex":17},"lengthOfFirst":6,"lengthOfSecond":6},{"firstFileName":"HASAN_KHALILOV/StackQuestionsMember.tpp","secondFileName":"ZEYNEP_ECE_BIKEZ/StackQuestionsMember.tpp","startInFirst":{"line":64,"column":2,"tokenListIndex":51},"endInFirst":{"line":67,"column":2,"tokenListIndex":56},"startInSecond":{"line":55,"column":4,"tokenListIndex":54},"endInSecond":{"line":58,"column":4,"tokenListIndex":59},"lengthOfFirst":6,"lengthOfSecond":6}],"firstSimilarity":0.4594594594594595,"secondSimilarity":0.1837837837837838}