{"firstSubmissionId":"HASAN_KHALILOV","secondSubmissionId":"KARDELEN_KARTAL","similarities":{"AVG":0.39766081871345027,"MAX":0.4594594594594595,"MAXIMUM_LENGTH":99.0,"LONGEST_MATCH":11.0},"matches":[{"firstFileName":"HASAN_KHALILOV/StackQuestionsMember.tpp","secondFileName":"KARDELEN_KARTAL/StackQuestionsNonMember.tpp","startInFirst":{"line":64,"column":2,"tokenListIndex":51},"endInFirst":{"line":73,"column":2,"tokenListIndex":61},"startInSecond":{"line":25,"column":1,"tokenListIndex":59},"endInSecond":{"line":33,"column":0,"tokenListIndex":69},"lengthOfFirst":11,"lengthOfSecond":11},{"firstFileName":"HASAN_KHALILOV/StackQuestionsMember.tpp","secondFileName":"KARDELEN_KARTAL/StackQuestionsMember.tpp","startInFirst":{"line":23,"column":2,"tokenListIndex":14},"endInFirst":{"line":27,"column":46,"tokenListIndex":22},"startInSecond":{"line":27,"column":1,"tokenListIndex":16},"endInSecond":{"line":30,"column":40,"tokenListIndex":24},"lengthOfFirst":9,"lengthOfSecond":9},{"firstFileName":"HASAN_KHALILOV/StackQuestionsMember.tpp","secondFileName":"KARDELEN_KARTAL/StackQuestionsNonMember.tpp","startInFirst":{"line":76,"column":2,"tokenListIndex":66},"endInFirst":{"line":79,"column":0,"tokenListIndex":73},"startInSecond":{"line":52,"column":0,"tokenListIndex":86},"endInSecond":{"line":59,"column":0,"tokenListIndex":93},"lengthOfFirst":8,"lengthOfSecond":8},{"firstFileName":"HASAN_KHALILOV/StackQuestionsMember.tpp","secondFileName":"KARDELEN_KARTAL/StackQuestionsMember.tpp","startInFirst":{"line":18,"column":2,"tokenListIndex":8},"endInFirst":{"line":21,"column":2,"tokenListIndex":13},"startInSecond":{"line":17,"column":2,"tokenListIndex":6},"endInSecond":{"line":20,"column":5,"tokenListIndex":11},"lengthOfFirst":6,"lengthOfSecond":6}],"firstSimilarity":0.4594594594594595,"secondSimilarity":0.35051546391752575}