{"firstSubmissionId":"HASAN_KHALILOV","secondSubmissionId":"ELIF_KAYAR","similarities":{"AVG":0.1990521327014218,"MAX":0.28378378378378377,"MAXIMUM_LENGTH":139.0,"LONGEST_MATCH":8.0},"matches":[{"firstFileName":"HASAN_KHALILOV/StackQuestionsMember.tpp","secondFileName":"ELIF_KAYAR/StackQuestionsMember.tpp","startInFirst":{"line":47,"column":58,"tokenListIndex":37},"endInFirst":{"line":54,"column":21,"tokenListIndex":44},"startInSecond":{"line":40,"column":3,"tokenListIndex":37},"endInSecond":{"line":42,"column":13,"tokenListIndex":44},"lengthOfFirst":8,"lengthOfSecond":8},{"firstFileName":"HASAN_KHALILOV/StackQuestionsMember.tpp","secondFileName":"ELIF_KAYAR/StackQuestionsMember.tpp","startInFirst":{"line":11,"column":2,"tokenListIndex":1},"endInFirst":{"line":16,"column":16,"tokenListIndex":7},"startInSecond":{"line":14,"column":1,"tokenListIndex":6},"endInSecond":{"line":17,"column":1,"tokenListIndex":12},"lengthOfFirst":7,"lengthOfSecond":7},{"firstFileName":"HASAN_KHALILOV/StackQuestionsMember.tpp","secondFileName":"ELIF_KAYAR/StackQuestionsNonMember.tpp","startInFirst":{"line":23,"column":9,"tokenListIndex":15},"endInFirst":{"line":27,"column":14,"tokenListIndex":20},"startInSecond":{"line":46,"column":27,"tokenListIndex":122},"endInSecond":{"line":48,"column":10,"tokenListIndex":127},"lengthOfFirst":6,"lengthOfSecond":6}],"firstSimilarity":0.28378378378378377,"secondSimilarity":0.15328467153284672}