{"firstSubmissionId":"HASAN_KHALILOV","secondSubmissionId":"CAGATAY_YUREKLI","similarities":{"AVG":0.18840579710144928,"MAX":0.35135135135135137,"MAXIMUM_LENGTH":204.0,"LONGEST_MATCH":9.0},"matches":[{"firstFileName":"HASAN_KHALILOV/StackQuestionsMember.tpp","secondFileName":"CAGATAY_YUREKLI/StackQuestionsNonMember.tpp","startInFirst":{"line":15,"column":2,"tokenListIndex":7},"endInFirst":{"line":23,"column":9,"tokenListIndex":15},"startInSecond":{"line":92,"column":4,"tokenListIndex":164},"endInSecond":{"line":98,"column":8,"tokenListIndex":172},"lengthOfFirst":9,"lengthOfSecond":9},{"firstFileName":"HASAN_KHALILOV/StackQuestionsMember.tpp","secondFileName":"CAGATAY_YUREKLI/StackQuestionsMember.tpp","startInFirst":{"line":40,"column":0,"tokenListIndex":34},"endInFirst":{"line":54,"column":2,"tokenListIndex":42},"startInSecond":{"line":53,"column":0,"tokenListIndex":39},"endInSecond":{"line":68,"column":1,"tokenListIndex":47},"lengthOfFirst":9,"lengthOfSecond":9},{"firstFileName":"HASAN_KHALILOV/StackQuestionsMember.tpp","secondFileName":"CAGATAY_YUREKLI/StackQuestionsNonMember.tpp","startInFirst":{"line":60,"column":2,"tokenListIndex":49},"endInFirst":{"line":67,"column":2,"tokenListIndex":56},"startInSecond":{"line":83,"column":4,"tokenListIndex":156},"endInSecond":{"line":89,"column":4,"tokenListIndex":163},"lengthOfFirst":8,"lengthOfSecond":8}],"firstSimilarity":0.35135135135135137,"secondSimilarity":0.12871287128712872}