{"firstSubmissionId":"HASAN_KHALILOV","secondSubmissionId":"TARIK_SERTVURAN","similarities":{"AVG":0.38613861386138615,"MAX":0.527027027027027,"MAXIMUM_LENGTH":136.0,"LONGEST_MATCH":11.0},"matches":[{"firstFileName":"HASAN_KHALILOV/StackQuestionsMember.tpp","secondFileName":"TARIK_SERTVURAN/StackQuestionsMember.tpp","startInFirst":{"line":39,"column":2,"tokenListIndex":33},"endInFirst":{"line":54,"column":9,"tokenListIndex":43},"startInSecond":{"line":49,"column":2,"tokenListIndex":42},"endInSecond":{"line":62,"column":13,"tokenListIndex":52},"lengthOfFirst":11,"lengthOfSecond":11},{"firstFileName":"HASAN_KHALILOV/StackQuestionsMember.tpp","secondFileName":"TARIK_SERTVURAN/StackQuestionsMember.tpp","startInFirst":{"line":10,"column":0,"tokenListIndex":0},"endInFirst":{"line":18,"column":10,"tokenListIndex":9},"startInSecond":{"line":10,"column":0,"tokenListIndex":0},"endInSecond":{"line":21,"column":10,"tokenListIndex":9},"lengthOfFirst":10,"lengthOfSecond":10},{"firstFileName":"HASAN_KHALILOV/StackQuestionsMember.tpp","secondFileName":"TARIK_SERTVURAN/StackQuestionsMember.tpp","startInFirst":{"line":23,"column":2,"tokenListIndex":14},"endInFirst":{"line":27,"column":46,"tokenListIndex":22},"startInSecond":{"line":31,"column":2,"tokenListIndex":20},"endInSecond":{"line":34,"column":40,"tokenListIndex":28},"lengthOfFirst":9,"lengthOfSecond":9},{"firstFileName":"HASAN_KHALILOV/StackQuestionsMember.tpp","secondFileName":"TARIK_SERTVURAN/StackQuestionsNonMember.tpp","startInFirst":{"line":65,"column":4,"tokenListIndex":53},"endInFirst":{"line":73,"column":2,"tokenListIndex":61},"startInSecond":{"line":40,"column":18,"tokenListIndex":106},"endInSecond":{"line":48,"column":4,"tokenListIndex":114},"lengthOfFirst":9,"lengthOfSecond":9}],"firstSimilarity":0.527027027027027,"secondSimilarity":0.3046875}