{"firstSubmissionId":"HASAN_KHALILOV","secondSubmissionId":"YUSUF_KULLUK","similarities":{"AVG":0.17699115044247787,"MAX":0.2702702702702703,"MAXIMUM_LENGTH":154.0,"LONGEST_MATCH":8.0},"matches":[{"firstFileName":"HASAN_KHALILOV/StackQuestionsMember.tpp","secondFileName":"YUSUF_KULLUK/StackQuestionsMember.tpp","startInFirst":{"line":10,"column":0,"tokenListIndex":0},"endInFirst":{"line":16,"column":16,"tokenListIndex":7},"startInSecond":{"line":10,"column":0,"tokenListIndex":0},"endInSecond":{"line":20,"column":4,"tokenListIndex":7},"lengthOfFirst":8,"lengthOfSecond":8},{"firstFileName":"HASAN_KHALILOV/StackQuestionsMember.tpp","secondFileName":"YUSUF_KULLUK/StackQuestionsMember.tpp","startInFirst":{"line":18,"column":2,"tokenListIndex":8},"endInFirst":{"line":21,"column":2,"tokenListIndex":13},"startInSecond":{"line":58,"column":2,"tokenListIndex":45},"endInSecond":{"line":61,"column":2,"tokenListIndex":50},"lengthOfFirst":6,"lengthOfSecond":6},{"firstFileName":"HASAN_KHALILOV/StackQuestionsMember.tpp","secondFileName":"YUSUF_KULLUK/StackQuestionsMember.tpp","startInFirst":{"line":64,"column":2,"tokenListIndex":51},"endInFirst":{"line":67,"column":2,"tokenListIndex":56},"startInSecond":{"line":62,"column":2,"tokenListIndex":51},"endInSecond":{"line":65,"column":2,"tokenListIndex":56},"lengthOfFirst":6,"lengthOfSecond":6}],"firstSimilarity":0.2702702702702703,"secondSimilarity":0.13157894736842105}