{"firstSubmissionId":"HASAN_KHALILOV","secondSubmissionId":"MEHMET_OGUZHAN_MEMIS","similarities":{"AVG":0.1686746987951807,"MAX":0.1891891891891892,"MAXIMUM_LENGTH":94.0,"LONGEST_MATCH":7.0},"matches":[{"firstFileName":"HASAN_KHALILOV/StackQuestionsMember.tpp","secondFileName":"MEHMET_OGUZHAN_MEMIS/StackQuestionsNonMember.tpp","startInFirst":{"line":15,"column":2,"tokenListIndex":7},"endInFirst":{"line":21,"column":2,"tokenListIndex":13},"startInSecond":{"line":13,"column":4,"tokenListIndex":41},"endInSecond":{"line":19,"column":4,"tokenListIndex":47},"lengthOfFirst":7,"lengthOfSecond":7},{"firstFileName":"HASAN_KHALILOV/StackQuestionsMember.tpp","secondFileName":"MEHMET_OGUZHAN_MEMIS/StackQuestionsNonMember.tpp","startInFirst":{"line":76,"column":2,"tokenListIndex":66},"endInFirst":{"line":78,"column":2,"tokenListIndex":72},"startInSecond":{"line":24,"column":8,"tokenListIndex":58},"endInSecond":{"line":26,"column":8,"tokenListIndex":64},"lengthOfFirst":7,"lengthOfSecond":7}],"firstSimilarity":0.1891891891891892,"secondSimilarity":0.15217391304347827}