{"firstSubmissionId":"HASAN_KHALILOV","secondSubmissionId":"MERT_ACAR","similarities":{"AVG":0.11594202898550725,"MAX":0.16216216216216217,"MAXIMUM_LENGTH":140.0,"LONGEST_MATCH":6.0},"matches":[{"firstFileName":"HASAN_KHALILOV/StackQuestionsMember.tpp","secondFileName":"MERT_ACAR/main.cpp","startInFirst":{"line":27,"column":2,"tokenListIndex":18},"endInFirst":{"line":29,"column":4,"tokenListIndex":23},"startInSecond":{"line":55,"column":2,"tokenListIndex":21},"endInSecond":{"line":57,"column":4,"tokenListIndex":26},"lengthOfFirst":6,"lengthOfSecond":6},{"firstFileName":"HASAN_KHALILOV/StackQuestionsMember.tpp","secondFileName":"MERT_ACAR/main.cpp","startInFirst":{"line":70,"column":33,"tokenListIndex":60},"endInFirst":{"line":73,"column":52,"tokenListIndex":65},"startInSecond":{"line":91,"column":2,"tokenListIndex":57},"endInSecond":{"line":100,"column":2,"tokenListIndex":62},"lengthOfFirst":6,"lengthOfSecond":6}],"firstSimilarity":0.16216216216216217,"secondSimilarity":0.09022556390977443}