{"firstSubmissionId":"HASAN_KHALILOV","secondSubmissionId":"ALI_OZUER","similarities":{"AVG":0.24892703862660945,"MAX":0.3918918918918919,"MAXIMUM_LENGTH":161.0,"LONGEST_MATCH":10.0},"matches":[{"firstFileName":"HASAN_KHALILOV/StackQuestionsMember.tpp","secondFileName":"ALI_OZUER/StackQuestionsMember.tpp","startInFirst":{"line":39,"column":2,"tokenListIndex":33},"endInFirst":{"line":54,"column":2,"tokenListIndex":42},"startInSecond":{"line":34,"column":2,"tokenListIndex":37},"endInSecond":{"line":43,"column":2,"tokenListIndex":46},"lengthOfFirst":10,"lengthOfSecond":10},{"firstFileName":"HASAN_KHALILOV/StackQuestionsMember.tpp","secondFileName":"ALI_OZUER/StackQuestionsMember.tpp","startInFirst":{"line":11,"column":2,"tokenListIndex":1},"endInFirst":{"line":16,"column":16,"tokenListIndex":7},"startInSecond":{"line":13,"column":2,"tokenListIndex":5},"endInSecond":{"line":17,"column":2,"tokenListIndex":11},"lengthOfFirst":7,"lengthOfSecond":7},{"firstFileName":"HASAN_KHALILOV/StackQuestionsMember.tpp","secondFileName":"ALI_OZUER/StackQuestionsMember.tpp","startInFirst":{"line":18,"column":2,"tokenListIndex":8},"endInFirst":{"line":21,"column":2,"tokenListIndex":13},"startInSecond":{"line":51,"column":4,"tokenListIndex":59},"endInSecond":{"line":54,"column":4,"tokenListIndex":64},"lengthOfFirst":6,"lengthOfSecond":6},{"firstFileName":"HASAN_KHALILOV/StackQuestionsMember.tpp","secondFileName":"ALI_OZUER/StackQuestionsMember.tpp","startInFirst":{"line":64,"column":2,"tokenListIndex":51},"endInFirst":{"line":67,"column":2,"tokenListIndex":56},"startInSecond":{"line":55,"column":4,"tokenListIndex":65},"endInSecond":{"line":58,"column":4,"tokenListIndex":70},"lengthOfFirst":6,"lengthOfSecond":6}],"firstSimilarity":0.3918918918918919,"secondSimilarity":0.18238993710691823}