{"firstSubmissionId":"HASAN_KHALILOV","secondSubmissionId":"BAHAR_CETIN_ASLAN","similarities":{"AVG":0.10714285714285714,"MAX":0.12162162162162163,"MAXIMUM_LENGTH":96.0,"LONGEST_MATCH":9.0},"matches":[{"firstFileName":"HASAN_KHALILOV/StackQuestionsMember.tpp","secondFileName":"BAHAR_CETIN_ASLAN/StackQuestionsMemberbc.cpp","startInFirst":{"line":19,"column":4,"tokenListIndex":10},"endInFirst":{"line":27,"column":2,"tokenListIndex":18},"startInSecond":{"line":24,"column":0,"tokenListIndex":11},"endInSecond":{"line":30,"column":0,"tokenListIndex":19},"lengthOfFirst":9,"lengthOfSecond":9}],"firstSimilarity":0.12162162162162163,"secondSimilarity":0.09574468085106383}