{"firstSubmissionId":"KAMI_AVCI","secondSubmissionId":"UMUT_ERTUGRUL_DASGIN","similarities":{"AVG":0.25833333333333336,"MAX":0.3924050632911392,"MAXIMUM_LENGTH":163.0,"LONGEST_MATCH":16.0},"matches":[{"firstFileName":"KAMI_AVCI/StackQuestionsMember.Kami.Avcı.cpp","secondFileName":"UMUT_ERTUGRUL_DASGIN/StackQuestionsMember.tpp","startInFirst":{"line":51,"column":22,"tokenListIndex":38},"endInFirst":{"line":63,"column":4,"tokenListIndex":53},"startInSecond":{"line":43,"column":0,"tokenListIndex":38},"endInSecond":{"line":51,"column":4,"tokenListIndex":53},"lengthOfFirst":16,"lengthOfSecond":16},{"firstFileName":"KAMI_AVCI/StackQuestionsMember.Kami.Avcı.cpp","secondFileName":"UMUT_ERTUGRUL_DASGIN/StackQuestionsNonMember.tpp","startInFirst":{"line":70,"column":4,"tokenListIndex":62},"endInFirst":{"line":75,"column":8,"tokenListIndex":70},"startInSecond":{"line":30,"column":4,"tokenListIndex":102},"endInSecond":{"line":35,"column":34,"tokenListIndex":110},"lengthOfFirst":9,"lengthOfSecond":9},{"firstFileName":"KAMI_AVCI/StackQuestionsMember.Kami.Avcı.cpp","secondFileName":"UMUT_ERTUGRUL_DASGIN/StackQuestionsMember.tpp","startInFirst":{"line":12,"column":4,"tokenListIndex":3},"endInFirst":{"line":15,"column":6,"tokenListIndex":8},"startInSecond":{"line":13,"column":4,"tokenListIndex":3},"endInSecond":{"line":15,"column":8,"tokenListIndex":8},"lengthOfFirst":6,"lengthOfSecond":6}],"firstSimilarity":0.3924050632911392,"secondSimilarity":0.19254658385093168}