{"firstSubmissionId":"KAMI_AVCI","secondSubmissionId":"ZEYNEP_ECE_BIKEZ","similarities":{"AVG":0.19696969696969696,"MAX":0.3291139240506329,"MAXIMUM_LENGTH":187.0,"LONGEST_MATCH":7.0},"matches":[{"firstFileName":"KAMI_AVCI/StackQuestionsMember.Kami.Avcı.cpp","secondFileName":"ZEYNEP_ECE_BIKEZ/StackQuestionsNonMember.tpp","startInFirst":{"line":16,"column":4,"tokenListIndex":10},"endInFirst":{"line":21,"column":10,"tokenListIndex":16},"startInSecond":{"line":41,"column":11,"tokenListIndex":139},"endInSecond":{"line":45,"column":16,"tokenListIndex":145},"lengthOfFirst":7,"lengthOfSecond":7},{"firstFileName":"KAMI_AVCI/StackQuestionsMember.Kami.Avcı.cpp","secondFileName":"ZEYNEP_ECE_BIKEZ/StackQuestionsMember.tpp","startInFirst":{"line":44,"column":4,"tokenListIndex":35},"endInFirst":{"line":52,"column":8,"tokenListIndex":41},"startInSecond":{"line":38,"column":2,"tokenListIndex":36},"endInSecond":{"line":47,"column":8,"tokenListIndex":42},"lengthOfFirst":7,"lengthOfSecond":7},{"firstFileName":"KAMI_AVCI/StackQuestionsMember.Kami.Avcı.cpp","secondFileName":"ZEYNEP_ECE_BIKEZ/StackQuestionsMember.tpp","startInFirst":{"line":12,"column":4,"tokenListIndex":3},"endInFirst":{"line":15,"column":6,"tokenListIndex":8},"startInSecond":{"line":51,"column":4,"tokenListIndex":48},"endInSecond":{"line":54,"column":22,"tokenListIndex":53},"lengthOfFirst":6,"lengthOfSecond":6},{"firstFileName":"KAMI_AVCI/StackQuestionsMember.Kami.Avcı.cpp","secondFileName":"ZEYNEP_ECE_BIKEZ/StackQuestionsMember.tpp","startInFirst":{"line":70,"column":4,"tokenListIndex":62},"endInFirst":{"line":73,"column":4,"tokenListIndex":67},"startInSecond":{"line":19,"column":2,"tokenListIndex":12},"endInSecond":{"line":22,"column":2,"tokenListIndex":17},"lengthOfFirst":6,"lengthOfSecond":6}],"firstSimilarity":0.3291139240506329,"secondSimilarity":0.14054054054054055}