{"firstSubmissionId":"KAMI_AVCI","secondSubmissionId":"KARDELEN_KARTAL","similarities":{"AVG":0.375,"MAX":0.4177215189873418,"MAXIMUM_LENGTH":99.0,"LONGEST_MATCH":9.0},"matches":[{"firstFileName":"KAMI_AVCI/StackQuestionsMember.Kami.Avcı.cpp","secondFileName":"KARDELEN_KARTAL/StackQuestionsNonMember.tpp","startInFirst":{"line":51,"column":0,"tokenListIndex":37},"endInFirst":{"line":53,"column":18,"tokenListIndex":45},"startInSecond":{"line":15,"column":0,"tokenListIndex":46},"endInSecond":{"line":19,"column":24,"tokenListIndex":54},"lengthOfFirst":9,"lengthOfSecond":9},{"firstFileName":"KAMI_AVCI/StackQuestionsMember.Kami.Avcı.cpp","secondFileName":"KARDELEN_KARTAL/StackQuestionsMember.tpp","startInFirst":{"line":12,"column":4,"tokenListIndex":3},"endInFirst":{"line":15,"column":6,"tokenListIndex":8},"startInSecond":{"line":22,"column":4,"tokenListIndex":12},"endInSecond":{"line":27,"column":8,"tokenListIndex":17},"lengthOfFirst":6,"lengthOfSecond":6},{"firstFileName":"KAMI_AVCI/StackQuestionsMember.Kami.Avcı.cpp","secondFileName":"KARDELEN_KARTAL/StackQuestionsNonMember.tpp","startInFirst":{"line":15,"column":17,"tokenListIndex":9},"endInFirst":{"line":19,"column":11,"tokenListIndex":14},"startInSecond":{"line":31,"column":14,"tokenListIndex":67},"endInSecond":{"line":34,"column":7,"tokenListIndex":72},"lengthOfFirst":6,"lengthOfSecond":6},{"firstFileName":"KAMI_AVCI/StackQuestionsMember.Kami.Avcı.cpp","secondFileName":"KARDELEN_KARTAL/StackQuestionsNonMember.tpp","startInFirst":{"line":65,"column":4,"tokenListIndex":54},"endInFirst":{"line":66,"column":19,"tokenListIndex":59},"startInSecond":{"line":39,"column":0,"tokenListIndex":75},"endInSecond":{"line":41,"column":1,"tokenListIndex":80},"lengthOfFirst":6,"lengthOfSecond":6},{"firstFileName":"KAMI_AVCI/StackQuestionsMember.Kami.Avcı.cpp","secondFileName":"KARDELEN_KARTAL/StackQuestionsMember.tpp","startInFirst":{"line":70,"column":4,"tokenListIndex":62},"endInFirst":{"line":73,"column":4,"tokenListIndex":67},"startInSecond":{"line":17,"column":2,"tokenListIndex":6},"endInSecond":{"line":20,"column":5,"tokenListIndex":11},"lengthOfFirst":6,"lengthOfSecond":6}],"firstSimilarity":0.4177215189873418,"secondSimilarity":0.3402061855670103}