{"firstSubmissionId":"KAMI_AVCI","secondSubmissionId":"EYLUL_SUICMEZ","similarities":{"AVG":0.3406113537117904,"MAX":0.4936708860759494,"MAXIMUM_LENGTH":152.0,"LONGEST_MATCH":24.0},"matches":[{"firstFileName":"KAMI_AVCI/StackQuestionsMember.Kami.Avcı.cpp","secondFileName":"EYLUL_SUICMEZ/StackQuestionsMember.tpp","startInFirst":{"line":63,"column":4,"tokenListIndex":53},"endInFirst":{"line":79,"column":18,"tokenListIndex":76},"startInSecond":{"line":47,"column":2,"tokenListIndex":71},"endInSecond":{"line":61,"column":13,"tokenListIndex":94},"lengthOfFirst":24,"lengthOfSecond":24},{"firstFileName":"KAMI_AVCI/StackQuestionsMember.Kami.Avcı.cpp","secondFileName":"EYLUL_SUICMEZ/StackQuestionsNonMember.tpp","startInFirst":{"line":51,"column":0,"tokenListIndex":37},"endInFirst":{"line":53,"column":18,"tokenListIndex":45},"startInSecond":{"line":12,"column":0,"tokenListIndex":0},"endInSecond":{"line":16,"column":0,"tokenListIndex":8},"lengthOfFirst":9,"lengthOfSecond":9},{"firstFileName":"KAMI_AVCI/StackQuestionsMember.Kami.Avcı.cpp","secondFileName":"EYLUL_SUICMEZ/StackQuestionsMember.tpp","startInFirst":{"line":21,"column":4,"tokenListIndex":15},"endInFirst":{"line":23,"column":8,"tokenListIndex":20},"startInSecond":{"line":26,"column":0,"tokenListIndex":52},"endInSecond":{"line":28,"column":1,"tokenListIndex":57},"lengthOfFirst":6,"lengthOfSecond":6}],"firstSimilarity":0.4936708860759494,"secondSimilarity":0.26}