{"firstSubmissionId":"KAMI_AVCI","secondSubmissionId":"ALISA_IDA_DELEON","similarities":{"AVG":0.20095693779904306,"MAX":0.26582278481012656,"MAXIMUM_LENGTH":132.0,"LONGEST_MATCH":8.0},"matches":[{"firstFileName":"KAMI_AVCI/StackQuestionsMember.Kami.Avcı.cpp","secondFileName":"ALISA_IDA_DELEON/StackQuestionsMember_ Alisa_İda Deleon.tpp","startInFirst":{"line":19,"column":4,"tokenListIndex":13},"endInFirst":{"line":23,"column":8,"tokenListIndex":20},"startInSecond":{"line":57,"column":2,"tokenListIndex":63},"endInSecond":{"line":61,"column":4,"tokenListIndex":70},"lengthOfFirst":8,"lengthOfSecond":8},{"firstFileName":"KAMI_AVCI/StackQuestionsMember.Kami.Avcı.cpp","secondFileName":"ALISA_IDA_DELEON/StackQuestionsMember_ Alisa_İda Deleon.tpp","startInFirst":{"line":12,"column":4,"tokenListIndex":3},"endInFirst":{"line":15,"column":17,"tokenListIndex":9},"startInSecond":{"line":46,"column":2,"tokenListIndex":47},"endInSecond":{"line":47,"column":10,"tokenListIndex":53},"lengthOfFirst":7,"lengthOfSecond":7},{"firstFileName":"KAMI_AVCI/StackQuestionsMember.Kami.Avcı.cpp","secondFileName":"ALISA_IDA_DELEON/StackQuestionsMember_ Alisa_İda Deleon.tpp","startInFirst":{"line":26,"column":8,"tokenListIndex":22},"endInFirst":{"line":32,"column":8,"tokenListIndex":27},"startInSecond":{"line":26,"column":4,"tokenListIndex":28},"endInSecond":{"line":33,"column":4,"tokenListIndex":33},"lengthOfFirst":6,"lengthOfSecond":6}],"firstSimilarity":0.26582278481012656,"secondSimilarity":0.16153846153846155}