{"firstSubmissionId":"KAMI_AVCI","secondSubmissionId":"CAGATAY_YUREKLI","similarities":{"AVG":0.11387900355871886,"MAX":0.20253164556962025,"MAXIMUM_LENGTH":204.0,"LONGEST_MATCH":10.0},"matches":[{"firstFileName":"KAMI_AVCI/StackQuestionsMember.Kami.Avcı.cpp","secondFileName":"CAGATAY_YUREKLI/StackQuestionsMember.tpp","startInFirst":{"line":70,"column":4,"tokenListIndex":62},"endInFirst":{"line":76,"column":8,"tokenListIndex":71},"startInSecond":{"line":99,"column":1,"tokenListIndex":75},"endInSecond":{"line":107,"column":13,"tokenListIndex":84},"lengthOfFirst":10,"lengthOfSecond":10},{"firstFileName":"KAMI_AVCI/StackQuestionsMember.Kami.Avcı.cpp","secondFileName":"CAGATAY_YUREKLI/StackQuestionsMember.tpp","startInFirst":{"line":21,"column":4,"tokenListIndex":15},"endInFirst":{"line":23,"column":8,"tokenListIndex":20},"startInSecond":{"line":27,"column":5,"tokenListIndex":17},"endInSecond":{"line":29,"column":9,"tokenListIndex":22},"lengthOfFirst":6,"lengthOfSecond":6}],"firstSimilarity":0.20253164556962025,"secondSimilarity":0.07920792079207921}