{"firstSubmissionId":"KAMI_AVCI","secondSubmissionId":"TARIK_SERTVURAN","similarities":{"AVG":0.25120772946859904,"MAX":0.3291139240506329,"MAXIMUM_LENGTH":136.0,"LONGEST_MATCH":8.0},"matches":[{"firstFileName":"KAMI_AVCI/StackQuestionsMember.Kami.Avcı.cpp","secondFileName":"TARIK_SERTVURAN/StackQuestionsMember.tpp","startInFirst":{"line":55,"column":4,"tokenListIndex":46},"endInFirst":{"line":63,"column":4,"tokenListIndex":53},"startInSecond":{"line":74,"column":2,"tokenListIndex":65},"endInSecond":{"line":84,"column":2,"tokenListIndex":72},"lengthOfFirst":8,"lengthOfSecond":8},{"firstFileName":"KAMI_AVCI/StackQuestionsMember.Kami.Avcı.cpp","secondFileName":"TARIK_SERTVURAN/StackQuestionsMember.tpp","startInFirst":{"line":12,"column":4,"tokenListIndex":3},"endInFirst":{"line":15,"column":6,"tokenListIndex":8},"startInSecond":{"line":13,"column":2,"tokenListIndex":1},"endInSecond":{"line":18,"column":11,"tokenListIndex":6},"lengthOfFirst":6,"lengthOfSecond":6},{"firstFileName":"KAMI_AVCI/StackQuestionsMember.Kami.Avcı.cpp","secondFileName":"TARIK_SERTVURAN/StackQuestionsMember.tpp","startInFirst":{"line":21,"column":4,"tokenListIndex":15},"endInFirst":{"line":23,"column":8,"tokenListIndex":20},"startInSecond":{"line":21,"column":2,"tokenListIndex":8},"endInSecond":{"line":23,"column":4,"tokenListIndex":13},"lengthOfFirst":6,"lengthOfSecond":6},{"firstFileName":"KAMI_AVCI/StackQuestionsMember.Kami.Avcı.cpp","secondFileName":"TARIK_SERTVURAN/StackQuestionsMember.tpp","startInFirst":{"line":26,"column":8,"tokenListIndex":22},"endInFirst":{"line":32,"column":8,"tokenListIndex":27},"startInSecond":{"line":38,"column":4,"tokenListIndex":33},"endInSecond":{"line":45,"column":4,"tokenListIndex":38},"lengthOfFirst":6,"lengthOfSecond":6}],"firstSimilarity":0.3291139240506329,"secondSimilarity":0.203125}