{"firstSubmissionId":"KAMI_AVCI","secondSubmissionId":"KENAN_OZCAKIR","similarities":{"AVG":0.5963302752293578,"MAX":0.759493670886076,"MAXIMUM_LENGTH":141.0,"LONGEST_MATCH":25.0},"matches":[{"firstFileName":"KAMI_AVCI/StackQuestionsMember.Kami.Avcı.cpp","secondFileName":"KENAN_OZCAKIR/StackQuestionsNonMember.tpp","startInFirst":{"line":10,"column":0,"tokenListIndex":0},"endInFirst":{"line":15,"column":17,"tokenListIndex":9},"startInSecond":{"line":16,"column":0,"tokenListIndex":0},"endInSecond":{"line":20,"column":20,"tokenListIndex":8},"lengthOfFirst":10,"lengthOfSecond":9},{"firstFileName":"KAMI_AVCI/StackQuestionsMember.Kami.Avcı.cpp","secondFileName":"KENAN_OZCAKIR/StackQuestionsMember.tpp","startInFirst":{"line":21,"column":4,"tokenListIndex":15},"endInFirst":{"line":51,"column":58,"tokenListIndex":39},"startInSecond":{"line":28,"column":4,"tokenListIndex":83},"endInSecond":{"line":56,"column":60,"tokenListIndex":106},"lengthOfFirst":25,"lengthOfSecond":24},{"firstFileName":"KAMI_AVCI/StackQuestionsMember.Kami.Avcı.cpp","secondFileName":"KENAN_OZCAKIR/StackQuestionsNonMember.tpp","startInFirst":{"line":65,"column":4,"tokenListIndex":54},"endInFirst":{"line":83,"column":0,"tokenListIndex":78},"startInSecond":{"line":33,"column":4,"tokenListIndex":19},"endInSecond":{"line":57,"column":0,"tokenListIndex":55},"lengthOfFirst":25,"lengthOfSecond":37}],"firstSimilarity":0.759493670886076,"secondSimilarity":0.5035971223021583}