{"firstSubmissionId":"KAMI_AVCI","secondSubmissionId":"ELIF_KAYAR","similarities":{"AVG":0.25925925925925924,"MAX":0.35443037974683544,"MAXIMUM_LENGTH":139.0,"LONGEST_MATCH":8.0},"matches":[{"firstFileName":"KAMI_AVCI/StackQuestionsMember.Kami.Avcı.cpp","secondFileName":"ELIF_KAYAR/StackQuestionsNonMember.tpp","startInFirst":{"line":71,"column":19,"tokenListIndex":65},"endInFirst":{"line":77,"column":4,"tokenListIndex":72},"startInSecond":{"line":20,"column":3,"tokenListIndex":86},"endInSecond":{"line":24,"column":2,"tokenListIndex":93},"lengthOfFirst":8,"lengthOfSecond":8},{"firstFileName":"KAMI_AVCI/StackQuestionsMember.Kami.Avcı.cpp","secondFileName":"ELIF_KAYAR/StackQuestionsMember.tpp","startInFirst":{"line":12,"column":4,"tokenListIndex":3},"endInFirst":{"line":15,"column":17,"tokenListIndex":9},"startInSecond":{"line":41,"column":3,"tokenListIndex":38},"endInSecond":{"line":42,"column":13,"tokenListIndex":44},"lengthOfFirst":7,"lengthOfSecond":7},{"firstFileName":"KAMI_AVCI/StackQuestionsMember.Kami.Avcı.cpp","secondFileName":"ELIF_KAYAR/StackQuestionsMember.tpp","startInFirst":{"line":43,"column":4,"tokenListIndex":34},"endInFirst":{"line":52,"column":4,"tokenListIndex":40},"startInSecond":{"line":28,"column":1,"tokenListIndex":31},"endInSecond":{"line":40,"column":3,"tokenListIndex":37},"lengthOfFirst":7,"lengthOfSecond":7},{"firstFileName":"KAMI_AVCI/StackQuestionsMember.Kami.Avcı.cpp","secondFileName":"ELIF_KAYAR/StackQuestionsMember.tpp","startInFirst":{"line":65,"column":4,"tokenListIndex":54},"endInFirst":{"line":66,"column":19,"tokenListIndex":59},"startInSecond":{"line":46,"column":2,"tokenListIndex":47},"endInSecond":{"line":47,"column":18,"tokenListIndex":52},"lengthOfFirst":6,"lengthOfSecond":6}],"firstSimilarity":0.35443037974683544,"secondSimilarity":0.20437956204379562}