{"firstSubmissionId":"KAMI_AVCI","secondSubmissionId":"MUHAMMED_ENES_CAM","similarities":{"AVG":0.16129032258064516,"MAX":0.189873417721519,"MAXIMUM_LENGTH":109.0,"LONGEST_MATCH":9.0},"matches":[{"firstFileName":"KAMI_AVCI/StackQuestionsMember.Kami.Avcı.cpp","secondFileName":"MUHAMMED_ENES_CAM/StackQuestionsNonMember.tpp","startInFirst":{"line":66,"column":8,"tokenListIndex":58},"endInFirst":{"line":72,"column":8,"tokenListIndex":66},"startInSecond":{"line":28,"column":26,"tokenListIndex":21},"endInSecond":{"line":36,"column":8,"tokenListIndex":29},"lengthOfFirst":9,"lengthOfSecond":9},{"firstFileName":"KAMI_AVCI/StackQuestionsMember.Kami.Avcı.cpp","secondFileName":"MUHAMMED_ENES_CAM/StackQuestionsNonMember.tpp","startInFirst":{"line":51,"column":0,"tokenListIndex":37},"endInFirst":{"line":52,"column":12,"tokenListIndex":42},"startInSecond":{"line":13,"column":0,"tokenListIndex":0},"endInSecond":{"line":16,"column":18,"tokenListIndex":5},"lengthOfFirst":6,"lengthOfSecond":6}],"firstSimilarity":0.189873417721519,"secondSimilarity":0.14018691588785046}