{"firstSubmissionId":"KAMI_AVCI","secondSubmissionId":"PELIN_GORER","similarities":{"AVG":0.26785714285714285,"MAX":0.379746835443038,"MAXIMUM_LENGTH":147.0,"LONGEST_MATCH":10.0},"matches":[{"firstFileName":"KAMI_AVCI/StackQuestionsMember.Kami.Avcı.cpp","secondFileName":"PELIN_GORER/StackQuestionsMember.tpp","startInFirst":{"line":70,"column":4,"tokenListIndex":62},"endInFirst":{"line":76,"column":8,"tokenListIndex":71},"startInSecond":{"line":63,"column":4,"tokenListIndex":79},"endInSecond":{"line":68,"column":18,"tokenListIndex":88},"lengthOfFirst":10,"lengthOfSecond":10},{"firstFileName":"KAMI_AVCI/StackQuestionsMember.Kami.Avcı.cpp","secondFileName":"PELIN_GORER/StackQuestionsNonMember.tpp","startInFirst":{"line":65,"column":4,"tokenListIndex":54},"endInFirst":{"line":69,"column":4,"tokenListIndex":61},"startInSecond":{"line":17,"column":4,"tokenListIndex":104},"endInSecond":{"line":20,"column":4,"tokenListIndex":111},"lengthOfFirst":8,"lengthOfSecond":8},{"firstFileName":"KAMI_AVCI/StackQuestionsMember.Kami.Avcı.cpp","secondFileName":"PELIN_GORER/StackQuestionsMember.tpp","startInFirst":{"line":21,"column":4,"tokenListIndex":15},"endInFirst":{"line":23,"column":8,"tokenListIndex":20},"startInSecond":{"line":22,"column":4,"tokenListIndex":12},"endInSecond":{"line":24,"column":8,"tokenListIndex":17},"lengthOfFirst":6,"lengthOfSecond":6},{"firstFileName":"KAMI_AVCI/StackQuestionsMember.Kami.Avcı.cpp","secondFileName":"PELIN_GORER/StackQuestionsNonMember.tpp","startInFirst":{"line":78,"column":4,"tokenListIndex":73},"endInFirst":{"line":83,"column":0,"tokenListIndex":78},"startInSecond":{"line":41,"column":4,"tokenListIndex":140},"endInSecond":{"line":44,"column":0,"tokenListIndex":145},"lengthOfFirst":6,"lengthOfSecond":6}],"firstSimilarity":0.379746835443038,"secondSimilarity":0.20689655172413793}