{"firstSubmissionId":"KAMI_AVCI","secondSubmissionId":"ALI_OZUER","similarities":{"AVG":0.2857142857142857,"MAX":0.43037974683544306,"MAXIMUM_LENGTH":161.0,"LONGEST_MATCH":18.0},"matches":[{"firstFileName":"KAMI_AVCI/StackQuestionsMember.Kami.Avcı.cpp","secondFileName":"ALI_OZUER/StackQuestionsMember.tpp","startInFirst":{"line":65,"column":4,"tokenListIndex":54},"endInFirst":{"line":76,"column":8,"tokenListIndex":71},"startInSecond":{"line":47,"column":4,"tokenListIndex":51},"endInSecond":{"line":56,"column":17,"tokenListIndex":68},"lengthOfFirst":18,"lengthOfSecond":18},{"firstFileName":"KAMI_AVCI/StackQuestionsMember.Kami.Avcı.cpp","secondFileName":"ALI_OZUER/StackQuestionsMember.tpp","startInFirst":{"line":15,"column":4,"tokenListIndex":7},"endInFirst":{"line":21,"column":10,"tokenListIndex":16},"startInSecond":{"line":17,"column":2,"tokenListIndex":11},"endInSecond":{"line":21,"column":10,"tokenListIndex":20},"lengthOfFirst":10,"lengthOfSecond":10},{"firstFileName":"KAMI_AVCI/StackQuestionsMember.Kami.Avcı.cpp","secondFileName":"ALI_OZUER/StackQuestionsMember.tpp","startInFirst":{"line":43,"column":4,"tokenListIndex":34},"endInFirst":{"line":51,"column":58,"tokenListIndex":39},"startInSecond":{"line":33,"column":2,"tokenListIndex":36},"endInSecond":{"line":40,"column":58,"tokenListIndex":41},"lengthOfFirst":6,"lengthOfSecond":6}],"firstSimilarity":0.43037974683544306,"secondSimilarity":0.2138364779874214}