{"firstSubmissionId":"KAMI_AVCI","secondSubmissionId":"AGAH_DEMIR_GOK","similarities":{"AVG":0.18587360594795538,"MAX":0.31645569620253167,"MAXIMUM_LENGTH":192.0,"LONGEST_MATCH":11.0},"matches":[{"firstFileName":"KAMI_AVCI/StackQuestionsMember.Kami.Avcı.cpp","secondFileName":"AGAH_DEMIR_GOK/StackQuestionsMember.tpp","startInFirst":{"line":44,"column":4,"tokenListIndex":35},"endInFirst":{"line":53,"column":18,"tokenListIndex":45},"startInSecond":{"line":37,"column":2,"tokenListIndex":41},"endInSecond":{"line":47,"column":2,"tokenListIndex":51},"lengthOfFirst":11,"lengthOfSecond":11},{"firstFileName":"KAMI_AVCI/StackQuestionsMember.Kami.Avcı.cpp","secondFileName":"AGAH_DEMIR_GOK/StackQuestionsMember.tpp","startInFirst":{"line":10,"column":0,"tokenListIndex":0},"endInFirst":{"line":15,"column":4,"tokenListIndex":7},"startInSecond":{"line":10,"column":0,"tokenListIndex":0},"endInSecond":{"line":16,"column":2,"tokenListIndex":7},"lengthOfFirst":8,"lengthOfSecond":8},{"firstFileName":"KAMI_AVCI/StackQuestionsMember.Kami.Avcı.cpp","secondFileName":"AGAH_DEMIR_GOK/StackQuestionsMember.tpp","startInFirst":{"line":70,"column":4,"tokenListIndex":62},"endInFirst":{"line":73,"column":4,"tokenListIndex":67},"startInSecond":{"line":18,"column":2,"tokenListIndex":10},"endInSecond":{"line":21,"column":2,"tokenListIndex":15},"lengthOfFirst":6,"lengthOfSecond":6}],"firstSimilarity":0.31645569620253167,"secondSimilarity":0.13157894736842105}