{"firstSubmissionId":"KAMI_AVCI","secondSubmissionId":"ATAKAN_NAKTURK","similarities":{"AVG":0.22525597269624573,"MAX":0.4177215189873418,"MAXIMUM_LENGTH":216.0,"LONGEST_MATCH":18.0},"matches":[{"firstFileName":"KAMI_AVCI/StackQuestionsMember.Kami.Avcı.cpp","secondFileName":"ATAKAN_NAKTURK/StackQuestionsNonMember.tpp","startInFirst":{"line":65,"column":4,"tokenListIndex":54},"endInFirst":{"line":76,"column":8,"tokenListIndex":71},"startInSecond":{"line":29,"column":4,"tokenListIndex":140},"endInSecond":{"line":41,"column":31,"tokenListIndex":157},"lengthOfFirst":18,"lengthOfSecond":18},{"firstFileName":"KAMI_AVCI/StackQuestionsMember.Kami.Avcı.cpp","secondFileName":"ATAKAN_NAKTURK/StackQuestionsNonMember.tpp","startInFirst":{"line":51,"column":0,"tokenListIndex":37},"endInFirst":{"line":53,"column":18,"tokenListIndex":45},"startInSecond":{"line":11,"column":0,"tokenListIndex":111},"endInSecond":{"line":14,"column":14,"tokenListIndex":119},"lengthOfFirst":9,"lengthOfSecond":9},{"firstFileName":"KAMI_AVCI/StackQuestionsMember.Kami.Avcı.cpp","secondFileName":"ATAKAN_NAKTURK/StackQuestionsNonMember.tpp","startInFirst":{"line":21,"column":4,"tokenListIndex":15},"endInFirst":{"line":23,"column":8,"tokenListIndex":20},"startInSecond":{"line":72,"column":4,"tokenListIndex":189},"endInSecond":{"line":75,"column":8,"tokenListIndex":194},"lengthOfFirst":6,"lengthOfSecond":6}],"firstSimilarity":0.4177215189873418,"secondSimilarity":0.1542056074766355}