{"firstSubmissionId":"KAMI_AVCI","secondSubmissionId":"SAFA_GOKALP_UGUR","similarities":{"AVG":0.4609053497942387,"MAX":0.7088607594936709,"MAXIMUM_LENGTH":166.0,"LONGEST_MATCH":11.0},"matches":[{"firstFileName":"KAMI_AVCI/StackQuestionsMember.Kami.Avcı.cpp","secondFileName":"SAFA_GOKALP_UGUR/StackQuestionsMember.tpp","startInFirst":{"line":74,"column":4,"tokenListIndex":68},"endInFirst":{"line":83,"column":0,"tokenListIndex":78},"startInSecond":{"line":76,"column":4,"tokenListIndex":154},"endInSecond":{"line":84,"column":0,"tokenListIndex":164},"lengthOfFirst":11,"lengthOfSecond":11},{"firstFileName":"KAMI_AVCI/StackQuestionsMember.Kami.Avcı.cpp","secondFileName":"SAFA_GOKALP_UGUR/StackQuestionsMember.tpp","startInFirst":{"line":52,"column":4,"tokenListIndex":40},"endInFirst":{"line":58,"column":4,"tokenListIndex":49},"startInSecond":{"line":50,"column":4,"tokenListIndex":123},"endInSecond":{"line":57,"column":24,"tokenListIndex":132},"lengthOfFirst":10,"lengthOfSecond":10},{"firstFileName":"KAMI_AVCI/StackQuestionsMember.Kami.Avcı.cpp","secondFileName":"SAFA_GOKALP_UGUR/StackQuestionsMember.tpp","startInFirst":{"line":18,"column":4,"tokenListIndex":11},"endInFirst":{"line":22,"column":20,"tokenListIndex":19},"startInSecond":{"line":20,"column":4,"tokenListIndex":94},"endInSecond":{"line":24,"column":14,"tokenListIndex":102},"lengthOfFirst":9,"lengthOfSecond":9},{"firstFileName":"KAMI_AVCI/StackQuestionsMember.Kami.Avcı.cpp","secondFileName":"SAFA_GOKALP_UGUR/StackQuestionsNonMember.tpp","startInFirst":{"line":65,"column":4,"tokenListIndex":54},"endInFirst":{"line":69,"column":4,"tokenListIndex":61},"startInSecond":{"line":34,"column":1,"tokenListIndex":27},"endInSecond":{"line":37,"column":4,"tokenListIndex":34},"lengthOfFirst":8,"lengthOfSecond":8},{"firstFileName":"KAMI_AVCI/StackQuestionsMember.Kami.Avcı.cpp","secondFileName":"SAFA_GOKALP_UGUR/StackQuestionsMember.tpp","startInFirst":{"line":26,"column":8,"tokenListIndex":22},"endInFirst":{"line":32,"column":8,"tokenListIndex":27},"startInSecond":{"line":27,"column":8,"tokenListIndex":106},"endInSecond":{"line":35,"column":8,"tokenListIndex":111},"lengthOfFirst":6,"lengthOfSecond":6},{"firstFileName":"KAMI_AVCI/StackQuestionsMember.Kami.Avcı.cpp","secondFileName":"SAFA_GOKALP_UGUR/StackQuestionsMember.tpp","startInFirst":{"line":43,"column":4,"tokenListIndex":34},"endInFirst":{"line":51,"column":58,"tokenListIndex":39},"startInSecond":{"line":39,"column":4,"tokenListIndex":115},"endInSecond":{"line":47,"column":58,"tokenListIndex":120},"lengthOfFirst":6,"lengthOfSecond":6},{"firstFileName":"KAMI_AVCI/StackQuestionsMember.Kami.Avcı.cpp","secondFileName":"SAFA_GOKALP_UGUR/StackQuestionsNonMember.tpp","startInFirst":{"line":70,"column":4,"tokenListIndex":62},"endInFirst":{"line":73,"column":4,"tokenListIndex":67},"startInSecond":{"line":24,"column":4,"tokenListIndex":15},"endInSecond":{"line":27,"column":4,"tokenListIndex":20},"lengthOfFirst":6,"lengthOfSecond":6}],"firstSimilarity":0.7088607594936709,"secondSimilarity":0.34146341463414637}