{"firstSubmissionId":"KAMI_AVCI","secondSubmissionId":"BAHAR_CETIN_ASLAN","similarities":{"AVG":0.06936416184971098,"MAX":0.0759493670886076,"MAXIMUM_LENGTH":96.0,"LONGEST_MATCH":6.0},"matches":[{"firstFileName":"KAMI_AVCI/StackQuestionsMember.Kami.Avcı.cpp","secondFileName":"BAHAR_CETIN_ASLAN/StackQuestionsMemberbc.cpp","startInFirst":{"line":65,"column":12,"tokenListIndex":56},"endInFirst":{"line":69,"column":4,"tokenListIndex":61},"startInSecond":{"line":69,"column":9,"tokenListIndex":55},"endInSecond":{"line":72,"column":3,"tokenListIndex":60},"lengthOfFirst":6,"lengthOfSecond":6}],"firstSimilarity":0.0759493670886076,"secondSimilarity":0.06382978723404255}