{"firstSubmissionId":"KAMI_AVCI","secondSubmissionId":"YUSUF_KULLUK","similarities":{"AVG":0.47186147186147187,"MAX":0.6835443037974683,"MAXIMUM_LENGTH":154.0,"LONGEST_MATCH":20.0},"matches":[{"firstFileName":"KAMI_AVCI/StackQuestionsMember.Kami.Avcı.cpp","secondFileName":"YUSUF_KULLUK/StackQuestionsMember.tpp","startInFirst":{"line":12,"column":4,"tokenListIndex":3},"endInFirst":{"line":16,"column":4,"tokenListIndex":10},"startInSecond":{"line":13,"column":1,"tokenListIndex":1},"endInSecond":{"line":24,"column":8,"tokenListIndex":15},"lengthOfFirst":8,"lengthOfSecond":15},{"firstFileName":"KAMI_AVCI/StackQuestionsMember.Kami.Avcı.cpp","secondFileName":"YUSUF_KULLUK/StackQuestionsMember.tpp","startInFirst":{"line":29,"column":8,"tokenListIndex":24},"endInFirst":{"line":52,"column":8,"tokenListIndex":41},"startInSecond":{"line":32,"column":8,"tokenListIndex":23},"endInSecond":{"line":48,"column":6,"tokenListIndex":33},"lengthOfFirst":18,"lengthOfSecond":11},{"firstFileName":"KAMI_AVCI/StackQuestionsMember.Kami.Avcı.cpp","secondFileName":"YUSUF_KULLUK/StackQuestionsMember.tpp","startInFirst":{"line":52,"column":12,"tokenListIndex":42},"endInFirst":{"line":58,"column":4,"tokenListIndex":49},"startInSecond":{"line":25,"column":16,"tokenListIndex":17},"endInSecond":{"line":30,"column":12,"tokenListIndex":22},"lengthOfFirst":8,"lengthOfSecond":6},{"firstFileName":"KAMI_AVCI/StackQuestionsMember.Kami.Avcı.cpp","secondFileName":"YUSUF_KULLUK/StackQuestionsMember.tpp","startInFirst":{"line":66,"column":19,"tokenListIndex":59},"endInFirst":{"line":83,"column":0,"tokenListIndex":78},"startInSecond":{"line":55,"column":4,"tokenListIndex":41},"endInSecond":{"line":70,"column":0,"tokenListIndex":63},"lengthOfFirst":20,"lengthOfSecond":23}],"firstSimilarity":0.6835443037974683,"secondSimilarity":0.3618421052631579}