{"firstSubmissionId":"KAMI_AVCI","secondSubmissionId":"MEHMET_OGUZHAN_MEMIS","similarities":{"AVG":0.14035087719298245,"MAX":0.1518987341772152,"MAXIMUM_LENGTH":94.0,"LONGEST_MATCH":6.0},"matches":[{"firstFileName":"KAMI_AVCI/StackQuestionsMember.Kami.Avcı.cpp","secondFileName":"MEHMET_OGUZHAN_MEMIS/StackQuestionsMember.tpp","startInFirst":{"line":43,"column":4,"tokenListIndex":34},"endInFirst":{"line":51,"column":58,"tokenListIndex":39},"startInSecond":{"line":31,"column":2,"tokenListIndex":28},"endInSecond":{"line":38,"column":58,"tokenListIndex":33},"lengthOfFirst":6,"lengthOfSecond":6},{"firstFileName":"KAMI_AVCI/StackQuestionsMember.Kami.Avcı.cpp","secondFileName":"MEHMET_OGUZHAN_MEMIS/StackQuestionsNonMember.tpp","startInFirst":{"line":70,"column":4,"tokenListIndex":62},"endInFirst":{"line":73,"column":4,"tokenListIndex":67},"startInSecond":{"line":16,"column":4,"tokenListIndex":42},"endInSecond":{"line":19,"column":4,"tokenListIndex":47},"lengthOfFirst":6,"lengthOfSecond":6}],"firstSimilarity":0.1518987341772152,"secondSimilarity":0.13043478260869565}