{"firstSubmissionId":"KARDELEN_KARTAL","secondSubmissionId":"KENAN_OZCAKIR","similarities":{"AVG":0.2288135593220339,"MAX":0.27835051546391754,"MAXIMUM_LENGTH":141.0,"LONGEST_MATCH":8.0},"matches":[{"firstFileName":"KARDELEN_KARTAL/StackQuestionsNonMember.tpp","secondFileName":"KENAN_OZCAKIR/StackQuestionsMember.tpp","startInFirst":{"line":21,"column":1,"tokenListIndex":57},"endInFirst":{"line":29,"column":1,"tokenListIndex":64},"startInSecond":{"line":65,"column":4,"tokenListIndex":114},"endInSecond":{"line":71,"column":20,"tokenListIndex":121},"lengthOfFirst":8,"lengthOfSecond":8},{"firstFileName":"KARDELEN_KARTAL/StackQuestionsMember.tpp","secondFileName":"KENAN_OZCAKIR/StackQuestionsMember.tpp","startInFirst":{"line":22,"column":4,"tokenListIndex":12},"endInFirst":{"line":28,"column":1,"tokenListIndex":18},"startInSecond":{"line":12,"column":4,"tokenListIndex":62},"endInSecond":{"line":15,"column":4,"tokenListIndex":68},"lengthOfFirst":7,"lengthOfSecond":7},{"firstFileName":"KARDELEN_KARTAL/StackQuestionsMember.tpp","secondFileName":"KENAN_OZCAKIR/StackQuestionsNonMember.tpp","startInFirst":{"line":17,"column":2,"tokenListIndex":6},"endInFirst":{"line":20,"column":5,"tokenListIndex":11},"startInSecond":{"line":27,"column":4,"tokenListIndex":13},"endInSecond":{"line":30,"column":4,"tokenListIndex":18},"lengthOfFirst":6,"lengthOfSecond":6},{"firstFileName":"KARDELEN_KARTAL/StackQuestionsNonMember.tpp","secondFileName":"KENAN_OZCAKIR/StackQuestionsMember.tpp","startInFirst":{"line":37,"column":0,"tokenListIndex":74},"endInFirst":{"line":40,"column":1,"tokenListIndex":79},"startInSecond":{"line":79,"column":47,"tokenListIndex":132},"endInSecond":{"line":82,"column":8,"tokenListIndex":137},"lengthOfFirst":6,"lengthOfSecond":6}],"firstSimilarity":0.27835051546391754,"secondSimilarity":0.19424460431654678}