{"firstSubmissionId":"KARDELEN_KARTAL","secondSubmissionId":"MERT_ACAR","similarities":{"AVG":0.10434782608695652,"MAX":0.12371134020618557,"MAXIMUM_LENGTH":140.0,"LONGEST_MATCH":6.0},"matches":[{"firstFileName":"KARDELEN_KARTAL/StackQuestionsNonMember.tpp","secondFileName":"MERT_ACAR/main.cpp","startInFirst":{"line":31,"column":0,"tokenListIndex":65},"endInFirst":{"line":33,"column":7,"tokenListIndex":70},"startInSecond":{"line":140,"column":2,"tokenListIndex":92},"endInSecond":{"line":146,"column":19,"tokenListIndex":97},"lengthOfFirst":6,"lengthOfSecond":6},{"firstFileName":"KARDELEN_KARTAL/StackQuestionsNonMember.tpp","secondFileName":"MERT_ACAR/main.cpp","startInFirst":{"line":37,"column":0,"tokenListIndex":74},"endInFirst":{"line":40,"column":1,"tokenListIndex":79},"startInSecond":{"line":187,"column":2,"tokenListIndex":124},"endInSecond":{"line":189,"column":4,"tokenListIndex":129},"lengthOfFirst":6,"lengthOfSecond":6}],"firstSimilarity":0.12371134020618557,"secondSimilarity":0.09022556390977443}