{"firstSubmissionId":"KARDELEN_KARTAL","secondSubmissionId":"TARIK_SERTVURAN","similarities":{"AVG":0.3111111111111111,"MAX":0.36082474226804123,"MAXIMUM_LENGTH":136.0,"LONGEST_MATCH":19.0},"matches":[{"firstFileName":"KARDELEN_KARTAL/StackQuestionsMember.tpp","secondFileName":"TARIK_SERTVURAN/StackQuestionsMember.tpp","startInFirst":{"line":18,"column":3,"tokenListIndex":8},"endInFirst":{"line":32,"column":5,"tokenListIndex":26},"startInSecond":{"line":22,"column":14,"tokenListIndex":12},"endInSecond":{"line":35,"column":6,"tokenListIndex":30},"lengthOfFirst":19,"lengthOfSecond":19},{"firstFileName":"KARDELEN_KARTAL/StackQuestionsNonMember.tpp","secondFileName":"TARIK_SERTVURAN/StackQuestionsNonMember.tpp","startInFirst":{"line":26,"column":2,"tokenListIndex":61},"endInFirst":{"line":33,"column":7,"tokenListIndex":70},"startInSecond":{"line":40,"column":18,"tokenListIndex":106},"endInSecond":{"line":48,"column":8,"tokenListIndex":115},"lengthOfFirst":10,"lengthOfSecond":10},{"firstFileName":"KARDELEN_KARTAL/StackQuestionsNonMember.tpp","secondFileName":"TARIK_SERTVURAN/StackQuestionsMember.tpp","startInFirst":{"line":36,"column":0,"tokenListIndex":73},"endInFirst":{"line":39,"column":29,"tokenListIndex":78},"startInSecond":{"line":84,"column":2,"tokenListIndex":72},"endInSecond":{"line":87,"column":22,"tokenListIndex":77},"lengthOfFirst":6,"lengthOfSecond":6}],"firstSimilarity":0.36082474226804123,"secondSimilarity":0.2734375}