{"firstSubmissionId":"KARDELEN_KARTAL","secondSubmissionId":"UMUT_ERTUGRUL_DASGIN","similarities":{"AVG":0.26356589147286824,"MAX":0.35051546391752575,"MAXIMUM_LENGTH":163.0,"LONGEST_MATCH":12.0},"matches":[{"firstFileName":"KARDELEN_KARTAL/StackQuestionsNonMember.tpp","secondFileName":"UMUT_ERTUGRUL_DASGIN/StackQuestionsNonMember.tpp","startInFirst":{"line":25,"column":1,"tokenListIndex":59},"endInFirst":{"line":33,"column":7,"tokenListIndex":70},"startInSecond":{"line":54,"column":4,"tokenListIndex":128},"endInSecond":{"line":61,"column":8,"tokenListIndex":139},"lengthOfFirst":12,"lengthOfSecond":12},{"firstFileName":"KARDELEN_KARTAL/StackQuestionsMember.tpp","secondFileName":"UMUT_ERTUGRUL_DASGIN/StackQuestionsMember.tpp","startInFirst":{"line":22,"column":4,"tokenListIndex":12},"endInFirst":{"line":28,"column":8,"tokenListIndex":19},"startInSecond":{"line":13,"column":4,"tokenListIndex":3},"endInSecond":{"line":16,"column":8,"tokenListIndex":10},"lengthOfFirst":8,"lengthOfSecond":8},{"firstFileName":"KARDELEN_KARTAL/StackQuestionsNonMember.tpp","secondFileName":"UMUT_ERTUGRUL_DASGIN/StackQuestionsMember.tpp","startInFirst":{"line":15,"column":22,"tokenListIndex":47},"endInFirst":{"line":19,"column":24,"tokenListIndex":54},"startInSecond":{"line":43,"column":0,"tokenListIndex":38},"endInSecond":{"line":45,"column":24,"tokenListIndex":45},"lengthOfFirst":8,"lengthOfSecond":8},{"firstFileName":"KARDELEN_KARTAL/StackQuestionsMember.tpp","secondFileName":"UMUT_ERTUGRUL_DASGIN/StackQuestionsMember.tpp","startInFirst":{"line":17,"column":2,"tokenListIndex":6},"endInFirst":{"line":20,"column":5,"tokenListIndex":11},"startInSecond":{"line":52,"column":4,"tokenListIndex":54},"endInSecond":{"line":55,"column":4,"tokenListIndex":59},"lengthOfFirst":6,"lengthOfSecond":6}],"firstSimilarity":0.35051546391752575,"secondSimilarity":0.2111801242236025}