{"firstSubmissionId":"KARDELEN_KARTAL","secondSubmissionId":"PELIN_GORER","similarities":{"AVG":0.19834710743801653,"MAX":0.24742268041237114,"MAXIMUM_LENGTH":147.0,"LONGEST_MATCH":6.0},"matches":[{"firstFileName":"KARDELEN_KARTAL/StackQuestionsMember.tpp","secondFileName":"PELIN_GORER/StackQuestionsMember.tpp","startInFirst":{"line":17,"column":2,"tokenListIndex":6},"endInFirst":{"line":20,"column":5,"tokenListIndex":11},"startInSecond":{"line":63,"column":4,"tokenListIndex":79},"endInSecond":{"line":66,"column":4,"tokenListIndex":84},"lengthOfFirst":6,"lengthOfSecond":6},{"firstFileName":"KARDELEN_KARTAL/StackQuestionsNonMember.tpp","secondFileName":"PELIN_GORER/StackQuestionsMember.tpp","startInFirst":{"line":25,"column":1,"tokenListIndex":59},"endInFirst":{"line":29,"column":1,"tokenListIndex":64},"startInSecond":{"line":67,"column":4,"tokenListIndex":85},"endInSecond":{"line":70,"column":4,"tokenListIndex":90},"lengthOfFirst":6,"lengthOfSecond":6},{"firstFileName":"KARDELEN_KARTAL/StackQuestionsNonMember.tpp","secondFileName":"PELIN_GORER/StackQuestionsNonMember.tpp","startInFirst":{"line":39,"column":0,"tokenListIndex":75},"endInFirst":{"line":41,"column":1,"tokenListIndex":80},"startInSecond":{"line":17,"column":4,"tokenListIndex":104},"endInSecond":{"line":18,"column":21,"tokenListIndex":109},"lengthOfFirst":6,"lengthOfSecond":6},{"firstFileName":"KARDELEN_KARTAL/StackQuestionsNonMember.tpp","secondFileName":"PELIN_GORER/StackQuestionsMember.tpp","startInFirst":{"line":52,"column":0,"tokenListIndex":86},"endInFirst":{"line":53,"column":1,"tokenListIndex":91},"startInSecond":{"line":58,"column":4,"tokenListIndex":69},"endInSecond":{"line":59,"column":8,"tokenListIndex":74},"lengthOfFirst":6,"lengthOfSecond":6}],"firstSimilarity":0.24742268041237114,"secondSimilarity":0.16551724137931034}