{"firstSubmissionId":"KARDELEN_KARTAL","secondSubmissionId":"ATAKAN_NAKTURK","similarities":{"AVG":0.22508038585209003,"MAX":0.36082474226804123,"MAXIMUM_LENGTH":216.0,"LONGEST_MATCH":11.0},"matches":[{"firstFileName":"KARDELEN_KARTAL/StackQuestionsNonMember.tpp","secondFileName":"ATAKAN_NAKTURK/StackQuestionsNonMember.tpp","startInFirst":{"line":15,"column":0,"tokenListIndex":46},"endInFirst":{"line":20,"column":10,"tokenListIndex":56},"startInSecond":{"line":11,"column":0,"tokenListIndex":111},"endInSecond":{"line":16,"column":8,"tokenListIndex":121},"lengthOfFirst":11,"lengthOfSecond":11},{"firstFileName":"KARDELEN_KARTAL/StackQuestionsMember.tpp","secondFileName":"ATAKAN_NAKTURK/StackQuestionsNonMember.tpp","startInFirst":{"line":16,"column":2,"tokenListIndex":4},"endInFirst":{"line":18,"column":22,"tokenListIndex":9},"startInSecond":{"line":74,"column":20,"tokenListIndex":193},"endInSecond":{"line":78,"column":12,"tokenListIndex":198},"lengthOfFirst":6,"lengthOfSecond":6},{"firstFileName":"KARDELEN_KARTAL/StackQuestionsNonMember.tpp","secondFileName":"ATAKAN_NAKTURK/StackQuestionsMember.tpp","startInFirst":{"line":25,"column":1,"tokenListIndex":59},"endInFirst":{"line":29,"column":1,"tokenListIndex":64},"startInSecond":{"line":89,"column":4,"tokenListIndex":91},"endInSecond":{"line":93,"column":4,"tokenListIndex":96},"lengthOfFirst":6,"lengthOfSecond":6},{"firstFileName":"KARDELEN_KARTAL/StackQuestionsNonMember.tpp","secondFileName":"ATAKAN_NAKTURK/StackQuestionsMember.tpp","startInFirst":{"line":31,"column":32,"tokenListIndex":68},"endInFirst":{"line":36,"column":0,"tokenListIndex":73},"startInSecond":{"line":15,"column":11,"tokenListIndex":9},"endInSecond":{"line":18,"column":7,"tokenListIndex":14},"lengthOfFirst":6,"lengthOfSecond":6},{"firstFileName":"KARDELEN_KARTAL/StackQuestionsNonMember.tpp","secondFileName":"ATAKAN_NAKTURK/StackQuestionsMember.tpp","startInFirst":{"line":37,"column":0,"tokenListIndex":74},"endInFirst":{"line":40,"column":1,"tokenListIndex":79},"startInSecond":{"line":19,"column":18,"tokenListIndex":18},"endInSecond":{"line":23,"column":4,"tokenListIndex":23},"lengthOfFirst":6,"lengthOfSecond":6}],"firstSimilarity":0.36082474226804123,"secondSimilarity":0.16355140186915887}