{"firstSubmissionId":"KARDELEN_KARTAL","secondSubmissionId":"SAFA_GOKALP_UGUR","similarities":{"AVG":0.31417624521072796,"MAX":0.422680412371134,"MAXIMUM_LENGTH":166.0,"LONGEST_MATCH":12.0},"matches":[{"firstFileName":"KARDELEN_KARTAL/StackQuestionsNonMember.tpp","secondFileName":"SAFA_GOKALP_UGUR/StackQuestionsNonMember.tpp","startInFirst":{"line":15,"column":0,"tokenListIndex":46},"endInFirst":{"line":21,"column":1,"tokenListIndex":57},"startInSecond":{"line":12,"column":0,"tokenListIndex":0},"endInSecond":{"line":23,"column":10,"tokenListIndex":11},"lengthOfFirst":12,"lengthOfSecond":12},{"firstFileName":"KARDELEN_KARTAL/StackQuestionsMember.tpp","secondFileName":"SAFA_GOKALP_UGUR/StackQuestionsMember.tpp","startInFirst":{"line":22,"column":4,"tokenListIndex":12},"endInFirst":{"line":28,"column":8,"tokenListIndex":19},"startInSecond":{"line":18,"column":4,"tokenListIndex":90},"endInSecond":{"line":21,"column":11,"tokenListIndex":97},"lengthOfFirst":8,"lengthOfSecond":8},{"firstFileName":"KARDELEN_KARTAL/StackQuestionsMember.tpp","secondFileName":"SAFA_GOKALP_UGUR/StackQuestionsNonMember.tpp","startInFirst":{"line":16,"column":19,"tokenListIndex":5},"endInFirst":{"line":20,"column":5,"tokenListIndex":11},"startInSecond":{"line":57,"column":4,"tokenListIndex":63},"endInSecond":{"line":63,"column":0,"tokenListIndex":69},"lengthOfFirst":7,"lengthOfSecond":7},{"firstFileName":"KARDELEN_KARTAL/StackQuestionsNonMember.tpp","secondFileName":"SAFA_GOKALP_UGUR/StackQuestionsNonMember.tpp","startInFirst":{"line":25,"column":1,"tokenListIndex":59},"endInFirst":{"line":31,"column":0,"tokenListIndex":65},"startInSecond":{"line":24,"column":4,"tokenListIndex":15},"endInSecond":{"line":30,"column":1,"tokenListIndex":21},"lengthOfFirst":7,"lengthOfSecond":7},{"firstFileName":"KARDELEN_KARTAL/StackQuestionsNonMember.tpp","secondFileName":"SAFA_GOKALP_UGUR/StackQuestionsMember.tpp","startInFirst":{"line":39,"column":0,"tokenListIndex":75},"endInFirst":{"line":43,"column":0,"tokenListIndex":81},"startInSecond":{"line":62,"column":4,"tokenListIndex":135},"endInSecond":{"line":64,"column":4,"tokenListIndex":141},"lengthOfFirst":7,"lengthOfSecond":7}],"firstSimilarity":0.422680412371134,"secondSimilarity":0.25}