{"firstSubmissionId":"KARDELEN_KARTAL","secondSubmissionId":"YUSUF_KULLUK","similarities":{"AVG":0.15261044176706828,"MAX":0.1958762886597938,"MAXIMUM_LENGTH":154.0,"LONGEST_MATCH":7.0},"matches":[{"firstFileName":"KARDELEN_KARTAL/StackQuestionsMember.tpp","secondFileName":"YUSUF_KULLUK/StackQuestionsMember.tpp","startInFirst":{"line":22,"column":4,"tokenListIndex":12},"endInFirst":{"line":28,"column":1,"tokenListIndex":18},"startInSecond":{"line":13,"column":1,"tokenListIndex":1},"endInSecond":{"line":20,"column":4,"tokenListIndex":7},"lengthOfFirst":7,"lengthOfSecond":7},{"firstFileName":"KARDELEN_KARTAL/StackQuestionsMember.tpp","secondFileName":"YUSUF_KULLUK/StackQuestionsMember.tpp","startInFirst":{"line":17,"column":2,"tokenListIndex":6},"endInFirst":{"line":20,"column":5,"tokenListIndex":11},"startInSecond":{"line":58,"column":2,"tokenListIndex":45},"endInSecond":{"line":61,"column":2,"tokenListIndex":50},"lengthOfFirst":6,"lengthOfSecond":6},{"firstFileName":"KARDELEN_KARTAL/StackQuestionsNonMember.tpp","secondFileName":"YUSUF_KULLUK/StackQuestionsMember.tpp","startInFirst":{"line":25,"column":1,"tokenListIndex":59},"endInFirst":{"line":29,"column":1,"tokenListIndex":64},"startInSecond":{"line":62,"column":2,"tokenListIndex":51},"endInSecond":{"line":65,"column":2,"tokenListIndex":56},"lengthOfFirst":6,"lengthOfSecond":6}],"firstSimilarity":0.1958762886597938,"secondSimilarity":0.125}