{"firstSubmissionId":"KARDELEN_KARTAL","secondSubmissionId":"MUHAMMED_ENES_CAM","similarities":{"AVG":0.3627450980392157,"MAX":0.38144329896907214,"MAXIMUM_LENGTH":109.0,"LONGEST_MATCH":9.0},"matches":[{"firstFileName":"KARDELEN_KARTAL/StackQuestionsMember.tpp","secondFileName":"MUHAMMED_ENES_CAM/StackQuestionsMember.tpp","startInFirst":{"line":15,"column":2,"tokenListIndex":3},"endInFirst":{"line":20,"column":5,"tokenListIndex":11},"startInSecond":{"line":30,"column":3,"tokenListIndex":98},"endInSecond":{"line":36,"column":4,"tokenListIndex":106},"lengthOfFirst":9,"lengthOfSecond":9},{"firstFileName":"KARDELEN_KARTAL/StackQuestionsNonMember.tpp","secondFileName":"MUHAMMED_ENES_CAM/StackQuestionsNonMember.tpp","startInFirst":{"line":21,"column":1,"tokenListIndex":57},"endInFirst":{"line":31,"column":0,"tokenListIndex":65},"startInSecond":{"line":62,"column":1,"tokenListIndex":49},"endInSecond":{"line":70,"column":4,"tokenListIndex":57},"lengthOfFirst":9,"lengthOfSecond":9},{"firstFileName":"KARDELEN_KARTAL/StackQuestionsNonMember.tpp","secondFileName":"MUHAMMED_ENES_CAM/StackQuestionsNonMember.tpp","startInFirst":{"line":37,"column":0,"tokenListIndex":74},"endInFirst":{"line":41,"column":1,"tokenListIndex":80},"startInSecond":{"line":21,"column":16,"tokenListIndex":10},"endInSecond":{"line":24,"column":19,"tokenListIndex":16},"lengthOfFirst":7,"lengthOfSecond":7},{"firstFileName":"KARDELEN_KARTAL/StackQuestionsNonMember.tpp","secondFileName":"MUHAMMED_ENES_CAM/StackQuestionsNonMember.tpp","startInFirst":{"line":15,"column":0,"tokenListIndex":46},"endInFirst":{"line":17,"column":17,"tokenListIndex":51},"startInSecond":{"line":13,"column":0,"tokenListIndex":0},"endInSecond":{"line":16,"column":18,"tokenListIndex":5},"lengthOfFirst":6,"lengthOfSecond":6},{"firstFileName":"KARDELEN_KARTAL/StackQuestionsNonMember.tpp","secondFileName":"MUHAMMED_ENES_CAM/StackQuestionsMember.tpp","startInFirst":{"line":51,"column":0,"tokenListIndex":85},"endInFirst":{"line":52,"column":33,"tokenListIndex":90},"startInSecond":{"line":13,"column":2,"tokenListIndex":86},"endInSecond":{"line":16,"column":31,"tokenListIndex":91},"lengthOfFirst":6,"lengthOfSecond":6}],"firstSimilarity":0.38144329896907214,"secondSimilarity":0.34579439252336447}