{"firstSubmissionId":"KARDELEN_KARTAL","secondSubmissionId":"EYLUL_SUICMEZ","similarities":{"AVG":0.25101214574898784,"MAX":0.31958762886597936,"MAXIMUM_LENGTH":152.0,"LONGEST_MATCH":10.0},"matches":[{"firstFileName":"KARDELEN_KARTAL/StackQuestionsNonMember.tpp","secondFileName":"EYLUL_SUICMEZ/StackQuestionsNonMember.tpp","startInFirst":{"line":15,"column":0,"tokenListIndex":46},"endInFirst":{"line":20,"column":1,"tokenListIndex":55},"startInSecond":{"line":12,"column":0,"tokenListIndex":0},"endInSecond":{"line":17,"column":0,"tokenListIndex":9},"lengthOfFirst":10,"lengthOfSecond":10},{"firstFileName":"KARDELEN_KARTAL/StackQuestionsMember.tpp","secondFileName":"EYLUL_SUICMEZ/StackQuestionsMember.tpp","startInFirst":{"line":16,"column":2,"tokenListIndex":4},"endInFirst":{"line":20,"column":5,"tokenListIndex":11},"startInSecond":{"line":78,"column":13,"tokenListIndex":116},"endInSecond":{"line":84,"column":0,"tokenListIndex":123},"lengthOfFirst":8,"lengthOfSecond":8},{"firstFileName":"KARDELEN_KARTAL/StackQuestionsNonMember.tpp","secondFileName":"EYLUL_SUICMEZ/StackQuestionsMember.tpp","startInFirst":{"line":25,"column":1,"tokenListIndex":59},"endInFirst":{"line":31,"column":0,"tokenListIndex":65},"startInSecond":{"line":18,"column":0,"tokenListIndex":39},"endInSecond":{"line":22,"column":1,"tokenListIndex":45},"lengthOfFirst":7,"lengthOfSecond":7},{"firstFileName":"KARDELEN_KARTAL/StackQuestionsNonMember.tpp","secondFileName":"EYLUL_SUICMEZ/StackQuestionsMember.tpp","startInFirst":{"line":39,"column":0,"tokenListIndex":75},"endInFirst":{"line":41,"column":1,"tokenListIndex":80},"startInSecond":{"line":48,"column":2,"tokenListIndex":72},"endInSecond":{"line":49,"column":14,"tokenListIndex":77},"lengthOfFirst":6,"lengthOfSecond":6}],"firstSimilarity":0.31958762886597936,"secondSimilarity":0.20666666666666667}