{"firstSubmissionId":"KARDELEN_KARTAL","secondSubmissionId":"ELIF_KAYAR","similarities":{"AVG":0.1794871794871795,"MAX":0.21649484536082475,"MAXIMUM_LENGTH":139.0,"LONGEST_MATCH":8.0},"matches":[{"firstFileName":"KARDELEN_KARTAL/StackQuestionsMember.tpp","secondFileName":"ELIF_KAYAR/StackQuestionsMember.tpp","startInFirst":{"line":22,"column":4,"tokenListIndex":12},"endInFirst":{"line":28,"column":8,"tokenListIndex":19},"startInSecond":{"line":14,"column":1,"tokenListIndex":6},"endInSecond":{"line":17,"column":5,"tokenListIndex":13},"lengthOfFirst":8,"lengthOfSecond":8},{"firstFileName":"KARDELEN_KARTAL/StackQuestionsNonMember.tpp","secondFileName":"ELIF_KAYAR/StackQuestionsMember.tpp","startInFirst":{"line":39,"column":0,"tokenListIndex":75},"endInFirst":{"line":43,"column":0,"tokenListIndex":81},"startInSecond":{"line":46,"column":2,"tokenListIndex":47},"endInSecond":{"line":48,"column":2,"tokenListIndex":53},"lengthOfFirst":7,"lengthOfSecond":7},{"firstFileName":"KARDELEN_KARTAL/StackQuestionsNonMember.tpp","secondFileName":"ELIF_KAYAR/StackQuestionsNonMember.tpp","startInFirst":{"line":15,"column":0,"tokenListIndex":46},"endInFirst":{"line":17,"column":17,"tokenListIndex":51},"startInSecond":{"line":38,"column":0,"tokenListIndex":106},"endInSecond":{"line":40,"column":19,"tokenListIndex":111},"lengthOfFirst":6,"lengthOfSecond":6}],"firstSimilarity":0.21649484536082475,"secondSimilarity":0.15328467153284672}