{"firstSubmissionId":"KARDELEN_KARTAL","secondSubmissionId":"ALI_OZUER","similarities":{"AVG":0.2578125,"MAX":0.3402061855670103,"MAXIMUM_LENGTH":161.0,"LONGEST_MATCH":8.0},"matches":[{"firstFileName":"KARDELEN_KARTAL/StackQuestionsMember.tpp","secondFileName":"ALI_OZUER/StackQuestionsMember.tpp","startInFirst":{"line":22,"column":4,"tokenListIndex":12},"endInFirst":{"line":28,"column":8,"tokenListIndex":19},"startInSecond":{"line":13,"column":2,"tokenListIndex":5},"endInSecond":{"line":17,"column":6,"tokenListIndex":12},"lengthOfFirst":8,"lengthOfSecond":8},{"firstFileName":"KARDELEN_KARTAL/StackQuestionsNonMember.tpp","secondFileName":"ALI_OZUER/StackQuestionsNonMember.tpp","startInFirst":{"line":37,"column":0,"tokenListIndex":74},"endInFirst":{"line":41,"column":1,"tokenListIndex":80},"startInSecond":{"line":12,"column":12,"tokenListIndex":117},"endInSecond":{"line":14,"column":13,"tokenListIndex":123},"lengthOfFirst":7,"lengthOfSecond":7},{"firstFileName":"KARDELEN_KARTAL/StackQuestionsMember.tpp","secondFileName":"ALI_OZUER/StackQuestionsMember.tpp","startInFirst":{"line":17,"column":2,"tokenListIndex":6},"endInFirst":{"line":20,"column":5,"tokenListIndex":11},"startInSecond":{"line":51,"column":4,"tokenListIndex":59},"endInSecond":{"line":54,"column":4,"tokenListIndex":64},"lengthOfFirst":6,"lengthOfSecond":6},{"firstFileName":"KARDELEN_KARTAL/StackQuestionsNonMember.tpp","secondFileName":"ALI_OZUER/StackQuestionsMember.tpp","startInFirst":{"line":25,"column":1,"tokenListIndex":59},"endInFirst":{"line":29,"column":1,"tokenListIndex":64},"startInSecond":{"line":55,"column":4,"tokenListIndex":65},"endInSecond":{"line":58,"column":4,"tokenListIndex":70},"lengthOfFirst":6,"lengthOfSecond":6},{"firstFileName":"KARDELEN_KARTAL/StackQuestionsNonMember.tpp","secondFileName":"ALI_OZUER/StackQuestionsMember.tpp","startInFirst":{"line":31,"column":14,"tokenListIndex":67},"endInFirst":{"line":34,"column":7,"tokenListIndex":72},"startInSecond":{"line":17,"column":13,"tokenListIndex":13},"endInSecond":{"line":20,"column":6,"tokenListIndex":18},"lengthOfFirst":6,"lengthOfSecond":6}],"firstSimilarity":0.3402061855670103,"secondSimilarity":0.20754716981132076}