{"firstSubmissionId":"KARDELEN_KARTAL","secondSubmissionId":"AGAH_DEMIR_GOK","similarities":{"AVG":0.41114982578397213,"MAX":0.6082474226804123,"MAXIMUM_LENGTH":192.0,"LONGEST_MATCH":15.0},"matches":[{"firstFileName":"KARDELEN_KARTAL/StackQuestionsNonMember.tpp","secondFileName":"AGAH_DEMIR_GOK/StackQuestionsNonMember.tpp","startInFirst":{"line":21,"column":1,"tokenListIndex":57},"endInFirst":{"line":34,"column":0,"tokenListIndex":71},"startInSecond":{"line":18,"column":2,"tokenListIndex":100},"endInSecond":{"line":30,"column":2,"tokenListIndex":114},"lengthOfFirst":15,"lengthOfSecond":15},{"firstFileName":"KARDELEN_KARTAL/StackQuestionsMember.tpp","secondFileName":"AGAH_DEMIR_GOK/StackQuestionsNonMember.tpp","startInFirst":{"line":15,"column":2,"tokenListIndex":3},"endInFirst":{"line":23,"column":3,"tokenListIndex":14},"startInSecond":{"line":49,"column":2,"tokenListIndex":140},"endInSecond":{"line":57,"column":4,"tokenListIndex":151},"lengthOfFirst":12,"lengthOfSecond":12},{"firstFileName":"KARDELEN_KARTAL/StackQuestionsNonMember.tpp","secondFileName":"AGAH_DEMIR_GOK/StackQuestionsMember.tpp","startInFirst":{"line":15,"column":0,"tokenListIndex":46},"endInFirst":{"line":20,"column":10,"tokenListIndex":56},"startInSecond":{"line":43,"column":0,"tokenListIndex":43},"endInSecond":{"line":49,"column":6,"tokenListIndex":53},"lengthOfFirst":11,"lengthOfSecond":11},{"firstFileName":"KARDELEN_KARTAL/StackQuestionsNonMember.tpp","secondFileName":"AGAH_DEMIR_GOK/StackQuestionsNonMember.tpp","startInFirst":{"line":52,"column":19,"tokenListIndex":89},"endInFirst":{"line":64,"column":56,"tokenListIndex":96},"startInSecond":{"line":40,"column":45,"tokenListIndex":132},"endInSecond":{"line":48,"column":56,"tokenListIndex":139},"lengthOfFirst":8,"lengthOfSecond":8},{"firstFileName":"KARDELEN_KARTAL/StackQuestionsMember.tpp","secondFileName":"AGAH_DEMIR_GOK/StackQuestionsMember.tpp","startInFirst":{"line":30,"column":3,"tokenListIndex":20},"endInFirst":{"line":32,"column":5,"tokenListIndex":26},"startInSecond":{"line":26,"column":2,"tokenListIndex":24},"endInSecond":{"line":27,"column":12,"tokenListIndex":30},"lengthOfFirst":7,"lengthOfSecond":7},{"firstFileName":"KARDELEN_KARTAL/StackQuestionsNonMember.tpp","secondFileName":"AGAH_DEMIR_GOK/StackQuestionsNonMember.tpp","startInFirst":{"line":36,"column":0,"tokenListIndex":73},"endInFirst":{"line":39,"column":29,"tokenListIndex":78},"startInSecond":{"line":65,"column":2,"tokenListIndex":169},"endInSecond":{"line":68,"column":23,"tokenListIndex":174},"lengthOfFirst":6,"lengthOfSecond":6}],"firstSimilarity":0.6082474226804123,"secondSimilarity":0.3105263157894737}