{"firstSubmissionId":"KARDELEN_KARTAL","secondSubmissionId":"ALISA_IDA_DELEON","similarities":{"AVG":0.15859030837004406,"MAX":0.18556701030927836,"MAXIMUM_LENGTH":132.0,"LONGEST_MATCH":6.0},"matches":[{"firstFileName":"KARDELEN_KARTAL/StackQuestionsMember.tpp","secondFileName":"ALISA_IDA_DELEON/StackQuestionsMember_ Alisa_İda Deleon.tpp","startInFirst":{"line":22,"column":4,"tokenListIndex":12},"endInFirst":{"line":27,"column":8,"tokenListIndex":17},"startInSecond":{"line":46,"column":2,"tokenListIndex":47},"endInSecond":{"line":47,"column":6,"tokenListIndex":52},"lengthOfFirst":6,"lengthOfSecond":6},{"firstFileName":"KARDELEN_KARTAL/StackQuestionsMember.tpp","secondFileName":"ALISA_IDA_DELEON/StackQuestionsMember_ Alisa_İda Deleon.tpp","startInFirst":{"line":30,"column":40,"tokenListIndex":24},"endInFirst":{"line":39,"column":1,"tokenListIndex":29},"startInSecond":{"line":24,"column":6,"tokenListIndex":25},"endInSecond":{"line":29,"column":4,"tokenListIndex":30},"lengthOfFirst":6,"lengthOfSecond":6},{"firstFileName":"KARDELEN_KARTAL/StackQuestionsMember.tpp","secondFileName":"ALISA_IDA_DELEON/StackQuestionsNonMember alisa.tpp","startInFirst":{"line":51,"column":0,"tokenListIndex":39},"endInFirst":{"line":64,"column":0,"tokenListIndex":44},"startInSecond":{"line":27,"column":0,"tokenListIndex":125},"endInSecond":{"line":36,"column":0,"tokenListIndex":130},"lengthOfFirst":6,"lengthOfSecond":6}],"firstSimilarity":0.18556701030927836,"secondSimilarity":0.13846153846153847}