{"firstSubmissionId":"KARDELEN_KARTAL","secondSubmissionId":"CAGATAY_YUREKLI","similarities":{"AVG":0.12709030100334448,"MAX":0.1958762886597938,"MAXIMUM_LENGTH":204.0,"LONGEST_MATCH":7.0},"matches":[{"firstFileName":"KARDELEN_KARTAL/StackQuestionsNonMember.tpp","secondFileName":"CAGATAY_YUREKLI/StackQuestionsNonMember.tpp","startInFirst":{"line":25,"column":1,"tokenListIndex":59},"endInFirst":{"line":31,"column":0,"tokenListIndex":65},"startInSecond":{"line":86,"column":4,"tokenListIndex":158},"endInSecond":{"line":92,"column":4,"tokenListIndex":164},"lengthOfFirst":7,"lengthOfSecond":7},{"firstFileName":"KARDELEN_KARTAL/StackQuestionsMember.tpp","secondFileName":"CAGATAY_YUREKLI/StackQuestionsMember.tpp","startInFirst":{"line":17,"column":2,"tokenListIndex":6},"endInFirst":{"line":20,"column":5,"tokenListIndex":11},"startInSecond":{"line":99,"column":1,"tokenListIndex":75},"endInSecond":{"line":103,"column":1,"tokenListIndex":80},"lengthOfFirst":6,"lengthOfSecond":6},{"firstFileName":"KARDELEN_KARTAL/StackQuestionsNonMember.tpp","secondFileName":"CAGATAY_YUREKLI/StackQuestionsNonMember.tpp","startInFirst":{"line":37,"column":0,"tokenListIndex":74},"endInFirst":{"line":40,"column":1,"tokenListIndex":79},"startInSecond":{"line":98,"column":12,"tokenListIndex":173},"endInSecond":{"line":102,"column":8,"tokenListIndex":178},"lengthOfFirst":6,"lengthOfSecond":6}],"firstSimilarity":0.1958762886597938,"secondSimilarity":0.09405940594059406}