{"firstSubmissionId":"KARDELEN_KARTAL","secondSubmissionId":"ZEYNEP_ECE_BIKEZ","similarities":{"AVG":0.1702127659574468,"MAX":0.24742268041237114,"MAXIMUM_LENGTH":187.0,"LONGEST_MATCH":10.0},"matches":[{"firstFileName":"KARDELEN_KARTAL/StackQuestionsMember.tpp","secondFileName":"ZEYNEP_ECE_BIKEZ/StackQuestionsMember.tpp","startInFirst":{"line":17,"column":2,"tokenListIndex":6},"endInFirst":{"line":25,"column":2,"tokenListIndex":15},"startInSecond":{"line":19,"column":2,"tokenListIndex":12},"endInSecond":{"line":26,"column":2,"tokenListIndex":21},"lengthOfFirst":10,"lengthOfSecond":10},{"firstFileName":"KARDELEN_KARTAL/StackQuestionsNonMember.tpp","secondFileName":"ZEYNEP_ECE_BIKEZ/StackQuestionsMember.tpp","startInFirst":{"line":52,"column":0,"tokenListIndex":86},"endInFirst":{"line":59,"column":0,"tokenListIndex":93},"startInSecond":{"line":77,"column":4,"tokenListIndex":83},"endInSecond":{"line":81,"column":0,"tokenListIndex":90},"lengthOfFirst":8,"lengthOfSecond":8},{"firstFileName":"KARDELEN_KARTAL/StackQuestionsNonMember.tpp","secondFileName":"ZEYNEP_ECE_BIKEZ/StackQuestionsMember.tpp","startInFirst":{"line":25,"column":1,"tokenListIndex":59},"endInFirst":{"line":29,"column":1,"tokenListIndex":64},"startInSecond":{"line":55,"column":4,"tokenListIndex":54},"endInSecond":{"line":58,"column":4,"tokenListIndex":59},"lengthOfFirst":6,"lengthOfSecond":6}],"firstSimilarity":0.24742268041237114,"secondSimilarity":0.12972972972972974}