{"firstSubmissionId":"KENAN_OZCAKIR","secondSubmissionId":"YUSUF_KULLUK","similarities":{"AVG":0.4536082474226804,"MAX":0.4748201438848921,"MAXIMUM_LENGTH":154.0,"LONGEST_MATCH":18.0},"matches":[{"firstFileName":"KENAN_OZCAKIR/StackQuestionsNonMember.tpp","secondFileName":"YUSUF_KULLUK/StackQuestionsMember.tpp","startInFirst":{"line":45,"column":8,"tokenListIndex":38},"endInFirst":{"line":57,"column":0,"tokenListIndex":55},"startInSecond":{"line":58,"column":9,"tokenListIndex":46},"endInSecond":{"line":70,"column":0,"tokenListIndex":63},"lengthOfFirst":18,"lengthOfSecond":18},{"firstFileName":"KENAN_OZCAKIR/StackQuestionsNonMember.tpp","secondFileName":"YUSUF_KULLUK/StackQuestionsNonMember.tpp","startInFirst":{"line":27,"column":4,"tokenListIndex":13},"endInFirst":{"line":34,"column":8,"tokenListIndex":23},"startInSecond":{"line":66,"column":4,"tokenListIndex":123},"endInSecond":{"line":71,"column":8,"tokenListIndex":133},"lengthOfFirst":11,"lengthOfSecond":11},{"firstFileName":"KENAN_OZCAKIR/StackQuestionsNonMember.tpp","secondFileName":"YUSUF_KULLUK/StackQuestionsNonMember.tpp","startInFirst":{"line":37,"column":4,"tokenListIndex":27},"endInFirst":{"line":44,"column":20,"tokenListIndex":37},"startInSecond":{"line":25,"column":4,"tokenListIndex":81},"endInSecond":{"line":33,"column":8,"tokenListIndex":91},"lengthOfFirst":11,"lengthOfSecond":11},{"firstFileName":"KENAN_OZCAKIR/StackQuestionsMember.tpp","secondFileName":"YUSUF_KULLUK/StackQuestionsMember.tpp","startInFirst":{"line":10,"column":0,"tokenListIndex":61},"endInFirst":{"line":15,"column":4,"tokenListIndex":68},"startInSecond":{"line":10,"column":0,"tokenListIndex":0},"endInSecond":{"line":20,"column":4,"tokenListIndex":7},"lengthOfFirst":8,"lengthOfSecond":8},{"firstFileName":"KENAN_OZCAKIR/StackQuestionsNonMember.tpp","secondFileName":"YUSUF_KULLUK/StackQuestionsNonMember.tpp","startInFirst":{"line":20,"column":4,"tokenListIndex":6},"endInFirst":{"line":25,"column":4,"tokenListIndex":11},"startInSecond":{"line":58,"column":2,"tokenListIndex":111},"endInSecond":{"line":61,"column":2,"tokenListIndex":116},"lengthOfFirst":6,"lengthOfSecond":6},{"firstFileName":"KENAN_OZCAKIR/StackQuestionsMember.tpp","secondFileName":"YUSUF_KULLUK/StackQuestionsNonMember.tpp","startInFirst":{"line":16,"column":4,"tokenListIndex":69},"endInFirst":{"line":19,"column":4,"tokenListIndex":74},"startInSecond":{"line":37,"column":4,"tokenListIndex":96},"endInSecond":{"line":40,"column":4,"tokenListIndex":101},"lengthOfFirst":6,"lengthOfSecond":6},{"firstFileName":"KENAN_OZCAKIR/StackQuestionsMember.tpp","secondFileName":"YUSUF_KULLUK/StackQuestionsMember.tpp","startInFirst":{"line":22,"column":4,"tokenListIndex":77},"endInFirst":{"line":25,"column":4,"tokenListIndex":82},"startInSecond":{"line":48,"column":2,"tokenListIndex":32},"endInSecond":{"line":49,"column":27,"tokenListIndex":37},"lengthOfFirst":6,"lengthOfSecond":6}],"firstSimilarity":0.4748201438848921,"secondSimilarity":0.4342105263157895}