{"firstSubmissionId":"KENAN_OZCAKIR","secondSubmissionId":"UMUT_ERTUGRUL_DASGIN","similarities":{"AVG":0.35333333333333333,"MAX":0.381294964028777,"MAXIMUM_LENGTH":163.0,"LONGEST_MATCH":13.0},"matches":[{"firstFileName":"KENAN_OZCAKIR/StackQuestionsNonMember.tpp","secondFileName":"UMUT_ERTUGRUL_DASGIN/StackQuestionsNonMember.tpp","startInFirst":{"line":46,"column":8,"tokenListIndex":39},"endInFirst":{"line":54,"column":8,"tokenListIndex":51},"startInSecond":{"line":26,"column":8,"tokenListIndex":98},"endInSecond":{"line":35,"column":34,"tokenListIndex":110},"lengthOfFirst":13,"lengthOfSecond":13},{"firstFileName":"KENAN_OZCAKIR/StackQuestionsMember.tpp","secondFileName":"UMUT_ERTUGRUL_DASGIN/StackQuestionsMember.tpp","startInFirst":{"line":21,"column":4,"tokenListIndex":75},"endInFirst":{"line":28,"column":12,"tokenListIndex":84},"startInSecond":{"line":15,"column":4,"tokenListIndex":7},"endInSecond":{"line":21,"column":12,"tokenListIndex":16},"lengthOfFirst":10,"lengthOfSecond":10},{"firstFileName":"KENAN_OZCAKIR/StackQuestionsNonMember.tpp","secondFileName":"UMUT_ERTUGRUL_DASGIN/StackQuestionsNonMember.tpp","startInFirst":{"line":23,"column":4,"tokenListIndex":11},"endInFirst":{"line":30,"column":4,"tokenListIndex":18},"startInSecond":{"line":51,"column":34,"tokenListIndex":126},"endInSecond":{"line":57,"column":4,"tokenListIndex":133},"lengthOfFirst":8,"lengthOfSecond":8},{"firstFileName":"KENAN_OZCAKIR/StackQuestionsMember.tpp","secondFileName":"UMUT_ERTUGRUL_DASGIN/StackQuestionsNonMember.tpp","startInFirst":{"line":14,"column":4,"tokenListIndex":66},"endInFirst":{"line":18,"column":8,"tokenListIndex":73},"startInSecond":{"line":13,"column":4,"tokenListIndex":82},"endInSecond":{"line":17,"column":8,"tokenListIndex":89},"lengthOfFirst":8,"lengthOfSecond":8},{"firstFileName":"KENAN_OZCAKIR/StackQuestionsMember.tpp","secondFileName":"UMUT_ERTUGRUL_DASGIN/StackQuestionsMember.tpp","startInFirst":{"line":69,"column":4,"tokenListIndex":116},"endInFirst":{"line":73,"column":4,"tokenListIndex":122},"startInSecond":{"line":52,"column":4,"tokenListIndex":54},"endInSecond":{"line":57,"column":4,"tokenListIndex":60},"lengthOfFirst":7,"lengthOfSecond":7},{"firstFileName":"KENAN_OZCAKIR/StackQuestionsMember.tpp","secondFileName":"UMUT_ERTUGRUL_DASGIN/StackQuestionsMember.tpp","startInFirst":{"line":81,"column":4,"tokenListIndex":133},"endInFirst":{"line":83,"column":0,"tokenListIndex":139},"startInSecond":{"line":64,"column":4,"tokenListIndex":72},"endInSecond":{"line":67,"column":0,"tokenListIndex":78},"lengthOfFirst":7,"lengthOfSecond":7}],"firstSimilarity":0.381294964028777,"secondSimilarity":0.32919254658385094}