{"firstSubmissionId":"KENAN_OZCAKIR","secondSubmissionId":"ALI_OZUER","similarities":{"AVG":0.5503355704697986,"MAX":0.5899280575539568,"MAXIMUM_LENGTH":161.0,"LONGEST_MATCH":40.0},"matches":[{"firstFileName":"KENAN_OZCAKIR/StackQuestionsNonMember.tpp","secondFileName":"ALI_OZUER/StackQuestionsNonMember.tpp","startInFirst":{"line":33,"column":4,"tokenListIndex":19},"endInFirst":{"line":64,"column":56,"tokenListIndex":58},"startInSecond":{"line":13,"column":2,"tokenListIndex":118},"endInSecond":{"line":40,"column":56,"tokenListIndex":157},"lengthOfFirst":40,"lengthOfSecond":40},{"firstFileName":"KENAN_OZCAKIR/StackQuestionsMember.tpp","secondFileName":"ALI_OZUER/StackQuestionsMember.tpp","startInFirst":{"line":45,"column":4,"tokenListIndex":102},"endInFirst":{"line":64,"column":4,"tokenListIndex":111},"startInSecond":{"line":34,"column":2,"tokenListIndex":37},"endInSecond":{"line":43,"column":2,"tokenListIndex":46},"lengthOfFirst":10,"lengthOfSecond":10},{"firstFileName":"KENAN_OZCAKIR/StackQuestionsNonMember.tpp","secondFileName":"ALI_OZUER/StackQuestionsNonMember.tpp","startInFirst":{"line":16,"column":0,"tokenListIndex":0},"endInFirst":{"line":20,"column":4,"tokenListIndex":6},"startInSecond":{"line":7,"column":0,"tokenListIndex":107},"endInSecond":{"line":10,"column":2,"tokenListIndex":113},"lengthOfFirst":7,"lengthOfSecond":7},{"firstFileName":"KENAN_OZCAKIR/StackQuestionsMember.tpp","secondFileName":"ALI_OZUER/StackQuestionsMember.tpp","startInFirst":{"line":12,"column":4,"tokenListIndex":62},"endInFirst":{"line":15,"column":4,"tokenListIndex":68},"startInSecond":{"line":13,"column":2,"tokenListIndex":5},"endInSecond":{"line":17,"column":2,"tokenListIndex":11},"lengthOfFirst":7,"lengthOfSecond":7},{"firstFileName":"KENAN_OZCAKIR/StackQuestionsNonMember.tpp","secondFileName":"ALI_OZUER/StackQuestionsMember.tpp","startInFirst":{"line":27,"column":4,"tokenListIndex":13},"endInFirst":{"line":30,"column":4,"tokenListIndex":18},"startInSecond":{"line":51,"column":4,"tokenListIndex":59},"endInSecond":{"line":54,"column":4,"tokenListIndex":64},"lengthOfFirst":6,"lengthOfSecond":6},{"firstFileName":"KENAN_OZCAKIR/StackQuestionsMember.tpp","secondFileName":"ALI_OZUER/StackQuestionsMember.tpp","startInFirst":{"line":16,"column":4,"tokenListIndex":69},"endInFirst":{"line":19,"column":4,"tokenListIndex":74},"startInSecond":{"line":55,"column":4,"tokenListIndex":65},"endInSecond":{"line":58,"column":4,"tokenListIndex":70},"lengthOfFirst":6,"lengthOfSecond":6},{"firstFileName":"KENAN_OZCAKIR/StackQuestionsMember.tpp","secondFileName":"ALI_OZUER/StackQuestionsMember.tpp","startInFirst":{"line":69,"column":4,"tokenListIndex":116},"endInFirst":{"line":71,"column":20,"tokenListIndex":121},"startInSecond":{"line":59,"column":4,"tokenListIndex":71},"endInSecond":{"line":62,"column":4,"tokenListIndex":76},"lengthOfFirst":6,"lengthOfSecond":6}],"firstSimilarity":0.5899280575539568,"secondSimilarity":0.5157232704402516}