{"firstSubmissionId":"KENAN_OZCAKIR","secondSubmissionId":"ATAKAN_NAKTURK","similarities":{"AVG":0.48158640226628896,"MAX":0.6115107913669064,"MAXIMUM_LENGTH":216.0,"LONGEST_MATCH":22.0},"matches":[{"firstFileName":"KENAN_OZCAKIR/StackQuestionsNonMember.tpp","secondFileName":"ATAKAN_NAKTURK/StackQuestionsNonMember.tpp","startInFirst":{"line":37,"column":4,"tokenListIndex":27},"endInFirst":{"line":51,"column":21,"tokenListIndex":48},"startInSecond":{"line":39,"column":4,"tokenListIndex":154},"endInSecond":{"line":55,"column":4,"tokenListIndex":175},"lengthOfFirst":22,"lengthOfSecond":22},{"firstFileName":"KENAN_OZCAKIR/StackQuestionsNonMember.tpp","secondFileName":"ATAKAN_NAKTURK/StackQuestionsNonMember.tpp","startInFirst":{"line":22,"column":4,"tokenListIndex":9},"endInFirst":{"line":30,"column":4,"tokenListIndex":18},"startInSecond":{"line":61,"column":56,"tokenListIndex":179},"endInSecond":{"line":70,"column":4,"tokenListIndex":188},"lengthOfFirst":10,"lengthOfSecond":10},{"firstFileName":"KENAN_OZCAKIR/StackQuestionsNonMember.tpp","secondFileName":"ATAKAN_NAKTURK/StackQuestionsMember.tpp","startInFirst":{"line":33,"column":4,"tokenListIndex":19},"endInFirst":{"line":35,"column":23,"tokenListIndex":26},"startInSecond":{"line":75,"column":8,"tokenListIndex":71},"endInSecond":{"line":79,"column":8,"tokenListIndex":78},"lengthOfFirst":8,"lengthOfSecond":8},{"firstFileName":"KENAN_OZCAKIR/StackQuestionsNonMember.tpp","secondFileName":"ATAKAN_NAKTURK/StackQuestionsMember.tpp","startInFirst":{"line":53,"column":4,"tokenListIndex":49},"endInFirst":{"line":57,"column":0,"tokenListIndex":55},"startInSecond":{"line":99,"column":4,"tokenListIndex":103},"endInSecond":{"line":104,"column":0,"tokenListIndex":109},"lengthOfFirst":7,"lengthOfSecond":7},{"firstFileName":"KENAN_OZCAKIR/StackQuestionsMember.tpp","secondFileName":"ATAKAN_NAKTURK/StackQuestionsMember.tpp","startInFirst":{"line":21,"column":4,"tokenListIndex":75},"endInFirst":{"line":24,"column":13,"tokenListIndex":81},"startInSecond":{"line":17,"column":2,"tokenListIndex":12},"endInSecond":{"line":19,"column":18,"tokenListIndex":18},"lengthOfFirst":7,"lengthOfSecond":7},{"firstFileName":"KENAN_OZCAKIR/StackQuestionsMember.tpp","secondFileName":"ATAKAN_NAKTURK/StackQuestionsMember.tpp","startInFirst":{"line":33,"column":12,"tokenListIndex":91},"endInFirst":{"line":38,"column":8,"tokenListIndex":97},"startInSecond":{"line":41,"column":12,"tokenListIndex":40},"endInSecond":{"line":49,"column":8,"tokenListIndex":46},"lengthOfFirst":7,"lengthOfSecond":7},{"firstFileName":"KENAN_OZCAKIR/StackQuestionsMember.tpp","secondFileName":"ATAKAN_NAKTURK/StackQuestionsMember.tpp","startInFirst":{"line":16,"column":4,"tokenListIndex":69},"endInFirst":{"line":19,"column":4,"tokenListIndex":74},"startInSecond":{"line":89,"column":4,"tokenListIndex":91},"endInSecond":{"line":93,"column":4,"tokenListIndex":96},"lengthOfFirst":6,"lengthOfSecond":6},{"firstFileName":"KENAN_OZCAKIR/StackQuestionsMember.tpp","secondFileName":"ATAKAN_NAKTURK/StackQuestionsNonMember.tpp","startInFirst":{"line":28,"column":4,"tokenListIndex":83},"endInFirst":{"line":30,"column":8,"tokenListIndex":88},"startInSecond":{"line":72,"column":4,"tokenListIndex":189},"endInSecond":{"line":75,"column":8,"tokenListIndex":194},"lengthOfFirst":6,"lengthOfSecond":6},{"firstFileName":"KENAN_OZCAKIR/StackQuestionsMember.tpp","secondFileName":"ATAKAN_NAKTURK/StackQuestionsNonMember.tpp","startInFirst":{"line":62,"column":8,"tokenListIndex":109},"endInFirst":{"line":65,"column":4,"tokenListIndex":114},"startInSecond":{"line":14,"column":8,"tokenListIndex":118},"endInSecond":{"line":16,"column":30,"tokenListIndex":123},"lengthOfFirst":6,"lengthOfSecond":6},{"firstFileName":"KENAN_OZCAKIR/StackQuestionsMember.tpp","secondFileName":"ATAKAN_NAKTURK/StackQuestionsMember.tpp","startInFirst":{"line":69,"column":4,"tokenListIndex":116},"endInFirst":{"line":71,"column":20,"tokenListIndex":121},"startInSecond":{"line":94,"column":4,"tokenListIndex":97},"endInSecond":{"line":98,"column":4,"tokenListIndex":102},"lengthOfFirst":6,"lengthOfSecond":6}],"firstSimilarity":0.6115107913669064,"secondSimilarity":0.397196261682243}