{"firstSubmissionId":"KENAN_OZCAKIR","secondSubmissionId":"AGAH_DEMIR_GOK","similarities":{"AVG":0.2857142857142857,"MAX":0.3381294964028777,"MAXIMUM_LENGTH":192.0,"LONGEST_MATCH":13.0},"matches":[{"firstFileName":"KENAN_OZCAKIR/StackQuestionsMember.tpp","secondFileName":"AGAH_DEMIR_GOK/StackQuestionsMember.tpp","startInFirst":{"line":16,"column":4,"tokenListIndex":69},"endInFirst":{"line":24,"column":13,"tokenListIndex":81},"startInSecond":{"line":18,"column":2,"tokenListIndex":10},"endInSecond":{"line":25,"column":17,"tokenListIndex":22},"lengthOfFirst":13,"lengthOfSecond":13},{"firstFileName":"KENAN_OZCAKIR/StackQuestionsMember.tpp","secondFileName":"AGAH_DEMIR_GOK/StackQuestionsMember.tpp","startInFirst":{"line":64,"column":12,"tokenListIndex":113},"endInFirst":{"line":71,"column":20,"tokenListIndex":121},"startInSecond":{"line":57,"column":11,"tokenListIndex":64},"endInSecond":{"line":63,"column":2,"tokenListIndex":72},"lengthOfFirst":9,"lengthOfSecond":9},{"firstFileName":"KENAN_OZCAKIR/StackQuestionsMember.tpp","secondFileName":"AGAH_DEMIR_GOK/StackQuestionsMember.tpp","startInFirst":{"line":79,"column":4,"tokenListIndex":129},"endInFirst":{"line":81,"column":13,"tokenListIndex":135},"startInSecond":{"line":65,"column":14,"tokenListIndex":75},"endInSecond":{"line":68,"column":12,"tokenListIndex":81},"lengthOfFirst":7,"lengthOfSecond":7},{"firstFileName":"KENAN_OZCAKIR/StackQuestionsNonMember.tpp","secondFileName":"AGAH_DEMIR_GOK/StackQuestionsMember.tpp","startInFirst":{"line":19,"column":8,"tokenListIndex":4},"endInFirst":{"line":22,"column":4,"tokenListIndex":9},"startInSecond":{"line":46,"column":4,"tokenListIndex":50},"endInSecond":{"line":49,"column":28,"tokenListIndex":55},"lengthOfFirst":6,"lengthOfSecond":6},{"firstFileName":"KENAN_OZCAKIR/StackQuestionsNonMember.tpp","secondFileName":"AGAH_DEMIR_GOK/StackQuestionsNonMember.tpp","startInFirst":{"line":27,"column":4,"tokenListIndex":13},"endInFirst":{"line":30,"column":4,"tokenListIndex":18},"startInSecond":{"line":20,"column":2,"tokenListIndex":102},"endInSecond":{"line":23,"column":2,"tokenListIndex":107},"lengthOfFirst":6,"lengthOfSecond":6},{"firstFileName":"KENAN_OZCAKIR/StackQuestionsNonMember.tpp","secondFileName":"AGAH_DEMIR_GOK/StackQuestionsNonMember.tpp","startInFirst":{"line":37,"column":4,"tokenListIndex":27},"endInFirst":{"line":40,"column":4,"tokenListIndex":32},"startInSecond":{"line":51,"column":2,"tokenListIndex":143},"endInSecond":{"line":54,"column":2,"tokenListIndex":148},"lengthOfFirst":6,"lengthOfSecond":6}],"firstSimilarity":0.3381294964028777,"secondSimilarity":0.24736842105263157}