{"firstSubmissionId":"KENAN_OZCAKIR","secondSubmissionId":"CAGATAY_YUREKLI","similarities":{"AVG":0.6392961876832844,"MAX":0.762589928057554,"MAXIMUM_LENGTH":204.0,"LONGEST_MATCH":39.0},"matches":[{"firstFileName":"KENAN_OZCAKIR/StackQuestionsNonMember.tpp","secondFileName":"CAGATAY_YUREKLI/StackQuestionsNonMember.tpp","startInFirst":{"line":23,"column":4,"tokenListIndex":12},"endInFirst":{"line":30,"column":4,"tokenListIndex":18},"startInSecond":{"line":85,"column":4,"tokenListIndex":157},"endInSecond":{"line":89,"column":4,"tokenListIndex":163},"lengthOfFirst":7,"lengthOfSecond":7},{"firstFileName":"KENAN_OZCAKIR/StackQuestionsMember.tpp","secondFileName":"CAGATAY_YUREKLI/StackQuestionsNonMember.tpp","startInFirst":{"line":15,"column":4,"tokenListIndex":68},"endInFirst":{"line":19,"column":4,"tokenListIndex":74},"startInSecond":{"line":92,"column":4,"tokenListIndex":164},"endInSecond":{"line":96,"column":4,"tokenListIndex":170},"lengthOfFirst":7,"lengthOfSecond":7},{"firstFileName":"KENAN_OZCAKIR/StackQuestionsMember.tpp","secondFileName":"CAGATAY_YUREKLI/StackQuestionsNonMember.tpp","startInFirst":{"line":79,"column":47,"tokenListIndex":132},"endInFirst":{"line":82,"column":26,"tokenListIndex":138},"startInSecond":{"line":98,"column":12,"tokenListIndex":173},"endInSecond":{"line":103,"column":4,"tokenListIndex":179},"lengthOfFirst":7,"lengthOfSecond":7},{"firstFileName":"KENAN_OZCAKIR/StackQuestionsNonMember.tpp","secondFileName":"CAGATAY_YUREKLI/StackQuestionsNonMember.tpp","startInFirst":{"line":16,"column":0,"tokenListIndex":0},"endInFirst":{"line":22,"column":4,"tokenListIndex":9},"startInSecond":{"line":11,"column":22,"tokenListIndex":90},"endInSecond":{"line":23,"column":1,"tokenListIndex":101},"lengthOfFirst":10,"lengthOfSecond":12},{"firstFileName":"KENAN_OZCAKIR/StackQuestionsNonMember.tpp","secondFileName":"CAGATAY_YUREKLI/StackQuestionsMember.tpp","startInFirst":{"line":34,"column":8,"tokenListIndex":23},"endInFirst":{"line":44,"column":20,"tokenListIndex":37},"startInSecond":{"line":94,"column":3,"tokenListIndex":70},"endInSecond":{"line":108,"column":2,"tokenListIndex":85},"lengthOfFirst":15,"lengthOfSecond":16},{"firstFileName":"KENAN_OZCAKIR/StackQuestionsNonMember.tpp","secondFileName":"CAGATAY_YUREKLI/StackQuestionsNonMember.tpp","startInFirst":{"line":45,"column":8,"tokenListIndex":38},"endInFirst":{"line":64,"column":56,"tokenListIndex":58},"startInSecond":{"line":56,"column":9,"tokenListIndex":132},"endInSecond":{"line":78,"column":34,"tokenListIndex":151},"lengthOfFirst":21,"lengthOfSecond":20},{"firstFileName":"KENAN_OZCAKIR/StackQuestionsMember.tpp","secondFileName":"CAGATAY_YUREKLI/StackQuestionsMember.tpp","startInFirst":{"line":21,"column":4,"tokenListIndex":75},"endInFirst":{"line":64,"column":12,"tokenListIndex":113},"startInSecond":{"line":21,"column":2,"tokenListIndex":9},"endInSecond":{"line":72,"column":11,"tokenListIndex":51},"lengthOfFirst":39,"lengthOfSecond":43}],"firstSimilarity":0.762589928057554,"secondSimilarity":0.5544554455445545}