{"firstSubmissionId":"KENAN_OZCAKIR","secondSubmissionId":"PELIN_GORER","similarities":{"AVG":0.20422535211267606,"MAX":0.20863309352517986,"MAXIMUM_LENGTH":147.0,"LONGEST_MATCH":13.0},"matches":[{"firstFileName":"KENAN_OZCAKIR/StackQuestionsNonMember.tpp","secondFileName":"PELIN_GORER/StackQuestionsMember.tpp","startInFirst":{"line":49,"column":4,"tokenListIndex":43},"endInFirst":{"line":57,"column":0,"tokenListIndex":55},"startInSecond":{"line":63,"column":4,"tokenListIndex":79},"endInSecond":{"line":72,"column":0,"tokenListIndex":91},"lengthOfFirst":13,"lengthOfSecond":13},{"firstFileName":"KENAN_OZCAKIR/StackQuestionsNonMember.tpp","secondFileName":"PELIN_GORER/StackQuestionsNonMember.tpp","startInFirst":{"line":33,"column":4,"tokenListIndex":19},"endInFirst":{"line":35,"column":23,"tokenListIndex":26},"startInSecond":{"line":17,"column":4,"tokenListIndex":104},"endInSecond":{"line":20,"column":4,"tokenListIndex":111},"lengthOfFirst":8,"lengthOfSecond":8},{"firstFileName":"KENAN_OZCAKIR/StackQuestionsMember.tpp","secondFileName":"PELIN_GORER/StackQuestionsMember.tpp","startInFirst":{"line":28,"column":4,"tokenListIndex":83},"endInFirst":{"line":32,"column":12,"tokenListIndex":90},"startInSecond":{"line":22,"column":4,"tokenListIndex":12},"endInSecond":{"line":25,"column":11,"tokenListIndex":19},"lengthOfFirst":8,"lengthOfSecond":8}],"firstSimilarity":0.20863309352517986,"secondSimilarity":0.2}