{"firstSubmissionId":"KENAN_OZCAKIR","secondSubmissionId":"EYLUL_SUICMEZ","similarities":{"AVG":0.5259515570934256,"MAX":0.5467625899280576,"MAXIMUM_LENGTH":152.0,"LONGEST_MATCH":18.0},"matches":[{"firstFileName":"KENAN_OZCAKIR/StackQuestionsNonMember.tpp","secondFileName":"EYLUL_SUICMEZ/StackQuestionsMember.tpp","startInFirst":{"line":33,"column":4,"tokenListIndex":19},"endInFirst":{"line":44,"column":8,"tokenListIndex":36},"startInSecond":{"line":48,"column":2,"tokenListIndex":72},"endInSecond":{"line":58,"column":1,"tokenListIndex":89},"lengthOfFirst":18,"lengthOfSecond":18},{"firstFileName":"KENAN_OZCAKIR/StackQuestionsNonMember.tpp","secondFileName":"EYLUL_SUICMEZ/StackQuestionsMember.tpp","startInFirst":{"line":45,"column":8,"tokenListIndex":38},"endInFirst":{"line":56,"column":4,"tokenListIndex":54},"startInSecond":{"line":81,"column":8,"tokenListIndex":119},"endInSecond":{"line":94,"column":0,"tokenListIndex":135},"lengthOfFirst":17,"lengthOfSecond":17},{"firstFileName":"KENAN_OZCAKIR/StackQuestionsMember.tpp","secondFileName":"EYLUL_SUICMEZ/StackQuestionsMember.tpp","startInFirst":{"line":15,"column":4,"tokenListIndex":68},"endInFirst":{"line":22,"column":11,"tokenListIndex":78},"startInSecond":{"line":17,"column":0,"tokenListIndex":38},"endInSecond":{"line":23,"column":3,"tokenListIndex":48},"lengthOfFirst":11,"lengthOfSecond":11},{"firstFileName":"KENAN_OZCAKIR/StackQuestionsNonMember.tpp","secondFileName":"EYLUL_SUICMEZ/StackQuestionsMember.tpp","startInFirst":{"line":22,"column":4,"tokenListIndex":9},"endInFirst":{"line":30,"column":4,"tokenListIndex":18},"startInSecond":{"line":68,"column":1,"tokenListIndex":102},"endInSecond":{"line":76,"column":1,"tokenListIndex":111},"lengthOfFirst":10,"lengthOfSecond":10},{"firstFileName":"KENAN_OZCAKIR/StackQuestionsMember.tpp","secondFileName":"EYLUL_SUICMEZ/StackQuestionsMember.tpp","startInFirst":{"line":24,"column":13,"tokenListIndex":81},"endInFirst":{"line":30,"column":8,"tokenListIndex":88},"startInSecond":{"line":24,"column":1,"tokenListIndex":50},"endInSecond":{"line":28,"column":1,"tokenListIndex":57},"lengthOfFirst":8,"lengthOfSecond":8},{"firstFileName":"KENAN_OZCAKIR/StackQuestionsMember.tpp","secondFileName":"EYLUL_SUICMEZ/StackQuestionsMember.tpp","startInFirst":{"line":45,"column":4,"tokenListIndex":102},"endInFirst":{"line":61,"column":4,"tokenListIndex":107},"startInSecond":{"line":36,"column":0,"tokenListIndex":64},"endInSecond":{"line":45,"column":0,"tokenListIndex":69},"lengthOfFirst":6,"lengthOfSecond":6},{"firstFileName":"KENAN_OZCAKIR/StackQuestionsMember.tpp","secondFileName":"EYLUL_SUICMEZ/StackQuestionsMember.tpp","startInFirst":{"line":69,"column":4,"tokenListIndex":116},"endInFirst":{"line":71,"column":20,"tokenListIndex":121},"startInSecond":{"line":60,"column":1,"tokenListIndex":91},"endInSecond":{"line":63,"column":0,"tokenListIndex":96},"lengthOfFirst":6,"lengthOfSecond":6}],"firstSimilarity":0.5467625899280576,"secondSimilarity":0.5066666666666667}