{"firstSubmissionId":"KENAN_OZCAKIR","secondSubmissionId":"ZEYNEP_ECE_BIKEZ","similarities":{"AVG":0.2222222222222222,"MAX":0.2589928057553957,"MAXIMUM_LENGTH":187.0,"LONGEST_MATCH":6.0},"matches":[{"firstFileName":"KENAN_OZCAKIR/StackQuestionsNonMember.tpp","secondFileName":"ZEYNEP_ECE_BIKEZ/StackQuestionsMember.tpp","startInFirst":{"line":18,"column":4,"tokenListIndex":2},"endInFirst":{"line":20,"column":8,"tokenListIndex":7},"startInSecond":{"line":51,"column":4,"tokenListIndex":48},"endInSecond":{"line":54,"column":22,"tokenListIndex":53},"lengthOfFirst":6,"lengthOfSecond":6},{"firstFileName":"KENAN_OZCAKIR/StackQuestionsNonMember.tpp","secondFileName":"ZEYNEP_ECE_BIKEZ/StackQuestionsMember.tpp","startInFirst":{"line":27,"column":4,"tokenListIndex":13},"endInFirst":{"line":30,"column":4,"tokenListIndex":18},"startInSecond":{"line":19,"column":2,"tokenListIndex":12},"endInSecond":{"line":22,"column":2,"tokenListIndex":17},"lengthOfFirst":6,"lengthOfSecond":6},{"firstFileName":"KENAN_OZCAKIR/StackQuestionsNonMember.tpp","secondFileName":"ZEYNEP_ECE_BIKEZ/StackQuestionsMember.tpp","startInFirst":{"line":37,"column":4,"tokenListIndex":27},"endInFirst":{"line":40,"column":4,"tokenListIndex":32},"startInSecond":{"line":55,"column":4,"tokenListIndex":54},"endInSecond":{"line":58,"column":4,"tokenListIndex":59},"lengthOfFirst":6,"lengthOfSecond":6},{"firstFileName":"KENAN_OZCAKIR/StackQuestionsNonMember.tpp","secondFileName":"ZEYNEP_ECE_BIKEZ/StackQuestionsNonMember.tpp","startInFirst":{"line":49,"column":4,"tokenListIndex":43},"endInFirst":{"line":51,"column":21,"tokenListIndex":48},"startInSecond":{"line":62,"column":16,"tokenListIndex":172},"endInSecond":{"line":65,"column":16,"tokenListIndex":177},"lengthOfFirst":6,"lengthOfSecond":6},{"firstFileName":"KENAN_OZCAKIR/StackQuestionsNonMember.tpp","secondFileName":"ZEYNEP_ECE_BIKEZ/StackQuestionsNonMember.tpp","startInFirst":{"line":56,"column":4,"tokenListIndex":54},"endInFirst":{"line":70,"column":0,"tokenListIndex":59},"startInSecond":{"line":68,"column":4,"tokenListIndex":180},"endInSecond":{"line":76,"column":0,"tokenListIndex":185},"lengthOfFirst":6,"lengthOfSecond":6},{"firstFileName":"KENAN_OZCAKIR/StackQuestionsMember.tpp","secondFileName":"ZEYNEP_ECE_BIKEZ/StackQuestionsMember.tpp","startInFirst":{"line":21,"column":4,"tokenListIndex":75},"endInFirst":{"line":24,"column":6,"tokenListIndex":80},"startInSecond":{"line":12,"column":2,"tokenListIndex":1},"endInSecond":{"line":14,"column":20,"tokenListIndex":6},"lengthOfFirst":6,"lengthOfSecond":6}],"firstSimilarity":0.2589928057553957,"secondSimilarity":0.1945945945945946}