{"firstSubmissionId":"KENAN_OZCAKIR","secondSubmissionId":"SAFA_GOKALP_UGUR","similarities":{"AVG":0.3432343234323432,"MAX":0.37410071942446044,"MAXIMUM_LENGTH":166.0,"LONGEST_MATCH":13.0},"matches":[{"firstFileName":"KENAN_OZCAKIR/StackQuestionsMember.tpp","secondFileName":"SAFA_GOKALP_UGUR/StackQuestionsNonMember.tpp","startInFirst":{"line":15,"column":4,"tokenListIndex":68},"endInFirst":{"line":24,"column":6,"tokenListIndex":80},"startInSecond":{"line":18,"column":1,"tokenListIndex":14},"endInSecond":{"line":32,"column":8,"tokenListIndex":26},"lengthOfFirst":13,"lengthOfSecond":13},{"firstFileName":"KENAN_OZCAKIR/StackQuestionsNonMember.tpp","secondFileName":"SAFA_GOKALP_UGUR/StackQuestionsNonMember.tpp","startInFirst":{"line":53,"column":4,"tokenListIndex":49},"endInFirst":{"line":64,"column":56,"tokenListIndex":58},"startInSecond":{"line":58,"column":4,"tokenListIndex":64},"endInSecond":{"line":68,"column":51,"tokenListIndex":73},"lengthOfFirst":10,"lengthOfSecond":10},{"firstFileName":"KENAN_OZCAKIR/StackQuestionsNonMember.tpp","secondFileName":"SAFA_GOKALP_UGUR/StackQuestionsNonMember.tpp","startInFirst":{"line":33,"column":4,"tokenListIndex":19},"endInFirst":{"line":35,"column":23,"tokenListIndex":26},"startInSecond":{"line":34,"column":1,"tokenListIndex":27},"endInSecond":{"line":37,"column":4,"tokenListIndex":34},"lengthOfFirst":8,"lengthOfSecond":8},{"firstFileName":"KENAN_OZCAKIR/StackQuestionsNonMember.tpp","secondFileName":"SAFA_GOKALP_UGUR/StackQuestionsMember.tpp","startInFirst":{"line":38,"column":8,"tokenListIndex":29},"endInFirst":{"line":44,"column":8,"tokenListIndex":36},"startInSecond":{"line":76,"column":12,"tokenListIndex":155},"endInSecond":{"line":80,"column":20,"tokenListIndex":162},"lengthOfFirst":8,"lengthOfSecond":8},{"firstFileName":"KENAN_OZCAKIR/StackQuestionsNonMember.tpp","secondFileName":"SAFA_GOKALP_UGUR/StackQuestionsNonMember.tpp","startInFirst":{"line":23,"column":4,"tokenListIndex":12},"endInFirst":{"line":30,"column":4,"tokenListIndex":18},"startInSecond":{"line":70,"column":2,"tokenListIndex":74},"endInSecond":{"line":74,"column":4,"tokenListIndex":80},"lengthOfFirst":7,"lengthOfSecond":7},{"firstFileName":"KENAN_OZCAKIR/StackQuestionsNonMember.tpp","secondFileName":"SAFA_GOKALP_UGUR/StackQuestionsMember.tpp","startInFirst":{"line":18,"column":4,"tokenListIndex":2},"endInFirst":{"line":20,"column":8,"tokenListIndex":7},"startInSecond":{"line":18,"column":4,"tokenListIndex":90},"endInSecond":{"line":20,"column":11,"tokenListIndex":95},"lengthOfFirst":6,"lengthOfSecond":6}],"firstSimilarity":0.37410071942446044,"secondSimilarity":0.3170731707317073}