{"firstSubmissionId":"MEHMET_OGUZHAN_MEMIS","secondSubmissionId":"ALISA_IDA_DELEON","similarities":{"AVG":0.06306306306306306,"MAX":0.07608695652173914,"MAXIMUM_LENGTH":132.0,"LONGEST_MATCH":7.0},"matches":[{"firstFileName":"MEHMET_OGUZHAN_MEMIS/StackQuestionsNonMember.tpp","secondFileName":"ALISA_IDA_DELEON/StackQuestionsNonMember alisa.tpp","startInFirst":{"line":36,"column":35,"tokenListIndex":86},"endInFirst":{"line":46,"column":0,"tokenListIndex":92},"startInSecond":{"line":24,"column":18,"tokenListIndex":124},"endInSecond":{"line":36,"column":0,"tokenListIndex":130},"lengthOfFirst":7,"lengthOfSecond":7}],"firstSimilarity":0.07608695652173914,"secondSimilarity":0.05384615384615385}