{"firstSubmissionId":"MEHMET_OGUZHAN_MEMIS","secondSubmissionId":"TARIK_SERTVURAN","similarities":{"AVG":0.05454545454545454,"MAX":0.06521739130434782,"MAXIMUM_LENGTH":136.0,"LONGEST_MATCH":6.0},"matches":[{"firstFileName":"MEHMET_OGUZHAN_MEMIS/StackQuestionsNonMember.tpp","secondFileName":"TARIK_SERTVURAN/StackQuestionsMember.tpp","startInFirst":{"line":17,"column":8,"tokenListIndex":44},"endInFirst":{"line":20,"column":8,"tokenListIndex":49},"startInSecond":{"line":22,"column":14,"tokenListIndex":12},"endInSecond":{"line":27,"column":6,"tokenListIndex":17},"lengthOfFirst":6,"lengthOfSecond":6}],"firstSimilarity":0.06521739130434782,"secondSimilarity":0.046875}