{"firstSubmissionId":"MEHMET_OGUZHAN_MEMIS","secondSubmissionId":"PELIN_GORER","similarities":{"AVG":0.16033755274261605,"MAX":0.20652173913043478,"MAXIMUM_LENGTH":147.0,"LONGEST_MATCH":7.0},"matches":[{"firstFileName":"MEHMET_OGUZHAN_MEMIS/StackQuestionsNonMember.tpp","secondFileName":"PELIN_GORER/StackQuestionsMember.tpp","startInFirst":{"line":13,"column":4,"tokenListIndex":41},"endInFirst":{"line":19,"column":4,"tokenListIndex":47},"startInSecond":{"line":62,"column":4,"tokenListIndex":78},"endInSecond":{"line":66,"column":4,"tokenListIndex":84},"lengthOfFirst":7,"lengthOfSecond":7},{"firstFileName":"MEHMET_OGUZHAN_MEMIS/StackQuestionsMember.tpp","secondFileName":"PELIN_GORER/StackQuestionsMember.tpp","startInFirst":{"line":21,"column":4,"tokenListIndex":15},"endInFirst":{"line":23,"column":41,"tokenListIndex":20},"startInSecond":{"line":23,"column":15,"tokenListIndex":15},"endInSecond":{"line":25,"column":40,"tokenListIndex":20},"lengthOfFirst":6,"lengthOfSecond":6},{"firstFileName":"MEHMET_OGUZHAN_MEMIS/StackQuestionsNonMember.tpp","secondFileName":"PELIN_GORER/StackQuestionsMember.tpp","startInFirst":{"line":24,"column":8,"tokenListIndex":58},"endInFirst":{"line":25,"column":12,"tokenListIndex":63},"startInSecond":{"line":58,"column":4,"tokenListIndex":69},"endInSecond":{"line":59,"column":8,"tokenListIndex":74},"lengthOfFirst":6,"lengthOfSecond":6}],"firstSimilarity":0.20652173913043478,"secondSimilarity":0.1310344827586207}