{"firstSubmissionId":"MEHMET_OGUZHAN_MEMIS","secondSubmissionId":"ELIF_KAYAR","similarities":{"AVG":0.1572052401746725,"MAX":0.1956521739130435,"MAXIMUM_LENGTH":139.0,"LONGEST_MATCH":6.0},"matches":[{"firstFileName":"MEHMET_OGUZHAN_MEMIS/StackQuestionsMember.tpp","secondFileName":"ELIF_KAYAR/StackQuestionsMember.tpp","startInFirst":{"line":31,"column":2,"tokenListIndex":28},"endInFirst":{"line":38,"column":58,"tokenListIndex":33},"startInSecond":{"line":28,"column":1,"tokenListIndex":31},"endInSecond":{"line":37,"column":58,"tokenListIndex":36},"lengthOfFirst":6,"lengthOfSecond":6},{"firstFileName":"MEHMET_OGUZHAN_MEMIS/StackQuestionsNonMember.tpp","secondFileName":"ELIF_KAYAR/StackQuestionsNonMember.tpp","startInFirst":{"line":11,"column":0,"tokenListIndex":36},"endInFirst":{"line":14,"column":4,"tokenListIndex":41},"startInSecond":{"line":11,"column":0,"tokenListIndex":75},"endInSecond":{"line":16,"column":1,"tokenListIndex":80},"lengthOfFirst":6,"lengthOfSecond":6},{"firstFileName":"MEHMET_OGUZHAN_MEMIS/StackQuestionsNonMember.tpp","secondFileName":"ELIF_KAYAR/StackQuestionsNonMember.tpp","startInFirst":{"line":21,"column":60,"tokenListIndex":55},"endInFirst":{"line":24,"column":17,"tokenListIndex":60},"startInSecond":{"line":43,"column":2,"tokenListIndex":116},"endInSecond":{"line":46,"column":9,"tokenListIndex":121},"lengthOfFirst":6,"lengthOfSecond":6}],"firstSimilarity":0.1956521739130435,"secondSimilarity":0.13138686131386862}