{"firstSubmissionId":"MEHMET_OGUZHAN_MEMIS","secondSubmissionId":"UMUT_ERTUGRUL_DASGIN","similarities":{"AVG":0.11857707509881422,"MAX":0.16304347826086957,"MAXIMUM_LENGTH":163.0,"LONGEST_MATCH":8.0},"matches":[{"firstFileName":"MEHMET_OGUZHAN_MEMIS/StackQuestionsNonMember.tpp","secondFileName":"UMUT_ERTUGRUL_DASGIN/StackQuestionsNonMember.tpp","startInFirst":{"line":13,"column":4,"tokenListIndex":40},"endInFirst":{"line":19,"column":4,"tokenListIndex":47},"startInSecond":{"line":51,"column":34,"tokenListIndex":126},"endInSecond":{"line":57,"column":4,"tokenListIndex":133},"lengthOfFirst":8,"lengthOfSecond":8},{"firstFileName":"MEHMET_OGUZHAN_MEMIS/StackQuestionsMember.tpp","secondFileName":"UMUT_ERTUGRUL_DASGIN/StackQuestionsMember.tpp","startInFirst":{"line":10,"column":0,"tokenListIndex":0},"endInFirst":{"line":15,"column":2,"tokenListIndex":6},"startInSecond":{"line":10,"column":0,"tokenListIndex":0},"endInSecond":{"line":13,"column":34,"tokenListIndex":6},"lengthOfFirst":7,"lengthOfSecond":7}],"firstSimilarity":0.16304347826086957,"secondSimilarity":0.09316770186335403}