{"firstSubmissionId":"MEHMET_OGUZHAN_MEMIS","secondSubmissionId":"YUSUF_KULLUK","similarities":{"AVG":0.21311475409836064,"MAX":0.2826086956521739,"MAXIMUM_LENGTH":154.0,"LONGEST_MATCH":8.0},"matches":[{"firstFileName":"MEHMET_OGUZHAN_MEMIS/StackQuestionsMember.tpp","secondFileName":"YUSUF_KULLUK/StackQuestionsMember.tpp","startInFirst":{"line":29,"column":8,"tokenListIndex":26},"endInFirst":{"line":38,"column":58,"tokenListIndex":33},"startInSecond":{"line":33,"column":12,"tokenListIndex":24},"endInSecond":{"line":46,"column":58,"tokenListIndex":31},"lengthOfFirst":8,"lengthOfSecond":8},{"firstFileName":"MEHMET_OGUZHAN_MEMIS/StackQuestionsMember.tpp","secondFileName":"YUSUF_KULLUK/StackQuestionsMember.tpp","startInFirst":{"line":18,"column":2,"tokenListIndex":12},"endInFirst":{"line":22,"column":4,"tokenListIndex":17},"startInSecond":{"line":17,"column":4,"tokenListIndex":10},"endInSecond":{"line":24,"column":8,"tokenListIndex":15},"lengthOfFirst":6,"lengthOfSecond":6},{"firstFileName":"MEHMET_OGUZHAN_MEMIS/StackQuestionsNonMember.tpp","secondFileName":"YUSUF_KULLUK/StackQuestionsNonMember.tpp","startInFirst":{"line":11,"column":0,"tokenListIndex":36},"endInFirst":{"line":14,"column":4,"tokenListIndex":41},"startInSecond":{"line":14,"column":0,"tokenListIndex":65},"endInSecond":{"line":18,"column":4,"tokenListIndex":70},"lengthOfFirst":6,"lengthOfSecond":6},{"firstFileName":"MEHMET_OGUZHAN_MEMIS/StackQuestionsNonMember.tpp","secondFileName":"YUSUF_KULLUK/StackQuestionsMember.tpp","startInFirst":{"line":16,"column":4,"tokenListIndex":42},"endInFirst":{"line":19,"column":4,"tokenListIndex":47},"startInSecond":{"line":58,"column":2,"tokenListIndex":45},"endInSecond":{"line":61,"column":2,"tokenListIndex":50},"lengthOfFirst":6,"lengthOfSecond":6}],"firstSimilarity":0.2826086956521739,"secondSimilarity":0.17105263157894737}