{"firstSubmissionId":"MEHMET_OGUZHAN_MEMIS","secondSubmissionId":"ZEYNEP_ECE_BIKEZ","similarities":{"AVG":0.15162454873646208,"MAX":0.22826086956521738,"MAXIMUM_LENGTH":187.0,"LONGEST_MATCH":8.0},"matches":[{"firstFileName":"MEHMET_OGUZHAN_MEMIS/StackQuestionsNonMember.tpp","secondFileName":"ZEYNEP_ECE_BIKEZ/StackQuestionsMember.tpp","startInFirst":{"line":16,"column":4,"tokenListIndex":42},"endInFirst":{"line":20,"column":8,"tokenListIndex":49},"startInSecond":{"line":19,"column":2,"tokenListIndex":12},"endInSecond":{"line":24,"column":5,"tokenListIndex":19},"lengthOfFirst":8,"lengthOfSecond":8},{"firstFileName":"MEHMET_OGUZHAN_MEMIS/StackQuestionsNonMember.tpp","secondFileName":"ZEYNEP_ECE_BIKEZ/StackQuestionsMember.tpp","startInFirst":{"line":24,"column":8,"tokenListIndex":58},"endInFirst":{"line":26,"column":8,"tokenListIndex":64},"startInSecond":{"line":77,"column":4,"tokenListIndex":83},"endInSecond":{"line":79,"column":4,"tokenListIndex":89},"lengthOfFirst":7,"lengthOfSecond":7},{"firstFileName":"MEHMET_OGUZHAN_MEMIS/StackQuestionsNonMember.tpp","secondFileName":"ZEYNEP_ECE_BIKEZ/StackQuestionsMember.tpp","startInFirst":{"line":34,"column":4,"tokenListIndex":81},"endInFirst":{"line":36,"column":35,"tokenListIndex":86},"startInSecond":{"line":26,"column":2,"tokenListIndex":21},"endInSecond":{"line":27,"column":38,"tokenListIndex":26},"lengthOfFirst":6,"lengthOfSecond":6}],"firstSimilarity":0.22826086956521738,"secondSimilarity":0.11351351351351352}