{"firstSubmissionId":"MEHMET_OGUZHAN_MEMIS","secondSubmissionId":"KENAN_OZCAKIR","similarities":{"AVG":0.15584415584415584,"MAX":0.1956521739130435,"MAXIMUM_LENGTH":141.0,"LONGEST_MATCH":10.0},"matches":[{"firstFileName":"MEHMET_OGUZHAN_MEMIS/StackQuestionsNonMember.tpp","secondFileName":"KENAN_OZCAKIR/StackQuestionsNonMember.tpp","startInFirst":{"line":11,"column":44,"tokenListIndex":38},"endInFirst":{"line":19,"column":4,"tokenListIndex":47},"startInSecond":{"line":22,"column":4,"tokenListIndex":9},"endInSecond":{"line":30,"column":4,"tokenListIndex":18},"lengthOfFirst":10,"lengthOfSecond":10},{"firstFileName":"MEHMET_OGUZHAN_MEMIS/StackQuestionsMember.tpp","secondFileName":"KENAN_OZCAKIR/StackQuestionsMember.tpp","startInFirst":{"line":23,"column":41,"tokenListIndex":20},"endInFirst":{"line":30,"column":4,"tokenListIndex":27},"startInSecond":{"line":32,"column":12,"tokenListIndex":90},"endInSecond":{"line":38,"column":8,"tokenListIndex":97},"lengthOfFirst":8,"lengthOfSecond":8}],"firstSimilarity":0.1956521739130435,"secondSimilarity":0.12949640287769784}