{"firstSubmissionId":"MEHMET_OGUZHAN_MEMIS","secondSubmissionId":"ALI_OZUER","similarities":{"AVG":0.11155378486055777,"MAX":0.15217391304347827,"MAXIMUM_LENGTH":161.0,"LONGEST_MATCH":8.0},"matches":[{"firstFileName":"MEHMET_OGUZHAN_MEMIS/StackQuestionsMember.tpp","secondFileName":"ALI_OZUER/StackQuestionsMember.tpp","startInFirst":{"line":29,"column":8,"tokenListIndex":26},"endInFirst":{"line":38,"column":58,"tokenListIndex":33},"startInSecond":{"line":32,"column":6,"tokenListIndex":34},"endInSecond":{"line":40,"column":58,"tokenListIndex":41},"lengthOfFirst":8,"lengthOfSecond":8},{"firstFileName":"MEHMET_OGUZHAN_MEMIS/StackQuestionsNonMember.tpp","secondFileName":"ALI_OZUER/StackQuestionsMember.tpp","startInFirst":{"line":16,"column":4,"tokenListIndex":42},"endInFirst":{"line":19,"column":4,"tokenListIndex":47},"startInSecond":{"line":51,"column":4,"tokenListIndex":59},"endInSecond":{"line":54,"column":4,"tokenListIndex":64},"lengthOfFirst":6,"lengthOfSecond":6}],"firstSimilarity":0.15217391304347827,"secondSimilarity":0.0880503144654088}