{"firstSubmissionId":"MEHMET_OGUZHAN_MEMIS","secondSubmissionId":"CAGATAY_YUREKLI","similarities":{"AVG":0.09523809523809523,"MAX":0.15217391304347827,"MAXIMUM_LENGTH":204.0,"LONGEST_MATCH":7.0},"matches":[{"firstFileName":"MEHMET_OGUZHAN_MEMIS/StackQuestionsMember.tpp","secondFileName":"CAGATAY_YUREKLI/StackQuestionsMember.tpp","startInFirst":{"line":24,"column":8,"tokenListIndex":21},"endInFirst":{"line":30,"column":4,"tokenListIndex":27},"startInSecond":{"line":34,"column":13,"tokenListIndex":24},"endInSecond":{"line":42,"column":9,"tokenListIndex":30},"lengthOfFirst":7,"lengthOfSecond":7},{"firstFileName":"MEHMET_OGUZHAN_MEMIS/StackQuestionsNonMember.tpp","secondFileName":"CAGATAY_YUREKLI/StackQuestionsNonMember.tpp","startInFirst":{"line":13,"column":4,"tokenListIndex":41},"endInFirst":{"line":19,"column":4,"tokenListIndex":47},"startInSecond":{"line":85,"column":4,"tokenListIndex":157},"endInSecond":{"line":89,"column":4,"tokenListIndex":163},"lengthOfFirst":7,"lengthOfSecond":7}],"firstSimilarity":0.15217391304347827,"secondSimilarity":0.06930693069306931}