{"firstSubmissionId":"MEHMET_OGUZHAN_MEMIS","secondSubmissionId":"EYLUL_SUICMEZ","similarities":{"AVG":0.1322314049586777,"MAX":0.17391304347826086,"MAXIMUM_LENGTH":152.0,"LONGEST_MATCH":10.0},"matches":[{"firstFileName":"MEHMET_OGUZHAN_MEMIS/StackQuestionsNonMember.tpp","secondFileName":"EYLUL_SUICMEZ/StackQuestionsMember.tpp","startInFirst":{"line":11,"column":44,"tokenListIndex":38},"endInFirst":{"line":19,"column":4,"tokenListIndex":47},"startInSecond":{"line":68,"column":1,"tokenListIndex":102},"endInSecond":{"line":76,"column":1,"tokenListIndex":111},"lengthOfFirst":10,"lengthOfSecond":10},{"firstFileName":"MEHMET_OGUZHAN_MEMIS/StackQuestionsMember.tpp","secondFileName":"EYLUL_SUICMEZ/StackQuestionsMember.tpp","startInFirst":{"line":31,"column":2,"tokenListIndex":28},"endInFirst":{"line":38,"column":58,"tokenListIndex":33},"startInSecond":{"line":35,"column":0,"tokenListIndex":63},"endInSecond":{"line":43,"column":58,"tokenListIndex":68},"lengthOfFirst":6,"lengthOfSecond":6}],"firstSimilarity":0.17391304347826086,"secondSimilarity":0.10666666666666667}