{"firstSubmissionId":"MEHMET_OGUZHAN_MEMIS","secondSubmissionId":"AGAH_DEMIR_GOK","similarities":{"AVG":0.1702127659574468,"MAX":0.2608695652173913,"MAXIMUM_LENGTH":192.0,"LONGEST_MATCH":9.0},"matches":[{"firstFileName":"MEHMET_OGUZHAN_MEMIS/StackQuestionsNonMember.tpp","secondFileName":"AGAH_DEMIR_GOK/StackQuestionsMember.tpp","startInFirst":{"line":20,"column":8,"tokenListIndex":49},"endInFirst":{"line":23,"column":8,"tokenListIndex":57},"startInSecond":{"line":67,"column":2,"tokenListIndex":78},"endInSecond":{"line":70,"column":2,"tokenListIndex":86},"lengthOfFirst":9,"lengthOfSecond":9},{"firstFileName":"MEHMET_OGUZHAN_MEMIS/StackQuestionsNonMember.tpp","secondFileName":"AGAH_DEMIR_GOK/StackQuestionsNonMember.tpp","startInFirst":{"line":28,"column":8,"tokenListIndex":66},"endInFirst":{"line":30,"column":8,"tokenListIndex":73},"startInSecond":{"line":40,"column":2,"tokenListIndex":128},"endInSecond":{"line":42,"column":2,"tokenListIndex":135},"lengthOfFirst":8,"lengthOfSecond":8},{"firstFileName":"MEHMET_OGUZHAN_MEMIS/StackQuestionsNonMember.tpp","secondFileName":"AGAH_DEMIR_GOK/StackQuestionsNonMember.tpp","startInFirst":{"line":16,"column":4,"tokenListIndex":42},"endInFirst":{"line":20,"column":4,"tokenListIndex":48},"startInSecond":{"line":51,"column":2,"tokenListIndex":143},"endInSecond":{"line":56,"column":2,"tokenListIndex":149},"lengthOfFirst":7,"lengthOfSecond":7}],"firstSimilarity":0.2608695652173913,"secondSimilarity":0.12631578947368421}