{"firstSubmissionId":"MEHMET_OGUZHAN_MEMIS","secondSubmissionId":"SAFA_GOKALP_UGUR","similarities":{"AVG":0.1796875,"MAX":0.25,"MAXIMUM_LENGTH":166.0,"LONGEST_MATCH":10.0},"matches":[{"firstFileName":"MEHMET_OGUZHAN_MEMIS/StackQuestionsNonMember.tpp","secondFileName":"SAFA_GOKALP_UGUR/StackQuestionsNonMember.tpp","startInFirst":{"line":11,"column":44,"tokenListIndex":38},"endInFirst":{"line":19,"column":4,"tokenListIndex":47},"startInSecond":{"line":18,"column":1,"tokenListIndex":11},"endInSecond":{"line":27,"column":4,"tokenListIndex":20},"lengthOfFirst":10,"lengthOfSecond":10},{"firstFileName":"MEHMET_OGUZHAN_MEMIS/StackQuestionsMember.tpp","secondFileName":"SAFA_GOKALP_UGUR/StackQuestionsMember.tpp","startInFirst":{"line":10,"column":0,"tokenListIndex":0},"endInFirst":{"line":15,"column":2,"tokenListIndex":6},"startInSecond":{"line":13,"column":0,"tokenListIndex":83},"endInSecond":{"line":17,"column":29,"tokenListIndex":89},"lengthOfFirst":7,"lengthOfSecond":7},{"firstFileName":"MEHMET_OGUZHAN_MEMIS/StackQuestionsMember.tpp","secondFileName":"SAFA_GOKALP_UGUR/StackQuestionsMember.tpp","startInFirst":{"line":31,"column":2,"tokenListIndex":28},"endInFirst":{"line":38,"column":58,"tokenListIndex":33},"startInSecond":{"line":39,"column":4,"tokenListIndex":115},"endInSecond":{"line":47,"column":58,"tokenListIndex":120},"lengthOfFirst":6,"lengthOfSecond":6}],"firstSimilarity":0.25,"secondSimilarity":0.1402439024390244}