{"firstSubmissionId":"MEHMET_OGUZHAN_MEMIS","secondSubmissionId":"MUHAMMED_ENES_CAM","similarities":{"AVG":0.19095477386934673,"MAX":0.20652173913043478,"MAXIMUM_LENGTH":109.0,"LONGEST_MATCH":10.0},"matches":[{"firstFileName":"MEHMET_OGUZHAN_MEMIS/StackQuestionsNonMember.tpp","secondFileName":"MUHAMMED_ENES_CAM/StackQuestionsMember.tpp","startInFirst":{"line":36,"column":4,"tokenListIndex":82},"endInFirst":{"line":44,"column":56,"tokenListIndex":91},"startInSecond":{"line":16,"column":2,"tokenListIndex":87},"endInSecond":{"line":25,"column":58,"tokenListIndex":96},"lengthOfFirst":10,"lengthOfSecond":10},{"firstFileName":"MEHMET_OGUZHAN_MEMIS/StackQuestionsNonMember.tpp","secondFileName":"MUHAMMED_ENES_CAM/StackQuestionsNonMember.tpp","startInFirst":{"line":12,"column":4,"tokenListIndex":39},"endInFirst":{"line":19,"column":4,"tokenListIndex":47},"startInSecond":{"line":48,"column":56,"tokenListIndex":37},"endInSecond":{"line":58,"column":1,"tokenListIndex":45},"lengthOfFirst":9,"lengthOfSecond":9}],"firstSimilarity":0.20652173913043478,"secondSimilarity":0.17757009345794392}