{"firstSubmissionId":"MEHMET_OGUZHAN_MEMIS","secondSubmissionId":"KARDELEN_KARTAL","similarities":{"AVG":0.2857142857142857,"MAX":0.29347826086956524,"MAXIMUM_LENGTH":99.0,"LONGEST_MATCH":8.0},"matches":[{"firstFileName":"MEHMET_OGUZHAN_MEMIS/StackQuestionsNonMember.tpp","secondFileName":"KARDELEN_KARTAL/StackQuestionsMember.tpp","startInFirst":{"line":16,"column":4,"tokenListIndex":42},"endInFirst":{"line":20,"column":8,"tokenListIndex":49},"startInSecond":{"line":17,"column":2,"tokenListIndex":6},"endInSecond":{"line":22,"column":7,"tokenListIndex":13},"lengthOfFirst":8,"lengthOfSecond":8},{"firstFileName":"MEHMET_OGUZHAN_MEMIS/StackQuestionsNonMember.tpp","secondFileName":"KARDELEN_KARTAL/StackQuestionsNonMember.tpp","startInFirst":{"line":24,"column":8,"tokenListIndex":58},"endInFirst":{"line":26,"column":8,"tokenListIndex":64},"startInSecond":{"line":52,"column":0,"tokenListIndex":86},"endInSecond":{"line":55,"column":0,"tokenListIndex":92},"lengthOfFirst":7,"lengthOfSecond":7},{"firstFileName":"MEHMET_OGUZHAN_MEMIS/StackQuestionsMember.tpp","secondFileName":"KARDELEN_KARTAL/StackQuestionsNonMember.tpp","startInFirst":{"line":16,"column":2,"tokenListIndex":7},"endInFirst":{"line":19,"column":6,"tokenListIndex":12},"startInSecond":{"line":31,"column":32,"tokenListIndex":68},"endInSecond":{"line":36,"column":0,"tokenListIndex":73},"lengthOfFirst":6,"lengthOfSecond":6},{"firstFileName":"MEHMET_OGUZHAN_MEMIS/StackQuestionsNonMember.tpp","secondFileName":"KARDELEN_KARTAL/StackQuestionsMember.tpp","startInFirst":{"line":38,"column":4,"tokenListIndex":87},"endInFirst":{"line":46,"column":0,"tokenListIndex":92},"startInSecond":{"line":51,"column":0,"tokenListIndex":39},"endInSecond":{"line":64,"column":0,"tokenListIndex":44},"lengthOfFirst":6,"lengthOfSecond":6}],"firstSimilarity":0.29347826086956524,"secondSimilarity":0.27835051546391754}