{"firstSubmissionId":"MEHMET_OGUZHAN_MEMIS","secondSubmissionId":"ATAKAN_NAKTURK","similarities":{"AVG":0.1830065359477124,"MAX":0.30434782608695654,"MAXIMUM_LENGTH":216.0,"LONGEST_MATCH":12.0},"matches":[{"firstFileName":"MEHMET_OGUZHAN_MEMIS/StackQuestionsNonMember.tpp","secondFileName":"ATAKAN_NAKTURK/StackQuestionsNonMember.tpp","startInFirst":{"line":11,"column":0,"tokenListIndex":36},"endInFirst":{"line":19,"column":4,"tokenListIndex":47},"startInSecond":{"line":61,"column":0,"tokenListIndex":177},"endInSecond":{"line":70,"column":4,"tokenListIndex":188},"lengthOfFirst":12,"lengthOfSecond":12},{"firstFileName":"MEHMET_OGUZHAN_MEMIS/StackQuestionsMember.tpp","secondFileName":"ATAKAN_NAKTURK/StackQuestionsMember.tpp","startInFirst":{"line":13,"column":5,"tokenListIndex":4},"endInFirst":{"line":19,"column":6,"tokenListIndex":12},"startInSecond":{"line":12,"column":26,"tokenListIndex":6},"endInSecond":{"line":18,"column":7,"tokenListIndex":14},"lengthOfFirst":9,"lengthOfSecond":9},{"firstFileName":"MEHMET_OGUZHAN_MEMIS/StackQuestionsMember.tpp","secondFileName":"ATAKAN_NAKTURK/StackQuestionsMember.tpp","startInFirst":{"line":24,"column":8,"tokenListIndex":21},"endInFirst":{"line":30,"column":4,"tokenListIndex":27},"startInSecond":{"line":41,"column":12,"tokenListIndex":40},"endInSecond":{"line":49,"column":8,"tokenListIndex":46},"lengthOfFirst":7,"lengthOfSecond":7}],"firstSimilarity":0.30434782608695654,"secondSimilarity":0.1308411214953271}