{"firstSubmissionId":"MERT_ACAR","secondSubmissionId":"CAGATAY_YUREKLI","similarities":{"AVG":0.041791044776119404,"MAX":0.05263157894736842,"MAXIMUM_LENGTH":204.0,"LONGEST_MATCH":7.0},"matches":[{"firstFileName":"MERT_ACAR/main.cpp","secondFileName":"CAGATAY_YUREKLI/StackQuestionsNonMember.tpp","startInFirst":{"line":187,"column":2,"tokenListIndex":124},"endInFirst":{"line":190,"column":2,"tokenListIndex":130},"startInSecond":{"line":98,"column":12,"tokenListIndex":173},"endInSecond":{"line":103,"column":4,"tokenListIndex":179},"lengthOfFirst":7,"lengthOfSecond":7}],"firstSimilarity":0.05263157894736842,"secondSimilarity":0.034653465346534656}