{"firstSubmissionId":"MERT_ACAR","secondSubmissionId":"EYLUL_SUICMEZ","similarities":{"AVG":0.04240282685512368,"MAX":0.045112781954887216,"MAXIMUM_LENGTH":152.0,"LONGEST_MATCH":6.0},"matches":[{"firstFileName":"MERT_ACAR/main.cpp","secondFileName":"EYLUL_SUICMEZ/StackQuestionsMember.tpp","startInFirst":{"line":109,"column":2,"tokenListIndex":68},"endInFirst":{"line":114,"column":2,"tokenListIndex":73},"startInSecond":{"line":26,"column":7,"tokenListIndex":53},"endInSecond":{"line":29,"column":1,"tokenListIndex":58},"lengthOfFirst":6,"lengthOfSecond":6}],"firstSimilarity":0.045112781954887216,"secondSimilarity":0.04}