{"firstSubmissionId":"MERT_ACAR","secondSubmissionId":"YUSUF_KULLUK","similarities":{"AVG":0.0912280701754386,"MAX":0.09774436090225563,"MAXIMUM_LENGTH":154.0,"LONGEST_MATCH":7.0},"matches":[{"firstFileName":"MERT_ACAR/main.cpp","secondFileName":"YUSUF_KULLUK/StackQuestionsNonMember.tpp","startInFirst":{"line":112,"column":2,"tokenListIndex":71},"endInFirst":{"line":119,"column":2,"tokenListIndex":77},"startInSecond":{"line":30,"column":11,"tokenListIndex":88},"endInSecond":{"line":35,"column":8,"tokenListIndex":94},"lengthOfFirst":7,"lengthOfSecond":7},{"firstFileName":"MERT_ACAR/main.cpp","secondFileName":"YUSUF_KULLUK/StackQuestionsNonMember.tpp","startInFirst":{"line":188,"column":2,"tokenListIndex":125},"endInFirst":{"line":190,"column":2,"tokenListIndex":130},"startInSecond":{"line":70,"column":4,"tokenListIndex":129},"endInSecond":{"line":72,"column":4,"tokenListIndex":134},"lengthOfFirst":6,"lengthOfSecond":6}],"firstSimilarity":0.09774436090225563,"secondSimilarity":0.08552631578947369}