{"firstSubmissionId":"MERT_ACAR","secondSubmissionId":"UMUT_ERTUGRUL_DASGIN","similarities":{"AVG":0.09523809523809523,"MAX":0.10526315789473684,"MAXIMUM_LENGTH":163.0,"LONGEST_MATCH":7.0},"matches":[{"firstFileName":"MERT_ACAR/main.cpp","secondFileName":"UMUT_ERTUGRUL_DASGIN/StackQuestionsNonMember.tpp","startInFirst":{"line":140,"column":2,"tokenListIndex":92},"endInFirst":{"line":146,"column":28,"tokenListIndex":98},"startInSecond":{"line":59,"column":4,"tokenListIndex":134},"endInSecond":{"line":61,"column":12,"tokenListIndex":140},"lengthOfFirst":7,"lengthOfSecond":7},{"firstFileName":"MERT_ACAR/main.cpp","secondFileName":"UMUT_ERTUGRUL_DASGIN/StackQuestionsMember.tpp","startInFirst":{"line":194,"column":2,"tokenListIndex":132},"endInFirst":{"line":197,"column":0,"tokenListIndex":138},"startInSecond":{"line":64,"column":4,"tokenListIndex":72},"endInSecond":{"line":67,"column":0,"tokenListIndex":78},"lengthOfFirst":7,"lengthOfSecond":7}],"firstSimilarity":0.10526315789473684,"secondSimilarity":0.08695652173913043}