{"firstSubmissionId":"MERT_ACAR","secondSubmissionId":"KENAN_OZCAKIR","similarities":{"AVG":0.11029411764705882,"MAX":0.11278195488721804,"MAXIMUM_LENGTH":141.0,"LONGEST_MATCH":8.0},"matches":[{"firstFileName":"MERT_ACAR/main.cpp","secondFileName":"KENAN_OZCAKIR/StackQuestionsMember.tpp","startInFirst":{"line":193,"column":2,"tokenListIndex":131},"endInFirst":{"line":197,"column":0,"tokenListIndex":138},"startInSecond":{"line":79,"column":47,"tokenListIndex":132},"endInSecond":{"line":83,"column":0,"tokenListIndex":139},"lengthOfFirst":8,"lengthOfSecond":8},{"firstFileName":"MERT_ACAR/main.cpp","secondFileName":"KENAN_OZCAKIR/StackQuestionsNonMember.tpp","startInFirst":{"line":112,"column":2,"tokenListIndex":71},"endInFirst":{"line":119,"column":2,"tokenListIndex":77},"startInSecond":{"line":43,"column":12,"tokenListIndex":34},"endInSecond":{"line":46,"column":20,"tokenListIndex":40},"lengthOfFirst":7,"lengthOfSecond":7}],"firstSimilarity":0.11278195488721804,"secondSimilarity":0.1079136690647482}