{"firstSubmissionId":"MERT_ACAR","secondSubmissionId":"ATAKAN_NAKTURK","similarities":{"AVG":0.07492795389048991,"MAX":0.09774436090225563,"MAXIMUM_LENGTH":216.0,"LONGEST_MATCH":7.0},"matches":[{"firstFileName":"MERT_ACAR/main.cpp","secondFileName":"ATAKAN_NAKTURK/StackQuestionsNonMember.tpp","startInFirst":{"line":112,"column":2,"tokenListIndex":71},"endInFirst":{"line":119,"column":2,"tokenListIndex":77},"startInSecond":{"line":44,"column":11,"tokenListIndex":161},"endInSecond":{"line":48,"column":19,"tokenListIndex":167},"lengthOfFirst":7,"lengthOfSecond":7},{"firstFileName":"MERT_ACAR/main.cpp","secondFileName":"ATAKAN_NAKTURK/StackQuestionsMember.tpp","startInFirst":{"line":187,"column":2,"tokenListIndex":124},"endInFirst":{"line":189,"column":4,"tokenListIndex":129},"startInSecond":{"line":19,"column":18,"tokenListIndex":18},"endInSecond":{"line":23,"column":4,"tokenListIndex":23},"lengthOfFirst":6,"lengthOfSecond":6}],"firstSimilarity":0.09774436090225563,"secondSimilarity":0.06074766355140187}