{"firstSubmissionId":"MERT_ACAR","secondSubmissionId":"AGAH_DEMIR_GOK","similarities":{"AVG":0.11764705882352941,"MAX":0.14285714285714285,"MAXIMUM_LENGTH":192.0,"LONGEST_MATCH":7.0},"matches":[{"firstFileName":"MERT_ACAR/main.cpp","secondFileName":"AGAH_DEMIR_GOK/StackQuestionsNonMember.tpp","startInFirst":{"line":140,"column":2,"tokenListIndex":92},"endInFirst":{"line":146,"column":28,"tokenListIndex":98},"startInSecond":{"line":60,"column":2,"tokenListIndex":155},"endInSecond":{"line":62,"column":19,"tokenListIndex":161},"lengthOfFirst":7,"lengthOfSecond":7},{"firstFileName":"MERT_ACAR/main.cpp","secondFileName":"AGAH_DEMIR_GOK/StackQuestionsMember.tpp","startInFirst":{"line":125,"column":2,"tokenListIndex":81},"endInFirst":{"line":132,"column":2,"tokenListIndex":86},"startInSecond":{"line":65,"column":2,"tokenListIndex":73},"endInSecond":{"line":67,"column":2,"tokenListIndex":78},"lengthOfFirst":6,"lengthOfSecond":6},{"firstFileName":"MERT_ACAR/main.cpp","secondFileName":"AGAH_DEMIR_GOK/StackQuestionsNonMember.tpp","startInFirst":{"line":187,"column":2,"tokenListIndex":124},"endInFirst":{"line":189,"column":4,"tokenListIndex":129},"startInSecond":{"line":31,"column":2,"tokenListIndex":117},"endInSecond":{"line":33,"column":4,"tokenListIndex":122},"lengthOfFirst":6,"lengthOfSecond":6}],"firstSimilarity":0.14285714285714285,"secondSimilarity":0.1}