{"firstSubmissionId":"MERT_ACAR","secondSubmissionId":"ZEYNEP_ECE_BIKEZ","similarities":{"AVG":0.11320754716981132,"MAX":0.13533834586466165,"MAXIMUM_LENGTH":187.0,"LONGEST_MATCH":6.0},"matches":[{"firstFileName":"MERT_ACAR/main.cpp","secondFileName":"ZEYNEP_ECE_BIKEZ/StackQuestionsMember.tpp","startInFirst":{"line":55,"column":2,"tokenListIndex":21},"endInFirst":{"line":57,"column":4,"tokenListIndex":26},"startInSecond":{"line":27,"column":2,"tokenListIndex":22},"endInSecond":{"line":28,"column":4,"tokenListIndex":27},"lengthOfFirst":6,"lengthOfSecond":6},{"firstFileName":"MERT_ACAR/main.cpp","secondFileName":"ZEYNEP_ECE_BIKEZ/StackQuestionsMember.tpp","startInFirst":{"line":110,"column":2,"tokenListIndex":69},"endInFirst":{"line":116,"column":2,"tokenListIndex":74},"startInSecond":{"line":62,"column":12,"tokenListIndex":62},"endInSecond":{"line":64,"column":27,"tokenListIndex":67},"lengthOfFirst":6,"lengthOfSecond":6},{"firstFileName":"MERT_ACAR/main.cpp","secondFileName":"ZEYNEP_ECE_BIKEZ/StackQuestionsMember.tpp","startInFirst":{"line":146,"column":2,"tokenListIndex":96},"endInFirst":{"line":152,"column":2,"tokenListIndex":101},"startInSecond":{"line":70,"column":12,"tokenListIndex":73},"endInSecond":{"line":72,"column":12,"tokenListIndex":78},"lengthOfFirst":6,"lengthOfSecond":6}],"firstSimilarity":0.13533834586466165,"secondSimilarity":0.0972972972972973}