{"firstSubmissionId":"MERT_ACAR","secondSubmissionId":"ALI_OZUER","similarities":{"AVG":0.08904109589041095,"MAX":0.09774436090225563,"MAXIMUM_LENGTH":161.0,"LONGEST_MATCH":7.0},"matches":[{"firstFileName":"MERT_ACAR/main.cpp","secondFileName":"ALI_OZUER/StackQuestionsNonMember.tpp","startInFirst":{"line":112,"column":2,"tokenListIndex":71},"endInFirst":{"line":119,"column":2,"tokenListIndex":77},"startInSecond":{"line":21,"column":10,"tokenListIndex":133},"endInSecond":{"line":24,"column":15,"tokenListIndex":139},"lengthOfFirst":7,"lengthOfSecond":7},{"firstFileName":"MERT_ACAR/main.cpp","secondFileName":"ALI_OZUER/StackQuestionsNonMember.tpp","startInFirst":{"line":187,"column":2,"tokenListIndex":124},"endInFirst":{"line":189,"column":4,"tokenListIndex":129},"startInSecond":{"line":12,"column":12,"tokenListIndex":117},"endInSecond":{"line":14,"column":4,"tokenListIndex":122},"lengthOfFirst":6,"lengthOfSecond":6}],"firstSimilarity":0.09774436090225563,"secondSimilarity":0.08176100628930817}