{"firstSubmissionId":"MUHAMMED_ENES_CAM","secondSubmissionId":"UMUT_ERTUGRUL_DASGIN","similarities":{"AVG":0.26119402985074625,"MAX":0.32710280373831774,"MAXIMUM_LENGTH":163.0,"LONGEST_MATCH":9.0},"matches":[{"firstFileName":"MUHAMMED_ENES_CAM/StackQuestionsNonMember.tpp","secondFileName":"UMUT_ERTUGRUL_DASGIN/StackQuestionsNonMember.tpp","startInFirst":{"line":51,"column":1,"tokenListIndex":38},"endInFirst":{"line":60,"column":1,"tokenListIndex":46},"startInSecond":{"line":51,"column":34,"tokenListIndex":126},"endInSecond":{"line":59,"column":4,"tokenListIndex":134},"lengthOfFirst":9,"lengthOfSecond":9},{"firstFileName":"MUHAMMED_ENES_CAM/StackQuestionsNonMember.tpp","secondFileName":"UMUT_ERTUGRUL_DASGIN/StackQuestionsMember.tpp","startInFirst":{"line":77,"column":9,"tokenListIndex":69},"endInFirst":{"line":82,"column":17,"tokenListIndex":76},"startInSecond":{"line":58,"column":4,"tokenListIndex":62},"endInSecond":{"line":60,"column":25,"tokenListIndex":69},"lengthOfFirst":8,"lengthOfSecond":8},{"firstFileName":"MUHAMMED_ENES_CAM/StackQuestionsNonMember.tpp","secondFileName":"UMUT_ERTUGRUL_DASGIN/StackQuestionsMember.tpp","startInFirst":{"line":65,"column":1,"tokenListIndex":51},"endInFirst":{"line":68,"column":4,"tokenListIndex":56},"startInSecond":{"line":52,"column":4,"tokenListIndex":54},"endInSecond":{"line":55,"column":4,"tokenListIndex":59},"lengthOfFirst":6,"lengthOfSecond":6},{"firstFileName":"MUHAMMED_ENES_CAM/StackQuestionsNonMember.tpp","secondFileName":"UMUT_ERTUGRUL_DASGIN/StackQuestionsMember.tpp","startInFirst":{"line":72,"column":32,"tokenListIndex":63},"endInFirst":{"line":75,"column":25,"tokenListIndex":68},"startInSecond":{"line":15,"column":8,"tokenListIndex":8},"endInSecond":{"line":18,"column":17,"tokenListIndex":13},"lengthOfFirst":6,"lengthOfSecond":6},{"firstFileName":"MUHAMMED_ENES_CAM/StackQuestionsMember.tpp","secondFileName":"UMUT_ERTUGRUL_DASGIN/StackQuestionsNonMember.tpp","startInFirst":{"line":33,"column":1,"tokenListIndex":101},"endInFirst":{"line":36,"column":4,"tokenListIndex":106},"startInSecond":{"line":30,"column":4,"tokenListIndex":102},"endInSecond":{"line":33,"column":4,"tokenListIndex":107},"lengthOfFirst":6,"lengthOfSecond":6}],"firstSimilarity":0.32710280373831774,"secondSimilarity":0.21739130434782608}