{"firstSubmissionId":"MUHAMMED_ENES_CAM","secondSubmissionId":"MERT_ACAR","similarities":{"AVG":0.10833333333333334,"MAX":0.12149532710280374,"MAXIMUM_LENGTH":140.0,"LONGEST_MATCH":7.0},"matches":[{"firstFileName":"MUHAMMED_ENES_CAM/StackQuestionsNonMember.tpp","secondFileName":"MERT_ACAR/main.cpp","startInFirst":{"line":33,"column":9,"tokenListIndex":26},"endInFirst":{"line":39,"column":8,"tokenListIndex":32},"startInSecond":{"line":112,"column":2,"tokenListIndex":71},"endInSecond":{"line":119,"column":2,"tokenListIndex":77},"lengthOfFirst":7,"lengthOfSecond":7},{"firstFileName":"MUHAMMED_ENES_CAM/StackQuestionsNonMember.tpp","secondFileName":"MERT_ACAR/main.cpp","startInFirst":{"line":21,"column":16,"tokenListIndex":10},"endInFirst":{"line":24,"column":2,"tokenListIndex":15},"startInSecond":{"line":187,"column":2,"tokenListIndex":124},"endInSecond":{"line":189,"column":4,"tokenListIndex":129},"lengthOfFirst":6,"lengthOfSecond":6}],"firstSimilarity":0.12149532710280374,"secondSimilarity":0.09774436090225563}