{"firstSubmissionId":"MUHAMMED_ENES_CAM","secondSubmissionId":"EYLUL_SUICMEZ","similarities":{"AVG":0.311284046692607,"MAX":0.37383177570093457,"MAXIMUM_LENGTH":152.0,"LONGEST_MATCH":9.0},"matches":[{"firstFileName":"MUHAMMED_ENES_CAM/StackQuestionsNonMember.tpp","secondFileName":"EYLUL_SUICMEZ/StackQuestionsMember.tpp","startInFirst":{"line":28,"column":26,"tokenListIndex":21},"endInFirst":{"line":36,"column":8,"tokenListIndex":29},"startInSecond":{"line":49,"column":3,"tokenListIndex":76},"endInSecond":{"line":54,"column":2,"tokenListIndex":84},"lengthOfFirst":9,"lengthOfSecond":9},{"firstFileName":"MUHAMMED_ENES_CAM/StackQuestionsNonMember.tpp","secondFileName":"EYLUL_SUICMEZ/StackQuestionsMember.tpp","startInFirst":{"line":48,"column":56,"tokenListIndex":37},"endInFirst":{"line":58,"column":1,"tokenListIndex":45},"startInSecond":{"line":68,"column":1,"tokenListIndex":103},"endInSecond":{"line":76,"column":1,"tokenListIndex":111},"lengthOfFirst":9,"lengthOfSecond":9},{"firstFileName":"MUHAMMED_ENES_CAM/StackQuestionsNonMember.tpp","secondFileName":"EYLUL_SUICMEZ/StackQuestionsMember.tpp","startInFirst":{"line":65,"column":1,"tokenListIndex":51},"endInFirst":{"line":70,"column":8,"tokenListIndex":58},"startInSecond":{"line":18,"column":0,"tokenListIndex":39},"endInSecond":{"line":22,"column":3,"tokenListIndex":46},"lengthOfFirst":8,"lengthOfSecond":8},{"firstFileName":"MUHAMMED_ENES_CAM/StackQuestionsMember.tpp","secondFileName":"EYLUL_SUICMEZ/StackQuestionsMember.tpp","startInFirst":{"line":31,"column":1,"tokenListIndex":99},"endInFirst":{"line":36,"column":4,"tokenListIndex":106},"startInSecond":{"line":78,"column":13,"tokenListIndex":116},"endInSecond":{"line":84,"column":0,"tokenListIndex":123},"lengthOfFirst":8,"lengthOfSecond":8},{"firstFileName":"MUHAMMED_ENES_CAM/StackQuestionsNonMember.tpp","secondFileName":"EYLUL_SUICMEZ/StackQuestionsNonMember.tpp","startInFirst":{"line":13,"column":0,"tokenListIndex":0},"endInFirst":{"line":16,"column":18,"tokenListIndex":5},"startInSecond":{"line":12,"column":0,"tokenListIndex":0},"endInSecond":{"line":13,"column":14,"tokenListIndex":5},"lengthOfFirst":6,"lengthOfSecond":6}],"firstSimilarity":0.37383177570093457,"secondSimilarity":0.26666666666666666}