{"firstSubmissionId":"MUHAMMED_ENES_CAM","secondSubmissionId":"ALI_OZUER","similarities":{"AVG":0.3609022556390977,"MAX":0.4485981308411215,"MAXIMUM_LENGTH":161.0,"LONGEST_MATCH":13.0},"matches":[{"firstFileName":"MUHAMMED_ENES_CAM/StackQuestionsNonMember.tpp","secondFileName":"ALI_OZUER/StackQuestionsNonMember.tpp","startInFirst":{"line":18,"column":1,"tokenListIndex":6},"endInFirst":{"line":26,"column":1,"tokenListIndex":18},"startInSecond":{"line":10,"column":2,"tokenListIndex":113},"endInSecond":{"line":16,"column":2,"tokenListIndex":125},"lengthOfFirst":13,"lengthOfSecond":13},{"firstFileName":"MUHAMMED_ENES_CAM/StackQuestionsNonMember.tpp","secondFileName":"ALI_OZUER/StackQuestionsMember.tpp","startInFirst":{"line":28,"column":26,"tokenListIndex":21},"endInFirst":{"line":36,"column":8,"tokenListIndex":29},"startInSecond":{"line":48,"column":6,"tokenListIndex":55},"endInSecond":{"line":53,"column":7,"tokenListIndex":63},"lengthOfFirst":9,"lengthOfSecond":9},{"firstFileName":"MUHAMMED_ENES_CAM/StackQuestionsNonMember.tpp","secondFileName":"ALI_OZUER/StackQuestionsNonMember.tpp","startInFirst":{"line":38,"column":8,"tokenListIndex":30},"endInFirst":{"line":48,"column":56,"tokenListIndex":37},"startInSecond":{"line":32,"column":4,"tokenListIndex":150},"endInSecond":{"line":40,"column":56,"tokenListIndex":157},"lengthOfFirst":8,"lengthOfSecond":8},{"firstFileName":"MUHAMMED_ENES_CAM/StackQuestionsNonMember.tpp","secondFileName":"ALI_OZUER/StackQuestionsMember.tpp","startInFirst":{"line":55,"column":1,"tokenListIndex":40},"endInFirst":{"line":58,"column":1,"tokenListIndex":45},"startInSecond":{"line":55,"column":4,"tokenListIndex":65},"endInSecond":{"line":58,"column":4,"tokenListIndex":70},"lengthOfFirst":6,"lengthOfSecond":6},{"firstFileName":"MUHAMMED_ENES_CAM/StackQuestionsNonMember.tpp","secondFileName":"ALI_OZUER/StackQuestionsMember.tpp","startInFirst":{"line":65,"column":1,"tokenListIndex":51},"endInFirst":{"line":68,"column":4,"tokenListIndex":56},"startInSecond":{"line":59,"column":4,"tokenListIndex":71},"endInSecond":{"line":62,"column":4,"tokenListIndex":76},"lengthOfFirst":6,"lengthOfSecond":6},{"firstFileName":"MUHAMMED_ENES_CAM/StackQuestionsMember.tpp","secondFileName":"ALI_OZUER/StackQuestionsMember.tpp","startInFirst":{"line":33,"column":1,"tokenListIndex":101},"endInFirst":{"line":36,"column":4,"tokenListIndex":106},"startInSecond":{"line":68,"column":4,"tokenListIndex":86},"endInSecond":{"line":71,"column":4,"tokenListIndex":91},"lengthOfFirst":6,"lengthOfSecond":6}],"firstSimilarity":0.4485981308411215,"secondSimilarity":0.3018867924528302}