{"firstSubmissionId":"MUHAMMED_ENES_CAM","secondSubmissionId":"AGAH_DEMIR_GOK","similarities":{"AVG":0.3771043771043771,"MAX":0.5233644859813084,"MAXIMUM_LENGTH":192.0,"LONGEST_MATCH":10.0},"matches":[{"firstFileName":"MUHAMMED_ENES_CAM/StackQuestionsNonMember.tpp","secondFileName":"AGAH_DEMIR_GOK/StackQuestionsMember.tpp","startInFirst":{"line":60,"column":17,"tokenListIndex":48},"endInFirst":{"line":70,"column":4,"tokenListIndex":57},"startInSecond":{"line":57,"column":11,"tokenListIndex":64},"endInSecond":{"line":65,"column":2,"tokenListIndex":73},"lengthOfFirst":10,"lengthOfSecond":10},{"firstFileName":"MUHAMMED_ENES_CAM/StackQuestionsMember.tpp","secondFileName":"AGAH_DEMIR_GOK/StackQuestionsNonMember.tpp","startInFirst":{"line":28,"column":3,"tokenListIndex":97},"endInFirst":{"line":36,"column":4,"tokenListIndex":106},"startInSecond":{"line":48,"column":56,"tokenListIndex":139},"endInSecond":{"line":54,"column":2,"tokenListIndex":148},"lengthOfFirst":10,"lengthOfSecond":10},{"firstFileName":"MUHAMMED_ENES_CAM/StackQuestionsNonMember.tpp","secondFileName":"AGAH_DEMIR_GOK/StackQuestionsNonMember.tpp","startInFirst":{"line":19,"column":1,"tokenListIndex":7},"endInFirst":{"line":24,"column":2,"tokenListIndex":15},"startInSecond":{"line":28,"column":8,"tokenListIndex":114},"endInSecond":{"line":33,"column":4,"tokenListIndex":122},"lengthOfFirst":9,"lengthOfSecond":9},{"firstFileName":"MUHAMMED_ENES_CAM/StackQuestionsNonMember.tpp","secondFileName":"AGAH_DEMIR_GOK/StackQuestionsMember.tpp","startInFirst":{"line":55,"column":1,"tokenListIndex":40},"endInFirst":{"line":60,"column":5,"tokenListIndex":47},"startInSecond":{"line":18,"column":2,"tokenListIndex":10},"endInSecond":{"line":23,"column":9,"tokenListIndex":17},"lengthOfFirst":8,"lengthOfSecond":8},{"firstFileName":"MUHAMMED_ENES_CAM/StackQuestionsNonMember.tpp","secondFileName":"AGAH_DEMIR_GOK/StackQuestionsNonMember.tpp","startInFirst":{"line":70,"column":18,"tokenListIndex":59},"endInFirst":{"line":74,"column":11,"tokenListIndex":65},"startInSecond":{"line":66,"column":2,"tokenListIndex":170},"endInSecond":{"line":69,"column":12,"tokenListIndex":176},"lengthOfFirst":7,"lengthOfSecond":7},{"firstFileName":"MUHAMMED_ENES_CAM/StackQuestionsNonMember.tpp","secondFileName":"AGAH_DEMIR_GOK/StackQuestionsMember.tpp","startInFirst":{"line":13,"column":0,"tokenListIndex":0},"endInFirst":{"line":16,"column":18,"tokenListIndex":5},"startInSecond":{"line":43,"column":0,"tokenListIndex":43},"endInSecond":{"line":44,"column":19,"tokenListIndex":48},"lengthOfFirst":6,"lengthOfSecond":6},{"firstFileName":"MUHAMMED_ENES_CAM/StackQuestionsMember.tpp","secondFileName":"AGAH_DEMIR_GOK/StackQuestionsMember.tpp","startInFirst":{"line":13,"column":2,"tokenListIndex":86},"endInFirst":{"line":16,"column":31,"tokenListIndex":91},"startInSecond":{"line":25,"column":29,"tokenListIndex":23},"endInSecond":{"line":26,"column":40,"tokenListIndex":28},"lengthOfFirst":6,"lengthOfSecond":6}],"firstSimilarity":0.5233644859813084,"secondSimilarity":0.29473684210526313}