{"firstSubmissionId":"MUHAMMED_ENES_CAM","secondSubmissionId":"ATAKAN_NAKTURK","similarities":{"AVG":0.43613707165109034,"MAX":0.6542056074766355,"MAXIMUM_LENGTH":216.0,"LONGEST_MATCH":11.0},"matches":[{"firstFileName":"MUHAMMED_ENES_CAM/StackQuestionsNonMember.tpp","secondFileName":"ATAKAN_NAKTURK/StackQuestionsNonMember.tpp","startInFirst":{"line":36,"column":8,"tokenListIndex":29},"endInFirst":{"line":53,"column":1,"tokenListIndex":39},"startInSecond":{"line":51,"column":11,"tokenListIndex":171},"endInSecond":{"line":64,"column":4,"tokenListIndex":181},"lengthOfFirst":11,"lengthOfSecond":11},{"firstFileName":"MUHAMMED_ENES_CAM/StackQuestionsNonMember.tpp","secondFileName":"ATAKAN_NAKTURK/StackQuestionsMember.tpp","startInFirst":{"line":72,"column":32,"tokenListIndex":63},"endInFirst":{"line":77,"column":42,"tokenListIndex":72},"startInSecond":{"line":17,"column":2,"tokenListIndex":13},"endInSecond":{"line":21,"column":35,"tokenListIndex":22},"lengthOfFirst":10,"lengthOfSecond":10},{"firstFileName":"MUHAMMED_ENES_CAM/StackQuestionsNonMember.tpp","secondFileName":"ATAKAN_NAKTURK/StackQuestionsNonMember.tpp","startInFirst":{"line":23,"column":1,"tokenListIndex":11},"endInFirst":{"line":28,"column":1,"tokenListIndex":19},"startInSecond":{"line":24,"column":4,"tokenListIndex":132},"endInSecond":{"line":29,"column":4,"tokenListIndex":140},"lengthOfFirst":9,"lengthOfSecond":9},{"firstFileName":"MUHAMMED_ENES_CAM/StackQuestionsNonMember.tpp","secondFileName":"ATAKAN_NAKTURK/StackQuestionsNonMember.tpp","startInFirst":{"line":28,"column":26,"tokenListIndex":21},"endInFirst":{"line":35,"column":13,"tokenListIndex":28},"startInSecond":{"line":31,"column":8,"tokenListIndex":144},"endInSecond":{"line":36,"column":28,"tokenListIndex":151},"lengthOfFirst":8,"lengthOfSecond":8},{"firstFileName":"MUHAMMED_ENES_CAM/StackQuestionsNonMember.tpp","secondFileName":"ATAKAN_NAKTURK/StackQuestionsNonMember.tpp","startInFirst":{"line":13,"column":44,"tokenListIndex":2},"endInFirst":{"line":21,"column":1,"tokenListIndex":8},"startInSecond":{"line":16,"column":30,"tokenListIndex":123},"endInSecond":{"line":22,"column":4,"tokenListIndex":129},"lengthOfFirst":7,"lengthOfSecond":7},{"firstFileName":"MUHAMMED_ENES_CAM/StackQuestionsMember.tpp","secondFileName":"ATAKAN_NAKTURK/StackQuestionsMember.tpp","startInFirst":{"line":33,"column":1,"tokenListIndex":101},"endInFirst":{"line":39,"column":0,"tokenListIndex":107},"startInSecond":{"line":99,"column":4,"tokenListIndex":103},"endInSecond":{"line":104,"column":0,"tokenListIndex":109},"lengthOfFirst":7,"lengthOfSecond":7},{"firstFileName":"MUHAMMED_ENES_CAM/StackQuestionsNonMember.tpp","secondFileName":"ATAKAN_NAKTURK/StackQuestionsMember.tpp","startInFirst":{"line":55,"column":1,"tokenListIndex":40},"endInFirst":{"line":58,"column":1,"tokenListIndex":45},"startInSecond":{"line":89,"column":4,"tokenListIndex":91},"endInSecond":{"line":93,"column":4,"tokenListIndex":96},"lengthOfFirst":6,"lengthOfSecond":6},{"firstFileName":"MUHAMMED_ENES_CAM/StackQuestionsNonMember.tpp","secondFileName":"ATAKAN_NAKTURK/StackQuestionsMember.tpp","startInFirst":{"line":65,"column":1,"tokenListIndex":51},"endInFirst":{"line":68,"column":4,"tokenListIndex":56},"startInSecond":{"line":94,"column":4,"tokenListIndex":97},"endInSecond":{"line":98,"column":4,"tokenListIndex":102},"lengthOfFirst":6,"lengthOfSecond":6},{"firstFileName":"MUHAMMED_ENES_CAM/StackQuestionsMember.tpp","secondFileName":"ATAKAN_NAKTURK/StackQuestionsMember.tpp","startInFirst":{"line":18,"column":0,"tokenListIndex":92},"endInFirst":{"line":28,"column":3,"tokenListIndex":97},"startInSecond":{"line":54,"column":2,"tokenListIndex":53},"endInSecond":{"line":61,"column":4,"tokenListIndex":58},"lengthOfFirst":6,"lengthOfSecond":6}],"firstSimilarity":0.6542056074766355,"secondSimilarity":0.32710280373831774}