{"firstSubmissionId":"MUHAMMED_ENES_CAM","secondSubmissionId":"CAGATAY_YUREKLI","similarities":{"AVG":0.2588996763754045,"MAX":0.37383177570093457,"MAXIMUM_LENGTH":204.0,"LONGEST_MATCH":13.0},"matches":[{"firstFileName":"MUHAMMED_ENES_CAM/StackQuestionsNonMember.tpp","secondFileName":"CAGATAY_YUREKLI/StackQuestionsNonMember.tpp","startInFirst":{"line":65,"column":1,"tokenListIndex":51},"endInFirst":{"line":72,"column":32,"tokenListIndex":63},"startInSecond":{"line":93,"column":4,"tokenListIndex":165},"endInSecond":{"line":101,"column":26,"tokenListIndex":177},"lengthOfFirst":13,"lengthOfSecond":13},{"firstFileName":"MUHAMMED_ENES_CAM/StackQuestionsNonMember.tpp","secondFileName":"CAGATAY_YUREKLI/StackQuestionsNonMember.tpp","startInFirst":{"line":53,"column":1,"tokenListIndex":39},"endInFirst":{"line":60,"column":1,"tokenListIndex":46},"startInSecond":{"line":85,"column":4,"tokenListIndex":157},"endInSecond":{"line":92,"column":4,"tokenListIndex":164},"lengthOfFirst":8,"lengthOfSecond":8},{"firstFileName":"MUHAMMED_ENES_CAM/StackQuestionsMember.tpp","secondFileName":"CAGATAY_YUREKLI/StackQuestionsMember.tpp","startInFirst":{"line":33,"column":1,"tokenListIndex":101},"endInFirst":{"line":39,"column":0,"tokenListIndex":107},"startInSecond":{"line":105,"column":1,"tokenListIndex":81},"endInSecond":{"line":110,"column":0,"tokenListIndex":87},"lengthOfFirst":7,"lengthOfSecond":7},{"firstFileName":"MUHAMMED_ENES_CAM/StackQuestionsNonMember.tpp","secondFileName":"CAGATAY_YUREKLI/StackQuestionsNonMember.tpp","startInFirst":{"line":36,"column":8,"tokenListIndex":29},"endInFirst":{"line":43,"column":0,"tokenListIndex":34},"startInSecond":{"line":66,"column":12,"tokenListIndex":144},"endInSecond":{"line":70,"column":0,"tokenListIndex":149},"lengthOfFirst":6,"lengthOfSecond":6},{"firstFileName":"MUHAMMED_ENES_CAM/StackQuestionsNonMember.tpp","secondFileName":"CAGATAY_YUREKLI/StackQuestionsNonMember.tpp","startInFirst":{"line":77,"column":9,"tokenListIndex":69},"endInFirst":{"line":79,"column":6,"tokenListIndex":74},"startInSecond":{"line":107,"column":4,"tokenListIndex":181},"endInSecond":{"line":108,"column":10,"tokenListIndex":186},"lengthOfFirst":6,"lengthOfSecond":6}],"firstSimilarity":0.37383177570093457,"secondSimilarity":0.19801980198019803}