{"firstSubmissionId":"MUHAMMED_ENES_CAM","secondSubmissionId":"SAFA_GOKALP_UGUR","similarities":{"AVG":0.35424354243542433,"MAX":0.4485981308411215,"MAXIMUM_LENGTH":166.0,"LONGEST_MATCH":11.0},"matches":[{"firstFileName":"MUHAMMED_ENES_CAM/StackQuestionsNonMember.tpp","secondFileName":"SAFA_GOKALP_UGUR/StackQuestionsNonMember.tpp","startInFirst":{"line":48,"column":56,"tokenListIndex":37},"endInFirst":{"line":60,"column":5,"tokenListIndex":47},"startInSecond":{"line":18,"column":1,"tokenListIndex":12},"endInSecond":{"line":30,"column":5,"tokenListIndex":22},"lengthOfFirst":11,"lengthOfSecond":11},{"firstFileName":"MUHAMMED_ENES_CAM/StackQuestionsNonMember.tpp","secondFileName":"SAFA_GOKALP_UGUR/StackQuestionsNonMember.tpp","startInFirst":{"line":23,"column":1,"tokenListIndex":11},"endInFirst":{"line":28,"column":1,"tokenListIndex":19},"startInSecond":{"line":34,"column":1,"tokenListIndex":27},"endInSecond":{"line":38,"column":4,"tokenListIndex":35},"lengthOfFirst":9,"lengthOfSecond":9},{"firstFileName":"MUHAMMED_ENES_CAM/StackQuestionsNonMember.tpp","secondFileName":"SAFA_GOKALP_UGUR/StackQuestionsNonMember.tpp","startInFirst":{"line":36,"column":8,"tokenListIndex":29},"endInFirst":{"line":48,"column":22,"tokenListIndex":36},"startInSecond":{"line":58,"column":11,"tokenListIndex":65},"endInSecond":{"line":68,"column":22,"tokenListIndex":72},"lengthOfFirst":8,"lengthOfSecond":8},{"firstFileName":"MUHAMMED_ENES_CAM/StackQuestionsNonMember.tpp","secondFileName":"SAFA_GOKALP_UGUR/StackQuestionsMember.tpp","startInFirst":{"line":29,"column":5,"tokenListIndex":22},"endInFirst":{"line":35,"column":13,"tokenListIndex":28},"startInSecond":{"line":63,"column":8,"tokenListIndex":139},"endInSecond":{"line":67,"column":19,"tokenListIndex":145},"lengthOfFirst":7,"lengthOfSecond":7},{"firstFileName":"MUHAMMED_ENES_CAM/StackQuestionsMember.tpp","secondFileName":"SAFA_GOKALP_UGUR/StackQuestionsNonMember.tpp","startInFirst":{"line":33,"column":1,"tokenListIndex":101},"endInFirst":{"line":39,"column":0,"tokenListIndex":107},"startInSecond":{"line":71,"column":4,"tokenListIndex":75},"endInSecond":{"line":75,"column":0,"tokenListIndex":81},"lengthOfFirst":7,"lengthOfSecond":7},{"firstFileName":"MUHAMMED_ENES_CAM/StackQuestionsNonMember.tpp","secondFileName":"SAFA_GOKALP_UGUR/StackQuestionsNonMember.tpp","startInFirst":{"line":13,"column":0,"tokenListIndex":0},"endInFirst":{"line":16,"column":18,"tokenListIndex":5},"startInSecond":{"line":12,"column":0,"tokenListIndex":0},"endInSecond":{"line":14,"column":9,"tokenListIndex":5},"lengthOfFirst":6,"lengthOfSecond":6}],"firstSimilarity":0.4485981308411215,"secondSimilarity":0.2926829268292683}