{"firstSubmissionId":"MUHAMMED_ENES_CAM","secondSubmissionId":"ELIF_KAYAR","similarities":{"AVG":0.1721311475409836,"MAX":0.19626168224299065,"MAXIMUM_LENGTH":139.0,"LONGEST_MATCH":8.0},"matches":[{"firstFileName":"MUHAMMED_ENES_CAM/StackQuestionsNonMember.tpp","secondFileName":"ELIF_KAYAR/StackQuestionsNonMember.tpp","startInFirst":{"line":19,"column":1,"tokenListIndex":7},"endInFirst":{"line":23,"column":27,"tokenListIndex":14},"startInSecond":{"line":38,"column":46,"tokenListIndex":108},"endInSecond":{"line":42,"column":29,"tokenListIndex":115},"lengthOfFirst":8,"lengthOfSecond":8},{"firstFileName":"MUHAMMED_ENES_CAM/StackQuestionsNonMember.tpp","secondFileName":"ELIF_KAYAR/StackQuestionsMember.tpp","startInFirst":{"line":29,"column":5,"tokenListIndex":22},"endInFirst":{"line":35,"column":13,"tokenListIndex":28},"startInSecond":{"line":47,"column":3,"tokenListIndex":51},"endInSecond":{"line":50,"column":14,"tokenListIndex":57},"lengthOfFirst":7,"lengthOfSecond":7},{"firstFileName":"MUHAMMED_ENES_CAM/StackQuestionsNonMember.tpp","secondFileName":"ELIF_KAYAR/StackQuestionsNonMember.tpp","startInFirst":{"line":72,"column":3,"tokenListIndex":60},"endInFirst":{"line":74,"column":11,"tokenListIndex":65},"startInSecond":{"line":46,"column":1,"tokenListIndex":119},"endInSecond":{"line":47,"column":6,"tokenListIndex":124},"lengthOfFirst":6,"lengthOfSecond":6}],"firstSimilarity":0.19626168224299065,"secondSimilarity":0.15328467153284672}