{"firstSubmissionId":"MUHAMMED_ENES_CAM","secondSubmissionId":"TARIK_SERTVURAN","similarities":{"AVG":0.1702127659574468,"MAX":0.18691588785046728,"MAXIMUM_LENGTH":136.0,"LONGEST_MATCH":7.0},"matches":[{"firstFileName":"MUHAMMED_ENES_CAM/StackQuestionsNonMember.tpp","secondFileName":"TARIK_SERTVURAN/StackQuestionsMember.tpp","startInFirst":{"line":56,"column":2,"tokenListIndex":42},"endInFirst":{"line":60,"column":17,"tokenListIndex":48},"startInSecond":{"line":66,"column":14,"tokenListIndex":58},"endInSecond":{"line":71,"column":10,"tokenListIndex":64},"lengthOfFirst":7,"lengthOfSecond":7},{"firstFileName":"MUHAMMED_ENES_CAM/StackQuestionsNonMember.tpp","secondFileName":"TARIK_SERTVURAN/StackQuestionsMember.tpp","startInFirst":{"line":70,"column":18,"tokenListIndex":59},"endInFirst":{"line":74,"column":11,"tokenListIndex":65},"startInSecond":{"line":85,"column":2,"tokenListIndex":73},"endInSecond":{"line":88,"column":8,"tokenListIndex":79},"lengthOfFirst":7,"lengthOfSecond":7},{"firstFileName":"MUHAMMED_ENES_CAM/StackQuestionsNonMember.tpp","secondFileName":"TARIK_SERTVURAN/StackQuestionsNonMember.tpp","startInFirst":{"line":79,"column":6,"tokenListIndex":74},"endInFirst":{"line":85,"column":9,"tokenListIndex":79},"startInSecond":{"line":54,"column":30,"tokenListIndex":126},"endInSecond":{"line":59,"column":8,"tokenListIndex":131},"lengthOfFirst":6,"lengthOfSecond":6}],"firstSimilarity":0.18691588785046728,"secondSimilarity":0.15625}