{"firstSubmissionId":"MUHAMMED_ENES_CAM","secondSubmissionId":"YUSUF_KULLUK","similarities":{"AVG":0.32432432432432434,"MAX":0.3925233644859813,"MAXIMUM_LENGTH":154.0,"LONGEST_MATCH":11.0},"matches":[{"firstFileName":"MUHAMMED_ENES_CAM/StackQuestionsNonMember.tpp","secondFileName":"YUSUF_KULLUK/StackQuestionsNonMember.tpp","startInFirst":{"line":36,"column":8,"tokenListIndex":29},"endInFirst":{"line":53,"column":1,"tokenListIndex":39},"startInSecond":{"line":37,"column":11,"tokenListIndex":97},"endInSecond":{"line":56,"column":2,"tokenListIndex":107},"lengthOfFirst":11,"lengthOfSecond":11},{"firstFileName":"MUHAMMED_ENES_CAM/StackQuestionsMember.tpp","secondFileName":"YUSUF_KULLUK/StackQuestionsMember.tpp","startInFirst":{"line":33,"column":1,"tokenListIndex":101},"endInFirst":{"line":39,"column":0,"tokenListIndex":107},"startInSecond":{"line":66,"column":2,"tokenListIndex":57},"endInSecond":{"line":70,"column":0,"tokenListIndex":63},"lengthOfFirst":7,"lengthOfSecond":7},{"firstFileName":"MUHAMMED_ENES_CAM/StackQuestionsNonMember.tpp","secondFileName":"YUSUF_KULLUK/StackQuestionsNonMember.tpp","startInFirst":{"line":16,"column":1,"tokenListIndex":3},"endInFirst":{"line":21,"column":1,"tokenListIndex":8},"startInSecond":{"line":58,"column":2,"tokenListIndex":111},"endInSecond":{"line":61,"column":2,"tokenListIndex":116},"lengthOfFirst":6,"lengthOfSecond":6},{"firstFileName":"MUHAMMED_ENES_CAM/StackQuestionsNonMember.tpp","secondFileName":"YUSUF_KULLUK/StackQuestionsMember.tpp","startInFirst":{"line":55,"column":1,"tokenListIndex":40},"endInFirst":{"line":58,"column":1,"tokenListIndex":45},"startInSecond":{"line":58,"column":2,"tokenListIndex":45},"endInSecond":{"line":61,"column":2,"tokenListIndex":50},"lengthOfFirst":6,"lengthOfSecond":6},{"firstFileName":"MUHAMMED_ENES_CAM/StackQuestionsNonMember.tpp","secondFileName":"YUSUF_KULLUK/StackQuestionsMember.tpp","startInFirst":{"line":65,"column":1,"tokenListIndex":51},"endInFirst":{"line":68,"column":4,"tokenListIndex":56},"startInSecond":{"line":62,"column":2,"tokenListIndex":51},"endInSecond":{"line":65,"column":2,"tokenListIndex":56},"lengthOfFirst":6,"lengthOfSecond":6},{"firstFileName":"MUHAMMED_ENES_CAM/StackQuestionsNonMember.tpp","secondFileName":"YUSUF_KULLUK/StackQuestionsNonMember.tpp","startInFirst":{"line":72,"column":3,"tokenListIndex":60},"endInFirst":{"line":74,"column":11,"tokenListIndex":65},"startInSecond":{"line":64,"column":2,"tokenListIndex":117},"endInSecond":{"line":65,"column":13,"tokenListIndex":122},"lengthOfFirst":6,"lengthOfSecond":6}],"firstSimilarity":0.3925233644859813,"secondSimilarity":0.27631578947368424}