{"firstSubmissionId":"MUHAMMED_ENES_CAM","secondSubmissionId":"PELIN_GORER","similarities":{"AVG":0.30158730158730157,"MAX":0.35514018691588783,"MAXIMUM_LENGTH":147.0,"LONGEST_MATCH":10.0},"matches":[{"firstFileName":"MUHAMMED_ENES_CAM/StackQuestionsNonMember.tpp","secondFileName":"PELIN_GORER/StackQuestionsNonMember.tpp","startInFirst":{"line":36,"column":8,"tokenListIndex":29},"endInFirst":{"line":51,"column":1,"tokenListIndex":38},"startInSecond":{"line":29,"column":8,"tokenListIndex":127},"endInSecond":{"line":39,"column":4,"tokenListIndex":136},"lengthOfFirst":10,"lengthOfSecond":10},{"firstFileName":"MUHAMMED_ENES_CAM/StackQuestionsNonMember.tpp","secondFileName":"PELIN_GORER/StackQuestionsNonMember.tpp","startInFirst":{"line":23,"column":1,"tokenListIndex":11},"endInFirst":{"line":26,"column":1,"tokenListIndex":18},"startInSecond":{"line":17,"column":4,"tokenListIndex":104},"endInSecond":{"line":20,"column":4,"tokenListIndex":111},"lengthOfFirst":8,"lengthOfSecond":8},{"firstFileName":"MUHAMMED_ENES_CAM/StackQuestionsNonMember.tpp","secondFileName":"PELIN_GORER/StackQuestionsMember.tpp","startInFirst":{"line":53,"column":1,"tokenListIndex":39},"endInFirst":{"line":58,"column":1,"tokenListIndex":45},"startInSecond":{"line":62,"column":4,"tokenListIndex":78},"endInSecond":{"line":66,"column":4,"tokenListIndex":84},"lengthOfFirst":7,"lengthOfSecond":7},{"firstFileName":"MUHAMMED_ENES_CAM/StackQuestionsMember.tpp","secondFileName":"PELIN_GORER/StackQuestionsMember.tpp","startInFirst":{"line":33,"column":1,"tokenListIndex":101},"endInFirst":{"line":39,"column":0,"tokenListIndex":107},"startInSecond":{"line":67,"column":4,"tokenListIndex":85},"endInSecond":{"line":72,"column":0,"tokenListIndex":91},"lengthOfFirst":7,"lengthOfSecond":7},{"firstFileName":"MUHAMMED_ENES_CAM/StackQuestionsMember.tpp","secondFileName":"PELIN_GORER/StackQuestionsMember.tpp","startInFirst":{"line":20,"column":0,"tokenListIndex":93},"endInFirst":{"line":30,"column":3,"tokenListIndex":98},"startInSecond":{"line":46,"column":0,"tokenListIndex":59},"endInSecond":{"line":54,"column":4,"tokenListIndex":64},"lengthOfFirst":6,"lengthOfSecond":6}],"firstSimilarity":0.35514018691588783,"secondSimilarity":0.2620689655172414}