{"firstSubmissionId":"MUHAMMED_ENES_CAM","secondSubmissionId":"ALISA_IDA_DELEON","similarities":{"AVG":0.11814345991561181,"MAX":0.1308411214953271,"MAXIMUM_LENGTH":132.0,"LONGEST_MATCH":8.0},"matches":[{"firstFileName":"MUHAMMED_ENES_CAM/StackQuestionsNonMember.tpp","secondFileName":"ALISA_IDA_DELEON/StackQuestionsMember_ Alisa_İda Deleon.tpp","startInFirst":{"line":72,"column":3,"tokenListIndex":60},"endInFirst":{"line":75,"column":11,"tokenListIndex":67},"startInSecond":{"line":23,"column":0,"tokenListIndex":20},"endInSecond":{"line":25,"column":6,"tokenListIndex":27},"lengthOfFirst":8,"lengthOfSecond":8},{"firstFileName":"MUHAMMED_ENES_CAM/StackQuestionsMember.tpp","secondFileName":"ALISA_IDA_DELEON/StackQuestionsNonMember alisa.tpp","startInFirst":{"line":16,"column":31,"tokenListIndex":91},"endInFirst":{"line":25,"column":58,"tokenListIndex":96},"startInSecond":{"line":24,"column":18,"tokenListIndex":124},"endInSecond":{"line":34,"column":56,"tokenListIndex":129},"lengthOfFirst":6,"lengthOfSecond":6}],"firstSimilarity":0.1308411214953271,"secondSimilarity":0.1076923076923077}