{"firstSubmissionId":"MUHAMMED_ENES_CAM","secondSubmissionId":"KENAN_OZCAKIR","similarities":{"AVG":0.43902439024390244,"MAX":0.5046728971962616,"MAXIMUM_LENGTH":141.0,"LONGEST_MATCH":11.0},"matches":[{"firstFileName":"MUHAMMED_ENES_CAM/StackQuestionsNonMember.tpp","secondFileName":"KENAN_OZCAKIR/StackQuestionsMember.tpp","startInFirst":{"line":60,"column":1,"tokenListIndex":46},"endInFirst":{"line":68,"column":4,"tokenListIndex":56},"startInSecond":{"line":64,"column":4,"tokenListIndex":111},"endInSecond":{"line":71,"column":20,"tokenListIndex":121},"lengthOfFirst":11,"lengthOfSecond":11},{"firstFileName":"MUHAMMED_ENES_CAM/StackQuestionsNonMember.tpp","secondFileName":"KENAN_OZCAKIR/StackQuestionsNonMember.tpp","startInFirst":{"line":28,"column":26,"tokenListIndex":21},"endInFirst":{"line":36,"column":8,"tokenListIndex":29},"startInSecond":{"line":34,"column":8,"tokenListIndex":23},"endInSecond":{"line":39,"column":8,"tokenListIndex":31},"lengthOfFirst":9,"lengthOfSecond":9},{"firstFileName":"MUHAMMED_ENES_CAM/StackQuestionsNonMember.tpp","secondFileName":"KENAN_OZCAKIR/StackQuestionsNonMember.tpp","startInFirst":{"line":48,"column":56,"tokenListIndex":37},"endInFirst":{"line":58,"column":1,"tokenListIndex":45},"startInSecond":{"line":23,"column":4,"tokenListIndex":10},"endInSecond":{"line":30,"column":4,"tokenListIndex":18},"lengthOfFirst":9,"lengthOfSecond":9},{"firstFileName":"MUHAMMED_ENES_CAM/StackQuestionsNonMember.tpp","secondFileName":"KENAN_OZCAKIR/StackQuestionsNonMember.tpp","startInFirst":{"line":38,"column":8,"tokenListIndex":30},"endInFirst":{"line":48,"column":22,"tokenListIndex":36},"startInSecond":{"line":54,"column":8,"tokenListIndex":51},"endInSecond":{"line":64,"column":22,"tokenListIndex":57},"lengthOfFirst":7,"lengthOfSecond":7},{"firstFileName":"MUHAMMED_ENES_CAM/StackQuestionsNonMember.tpp","secondFileName":"KENAN_OZCAKIR/StackQuestionsMember.tpp","startInFirst":{"line":21,"column":16,"tokenListIndex":10},"endInFirst":{"line":24,"column":2,"tokenListIndex":15},"startInSecond":{"line":79,"column":47,"tokenListIndex":132},"endInSecond":{"line":82,"column":8,"tokenListIndex":137},"lengthOfFirst":6,"lengthOfSecond":6},{"firstFileName":"MUHAMMED_ENES_CAM/StackQuestionsNonMember.tpp","secondFileName":"KENAN_OZCAKIR/StackQuestionsMember.tpp","startInFirst":{"line":72,"column":32,"tokenListIndex":63},"endInFirst":{"line":75,"column":25,"tokenListIndex":68},"startInSecond":{"line":21,"column":11,"tokenListIndex":76},"endInSecond":{"line":24,"column":13,"tokenListIndex":81},"lengthOfFirst":6,"lengthOfSecond":6},{"firstFileName":"MUHAMMED_ENES_CAM/StackQuestionsMember.tpp","secondFileName":"KENAN_OZCAKIR/StackQuestionsNonMember.tpp","startInFirst":{"line":33,"column":1,"tokenListIndex":101},"endInFirst":{"line":36,"column":4,"tokenListIndex":106},"startInSecond":{"line":49,"column":4,"tokenListIndex":43},"endInSecond":{"line":51,"column":21,"tokenListIndex":48},"lengthOfFirst":6,"lengthOfSecond":6}],"firstSimilarity":0.5046728971962616,"secondSimilarity":0.38848920863309355}