{"firstSubmissionId":"MUHAMMED_ENES_CAM","secondSubmissionId":"ZEYNEP_ECE_BIKEZ","similarities":{"AVG":0.1232876712328767,"MAX":0.16822429906542055,"MAXIMUM_LENGTH":187.0,"LONGEST_MATCH":6.0},"matches":[{"firstFileName":"MUHAMMED_ENES_CAM/StackQuestionsNonMember.tpp","secondFileName":"ZEYNEP_ECE_BIKEZ/StackQuestionsMember.tpp","startInFirst":{"line":55,"column":1,"tokenListIndex":40},"endInFirst":{"line":58,"column":1,"tokenListIndex":45},"startInSecond":{"line":19,"column":2,"tokenListIndex":12},"endInSecond":{"line":22,"column":2,"tokenListIndex":17},"lengthOfFirst":6,"lengthOfSecond":6},{"firstFileName":"MUHAMMED_ENES_CAM/StackQuestionsNonMember.tpp","secondFileName":"ZEYNEP_ECE_BIKEZ/StackQuestionsMember.tpp","startInFirst":{"line":65,"column":1,"tokenListIndex":51},"endInFirst":{"line":68,"column":4,"tokenListIndex":56},"startInSecond":{"line":55,"column":4,"tokenListIndex":54},"endInSecond":{"line":58,"column":4,"tokenListIndex":59},"lengthOfFirst":6,"lengthOfSecond":6},{"firstFileName":"MUHAMMED_ENES_CAM/StackQuestionsMember.tpp","secondFileName":"ZEYNEP_ECE_BIKEZ/StackQuestionsNonMember.tpp","startInFirst":{"line":33,"column":1,"tokenListIndex":101},"endInFirst":{"line":36,"column":4,"tokenListIndex":106},"startInSecond":{"line":62,"column":16,"tokenListIndex":172},"endInSecond":{"line":65,"column":16,"tokenListIndex":177},"lengthOfFirst":6,"lengthOfSecond":6}],"firstSimilarity":0.16822429906542055,"secondSimilarity":0.0972972972972973}