{"firstSubmissionId":"PELIN_GORER","secondSubmissionId":"ALI_OZUER","similarities":{"AVG":0.19078947368421054,"MAX":0.2,"MAXIMUM_LENGTH":161.0,"LONGEST_MATCH":13.0},"matches":[{"firstFileName":"PELIN_GORER/StackQuestionsMember.tpp","secondFileName":"ALI_OZUER/StackQuestionsNonMember.tpp","startInFirst":{"line":63,"column":4,"tokenListIndex":79},"endInFirst":{"line":72,"column":0,"tokenListIndex":91},"startInSecond":{"line":27,"column":2,"tokenListIndex":142},"endInSecond":{"line":35,"column":0,"tokenListIndex":154},"lengthOfFirst":13,"lengthOfSecond":13},{"firstFileName":"PELIN_GORER/StackQuestionsMember.tpp","secondFileName":"ALI_OZUER/StackQuestionsMember.tpp","startInFirst":{"line":16,"column":4,"tokenListIndex":4},"endInFirst":{"line":21,"column":4,"tokenListIndex":11},"startInSecond":{"line":11,"column":2,"tokenListIndex":1},"endInSecond":{"line":14,"column":12,"tokenListIndex":8},"lengthOfFirst":8,"lengthOfSecond":8},{"firstFileName":"PELIN_GORER/StackQuestionsNonMember.tpp","secondFileName":"ALI_OZUER/StackQuestionsMember.tpp","startInFirst":{"line":17,"column":4,"tokenListIndex":104},"endInFirst":{"line":20,"column":4,"tokenListIndex":111},"startInSecond":{"line":47,"column":4,"tokenListIndex":51},"endInSecond":{"line":50,"column":4,"tokenListIndex":58},"lengthOfFirst":8,"lengthOfSecond":8}],"firstSimilarity":0.2,"secondSimilarity":0.18238993710691823}