{"firstSubmissionId":"PELIN_GORER","secondSubmissionId":"EYLUL_SUICMEZ","similarities":{"AVG":0.2711864406779661,"MAX":0.27586206896551724,"MAXIMUM_LENGTH":152.0,"LONGEST_MATCH":12.0},"matches":[{"firstFileName":"PELIN_GORER/StackQuestionsMember.tpp","secondFileName":"EYLUL_SUICMEZ/StackQuestionsMember.tpp","startInFirst":{"line":63,"column":4,"tokenListIndex":79},"endInFirst":{"line":70,"column":4,"tokenListIndex":90},"startInSecond":{"line":81,"column":1,"tokenListIndex":118},"endInSecond":{"line":89,"column":0,"tokenListIndex":129},"lengthOfFirst":12,"lengthOfSecond":12},{"firstFileName":"PELIN_GORER/StackQuestionsMember.tpp","secondFileName":"EYLUL_SUICMEZ/StackQuestionsMember.tpp","startInFirst":{"line":16,"column":4,"tokenListIndex":4},"endInFirst":{"line":21,"column":4,"tokenListIndex":11},"startInSecond":{"line":11,"column":2,"tokenListIndex":30},"endInSecond":{"line":16,"column":0,"tokenListIndex":37},"lengthOfFirst":8,"lengthOfSecond":8},{"firstFileName":"PELIN_GORER/StackQuestionsNonMember.tpp","secondFileName":"EYLUL_SUICMEZ/StackQuestionsMember.tpp","startInFirst":{"line":17,"column":4,"tokenListIndex":104},"endInFirst":{"line":20,"column":4,"tokenListIndex":111},"startInSecond":{"line":48,"column":2,"tokenListIndex":72},"endInSecond":{"line":51,"column":1,"tokenListIndex":79},"lengthOfFirst":8,"lengthOfSecond":8},{"firstFileName":"PELIN_GORER/StackQuestionsMember.tpp","secondFileName":"EYLUL_SUICMEZ/StackQuestionsMember.tpp","startInFirst":{"line":22,"column":4,"tokenListIndex":12},"endInFirst":{"line":24,"column":8,"tokenListIndex":17},"startInSecond":{"line":26,"column":0,"tokenListIndex":52},"endInSecond":{"line":28,"column":1,"tokenListIndex":57},"lengthOfFirst":6,"lengthOfSecond":6},{"firstFileName":"PELIN_GORER/StackQuestionsNonMember.tpp","secondFileName":"EYLUL_SUICMEZ/StackQuestionsNonMember.tpp","startInFirst":{"line":40,"column":17,"tokenListIndex":139},"endInFirst":{"line":43,"column":4,"tokenListIndex":144},"startInSecond":{"line":18,"column":10,"tokenListIndex":11},"endInSecond":{"line":24,"column":0,"tokenListIndex":16},"lengthOfFirst":6,"lengthOfSecond":6}],"firstSimilarity":0.27586206896551724,"secondSimilarity":0.26666666666666666}