{"firstSubmissionId":"PELIN_GORER","secondSubmissionId":"CAGATAY_YUREKLI","similarities":{"AVG":0.21902017291066284,"MAX":0.2620689655172414,"MAXIMUM_LENGTH":204.0,"LONGEST_MATCH":13.0},"matches":[{"firstFileName":"PELIN_GORER/StackQuestionsMember.tpp","secondFileName":"CAGATAY_YUREKLI/StackQuestionsMember.tpp","startInFirst":{"line":63,"column":4,"tokenListIndex":79},"endInFirst":{"line":72,"column":0,"tokenListIndex":91},"startInSecond":{"line":99,"column":1,"tokenListIndex":75},"endInSecond":{"line":110,"column":0,"tokenListIndex":87},"lengthOfFirst":13,"lengthOfSecond":13},{"firstFileName":"PELIN_GORER/StackQuestionsMember.tpp","secondFileName":"CAGATAY_YUREKLI/StackQuestionsMember.tpp","startInFirst":{"line":22,"column":4,"tokenListIndex":12},"endInFirst":{"line":25,"column":8,"tokenListIndex":18},"startInSecond":{"line":27,"column":5,"tokenListIndex":17},"endInSecond":{"line":32,"column":9,"tokenListIndex":23},"lengthOfFirst":7,"lengthOfSecond":7},{"firstFileName":"PELIN_GORER/StackQuestionsMember.tpp","secondFileName":"CAGATAY_YUREKLI/StackQuestionsNonMember.tpp","startInFirst":{"line":14,"column":4,"tokenListIndex":2},"endInFirst":{"line":18,"column":4,"tokenListIndex":7},"startInSecond":{"line":78,"column":34,"tokenListIndex":151},"endInSecond":{"line":83,"column":4,"tokenListIndex":156},"lengthOfFirst":6,"lengthOfSecond":6},{"firstFileName":"PELIN_GORER/StackQuestionsMember.tpp","secondFileName":"CAGATAY_YUREKLI/StackQuestionsMember.tpp","startInFirst":{"line":43,"column":4,"tokenListIndex":57},"endInFirst":{"line":51,"column":58,"tokenListIndex":62},"startInSecond":{"line":52,"column":1,"tokenListIndex":37},"endInSecond":{"line":61,"column":58,"tokenListIndex":42},"lengthOfFirst":6,"lengthOfSecond":6},{"firstFileName":"PELIN_GORER/StackQuestionsNonMember.tpp","secondFileName":"CAGATAY_YUREKLI/StackQuestionsNonMember.tpp","startInFirst":{"line":29,"column":8,"tokenListIndex":127},"endInFirst":{"line":32,"column":0,"tokenListIndex":132},"startInSecond":{"line":66,"column":12,"tokenListIndex":144},"endInSecond":{"line":70,"column":0,"tokenListIndex":149},"lengthOfFirst":6,"lengthOfSecond":6}],"firstSimilarity":0.2620689655172414,"secondSimilarity":0.18811881188118812}