{"firstSubmissionId":"PELIN_GORER","secondSubmissionId":"ATAKAN_NAKTURK","similarities":{"AVG":0.2395543175487465,"MAX":0.296551724137931,"MAXIMUM_LENGTH":216.0,"LONGEST_MATCH":13.0},"matches":[{"firstFileName":"PELIN_GORER/StackQuestionsMember.tpp","secondFileName":"ATAKAN_NAKTURK/StackQuestionsMember.tpp","startInFirst":{"line":63,"column":4,"tokenListIndex":79},"endInFirst":{"line":72,"column":0,"tokenListIndex":91},"startInSecond":{"line":94,"column":4,"tokenListIndex":97},"endInSecond":{"line":104,"column":0,"tokenListIndex":109},"lengthOfFirst":13,"lengthOfSecond":13},{"firstFileName":"PELIN_GORER/StackQuestionsNonMember.tpp","secondFileName":"ATAKAN_NAKTURK/StackQuestionsNonMember.tpp","startInFirst":{"line":29,"column":8,"tokenListIndex":127},"endInFirst":{"line":39,"column":4,"tokenListIndex":136},"startInSecond":{"line":51,"column":11,"tokenListIndex":171},"endInSecond":{"line":62,"column":4,"tokenListIndex":180},"lengthOfFirst":10,"lengthOfSecond":10},{"firstFileName":"PELIN_GORER/StackQuestionsNonMember.tpp","secondFileName":"ATAKAN_NAKTURK/StackQuestionsMember.tpp","startInFirst":{"line":17,"column":4,"tokenListIndex":104},"endInFirst":{"line":20,"column":4,"tokenListIndex":111},"startInSecond":{"line":75,"column":8,"tokenListIndex":71},"endInSecond":{"line":79,"column":8,"tokenListIndex":78},"lengthOfFirst":8,"lengthOfSecond":8},{"firstFileName":"PELIN_GORER/StackQuestionsMember.tpp","secondFileName":"ATAKAN_NAKTURK/StackQuestionsNonMember.tpp","startInFirst":{"line":22,"column":4,"tokenListIndex":12},"endInFirst":{"line":24,"column":8,"tokenListIndex":17},"startInSecond":{"line":72,"column":4,"tokenListIndex":189},"endInSecond":{"line":75,"column":8,"tokenListIndex":194},"lengthOfFirst":6,"lengthOfSecond":6},{"firstFileName":"PELIN_GORER/StackQuestionsNonMember.tpp","secondFileName":"ATAKAN_NAKTURK/StackQuestionsMember.tpp","startInFirst":{"line":12,"column":4,"tokenListIndex":96},"endInFirst":{"line":14,"column":7,"tokenListIndex":101},"startInSecond":{"line":60,"column":58,"tokenListIndex":57},"endInSecond":{"line":62,"column":7,"tokenListIndex":62},"lengthOfFirst":6,"lengthOfSecond":6}],"firstSimilarity":0.296551724137931,"secondSimilarity":0.20093457943925233}