{"firstSubmissionId":"PELIN_GORER","secondSubmissionId":"SAFA_GOKALP_UGUR","similarities":{"AVG":0.27184466019417475,"MAX":0.2896551724137931,"MAXIMUM_LENGTH":166.0,"LONGEST_MATCH":10.0},"matches":[{"firstFileName":"PELIN_GORER/StackQuestionsNonMember.tpp","secondFileName":"SAFA_GOKALP_UGUR/StackQuestionsNonMember.tpp","startInFirst":{"line":29,"column":8,"tokenListIndex":127},"endInFirst":{"line":39,"column":4,"tokenListIndex":136},"startInSecond":{"line":58,"column":11,"tokenListIndex":65},"endInSecond":{"line":70,"column":2,"tokenListIndex":74},"lengthOfFirst":10,"lengthOfSecond":10},{"firstFileName":"PELIN_GORER/StackQuestionsNonMember.tpp","secondFileName":"SAFA_GOKALP_UGUR/StackQuestionsNonMember.tpp","startInFirst":{"line":17,"column":4,"tokenListIndex":104},"endInFirst":{"line":21,"column":4,"tokenListIndex":112},"startInSecond":{"line":38,"column":4,"tokenListIndex":35},"endInSecond":{"line":43,"column":4,"tokenListIndex":43},"lengthOfFirst":9,"lengthOfSecond":9},{"firstFileName":"PELIN_GORER/StackQuestionsMember.tpp","secondFileName":"SAFA_GOKALP_UGUR/StackQuestionsMember.tpp","startInFirst":{"line":16,"column":4,"tokenListIndex":4},"endInFirst":{"line":21,"column":4,"tokenListIndex":11},"startInSecond":{"line":17,"column":4,"tokenListIndex":86},"endInSecond":{"line":18,"column":31,"tokenListIndex":93},"lengthOfFirst":8,"lengthOfSecond":8},{"firstFileName":"PELIN_GORER/StackQuestionsMember.tpp","secondFileName":"SAFA_GOKALP_UGUR/StackQuestionsMember.tpp","startInFirst":{"line":64,"column":8,"tokenListIndex":81},"endInFirst":{"line":68,"column":18,"tokenListIndex":88},"startInSecond":{"line":76,"column":12,"tokenListIndex":155},"endInSecond":{"line":80,"column":20,"tokenListIndex":162},"lengthOfFirst":8,"lengthOfSecond":8},{"firstFileName":"PELIN_GORER/StackQuestionsMember.tpp","secondFileName":"SAFA_GOKALP_UGUR/StackQuestionsNonMember.tpp","startInFirst":{"line":23,"column":25,"tokenListIndex":16},"endInFirst":{"line":27,"column":12,"tokenListIndex":22},"startInSecond":{"line":46,"column":11,"tokenListIndex":48},"endInSecond":{"line":49,"column":12,"tokenListIndex":54},"lengthOfFirst":7,"lengthOfSecond":7}],"firstSimilarity":0.2896551724137931,"secondSimilarity":0.25609756097560976}