{"firstSubmissionId":"PELIN_GORER","secondSubmissionId":"YUSUF_KULLUK","similarities":{"AVG":0.19528619528619529,"MAX":0.2,"MAXIMUM_LENGTH":154.0,"LONGEST_MATCH":13.0},"matches":[{"firstFileName":"PELIN_GORER/StackQuestionsMember.tpp","secondFileName":"YUSUF_KULLUK/StackQuestionsMember.tpp","startInFirst":{"line":63,"column":4,"tokenListIndex":79},"endInFirst":{"line":72,"column":0,"tokenListIndex":91},"startInSecond":{"line":62,"column":2,"tokenListIndex":51},"endInSecond":{"line":70,"column":0,"tokenListIndex":63},"lengthOfFirst":13,"lengthOfSecond":13},{"firstFileName":"PELIN_GORER/StackQuestionsNonMember.tpp","secondFileName":"YUSUF_KULLUK/StackQuestionsNonMember.tpp","startInFirst":{"line":29,"column":8,"tokenListIndex":127},"endInFirst":{"line":39,"column":4,"tokenListIndex":136},"startInSecond":{"line":37,"column":11,"tokenListIndex":97},"endInSecond":{"line":54,"column":2,"tokenListIndex":106},"lengthOfFirst":10,"lengthOfSecond":10},{"firstFileName":"PELIN_GORER/StackQuestionsMember.tpp","secondFileName":"YUSUF_KULLUK/StackQuestionsNonMember.tpp","startInFirst":{"line":29,"column":8,"tokenListIndex":25},"endInFirst":{"line":31,"column":15,"tokenListIndex":30},"startInSecond":{"line":67,"column":20,"tokenListIndex":126},"endInSecond":{"line":70,"column":12,"tokenListIndex":131},"lengthOfFirst":6,"lengthOfSecond":6}],"firstSimilarity":0.2,"secondSimilarity":0.19078947368421054}