{"firstSubmissionId":"PELIN_GORER","secondSubmissionId":"ZEYNEP_ECE_BIKEZ","similarities":{"AVG":0.3090909090909091,"MAX":0.35172413793103446,"MAXIMUM_LENGTH":187.0,"LONGEST_MATCH":9.0},"matches":[{"firstFileName":"PELIN_GORER/StackQuestionsMember.tpp","secondFileName":"ZEYNEP_ECE_BIKEZ/StackQuestionsMember.tpp","startInFirst":{"line":14,"column":4,"tokenListIndex":3},"endInFirst":{"line":21,"column":4,"tokenListIndex":11},"startInSecond":{"line":46,"column":4,"tokenListIndex":43},"endInSecond":{"line":53,"column":4,"tokenListIndex":51},"lengthOfFirst":9,"lengthOfSecond":9},{"firstFileName":"PELIN_GORER/StackQuestionsMember.tpp","secondFileName":"ZEYNEP_ECE_BIKEZ/StackQuestionsMember.tpp","startInFirst":{"line":55,"column":4,"tokenListIndex":65},"endInFirst":{"line":58,"column":39,"tokenListIndex":73},"startInSecond":{"line":24,"column":2,"tokenListIndex":18},"endInSecond":{"line":27,"column":38,"tokenListIndex":26},"lengthOfFirst":9,"lengthOfSecond":9},{"firstFileName":"PELIN_GORER/StackQuestionsNonMember.tpp","secondFileName":"ZEYNEP_ECE_BIKEZ/StackQuestionsNonMember.tpp","startInFirst":{"line":23,"column":11,"tokenListIndex":117},"endInFirst":{"line":27,"column":22,"tokenListIndex":124},"startInSecond":{"line":31,"column":20,"tokenListIndex":124},"endInSecond":{"line":35,"column":31,"tokenListIndex":131},"lengthOfFirst":8,"lengthOfSecond":8},{"firstFileName":"PELIN_GORER/StackQuestionsMember.tpp","secondFileName":"ZEYNEP_ECE_BIKEZ/StackQuestionsNonMember.tpp","startInFirst":{"line":23,"column":25,"tokenListIndex":16},"endInFirst":{"line":27,"column":12,"tokenListIndex":22},"startInSecond":{"line":52,"column":19,"tokenListIndex":156},"endInSecond":{"line":55,"column":20,"tokenListIndex":162},"lengthOfFirst":7,"lengthOfSecond":7},{"firstFileName":"PELIN_GORER/StackQuestionsMember.tpp","secondFileName":"ZEYNEP_ECE_BIKEZ/StackQuestionsMember.tpp","startInFirst":{"line":32,"column":19,"tokenListIndex":34},"endInFirst":{"line":33,"column":38,"tokenListIndex":39},"startInSecond":{"line":76,"column":4,"tokenListIndex":82},"endInSecond":{"line":77,"column":38,"tokenListIndex":87},"lengthOfFirst":6,"lengthOfSecond":6},{"firstFileName":"PELIN_GORER/StackQuestionsMember.tpp","secondFileName":"ZEYNEP_ECE_BIKEZ/StackQuestionsMember.tpp","startInFirst":{"line":63,"column":4,"tokenListIndex":79},"endInFirst":{"line":66,"column":4,"tokenListIndex":84},"startInSecond":{"line":19,"column":2,"tokenListIndex":12},"endInSecond":{"line":22,"column":2,"tokenListIndex":17},"lengthOfFirst":6,"lengthOfSecond":6},{"firstFileName":"PELIN_GORER/StackQuestionsMember.tpp","secondFileName":"ZEYNEP_ECE_BIKEZ/StackQuestionsMember.tpp","startInFirst":{"line":67,"column":4,"tokenListIndex":85},"endInFirst":{"line":70,"column":4,"tokenListIndex":90},"startInSecond":{"line":55,"column":4,"tokenListIndex":54},"endInSecond":{"line":58,"column":4,"tokenListIndex":59},"lengthOfFirst":6,"lengthOfSecond":6}],"firstSimilarity":0.35172413793103446,"secondSimilarity":0.2756756756756757}