{"firstSubmissionId":"PELIN_GORER","secondSubmissionId":"AGAH_DEMIR_GOK","similarities":{"AVG":0.14328358208955225,"MAX":0.16551724137931034,"MAXIMUM_LENGTH":192.0,"LONGEST_MATCH":6.0},"matches":[{"firstFileName":"PELIN_GORER/StackQuestionsMember.tpp","secondFileName":"AGAH_DEMIR_GOK/StackQuestionsMember.tpp","startInFirst":{"line":32,"column":7,"tokenListIndex":33},"endInFirst":{"line":33,"column":26,"tokenListIndex":38},"startInSecond":{"line":65,"column":52,"tokenListIndex":77},"endInSecond":{"line":68,"column":17,"tokenListIndex":82},"lengthOfFirst":6,"lengthOfSecond":6},{"firstFileName":"PELIN_GORER/StackQuestionsMember.tpp","secondFileName":"AGAH_DEMIR_GOK/StackQuestionsMember.tpp","startInFirst":{"line":63,"column":4,"tokenListIndex":79},"endInFirst":{"line":66,"column":4,"tokenListIndex":84},"startInSecond":{"line":18,"column":2,"tokenListIndex":10},"endInSecond":{"line":21,"column":2,"tokenListIndex":15},"lengthOfFirst":6,"lengthOfSecond":6},{"firstFileName":"PELIN_GORER/StackQuestionsMember.tpp","secondFileName":"AGAH_DEMIR_GOK/StackQuestionsMember.tpp","startInFirst":{"line":67,"column":4,"tokenListIndex":85},"endInFirst":{"line":70,"column":4,"tokenListIndex":90},"startInSecond":{"line":60,"column":2,"tokenListIndex":67},"endInSecond":{"line":63,"column":2,"tokenListIndex":72},"lengthOfFirst":6,"lengthOfSecond":6},{"firstFileName":"PELIN_GORER/StackQuestionsNonMember.tpp","secondFileName":"AGAH_DEMIR_GOK/StackQuestionsNonMember.tpp","startInFirst":{"line":32,"column":0,"tokenListIndex":132},"endInFirst":{"line":40,"column":4,"tokenListIndex":137},"startInSecond":{"line":43,"column":0,"tokenListIndex":136},"endInSecond":{"line":50,"column":2,"tokenListIndex":141},"lengthOfFirst":6,"lengthOfSecond":6}],"firstSimilarity":0.16551724137931034,"secondSimilarity":0.12631578947368421}