{"firstSubmissionId":"PELIN_GORER","secondSubmissionId":"UMUT_ERTUGRUL_DASGIN","similarities":{"AVG":0.1111111111111111,"MAX":0.11724137931034483,"MAXIMUM_LENGTH":163.0,"LONGEST_MATCH":10.0},"matches":[{"firstFileName":"PELIN_GORER/StackQuestionsMember.tpp","secondFileName":"UMUT_ERTUGRUL_DASGIN/StackQuestionsNonMember.tpp","startInFirst":{"line":64,"column":8,"tokenListIndex":81},"endInFirst":{"line":70,"column":4,"tokenListIndex":90},"startInSecond":{"line":26,"column":8,"tokenListIndex":98},"endInSecond":{"line":33,"column":4,"tokenListIndex":107},"lengthOfFirst":10,"lengthOfSecond":10},{"firstFileName":"PELIN_GORER/StackQuestionsMember.tpp","secondFileName":"UMUT_ERTUGRUL_DASGIN/StackQuestionsNonMember.tpp","startInFirst":{"line":23,"column":25,"tokenListIndex":16},"endInFirst":{"line":27,"column":12,"tokenListIndex":22},"startInSecond":{"line":35,"column":12,"tokenListIndex":109},"endInSecond":{"line":38,"column":12,"tokenListIndex":115},"lengthOfFirst":7,"lengthOfSecond":7}],"firstSimilarity":0.11724137931034483,"secondSimilarity":0.10559006211180125}