{"firstSubmissionId":"SAFA_GOKALP_UGUR","secondSubmissionId":"CAGATAY_YUREKLI","similarities":{"AVG":0.2459016393442623,"MAX":0.27439024390243905,"MAXIMUM_LENGTH":204.0,"LONGEST_MATCH":14.0},"matches":[{"firstFileName":"SAFA_GOKALP_UGUR/StackQuestionsNonMember.tpp","secondFileName":"CAGATAY_YUREKLI/StackQuestionsNonMember.tpp","startInFirst":{"line":46,"column":32,"tokenListIndex":49},"endInFirst":{"line":55,"column":4,"tokenListIndex":62},"startInSecond":{"line":39,"column":8,"tokenListIndex":117},"endInSecond":{"line":52,"column":1,"tokenListIndex":130},"lengthOfFirst":14,"lengthOfSecond":14},{"firstFileName":"SAFA_GOKALP_UGUR/StackQuestionsNonMember.tpp","secondFileName":"CAGATAY_YUREKLI/StackQuestionsNonMember.tpp","startInFirst":{"line":18,"column":1,"tokenListIndex":14},"endInFirst":{"line":30,"column":5,"tokenListIndex":22},"startInSecond":{"line":92,"column":4,"tokenListIndex":164},"endInSecond":{"line":98,"column":8,"tokenListIndex":172},"lengthOfFirst":9,"lengthOfSecond":9},{"firstFileName":"SAFA_GOKALP_UGUR/StackQuestionsMember.tpp","secondFileName":"CAGATAY_YUREKLI/StackQuestionsMember.tpp","startInFirst":{"line":76,"column":12,"tokenListIndex":155},"endInFirst":{"line":80,"column":20,"tokenListIndex":162},"startInSecond":{"line":101,"column":2,"tokenListIndex":77},"endInSecond":{"line":107,"column":13,"tokenListIndex":84},"lengthOfFirst":8,"lengthOfSecond":8},{"firstFileName":"SAFA_GOKALP_UGUR/StackQuestionsNonMember.tpp","secondFileName":"CAGATAY_YUREKLI/StackQuestionsNonMember.tpp","startInFirst":{"line":58,"column":4,"tokenListIndex":64},"endInFirst":{"line":63,"column":0,"tokenListIndex":70},"startInSecond":{"line":66,"column":4,"tokenListIndex":143},"endInSecond":{"line":70,"column":0,"tokenListIndex":149},"lengthOfFirst":7,"lengthOfSecond":7},{"firstFileName":"SAFA_GOKALP_UGUR/StackQuestionsNonMember.tpp","secondFileName":"CAGATAY_YUREKLI/StackQuestionsNonMember.tpp","startInFirst":{"line":70,"column":2,"tokenListIndex":74},"endInFirst":{"line":74,"column":4,"tokenListIndex":80},"startInSecond":{"line":85,"column":4,"tokenListIndex":157},"endInSecond":{"line":89,"column":4,"tokenListIndex":163},"lengthOfFirst":7,"lengthOfSecond":7}],"firstSimilarity":0.27439024390243905,"secondSimilarity":0.22277227722772278}