{"firstSubmissionId":"SAFA_GOKALP_UGUR","secondSubmissionId":"ZEYNEP_ECE_BIKEZ","similarities":{"AVG":0.3553008595988539,"MAX":0.3780487804878049,"MAXIMUM_LENGTH":187.0,"LONGEST_MATCH":10.0},"matches":[{"firstFileName":"SAFA_GOKALP_UGUR/StackQuestionsMember.tpp","secondFileName":"ZEYNEP_ECE_BIKEZ/StackQuestionsMember.tpp","startInFirst":{"line":17,"column":4,"tokenListIndex":86},"endInFirst":{"line":20,"column":11,"tokenListIndex":95},"startInSecond":{"line":48,"column":4,"tokenListIndex":44},"endInSecond":{"line":54,"column":22,"tokenListIndex":53},"lengthOfFirst":10,"lengthOfSecond":10},{"firstFileName":"SAFA_GOKALP_UGUR/StackQuestionsNonMember.tpp","secondFileName":"ZEYNEP_ECE_BIKEZ/StackQuestionsNonMember.tpp","startInFirst":{"line":46,"column":4,"tokenListIndex":47},"endInFirst":{"line":49,"column":12,"tokenListIndex":54},"startInSecond":{"line":29,"column":12,"tokenListIndex":119},"endInSecond":{"line":32,"column":20,"tokenListIndex":126},"lengthOfFirst":8,"lengthOfSecond":8},{"firstFileName":"SAFA_GOKALP_UGUR/StackQuestionsMember.tpp","secondFileName":"ZEYNEP_ECE_BIKEZ/StackQuestionsMember.tpp","startInFirst":{"line":41,"column":4,"tokenListIndex":116},"endInFirst":{"line":50,"column":4,"tokenListIndex":123},"startInSecond":{"line":38,"column":2,"tokenListIndex":36},"endInSecond":{"line":47,"column":8,"tokenListIndex":43},"lengthOfFirst":8,"lengthOfSecond":8},{"firstFileName":"SAFA_GOKALP_UGUR/StackQuestionsNonMember.tpp","secondFileName":"ZEYNEP_ECE_BIKEZ/StackQuestionsMember.tpp","startInFirst":{"line":24,"column":4,"tokenListIndex":15},"endInFirst":{"line":27,"column":4,"tokenListIndex":20},"startInSecond":{"line":19,"column":2,"tokenListIndex":12},"endInSecond":{"line":22,"column":2,"tokenListIndex":17},"lengthOfFirst":6,"lengthOfSecond":6},{"firstFileName":"SAFA_GOKALP_UGUR/StackQuestionsNonMember.tpp","secondFileName":"ZEYNEP_ECE_BIKEZ/StackQuestionsMember.tpp","startInFirst":{"line":30,"column":1,"tokenListIndex":21},"endInFirst":{"line":32,"column":8,"tokenListIndex":26},"startInSecond":{"line":12,"column":2,"tokenListIndex":1},"endInSecond":{"line":14,"column":20,"tokenListIndex":6},"lengthOfFirst":6,"lengthOfSecond":6},{"firstFileName":"SAFA_GOKALP_UGUR/StackQuestionsNonMember.tpp","secondFileName":"ZEYNEP_ECE_BIKEZ/StackQuestionsNonMember.tpp","startInFirst":{"line":51,"column":8,"tokenListIndex":56},"endInFirst":{"line":54,"column":8,"tokenListIndex":61},"startInSecond":{"line":34,"column":21,"tokenListIndex":128},"endInSecond":{"line":37,"column":16,"tokenListIndex":133},"lengthOfFirst":6,"lengthOfSecond":6},{"firstFileName":"SAFA_GOKALP_UGUR/StackQuestionsNonMember.tpp","secondFileName":"ZEYNEP_ECE_BIKEZ/StackQuestionsMember.tpp","startInFirst":{"line":58,"column":4,"tokenListIndex":64},"endInFirst":{"line":63,"column":0,"tokenListIndex":69},"startInSecond":{"line":55,"column":4,"tokenListIndex":54},"endInSecond":{"line":58,"column":4,"tokenListIndex":59},"lengthOfFirst":6,"lengthOfSecond":6},{"firstFileName":"SAFA_GOKALP_UGUR/StackQuestionsNonMember.tpp","secondFileName":"ZEYNEP_ECE_BIKEZ/StackQuestionsNonMember.tpp","startInFirst":{"line":71,"column":4,"tokenListIndex":75},"endInFirst":{"line":74,"column":4,"tokenListIndex":80},"startInSecond":{"line":62,"column":16,"tokenListIndex":172},"endInSecond":{"line":65,"column":16,"tokenListIndex":177},"lengthOfFirst":6,"lengthOfSecond":6},{"firstFileName":"SAFA_GOKALP_UGUR/StackQuestionsMember.tpp","secondFileName":"ZEYNEP_ECE_BIKEZ/StackQuestionsNonMember.tpp","startInFirst":{"line":23,"column":11,"tokenListIndex":99},"endInFirst":{"line":25,"column":10,"tokenListIndex":104},"startInSecond":{"line":18,"column":11,"tokenListIndex":102},"endInSecond":{"line":20,"column":16,"tokenListIndex":107},"lengthOfFirst":6,"lengthOfSecond":6}],"firstSimilarity":0.3780487804878049,"secondSimilarity":0.33513513513513515}