{"firstSubmissionId":"SAFA_GOKALP_UGUR","secondSubmissionId":"AGAH_DEMIR_GOK","similarities":{"AVG":0.3107344632768362,"MAX":0.3353658536585366,"MAXIMUM_LENGTH":192.0,"LONGEST_MATCH":12.0},"matches":[{"firstFileName":"SAFA_GOKALP_UGUR/StackQuestionsNonMember.tpp","secondFileName":"AGAH_DEMIR_GOK/StackQuestionsMember.tpp","startInFirst":{"line":24,"column":4,"tokenListIndex":15},"endInFirst":{"line":32,"column":8,"tokenListIndex":26},"startInSecond":{"line":18,"column":2,"tokenListIndex":10},"endInSecond":{"line":25,"column":10,"tokenListIndex":21},"lengthOfFirst":12,"lengthOfSecond":12},{"firstFileName":"SAFA_GOKALP_UGUR/StackQuestionsNonMember.tpp","secondFileName":"AGAH_DEMIR_GOK/StackQuestionsMember.tpp","startInFirst":{"line":12,"column":0,"tokenListIndex":0},"endInFirst":{"line":23,"column":10,"tokenListIndex":10},"startInSecond":{"line":43,"column":0,"tokenListIndex":43},"endInSecond":{"line":49,"column":6,"tokenListIndex":53},"lengthOfFirst":11,"lengthOfSecond":11},{"firstFileName":"SAFA_GOKALP_UGUR/StackQuestionsNonMember.tpp","secondFileName":"AGAH_DEMIR_GOK/StackQuestionsMember.tpp","startInFirst":{"line":57,"column":4,"tokenListIndex":63},"endInFirst":{"line":63,"column":0,"tokenListIndex":69},"startInSecond":{"line":59,"column":2,"tokenListIndex":66},"endInSecond":{"line":63,"column":2,"tokenListIndex":72},"lengthOfFirst":7,"lengthOfSecond":7},{"firstFileName":"SAFA_GOKALP_UGUR/StackQuestionsMember.tpp","secondFileName":"AGAH_DEMIR_GOK/StackQuestionsNonMember.tpp","startInFirst":{"line":23,"column":11,"tokenListIndex":99},"endInFirst":{"line":25,"column":14,"tokenListIndex":105},"startInSecond":{"line":60,"column":36,"tokenListIndex":158},"endInSecond":{"line":63,"column":21,"tokenListIndex":164},"lengthOfFirst":7,"lengthOfSecond":7},{"firstFileName":"SAFA_GOKALP_UGUR/StackQuestionsNonMember.tpp","secondFileName":"AGAH_DEMIR_GOK/StackQuestionsNonMember.tpp","startInFirst":{"line":43,"column":13,"tokenListIndex":44},"endInFirst":{"line":46,"column":32,"tokenListIndex":49},"startInSecond":{"line":68,"column":23,"tokenListIndex":174},"endInSecond":{"line":70,"column":28,"tokenListIndex":179},"lengthOfFirst":6,"lengthOfSecond":6},{"firstFileName":"SAFA_GOKALP_UGUR/StackQuestionsNonMember.tpp","secondFileName":"AGAH_DEMIR_GOK/StackQuestionsNonMember.tpp","startInFirst":{"line":71,"column":4,"tokenListIndex":75},"endInFirst":{"line":74,"column":4,"tokenListIndex":80},"startInSecond":{"line":20,"column":2,"tokenListIndex":102},"endInSecond":{"line":23,"column":2,"tokenListIndex":107},"lengthOfFirst":6,"lengthOfSecond":6},{"firstFileName":"SAFA_GOKALP_UGUR/StackQuestionsMember.tpp","secondFileName":"AGAH_DEMIR_GOK/StackQuestionsNonMember.tpp","startInFirst":{"line":50,"column":4,"tokenListIndex":123},"endInFirst":{"line":54,"column":4,"tokenListIndex":128},"startInSecond":{"line":12,"column":8,"tokenListIndex":92},"endInSecond":{"line":15,"column":2,"tokenListIndex":97},"lengthOfFirst":6,"lengthOfSecond":6}],"firstSimilarity":0.3353658536585366,"secondSimilarity":0.2894736842105263}