{"firstSubmissionId":"SAFA_GOKALP_UGUR","secondSubmissionId":"ATAKAN_NAKTURK","similarities":{"AVG":0.4497354497354497,"MAX":0.5182926829268293,"MAXIMUM_LENGTH":216.0,"LONGEST_MATCH":16.0},"matches":[{"firstFileName":"SAFA_GOKALP_UGUR/StackQuestionsNonMember.tpp","secondFileName":"ATAKAN_NAKTURK/StackQuestionsNonMember.tpp","startInFirst":{"line":34,"column":1,"tokenListIndex":27},"endInFirst":{"line":41,"column":4,"tokenListIndex":42},"startInSecond":{"line":24,"column":4,"tokenListIndex":132},"endInSecond":{"line":33,"column":4,"tokenListIndex":147},"lengthOfFirst":16,"lengthOfSecond":16},{"firstFileName":"SAFA_GOKALP_UGUR/StackQuestionsNonMember.tpp","secondFileName":"ATAKAN_NAKTURK/StackQuestionsNonMember.tpp","startInFirst":{"line":12,"column":0,"tokenListIndex":0},"endInFirst":{"line":23,"column":10,"tokenListIndex":10},"startInSecond":{"line":11,"column":0,"tokenListIndex":111},"endInSecond":{"line":16,"column":8,"tokenListIndex":121},"lengthOfFirst":11,"lengthOfSecond":11},{"firstFileName":"SAFA_GOKALP_UGUR/StackQuestionsNonMember.tpp","secondFileName":"ATAKAN_NAKTURK/StackQuestionsNonMember.tpp","startInFirst":{"line":58,"column":4,"tokenListIndex":64},"endInFirst":{"line":70,"column":2,"tokenListIndex":74},"startInSecond":{"line":51,"column":4,"tokenListIndex":170},"endInSecond":{"line":62,"column":4,"tokenListIndex":180},"lengthOfFirst":11,"lengthOfSecond":11},{"firstFileName":"SAFA_GOKALP_UGUR/StackQuestionsNonMember.tpp","secondFileName":"ATAKAN_NAKTURK/StackQuestionsNonMember.tpp","startInFirst":{"line":18,"column":1,"tokenListIndex":13},"endInFirst":{"line":27,"column":4,"tokenListIndex":20},"startInSecond":{"line":63,"column":4,"tokenListIndex":181},"endInSecond":{"line":70,"column":4,"tokenListIndex":188},"lengthOfFirst":8,"lengthOfSecond":8},{"firstFileName":"SAFA_GOKALP_UGUR/StackQuestionsMember.tpp","secondFileName":"ATAKAN_NAKTURK/StackQuestionsMember.tpp","startInFirst":{"line":76,"column":12,"tokenListIndex":155},"endInFirst":{"line":80,"column":20,"tokenListIndex":162},"startInSecond":{"line":91,"column":8,"tokenListIndex":93},"endInSecond":{"line":96,"column":19,"tokenListIndex":100},"lengthOfFirst":8,"lengthOfSecond":8},{"firstFileName":"SAFA_GOKALP_UGUR/StackQuestionsNonMember.tpp","secondFileName":"ATAKAN_NAKTURK/StackQuestionsMember.tpp","startInFirst":{"line":71,"column":4,"tokenListIndex":75},"endInFirst":{"line":75,"column":0,"tokenListIndex":81},"startInSecond":{"line":99,"column":4,"tokenListIndex":103},"endInSecond":{"line":104,"column":0,"tokenListIndex":109},"lengthOfFirst":7,"lengthOfSecond":7},{"firstFileName":"SAFA_GOKALP_UGUR/StackQuestionsNonMember.tpp","secondFileName":"ATAKAN_NAKTURK/StackQuestionsMember.tpp","startInFirst":{"line":30,"column":1,"tokenListIndex":21},"endInFirst":{"line":32,"column":8,"tokenListIndex":26},"startInSecond":{"line":16,"column":2,"tokenListIndex":10},"endInSecond":{"line":18,"column":7,"tokenListIndex":15},"lengthOfFirst":6,"lengthOfSecond":6},{"firstFileName":"SAFA_GOKALP_UGUR/StackQuestionsMember.tpp","secondFileName":"ATAKAN_NAKTURK/StackQuestionsMember.tpp","startInFirst":{"line":24,"column":10,"tokenListIndex":101},"endInFirst":{"line":27,"column":8,"tokenListIndex":106},"startInSecond":{"line":21,"column":35,"tokenListIndex":22},"endInSecond":{"line":25,"column":4,"tokenListIndex":27},"lengthOfFirst":6,"lengthOfSecond":6},{"firstFileName":"SAFA_GOKALP_UGUR/StackQuestionsMember.tpp","secondFileName":"ATAKAN_NAKTURK/StackQuestionsMember.tpp","startInFirst":{"line":42,"column":0,"tokenListIndex":117},"endInFirst":{"line":49,"column":13,"tokenListIndex":122},"startInSecond":{"line":55,"column":0,"tokenListIndex":54},"endInSecond":{"line":61,"column":11,"tokenListIndex":59},"lengthOfFirst":6,"lengthOfSecond":6},{"firstFileName":"SAFA_GOKALP_UGUR/StackQuestionsMember.tpp","secondFileName":"ATAKAN_NAKTURK/StackQuestionsMember.tpp","startInFirst":{"line":62,"column":4,"tokenListIndex":135},"endInFirst":{"line":63,"column":19,"tokenListIndex":140},"startInSecond":{"line":75,"column":8,"tokenListIndex":71},"endInSecond":{"line":77,"column":27,"tokenListIndex":76},"lengthOfFirst":6,"lengthOfSecond":6}],"firstSimilarity":0.5182926829268293,"secondSimilarity":0.397196261682243}