{"firstSubmissionId":"TARIK_SERTVURAN","secondSubmissionId":"ATAKAN_NAKTURK","similarities":{"AVG":0.07017543859649122,"MAX":0.09375,"MAXIMUM_LENGTH":216.0,"LONGEST_MATCH":6.0},"matches":[{"firstFileName":"TARIK_SERTVURAN/StackQuestionsMember.tpp","secondFileName":"ATAKAN_NAKTURK/StackQuestionsNonMember.tpp","startInFirst":{"line":21,"column":2,"tokenListIndex":8},"endInFirst":{"line":23,"column":4,"tokenListIndex":13},"startInSecond":{"line":72,"column":4,"tokenListIndex":189},"endInSecond":{"line":75,"column":8,"tokenListIndex":194},"lengthOfFirst":6,"lengthOfSecond":6},{"firstFileName":"TARIK_SERTVURAN/StackQuestionsNonMember.tpp","secondFileName":"ATAKAN_NAKTURK/StackQuestionsNonMember.tpp","startInFirst":{"line":42,"column":8,"tokenListIndex":108},"endInFirst":{"line":46,"column":29,"tokenListIndex":113},"startInSecond":{"line":85,"column":8,"tokenListIndex":207},"endInSecond":{"line":88,"column":33,"tokenListIndex":212},"lengthOfFirst":6,"lengthOfSecond":6}],"firstSimilarity":0.09375,"secondSimilarity":0.056074766355140186}