{"firstSubmissionId":"TARIK_SERTVURAN","secondSubmissionId":"CAGATAY_YUREKLI","similarities":{"AVG":0.20606060606060606,"MAX":0.265625,"MAXIMUM_LENGTH":204.0,"LONGEST_MATCH":9.0},"matches":[{"firstFileName":"TARIK_SERTVURAN/StackQuestionsMember.tpp","secondFileName":"CAGATAY_YUREKLI/StackQuestionsMember.tpp","startInFirst":{"line":51,"column":0,"tokenListIndex":43},"endInFirst":{"line":62,"column":4,"tokenListIndex":51},"startInSecond":{"line":53,"column":0,"tokenListIndex":39},"endInSecond":{"line":68,"column":1,"tokenListIndex":47},"lengthOfFirst":9,"lengthOfSecond":9},{"firstFileName":"TARIK_SERTVURAN/StackQuestionsMember.tpp","secondFileName":"CAGATAY_YUREKLI/StackQuestionsNonMember.tpp","startInFirst":{"line":66,"column":14,"tokenListIndex":58},"endInFirst":{"line":71,"column":10,"tokenListIndex":64},"startInSecond":{"line":94,"column":8,"tokenListIndex":167},"endInSecond":{"line":98,"column":12,"tokenListIndex":173},"lengthOfFirst":7,"lengthOfSecond":7},{"firstFileName":"TARIK_SERTVURAN/StackQuestionsMember.tpp","secondFileName":"CAGATAY_YUREKLI/StackQuestionsMember.tpp","startInFirst":{"line":21,"column":2,"tokenListIndex":8},"endInFirst":{"line":23,"column":4,"tokenListIndex":13},"startInSecond":{"line":27,"column":5,"tokenListIndex":17},"endInSecond":{"line":29,"column":9,"tokenListIndex":22},"lengthOfFirst":6,"lengthOfSecond":6},{"firstFileName":"TARIK_SERTVURAN/StackQuestionsMember.tpp","secondFileName":"CAGATAY_YUREKLI/StackQuestionsNonMember.tpp","startInFirst":{"line":87,"column":2,"tokenListIndex":74},"endInFirst":{"line":88,"column":8,"tokenListIndex":79},"startInSecond":{"line":107,"column":4,"tokenListIndex":181},"endInSecond":{"line":108,"column":10,"tokenListIndex":186},"lengthOfFirst":6,"lengthOfSecond":6},{"firstFileName":"TARIK_SERTVURAN/StackQuestionsMember.tpp","secondFileName":"CAGATAY_YUREKLI/StackQuestionsNonMember.tpp","startInFirst":{"line":96,"column":4,"tokenListIndex":86},"endInFirst":{"line":98,"column":4,"tokenListIndex":91},"startInSecond":{"line":101,"column":4,"tokenListIndex":174},"endInSecond":{"line":103,"column":4,"tokenListIndex":179},"lengthOfFirst":6,"lengthOfSecond":6}],"firstSimilarity":0.265625,"secondSimilarity":0.16831683168316833}