{"firstSubmissionId":"TARIK_SERTVURAN","secondSubmissionId":"AGAH_DEMIR_GOK","similarities":{"AVG":0.32075471698113206,"MAX":0.3984375,"MAXIMUM_LENGTH":192.0,"LONGEST_MATCH":14.0},"matches":[{"firstFileName":"TARIK_SERTVURAN/StackQuestionsMember.tpp","secondFileName":"AGAH_DEMIR_GOK/StackQuestionsMember.tpp","startInFirst":{"line":34,"column":2,"tokenListIndex":24},"endInFirst":{"line":43,"column":4,"tokenListIndex":37},"startInSecond":{"line":26,"column":2,"tokenListIndex":24},"endInSecond":{"line":33,"column":4,"tokenListIndex":37},"lengthOfFirst":14,"lengthOfSecond":14},{"firstFileName":"TARIK_SERTVURAN/StackQuestionsNonMember.tpp","secondFileName":"AGAH_DEMIR_GOK/StackQuestionsNonMember.tpp","startInFirst":{"line":40,"column":18,"tokenListIndex":106},"endInFirst":{"line":48,"column":8,"tokenListIndex":115},"startInSecond":{"line":21,"column":4,"tokenListIndex":104},"endInSecond":{"line":27,"column":15,"tokenListIndex":113},"lengthOfFirst":10,"lengthOfSecond":10},{"firstFileName":"TARIK_SERTVURAN/StackQuestionsMember.tpp","secondFileName":"AGAH_DEMIR_GOK/StackQuestionsNonMember.tpp","startInFirst":{"line":84,"column":2,"tokenListIndex":72},"endInFirst":{"line":88,"column":8,"tokenListIndex":79},"startInSecond":{"line":65,"column":2,"tokenListIndex":169},"endInSecond":{"line":69,"column":12,"tokenListIndex":176},"lengthOfFirst":8,"lengthOfSecond":8},{"firstFileName":"TARIK_SERTVURAN/StackQuestionsMember.tpp","secondFileName":"AGAH_DEMIR_GOK/StackQuestionsNonMember.tpp","startInFirst":{"line":22,"column":14,"tokenListIndex":12},"endInFirst":{"line":28,"column":4,"tokenListIndex":18},"startInSecond":{"line":52,"column":4,"tokenListIndex":145},"endInSecond":{"line":57,"column":4,"tokenListIndex":151},"lengthOfFirst":7,"lengthOfSecond":7},{"firstFileName":"TARIK_SERTVURAN/StackQuestionsMember.tpp","secondFileName":"AGAH_DEMIR_GOK/StackQuestionsMember.tpp","startInFirst":{"line":48,"column":2,"tokenListIndex":41},"endInFirst":{"line":56,"column":58,"tokenListIndex":46},"startInSecond":{"line":35,"column":2,"tokenListIndex":40},"endInSecond":{"line":43,"column":58,"tokenListIndex":45},"lengthOfFirst":6,"lengthOfSecond":6},{"firstFileName":"TARIK_SERTVURAN/StackQuestionsMember.tpp","secondFileName":"AGAH_DEMIR_GOK/StackQuestionsMember.tpp","startInFirst":{"line":66,"column":14,"tokenListIndex":58},"endInFirst":{"line":71,"column":6,"tokenListIndex":63},"startInSecond":{"line":19,"column":4,"tokenListIndex":12},"endInSecond":{"line":23,"column":9,"tokenListIndex":17},"lengthOfFirst":6,"lengthOfSecond":6}],"firstSimilarity":0.3984375,"secondSimilarity":0.26842105263157895}