{"firstSubmissionId":"TARIK_SERTVURAN","secondSubmissionId":"ELIF_KAYAR","similarities":{"AVG":0.1660377358490566,"MAX":0.171875,"MAXIMUM_LENGTH":139.0,"LONGEST_MATCH":8.0},"matches":[{"firstFileName":"TARIK_SERTVURAN/StackQuestionsMember.tpp","secondFileName":"ELIF_KAYAR/StackQuestionsMember.tpp","startInFirst":{"line":27,"column":2,"tokenListIndex":16},"endInFirst":{"line":32,"column":6,"tokenListIndex":23},"startInSecond":{"line":14,"column":1,"tokenListIndex":6},"endInSecond":{"line":17,"column":5,"tokenListIndex":13},"lengthOfFirst":8,"lengthOfSecond":8},{"firstFileName":"TARIK_SERTVURAN/StackQuestionsMember.tpp","secondFileName":"ELIF_KAYAR/StackQuestionsMember.tpp","startInFirst":{"line":56,"column":58,"tokenListIndex":46},"endInFirst":{"line":62,"column":13,"tokenListIndex":52},"startInSecond":{"line":40,"column":3,"tokenListIndex":37},"endInSecond":{"line":42,"column":7,"tokenListIndex":43},"lengthOfFirst":7,"lengthOfSecond":7},{"firstFileName":"TARIK_SERTVURAN/StackQuestionsNonMember.tpp","secondFileName":"ELIF_KAYAR/StackQuestionsNonMember.tpp","startInFirst":{"line":52,"column":25,"tokenListIndex":122},"endInFirst":{"line":56,"column":16,"tokenListIndex":128},"startInSecond":{"line":47,"column":6,"tokenListIndex":124},"endInSecond":{"line":49,"column":20,"tokenListIndex":130},"lengthOfFirst":7,"lengthOfSecond":7}],"firstSimilarity":0.171875,"secondSimilarity":0.16058394160583941}