{"firstSubmissionId":"TARIK_SERTVURAN","secondSubmissionId":"UMUT_ERTUGRUL_DASGIN","similarities":{"AVG":0.2906574394463668,"MAX":0.328125,"MAXIMUM_LENGTH":163.0,"LONGEST_MATCH":13.0},"matches":[{"firstFileName":"TARIK_SERTVURAN/StackQuestionsNonMember.tpp","secondFileName":"UMUT_ERTUGRUL_DASGIN/StackQuestionsNonMember.tpp","startInFirst":{"line":40,"column":18,"tokenListIndex":106},"endInFirst":{"line":50,"column":19,"tokenListIndex":118},"startInSecond":{"line":55,"column":8,"tokenListIndex":130},"endInSecond":{"line":62,"column":19,"tokenListIndex":142},"lengthOfFirst":13,"lengthOfSecond":13},{"firstFileName":"TARIK_SERTVURAN/StackQuestionsMember.tpp","secondFileName":"UMUT_ERTUGRUL_DASGIN/StackQuestionsMember.tpp","startInFirst":{"line":27,"column":2,"tokenListIndex":16},"endInFirst":{"line":32,"column":6,"tokenListIndex":23},"startInSecond":{"line":13,"column":4,"tokenListIndex":3},"endInSecond":{"line":16,"column":8,"tokenListIndex":10},"lengthOfFirst":8,"lengthOfSecond":8},{"firstFileName":"TARIK_SERTVURAN/StackQuestionsMember.tpp","secondFileName":"UMUT_ERTUGRUL_DASGIN/StackQuestionsMember.tpp","startInFirst":{"line":74,"column":2,"tokenListIndex":65},"endInFirst":{"line":84,"column":2,"tokenListIndex":72},"startInSecond":{"line":47,"column":4,"tokenListIndex":46},"endInSecond":{"line":51,"column":4,"tokenListIndex":53},"lengthOfFirst":8,"lengthOfSecond":8},{"firstFileName":"TARIK_SERTVURAN/StackQuestionsMember.tpp","secondFileName":"UMUT_ERTUGRUL_DASGIN/StackQuestionsMember.tpp","startInFirst":{"line":96,"column":4,"tokenListIndex":86},"endInFirst":{"line":101,"column":0,"tokenListIndex":92},"startInSecond":{"line":64,"column":4,"tokenListIndex":72},"endInSecond":{"line":67,"column":0,"tokenListIndex":78},"lengthOfFirst":7,"lengthOfSecond":7},{"firstFileName":"TARIK_SERTVURAN/StackQuestionsMember.tpp","secondFileName":"UMUT_ERTUGRUL_DASGIN/StackQuestionsMember.tpp","startInFirst":{"line":87,"column":2,"tokenListIndex":74},"endInFirst":{"line":88,"column":8,"tokenListIndex":79},"startInSecond":{"line":58,"column":4,"tokenListIndex":62},"endInSecond":{"line":59,"column":12,"tokenListIndex":67},"lengthOfFirst":6,"lengthOfSecond":6}],"firstSimilarity":0.328125,"secondSimilarity":0.2608695652173913}