{"firstSubmissionId":"TARIK_SERTVURAN","secondSubmissionId":"SAFA_GOKALP_UGUR","similarities":{"AVG":0.1506849315068493,"MAX":0.171875,"MAXIMUM_LENGTH":166.0,"LONGEST_MATCH":8.0},"matches":[{"firstFileName":"TARIK_SERTVURAN/StackQuestionsMember.tpp","secondFileName":"SAFA_GOKALP_UGUR/StackQuestionsMember.tpp","startInFirst":{"line":27,"column":2,"tokenListIndex":16},"endInFirst":{"line":32,"column":6,"tokenListIndex":23},"startInSecond":{"line":18,"column":4,"tokenListIndex":90},"endInSecond":{"line":21,"column":11,"tokenListIndex":97},"lengthOfFirst":8,"lengthOfSecond":8},{"firstFileName":"TARIK_SERTVURAN/StackQuestionsMember.tpp","secondFileName":"SAFA_GOKALP_UGUR/StackQuestionsMember.tpp","startInFirst":{"line":38,"column":4,"tokenListIndex":33},"endInFirst":{"line":47,"column":4,"tokenListIndex":40},"startInSecond":{"line":27,"column":8,"tokenListIndex":106},"endInSecond":{"line":36,"column":23,"tokenListIndex":113},"lengthOfFirst":8,"lengthOfSecond":8},{"firstFileName":"TARIK_SERTVURAN/StackQuestionsMember.tpp","secondFileName":"SAFA_GOKALP_UGUR/StackQuestionsNonMember.tpp","startInFirst":{"line":66,"column":14,"tokenListIndex":58},"endInFirst":{"line":71,"column":6,"tokenListIndex":63},"startInSecond":{"line":25,"column":8,"tokenListIndex":17},"endInSecond":{"line":30,"column":5,"tokenListIndex":22},"lengthOfFirst":6,"lengthOfSecond":6}],"firstSimilarity":0.171875,"secondSimilarity":0.13414634146341464}