{"firstSubmissionId":"TARIK_SERTVURAN","secondSubmissionId":"KENAN_OZCAKIR","similarities":{"AVG":0.30711610486891383,"MAX":0.3203125,"MAXIMUM_LENGTH":141.0,"LONGEST_MATCH":11.0},"matches":[{"firstFileName":"TARIK_SERTVURAN/StackQuestionsMember.tpp","secondFileName":"KENAN_OZCAKIR/StackQuestionsMember.tpp","startInFirst":{"line":49,"column":2,"tokenListIndex":42},"endInFirst":{"line":62,"column":13,"tokenListIndex":52},"startInSecond":{"line":45,"column":4,"tokenListIndex":102},"endInSecond":{"line":64,"column":8,"tokenListIndex":112},"lengthOfFirst":11,"lengthOfSecond":11},{"firstFileName":"TARIK_SERTVURAN/StackQuestionsMember.tpp","secondFileName":"KENAN_OZCAKIR/StackQuestionsMember.tpp","startInFirst":{"line":10,"column":0,"tokenListIndex":0},"endInFirst":{"line":21,"column":10,"tokenListIndex":9},"startInSecond":{"line":10,"column":0,"tokenListIndex":61},"endInSecond":{"line":16,"column":12,"tokenListIndex":70},"lengthOfFirst":10,"lengthOfSecond":10},{"firstFileName":"TARIK_SERTVURAN/StackQuestionsMember.tpp","secondFileName":"KENAN_OZCAKIR/StackQuestionsNonMember.tpp","startInFirst":{"line":92,"column":11,"tokenListIndex":83},"endInFirst":{"line":97,"column":8,"tokenListIndex":90},"startInSecond":{"line":28,"column":22,"tokenListIndex":16},"endInSecond":{"line":34,"column":8,"tokenListIndex":23},"lengthOfFirst":8,"lengthOfSecond":8},{"firstFileName":"TARIK_SERTVURAN/StackQuestionsMember.tpp","secondFileName":"KENAN_OZCAKIR/StackQuestionsNonMember.tpp","startInFirst":{"line":27,"column":2,"tokenListIndex":16},"endInFirst":{"line":31,"column":6,"tokenListIndex":21},"startInSecond":{"line":18,"column":4,"tokenListIndex":2},"endInSecond":{"line":20,"column":8,"tokenListIndex":7},"lengthOfFirst":6,"lengthOfSecond":6},{"firstFileName":"TARIK_SERTVURAN/StackQuestionsMember.tpp","secondFileName":"KENAN_OZCAKIR/StackQuestionsMember.tpp","startInFirst":{"line":65,"column":4,"tokenListIndex":54},"endInFirst":{"line":67,"column":4,"tokenListIndex":59},"startInSecond":{"line":28,"column":4,"tokenListIndex":83},"endInSecond":{"line":30,"column":8,"tokenListIndex":88},"lengthOfFirst":6,"lengthOfSecond":6}],"firstSimilarity":0.3203125,"secondSimilarity":0.2949640287769784}