{"firstSubmissionId":"TARIK_SERTVURAN","secondSubmissionId":"ZEYNEP_ECE_BIKEZ","similarities":{"AVG":0.17891373801916932,"MAX":0.21875,"MAXIMUM_LENGTH":187.0,"LONGEST_MATCH":8.0},"matches":[{"firstFileName":"TARIK_SERTVURAN/StackQuestionsMember.tpp","secondFileName":"ZEYNEP_ECE_BIKEZ/StackQuestionsMember.tpp","startInFirst":{"line":22,"column":14,"tokenListIndex":12},"endInFirst":{"line":29,"column":2,"tokenListIndex":19},"startInSecond":{"line":20,"column":4,"tokenListIndex":14},"endInSecond":{"line":26,"column":2,"tokenListIndex":21},"lengthOfFirst":8,"lengthOfSecond":8},{"firstFileName":"TARIK_SERTVURAN/StackQuestionsMember.tpp","secondFileName":"ZEYNEP_ECE_BIKEZ/StackQuestionsMember.tpp","startInFirst":{"line":46,"column":8,"tokenListIndex":39},"endInFirst":{"line":56,"column":58,"tokenListIndex":46},"startInSecond":{"line":35,"column":8,"tokenListIndex":33},"endInSecond":{"line":45,"column":58,"tokenListIndex":40},"lengthOfFirst":8,"lengthOfSecond":8},{"firstFileName":"TARIK_SERTVURAN/StackQuestionsMember.tpp","secondFileName":"ZEYNEP_ECE_BIKEZ/StackQuestionsMember.tpp","startInFirst":{"line":13,"column":2,"tokenListIndex":1},"endInFirst":{"line":18,"column":11,"tokenListIndex":6},"startInSecond":{"line":51,"column":4,"tokenListIndex":48},"endInSecond":{"line":54,"column":22,"tokenListIndex":53},"lengthOfFirst":6,"lengthOfSecond":6},{"firstFileName":"TARIK_SERTVURAN/StackQuestionsMember.tpp","secondFileName":"ZEYNEP_ECE_BIKEZ/StackQuestionsMember.tpp","startInFirst":{"line":71,"column":2,"tokenListIndex":62},"endInFirst":{"line":77,"column":4,"tokenListIndex":67},"startInSecond":{"line":27,"column":6,"tokenListIndex":23},"endInSecond":{"line":29,"column":8,"tokenListIndex":28},"lengthOfFirst":6,"lengthOfSecond":6}],"firstSimilarity":0.21875,"secondSimilarity":0.15135135135135136}