{"firstSubmissionId":"TARIK_SERTVURAN","secondSubmissionId":"EYLUL_SUICMEZ","similarities":{"AVG":0.18705035971223022,"MAX":0.203125,"MAXIMUM_LENGTH":152.0,"LONGEST_MATCH":7.0},"matches":[{"firstFileName":"TARIK_SERTVURAN/StackQuestionsMember.tpp","secondFileName":"EYLUL_SUICMEZ/StackQuestionsMember.tpp","startInFirst":{"line":21,"column":2,"tokenListIndex":8},"endInFirst":{"line":24,"column":4,"tokenListIndex":14},"startInSecond":{"line":26,"column":0,"tokenListIndex":52},"endInSecond":{"line":29,"column":1,"tokenListIndex":58},"lengthOfFirst":7,"lengthOfSecond":7},{"firstFileName":"TARIK_SERTVURAN/StackQuestionsNonMember.tpp","secondFileName":"EYLUL_SUICMEZ/StackQuestionsNonMember.tpp","startInFirst":{"line":40,"column":18,"tokenListIndex":106},"endInFirst":{"line":46,"column":17,"tokenListIndex":112},"startInSecond":{"line":21,"column":1,"tokenListIndex":13},"endInSecond":{"line":25,"column":13,"tokenListIndex":19},"lengthOfFirst":7,"lengthOfSecond":7},{"firstFileName":"TARIK_SERTVURAN/StackQuestionsMember.tpp","secondFileName":"EYLUL_SUICMEZ/StackQuestionsMember.tpp","startInFirst":{"line":49,"column":2,"tokenListIndex":42},"endInFirst":{"line":58,"column":4,"tokenListIndex":47},"startInSecond":{"line":36,"column":0,"tokenListIndex":64},"endInSecond":{"line":45,"column":0,"tokenListIndex":69},"lengthOfFirst":6,"lengthOfSecond":6},{"firstFileName":"TARIK_SERTVURAN/StackQuestionsMember.tpp","secondFileName":"EYLUL_SUICMEZ/StackQuestionsMember.tpp","startInFirst":{"line":66,"column":14,"tokenListIndex":58},"endInFirst":{"line":71,"column":6,"tokenListIndex":63},"startInSecond":{"line":19,"column":1,"tokenListIndex":41},"endInSecond":{"line":22,"column":3,"tokenListIndex":46},"lengthOfFirst":6,"lengthOfSecond":6}],"firstSimilarity":0.203125,"secondSimilarity":0.17333333333333334}