{"firstSubmissionId":"TARIK_SERTVURAN","secondSubmissionId":"PELIN_GORER","similarities":{"AVG":0.08791208791208792,"MAX":0.09375,"MAXIMUM_LENGTH":147.0,"LONGEST_MATCH":6.0},"matches":[{"firstFileName":"TARIK_SERTVURAN/StackQuestionsMember.tpp","secondFileName":"PELIN_GORER/StackQuestionsMember.tpp","startInFirst":{"line":21,"column":2,"tokenListIndex":8},"endInFirst":{"line":23,"column":4,"tokenListIndex":13},"startInSecond":{"line":22,"column":4,"tokenListIndex":12},"endInSecond":{"line":24,"column":8,"tokenListIndex":17},"lengthOfFirst":6,"lengthOfSecond":6},{"firstFileName":"TARIK_SERTVURAN/StackQuestionsMember.tpp","secondFileName":"PELIN_GORER/StackQuestionsMember.tpp","startInFirst":{"line":92,"column":11,"tokenListIndex":83},"endInFirst":{"line":96,"column":13,"tokenListIndex":88},"startInSecond":{"line":29,"column":8,"tokenListIndex":25},"endInSecond":{"line":31,"column":15,"tokenListIndex":30},"lengthOfFirst":6,"lengthOfSecond":6}],"firstSimilarity":0.09375,"secondSimilarity":0.08275862068965517}