{"firstSubmissionId":"TARIK_SERTVURAN","secondSubmissionId":"ALI_OZUER","similarities":{"AVG":0.1254355400696864,"MAX":0.140625,"MAXIMUM_LENGTH":161.0,"LONGEST_MATCH":10.0},"matches":[{"firstFileName":"TARIK_SERTVURAN/StackQuestionsMember.tpp","secondFileName":"ALI_OZUER/StackQuestionsMember.tpp","startInFirst":{"line":49,"column":2,"tokenListIndex":42},"endInFirst":{"line":62,"column":4,"tokenListIndex":51},"startInSecond":{"line":34,"column":2,"tokenListIndex":37},"endInSecond":{"line":43,"column":2,"tokenListIndex":46},"lengthOfFirst":10,"lengthOfSecond":10},{"firstFileName":"TARIK_SERTVURAN/StackQuestionsMember.tpp","secondFileName":"ALI_OZUER/StackQuestionsMember.tpp","startInFirst":{"line":27,"column":2,"tokenListIndex":16},"endInFirst":{"line":32,"column":6,"tokenListIndex":23},"startInSecond":{"line":13,"column":2,"tokenListIndex":5},"endInSecond":{"line":17,"column":6,"tokenListIndex":12},"lengthOfFirst":8,"lengthOfSecond":8}],"firstSimilarity":0.140625,"secondSimilarity":0.11320754716981132}