{"firstSubmissionId":"TARIK_SERTVURAN","secondSubmissionId":"YUSUF_KULLUK","similarities":{"AVG":0.16428571428571428,"MAX":0.1796875,"MAXIMUM_LENGTH":154.0,"LONGEST_MATCH":9.0},"matches":[{"firstFileName":"TARIK_SERTVURAN/StackQuestionsMember.tpp","secondFileName":"YUSUF_KULLUK/StackQuestionsNonMember.tpp","startInFirst":{"line":92,"column":11,"tokenListIndex":83},"endInFirst":{"line":98,"column":4,"tokenListIndex":91},"startInSecond":{"line":67,"column":20,"tokenListIndex":126},"endInSecond":{"line":72,"column":4,"tokenListIndex":134},"lengthOfFirst":9,"lengthOfSecond":9},{"firstFileName":"TARIK_SERTVURAN/StackQuestionsMember.tpp","secondFileName":"YUSUF_KULLUK/StackQuestionsMember.tpp","startInFirst":{"line":10,"column":0,"tokenListIndex":0},"endInFirst":{"line":18,"column":11,"tokenListIndex":7},"startInSecond":{"line":10,"column":0,"tokenListIndex":0},"endInSecond":{"line":20,"column":4,"tokenListIndex":7},"lengthOfFirst":8,"lengthOfSecond":8},{"firstFileName":"TARIK_SERTVURAN/StackQuestionsMember.tpp","secondFileName":"YUSUF_KULLUK/StackQuestionsNonMember.tpp","startInFirst":{"line":87,"column":2,"tokenListIndex":74},"endInFirst":{"line":88,"column":8,"tokenListIndex":79},"startInSecond":{"line":64,"column":2,"tokenListIndex":117},"endInSecond":{"line":65,"column":13,"tokenListIndex":122},"lengthOfFirst":6,"lengthOfSecond":6}],"firstSimilarity":0.1796875,"secondSimilarity":0.1513157894736842}