{"firstSubmissionId":"TARIK_SERTVURAN","secondSubmissionId":"MERT_ACAR","similarities":{"AVG":0.1532567049808429,"MAX":0.15625,"MAXIMUM_LENGTH":140.0,"LONGEST_MATCH":7.0},"matches":[{"firstFileName":"TARIK_SERTVURAN/StackQuestionsMember.tpp","secondFileName":"MERT_ACAR/main.cpp","startInFirst":{"line":96,"column":4,"tokenListIndex":86},"endInFirst":{"line":101,"column":0,"tokenListIndex":92},"startInSecond":{"line":194,"column":2,"tokenListIndex":132},"endInSecond":{"line":197,"column":0,"tokenListIndex":138},"lengthOfFirst":7,"lengthOfSecond":7},{"firstFileName":"TARIK_SERTVURAN/StackQuestionsNonMember.tpp","secondFileName":"MERT_ACAR/main.cpp","startInFirst":{"line":46,"column":4,"tokenListIndex":110},"endInFirst":{"line":48,"column":12,"tokenListIndex":116},"startInSecond":{"line":140,"column":2,"tokenListIndex":92},"endInSecond":{"line":146,"column":28,"tokenListIndex":98},"lengthOfFirst":7,"lengthOfSecond":7},{"firstFileName":"TARIK_SERTVURAN/StackQuestionsMember.tpp","secondFileName":"MERT_ACAR/main.cpp","startInFirst":{"line":21,"column":10,"tokenListIndex":9},"endInFirst":{"line":24,"column":4,"tokenListIndex":14},"startInSecond":{"line":109,"column":2,"tokenListIndex":68},"endInSecond":{"line":114,"column":2,"tokenListIndex":73},"lengthOfFirst":6,"lengthOfSecond":6}],"firstSimilarity":0.15625,"secondSimilarity":0.15037593984962405}