{"firstSubmissionId":"UMUT_ERTUGRUL_DASGIN","secondSubmissionId":"ATAKAN_NAKTURK","similarities":{"AVG":0.3253333333333333,"MAX":0.37888198757763975,"MAXIMUM_LENGTH":216.0,"LONGEST_MATCH":13.0},"matches":[{"firstFileName":"UMUT_ERTUGRUL_DASGIN/StackQuestionsNonMember.tpp","secondFileName":"ATAKAN_NAKTURK/StackQuestionsMember.tpp","startInFirst":{"line":26,"column":8,"tokenListIndex":98},"endInFirst":{"line":35,"column":34,"tokenListIndex":110},"startInSecond":{"line":91,"column":8,"tokenListIndex":93},"endInSecond":{"line":101,"column":8,"tokenListIndex":105},"lengthOfFirst":13,"lengthOfSecond":13},{"firstFileName":"UMUT_ERTUGRUL_DASGIN/StackQuestionsMember.tpp","secondFileName":"ATAKAN_NAKTURK/StackQuestionsNonMember.tpp","startInFirst":{"line":43,"column":0,"tokenListIndex":38},"endInFirst":{"line":45,"column":24,"tokenListIndex":45},"startInSecond":{"line":11,"column":22,"tokenListIndex":112},"endInSecond":{"line":14,"column":14,"tokenListIndex":119},"lengthOfFirst":8,"lengthOfSecond":8},{"firstFileName":"UMUT_ERTUGRUL_DASGIN/StackQuestionsNonMember.tpp","secondFileName":"ATAKAN_NAKTURK/StackQuestionsNonMember.tpp","startInFirst":{"line":51,"column":34,"tokenListIndex":126},"endInFirst":{"line":57,"column":4,"tokenListIndex":133},"startInSecond":{"line":63,"column":4,"tokenListIndex":181},"endInSecond":{"line":70,"column":4,"tokenListIndex":188},"lengthOfFirst":8,"lengthOfSecond":8},{"firstFileName":"UMUT_ERTUGRUL_DASGIN/StackQuestionsMember.tpp","secondFileName":"ATAKAN_NAKTURK/StackQuestionsMember.tpp","startInFirst":{"line":15,"column":4,"tokenListIndex":7},"endInFirst":{"line":18,"column":17,"tokenListIndex":13},"startInSecond":{"line":17,"column":2,"tokenListIndex":12},"endInSecond":{"line":19,"column":18,"tokenListIndex":18},"lengthOfFirst":7,"lengthOfSecond":7},{"firstFileName":"UMUT_ERTUGRUL_DASGIN/StackQuestionsNonMember.tpp","secondFileName":"ATAKAN_NAKTURK/StackQuestionsNonMember.tpp","startInFirst":{"line":67,"column":8,"tokenListIndex":148},"endInFirst":{"line":70,"column":13,"tokenListIndex":154},"startInSecond":{"line":77,"column":8,"tokenListIndex":195},"endInSecond":{"line":80,"column":12,"tokenListIndex":201},"lengthOfFirst":7,"lengthOfSecond":7},{"firstFileName":"UMUT_ERTUGRUL_DASGIN/StackQuestionsMember.tpp","secondFileName":"ATAKAN_NAKTURK/StackQuestionsMember.tpp","startInFirst":{"line":26,"column":10,"tokenListIndex":23},"endInFirst":{"line":29,"column":12,"tokenListIndex":28},"startInSecond":{"line":29,"column":8,"tokenListIndex":30},"endInSecond":{"line":35,"column":12,"tokenListIndex":35},"lengthOfFirst":6,"lengthOfSecond":6},{"firstFileName":"UMUT_ERTUGRUL_DASGIN/StackQuestionsMember.tpp","secondFileName":"ATAKAN_NAKTURK/StackQuestionsNonMember.tpp","startInFirst":{"line":52,"column":4,"tokenListIndex":54},"endInFirst":{"line":55,"column":4,"tokenListIndex":59},"startInSecond":{"line":34,"column":4,"tokenListIndex":148},"endInSecond":{"line":38,"column":4,"tokenListIndex":153},"lengthOfFirst":6,"lengthOfSecond":6},{"firstFileName":"UMUT_ERTUGRUL_DASGIN/StackQuestionsMember.tpp","secondFileName":"ATAKAN_NAKTURK/StackQuestionsNonMember.tpp","startInFirst":{"line":62,"column":4,"tokenListIndex":71},"endInFirst":{"line":65,"column":8,"tokenListIndex":76},"startInSecond":{"line":28,"column":4,"tokenListIndex":139},"endInSecond":{"line":31,"column":8,"tokenListIndex":144},"lengthOfFirst":6,"lengthOfSecond":6}],"firstSimilarity":0.37888198757763975,"secondSimilarity":0.2850467289719626}