{"firstSubmissionId":"UMUT_ERTUGRUL_DASGIN","secondSubmissionId":"AGAH_DEMIR_GOK","similarities":{"AVG":0.3076923076923077,"MAX":0.33540372670807456,"MAXIMUM_LENGTH":192.0,"LONGEST_MATCH":15.0},"matches":[{"firstFileName":"UMUT_ERTUGRUL_DASGIN/StackQuestionsNonMember.tpp","secondFileName":"AGAH_DEMIR_GOK/StackQuestionsNonMember.tpp","startInFirst":{"line":66,"column":32,"tokenListIndex":147},"endInFirst":{"line":77,"column":0,"tokenListIndex":161},"startInSecond":{"line":69,"column":12,"tokenListIndex":176},"endInSecond":{"line":80,"column":0,"tokenListIndex":190},"lengthOfFirst":15,"lengthOfSecond":15},{"firstFileName":"UMUT_ERTUGRUL_DASGIN/StackQuestionsNonMember.tpp","secondFileName":"AGAH_DEMIR_GOK/StackQuestionsNonMember.tpp","startInFirst":{"line":54,"column":4,"tokenListIndex":128},"endInFirst":{"line":61,"column":8,"tokenListIndex":139},"startInSecond":{"line":20,"column":2,"tokenListIndex":102},"endInSecond":{"line":27,"column":15,"tokenListIndex":113},"lengthOfFirst":12,"lengthOfSecond":12},{"firstFileName":"UMUT_ERTUGRUL_DASGIN/StackQuestionsMember.tpp","secondFileName":"AGAH_DEMIR_GOK/StackQuestionsMember.tpp","startInFirst":{"line":43,"column":0,"tokenListIndex":38},"endInFirst":{"line":45,"column":24,"tokenListIndex":45},"startInSecond":{"line":43,"column":22,"tokenListIndex":44},"endInSecond":{"line":47,"column":2,"tokenListIndex":51},"lengthOfFirst":8,"lengthOfSecond":8},{"firstFileName":"UMUT_ERTUGRUL_DASGIN/StackQuestionsMember.tpp","secondFileName":"AGAH_DEMIR_GOK/StackQuestionsMember.tpp","startInFirst":{"line":15,"column":4,"tokenListIndex":7},"endInFirst":{"line":18,"column":17,"tokenListIndex":13},"startInSecond":{"line":23,"column":2,"tokenListIndex":16},"endInSecond":{"line":25,"column":17,"tokenListIndex":22},"lengthOfFirst":7,"lengthOfSecond":7},{"firstFileName":"UMUT_ERTUGRUL_DASGIN/StackQuestionsMember.tpp","secondFileName":"AGAH_DEMIR_GOK/StackQuestionsMember.tpp","startInFirst":{"line":52,"column":4,"tokenListIndex":54},"endInFirst":{"line":55,"column":4,"tokenListIndex":59},"startInSecond":{"line":18,"column":2,"tokenListIndex":10},"endInSecond":{"line":21,"column":2,"tokenListIndex":15},"lengthOfFirst":6,"lengthOfSecond":6},{"firstFileName":"UMUT_ERTUGRUL_DASGIN/StackQuestionsNonMember.tpp","secondFileName":"AGAH_DEMIR_GOK/StackQuestionsMember.tpp","startInFirst":{"line":30,"column":4,"tokenListIndex":102},"endInFirst":{"line":33,"column":4,"tokenListIndex":107},"startInSecond":{"line":60,"column":2,"tokenListIndex":67},"endInSecond":{"line":63,"column":2,"tokenListIndex":72},"lengthOfFirst":6,"lengthOfSecond":6}],"firstSimilarity":0.33540372670807456,"secondSimilarity":0.28421052631578947}