{"firstSubmissionId":"UMUT_ERTUGRUL_DASGIN","secondSubmissionId":"CAGATAY_YUREKLI","similarities":{"AVG":0.44077134986225897,"MAX":0.4968944099378882,"MAXIMUM_LENGTH":204.0,"LONGEST_MATCH":14.0},"matches":[{"firstFileName":"UMUT_ERTUGRUL_DASGIN/StackQuestionsNonMember.tpp","secondFileName":"CAGATAY_YUREKLI/StackQuestionsNonMember.tpp","startInFirst":{"line":35,"column":34,"tokenListIndex":110},"endInFirst":{"line":44,"column":4,"tokenListIndex":123},"startInSecond":{"line":39,"column":8,"tokenListIndex":117},"endInSecond":{"line":52,"column":1,"tokenListIndex":130},"lengthOfFirst":14,"lengthOfSecond":14},{"firstFileName":"UMUT_ERTUGRUL_DASGIN/StackQuestionsNonMember.tpp","secondFileName":"CAGATAY_YUREKLI/StackQuestionsNonMember.tpp","startInFirst":{"line":26,"column":8,"tokenListIndex":98},"endInFirst":{"line":35,"column":12,"tokenListIndex":109},"startInSecond":{"line":57,"column":8,"tokenListIndex":133},"endInSecond":{"line":66,"column":12,"tokenListIndex":144},"lengthOfFirst":12,"lengthOfSecond":12},{"firstFileName":"UMUT_ERTUGRUL_DASGIN/StackQuestionsMember.tpp","secondFileName":"CAGATAY_YUREKLI/StackQuestionsMember.tpp","startInFirst":{"line":15,"column":4,"tokenListIndex":7},"endInFirst":{"line":21,"column":12,"tokenListIndex":16},"startInSecond":{"line":21,"column":2,"tokenListIndex":9},"endInSecond":{"line":27,"column":13,"tokenListIndex":18},"lengthOfFirst":10,"lengthOfSecond":10},{"firstFileName":"UMUT_ERTUGRUL_DASGIN/StackQuestionsMember.tpp","secondFileName":"CAGATAY_YUREKLI/StackQuestionsNonMember.tpp","startInFirst":{"line":49,"column":16,"tokenListIndex":51},"endInFirst":{"line":55,"column":4,"tokenListIndex":59},"startInSecond":{"line":82,"column":8,"tokenListIndex":155},"endInSecond":{"line":89,"column":4,"tokenListIndex":163},"lengthOfFirst":9,"lengthOfSecond":9},{"firstFileName":"UMUT_ERTUGRUL_DASGIN/StackQuestionsNonMember.tpp","secondFileName":"CAGATAY_YUREKLI/StackQuestionsNonMember.tpp","startInFirst":{"line":66,"column":32,"tokenListIndex":147},"endInFirst":{"line":71,"column":12,"tokenListIndex":155},"startInSecond":{"line":108,"column":10,"tokenListIndex":186},"endInSecond":{"line":115,"column":12,"tokenListIndex":194},"lengthOfFirst":9,"lengthOfSecond":9},{"firstFileName":"UMUT_ERTUGRUL_DASGIN/StackQuestionsNonMember.tpp","secondFileName":"CAGATAY_YUREKLI/StackQuestionsNonMember.tpp","startInFirst":{"line":52,"column":4,"tokenListIndex":127},"endInFirst":{"line":59,"column":4,"tokenListIndex":134},"startInSecond":{"line":92,"column":4,"tokenListIndex":164},"endInSecond":{"line":98,"column":4,"tokenListIndex":171},"lengthOfFirst":8,"lengthOfSecond":8},{"firstFileName":"UMUT_ERTUGRUL_DASGIN/StackQuestionsMember.tpp","secondFileName":"CAGATAY_YUREKLI/StackQuestionsNonMember.tpp","startInFirst":{"line":57,"column":28,"tokenListIndex":61},"endInFirst":{"line":59,"column":8,"tokenListIndex":66},"startInSecond":{"line":105,"column":4,"tokenListIndex":180},"endInSecond":{"line":108,"column":8,"tokenListIndex":185},"lengthOfFirst":6,"lengthOfSecond":6},{"firstFileName":"UMUT_ERTUGRUL_DASGIN/StackQuestionsMember.tpp","secondFileName":"CAGATAY_YUREKLI/StackQuestionsNonMember.tpp","startInFirst":{"line":64,"column":4,"tokenListIndex":72},"endInFirst":{"line":66,"column":4,"tokenListIndex":77},"startInSecond":{"line":101,"column":4,"tokenListIndex":174},"endInSecond":{"line":103,"column":4,"tokenListIndex":179},"lengthOfFirst":6,"lengthOfSecond":6},{"firstFileName":"UMUT_ERTUGRUL_DASGIN/StackQuestionsNonMember.tpp","secondFileName":"CAGATAY_YUREKLI/StackQuestionsNonMember.tpp","startInFirst":{"line":71,"column":24,"tokenListIndex":156},"endInFirst":{"line":77,"column":0,"tokenListIndex":161},"startInSecond":{"line":118,"column":24,"tokenListIndex":197},"endInSecond":{"line":125,"column":0,"tokenListIndex":202},"lengthOfFirst":6,"lengthOfSecond":6}],"firstSimilarity":0.4968944099378882,"secondSimilarity":0.39603960396039606}