{"firstSubmissionId":"UMUT_ERTUGRUL_DASGIN","secondSubmissionId":"ZEYNEP_ECE_BIKEZ","similarities":{"AVG":0.2254335260115607,"MAX":0.2422360248447205,"MAXIMUM_LENGTH":187.0,"LONGEST_MATCH":9.0},"matches":[{"firstFileName":"UMUT_ERTUGRUL_DASGIN/StackQuestionsNonMember.tpp","secondFileName":"ZEYNEP_ECE_BIKEZ/StackQuestionsNonMember.tpp","startInFirst":{"line":33,"column":4,"tokenListIndex":107},"endInFirst":{"line":38,"column":12,"tokenListIndex":115},"startInSecond":{"line":28,"column":12,"tokenListIndex":118},"endInSecond":{"line":32,"column":20,"tokenListIndex":126},"lengthOfFirst":9,"lengthOfSecond":9},{"firstFileName":"UMUT_ERTUGRUL_DASGIN/StackQuestionsMember.tpp","secondFileName":"ZEYNEP_ECE_BIKEZ/StackQuestionsMember.tpp","startInFirst":{"line":13,"column":4,"tokenListIndex":3},"endInFirst":{"line":15,"column":8,"tokenListIndex":8},"startInSecond":{"line":51,"column":4,"tokenListIndex":48},"endInSecond":{"line":54,"column":22,"tokenListIndex":53},"lengthOfFirst":6,"lengthOfSecond":6},{"firstFileName":"UMUT_ERTUGRUL_DASGIN/StackQuestionsMember.tpp","secondFileName":"ZEYNEP_ECE_BIKEZ/StackQuestionsMember.tpp","startInFirst":{"line":52,"column":4,"tokenListIndex":54},"endInFirst":{"line":55,"column":4,"tokenListIndex":59},"startInSecond":{"line":19,"column":2,"tokenListIndex":12},"endInSecond":{"line":22,"column":2,"tokenListIndex":17},"lengthOfFirst":6,"lengthOfSecond":6},{"firstFileName":"UMUT_ERTUGRUL_DASGIN/StackQuestionsNonMember.tpp","secondFileName":"ZEYNEP_ECE_BIKEZ/StackQuestionsMember.tpp","startInFirst":{"line":15,"column":12,"tokenListIndex":86},"endInFirst":{"line":19,"column":4,"tokenListIndex":91},"startInSecond":{"line":62,"column":21,"tokenListIndex":64},"endInSecond":{"line":66,"column":8,"tokenListIndex":69},"lengthOfFirst":6,"lengthOfSecond":6},{"firstFileName":"UMUT_ERTUGRUL_DASGIN/StackQuestionsNonMember.tpp","secondFileName":"ZEYNEP_ECE_BIKEZ/StackQuestionsNonMember.tpp","startInFirst":{"line":40,"column":8,"tokenListIndex":117},"endInFirst":{"line":43,"column":8,"tokenListIndex":122},"startInSecond":{"line":34,"column":21,"tokenListIndex":128},"endInSecond":{"line":37,"column":16,"tokenListIndex":133},"lengthOfFirst":6,"lengthOfSecond":6},{"firstFileName":"UMUT_ERTUGRUL_DASGIN/StackQuestionsNonMember.tpp","secondFileName":"ZEYNEP_ECE_BIKEZ/StackQuestionsMember.tpp","startInFirst":{"line":54,"column":4,"tokenListIndex":128},"endInFirst":{"line":57,"column":4,"tokenListIndex":133},"startInSecond":{"line":55,"column":4,"tokenListIndex":54},"endInSecond":{"line":58,"column":4,"tokenListIndex":59},"lengthOfFirst":6,"lengthOfSecond":6}],"firstSimilarity":0.2422360248447205,"secondSimilarity":0.21081081081081082}