{"firstSubmissionId":"UMUT_ERTUGRUL_DASGIN","secondSubmissionId":"SAFA_GOKALP_UGUR","similarities":{"AVG":0.39384615384615385,"MAX":0.39751552795031053,"MAXIMUM_LENGTH":166.0,"LONGEST_MATCH":16.0},"matches":[{"firstFileName":"UMUT_ERTUGRUL_DASGIN/StackQuestionsNonMember.tpp","secondFileName":"SAFA_GOKALP_UGUR/StackQuestionsNonMember.tpp","startInFirst":{"line":35,"column":4,"tokenListIndex":108},"endInFirst":{"line":44,"column":4,"tokenListIndex":123},"startInSecond":{"line":46,"column":4,"tokenListIndex":47},"endInSecond":{"line":55,"column":4,"tokenListIndex":62},"lengthOfFirst":16,"lengthOfSecond":16},{"firstFileName":"UMUT_ERTUGRUL_DASGIN/StackQuestionsMember.tpp","secondFileName":"SAFA_GOKALP_UGUR/StackQuestionsMember.tpp","startInFirst":{"line":44,"column":4,"tokenListIndex":40},"endInFirst":{"line":48,"column":26,"tokenListIndex":49},"startInSecond":{"line":50,"column":4,"tokenListIndex":123},"endInSecond":{"line":57,"column":24,"tokenListIndex":132},"lengthOfFirst":10,"lengthOfSecond":10},{"firstFileName":"UMUT_ERTUGRUL_DASGIN/StackQuestionsNonMember.tpp","secondFileName":"SAFA_GOKALP_UGUR/StackQuestionsNonMember.tpp","startInFirst":{"line":51,"column":0,"tokenListIndex":125},"endInFirst":{"line":57,"column":4,"tokenListIndex":133},"startInSecond":{"line":68,"column":22,"tokenListIndex":72},"endInSecond":{"line":74,"column":4,"tokenListIndex":80},"lengthOfFirst":9,"lengthOfSecond":9},{"firstFileName":"UMUT_ERTUGRUL_DASGIN/StackQuestionsMember.tpp","secondFileName":"SAFA_GOKALP_UGUR/StackQuestionsMember.tpp","startInFirst":{"line":13,"column":4,"tokenListIndex":3},"endInFirst":{"line":16,"column":8,"tokenListIndex":10},"startInSecond":{"line":18,"column":4,"tokenListIndex":90},"endInSecond":{"line":21,"column":11,"tokenListIndex":97},"lengthOfFirst":8,"lengthOfSecond":8},{"firstFileName":"UMUT_ERTUGRUL_DASGIN/StackQuestionsNonMember.tpp","secondFileName":"SAFA_GOKALP_UGUR/StackQuestionsMember.tpp","startInFirst":{"line":26,"column":8,"tokenListIndex":98},"endInFirst":{"line":31,"column":21,"tokenListIndex":105},"startInSecond":{"line":76,"column":12,"tokenListIndex":155},"endInSecond":{"line":80,"column":20,"tokenListIndex":162},"lengthOfFirst":8,"lengthOfSecond":8},{"firstFileName":"UMUT_ERTUGRUL_DASGIN/StackQuestionsMember.tpp","secondFileName":"SAFA_GOKALP_UGUR/StackQuestionsNonMember.tpp","startInFirst":{"line":51,"column":4,"tokenListIndex":53},"endInFirst":{"line":55,"column":4,"tokenListIndex":59},"startInSecond":{"line":18,"column":1,"tokenListIndex":14},"endInSecond":{"line":27,"column":4,"tokenListIndex":20},"lengthOfFirst":7,"lengthOfSecond":7},{"firstFileName":"UMUT_ERTUGRUL_DASGIN/StackQuestionsMember.tpp","secondFileName":"SAFA_GOKALP_UGUR/StackQuestionsNonMember.tpp","startInFirst":{"line":62,"column":4,"tokenListIndex":71},"endInFirst":{"line":65,"column":8,"tokenListIndex":76},"startInSecond":{"line":37,"column":4,"tokenListIndex":34},"endInSecond":{"line":39,"column":8,"tokenListIndex":39},"lengthOfFirst":6,"lengthOfSecond":6}],"firstSimilarity":0.39751552795031053,"secondSimilarity":0.3902439024390244}