{"firstSubmissionId":"YUSUF_KULLUK","secondSubmissionId":"UMUT_ERTUGRUL_DASGIN","similarities":{"AVG":0.28753993610223644,"MAX":0.29605263157894735,"MAXIMUM_LENGTH":163.0,"LONGEST_MATCH":13.0},"matches":[{"firstFileName":"YUSUF_KULLUK/StackQuestionsMember.tpp","secondFileName":"UMUT_ERTUGRUL_DASGIN/StackQuestionsNonMember.tpp","startInFirst":{"line":55,"column":4,"tokenListIndex":41},"endInFirst":{"line":63,"column":4,"tokenListIndex":53},"startInSecond":{"line":26,"column":8,"tokenListIndex":98},"endInSecond":{"line":35,"column":34,"tokenListIndex":110},"lengthOfFirst":13,"lengthOfSecond":13},{"firstFileName":"YUSUF_KULLUK/StackQuestionsMember.tpp","secondFileName":"UMUT_ERTUGRUL_DASGIN/StackQuestionsMember.tpp","startInFirst":{"line":13,"column":1,"tokenListIndex":1},"endInFirst":{"line":20,"column":4,"tokenListIndex":7},"startInSecond":{"line":13,"column":4,"tokenListIndex":3},"endInSecond":{"line":16,"column":4,"tokenListIndex":9},"lengthOfFirst":7,"lengthOfSecond":7},{"firstFileName":"YUSUF_KULLUK/StackQuestionsNonMember.tpp","secondFileName":"UMUT_ERTUGRUL_DASGIN/StackQuestionsMember.tpp","startInFirst":{"line":60,"column":2,"tokenListIndex":116},"endInFirst":{"line":65,"column":13,"tokenListIndex":122},"startInSecond":{"line":57,"column":28,"tokenListIndex":61},"endInSecond":{"line":59,"column":12,"tokenListIndex":67},"lengthOfFirst":7,"lengthOfSecond":7},{"firstFileName":"YUSUF_KULLUK/StackQuestionsMember.tpp","secondFileName":"UMUT_ERTUGRUL_DASGIN/StackQuestionsMember.tpp","startInFirst":{"line":66,"column":2,"tokenListIndex":57},"endInFirst":{"line":69,"column":2,"tokenListIndex":62},"startInSecond":{"line":52,"column":4,"tokenListIndex":54},"endInSecond":{"line":55,"column":4,"tokenListIndex":59},"lengthOfFirst":6,"lengthOfSecond":6},{"firstFileName":"YUSUF_KULLUK/StackQuestionsNonMember.tpp","secondFileName":"UMUT_ERTUGRUL_DASGIN/StackQuestionsNonMember.tpp","startInFirst":{"line":25,"column":4,"tokenListIndex":81},"endInFirst":{"line":28,"column":4,"tokenListIndex":86},"startInSecond":{"line":54,"column":4,"tokenListIndex":128},"endInSecond":{"line":57,"column":4,"tokenListIndex":133},"lengthOfFirst":6,"lengthOfSecond":6},{"firstFileName":"YUSUF_KULLUK/StackQuestionsNonMember.tpp","secondFileName":"UMUT_ERTUGRUL_DASGIN/StackQuestionsMember.tpp","startInFirst":{"line":70,"column":4,"tokenListIndex":129},"endInFirst":{"line":72,"column":4,"tokenListIndex":134},"startInSecond":{"line":64,"column":4,"tokenListIndex":72},"endInSecond":{"line":66,"column":4,"tokenListIndex":77},"lengthOfFirst":6,"lengthOfSecond":6}],"firstSimilarity":0.29605263157894735,"secondSimilarity":0.2795031055900621}