{"firstSubmissionId":"YUSUF_KULLUK","secondSubmissionId":"SAFA_GOKALP_UGUR","similarities":{"AVG":0.3860759493670886,"MAX":0.40131578947368424,"MAXIMUM_LENGTH":166.0,"LONGEST_MATCH":11.0},"matches":[{"firstFileName":"YUSUF_KULLUK/StackQuestionsMember.tpp","secondFileName":"SAFA_GOKALP_UGUR/StackQuestionsMember.tpp","startInFirst":{"line":36,"column":4,"tokenListIndex":26},"endInFirst":{"line":49,"column":11,"tokenListIndex":36},"startInSecond":{"line":39,"column":4,"tokenListIndex":115},"endInSecond":{"line":50,"column":12,"tokenListIndex":125},"lengthOfFirst":11,"lengthOfSecond":11},{"firstFileName":"YUSUF_KULLUK/StackQuestionsNonMember.tpp","secondFileName":"SAFA_GOKALP_UGUR/StackQuestionsNonMember.tpp","startInFirst":{"line":37,"column":4,"tokenListIndex":96},"endInFirst":{"line":54,"column":2,"tokenListIndex":106},"startInSecond":{"line":58,"column":4,"tokenListIndex":64},"endInSecond":{"line":70,"column":2,"tokenListIndex":74},"lengthOfFirst":11,"lengthOfSecond":11},{"firstFileName":"YUSUF_KULLUK/StackQuestionsMember.tpp","secondFileName":"SAFA_GOKALP_UGUR/StackQuestionsNonMember.tpp","startInFirst":{"line":14,"column":8,"tokenListIndex":3},"endInFirst":{"line":22,"column":11,"tokenListIndex":12},"startInSecond":{"line":16,"column":8,"tokenListIndex":7},"endInSecond":{"line":24,"column":11,"tokenListIndex":16},"lengthOfFirst":10,"lengthOfSecond":10},{"firstFileName":"YUSUF_KULLUK/StackQuestionsMember.tpp","secondFileName":"SAFA_GOKALP_UGUR/StackQuestionsMember.tpp","startInFirst":{"line":51,"column":2,"tokenListIndex":39},"endInFirst":{"line":59,"column":15,"tokenListIndex":48},"startInSecond":{"line":75,"column":4,"tokenListIndex":153},"endInSecond":{"line":80,"column":20,"tokenListIndex":162},"lengthOfFirst":10,"lengthOfSecond":10},{"firstFileName":"YUSUF_KULLUK/StackQuestionsMember.tpp","secondFileName":"SAFA_GOKALP_UGUR/StackQuestionsNonMember.tpp","startInFirst":{"line":66,"column":2,"tokenListIndex":57},"endInFirst":{"line":70,"column":0,"tokenListIndex":63},"startInSecond":{"line":71,"column":4,"tokenListIndex":75},"endInSecond":{"line":75,"column":0,"tokenListIndex":81},"lengthOfFirst":7,"lengthOfSecond":7},{"firstFileName":"YUSUF_KULLUK/StackQuestionsNonMember.tpp","secondFileName":"SAFA_GOKALP_UGUR/StackQuestionsMember.tpp","startInFirst":{"line":57,"column":2,"tokenListIndex":108},"endInFirst":{"line":58,"column":14,"tokenListIndex":113},"startInSecond":{"line":24,"column":8,"tokenListIndex":100},"endInSecond":{"line":25,"column":14,"tokenListIndex":105},"lengthOfFirst":6,"lengthOfSecond":6},{"firstFileName":"YUSUF_KULLUK/StackQuestionsNonMember.tpp","secondFileName":"SAFA_GOKALP_UGUR/StackQuestionsMember.tpp","startInFirst":{"line":60,"column":2,"tokenListIndex":115},"endInFirst":{"line":64,"column":24,"tokenListIndex":120},"startInSecond":{"line":59,"column":4,"tokenListIndex":133},"endInSecond":{"line":62,"column":27,"tokenListIndex":138},"lengthOfFirst":6,"lengthOfSecond":6}],"firstSimilarity":0.40131578947368424,"secondSimilarity":0.3719512195121951}