{"firstSubmissionId":"YUSUF_KULLUK","secondSubmissionId":"ZEYNEP_ECE_BIKEZ","similarities":{"AVG":0.26706231454005935,"MAX":0.29605263157894735,"MAXIMUM_LENGTH":187.0,"LONGEST_MATCH":9.0},"matches":[{"firstFileName":"YUSUF_KULLUK/StackQuestionsNonMember.tpp","secondFileName":"ZEYNEP_ECE_BIKEZ/StackQuestionsNonMember.tpp","startInFirst":{"line":20,"column":4,"tokenListIndex":75},"endInFirst":{"line":26,"column":8,"tokenListIndex":83},"startInSecond":{"line":25,"column":12,"tokenListIndex":113},"endInSecond":{"line":29,"column":44,"tokenListIndex":121},"lengthOfFirst":9,"lengthOfSecond":9},{"firstFileName":"YUSUF_KULLUK/StackQuestionsMember.tpp","secondFileName":"ZEYNEP_ECE_BIKEZ/StackQuestionsMember.tpp","startInFirst":{"line":26,"column":8,"tokenListIndex":18},"endInFirst":{"line":34,"column":8,"tokenListIndex":25},"startInSecond":{"line":28,"column":4,"tokenListIndex":27},"endInSecond":{"line":36,"column":4,"tokenListIndex":34},"lengthOfFirst":8,"lengthOfSecond":8},{"firstFileName":"YUSUF_KULLUK/StackQuestionsMember.tpp","secondFileName":"ZEYNEP_ECE_BIKEZ/StackQuestionsMember.tpp","startInFirst":{"line":37,"column":4,"tokenListIndex":27},"endInFirst":{"line":49,"column":2,"tokenListIndex":34},"startInSecond":{"line":38,"column":2,"tokenListIndex":36},"endInSecond":{"line":47,"column":8,"tokenListIndex":43},"lengthOfFirst":8,"lengthOfSecond":8},{"firstFileName":"YUSUF_KULLUK/StackQuestionsNonMember.tpp","secondFileName":"ZEYNEP_ECE_BIKEZ/StackQuestionsMember.tpp","startInFirst":{"line":65,"column":4,"tokenListIndex":121},"endInFirst":{"line":69,"column":4,"tokenListIndex":128},"startInSecond":{"line":54,"column":4,"tokenListIndex":52},"endInSecond":{"line":58,"column":4,"tokenListIndex":59},"lengthOfFirst":8,"lengthOfSecond":8},{"firstFileName":"YUSUF_KULLUK/StackQuestionsMember.tpp","secondFileName":"ZEYNEP_ECE_BIKEZ/StackQuestionsMember.tpp","startInFirst":{"line":58,"column":2,"tokenListIndex":45},"endInFirst":{"line":61,"column":2,"tokenListIndex":50},"startInSecond":{"line":19,"column":2,"tokenListIndex":12},"endInSecond":{"line":22,"column":2,"tokenListIndex":17},"lengthOfFirst":6,"lengthOfSecond":6},{"firstFileName":"YUSUF_KULLUK/StackQuestionsMember.tpp","secondFileName":"ZEYNEP_ECE_BIKEZ/StackQuestionsNonMember.tpp","startInFirst":{"line":62,"column":2,"tokenListIndex":51},"endInFirst":{"line":65,"column":2,"tokenListIndex":56},"startInSecond":{"line":62,"column":16,"tokenListIndex":172},"endInSecond":{"line":65,"column":16,"tokenListIndex":177},"lengthOfFirst":6,"lengthOfSecond":6}],"firstSimilarity":0.29605263157894735,"secondSimilarity":0.24324324324324326}