{"firstSubmissionId":"YUSUF_KULLUK","secondSubmissionId":"AGAH_DEMIR_GOK","similarities":{"AVG":0.2807017543859649,"MAX":0.3157894736842105,"MAXIMUM_LENGTH":192.0,"LONGEST_MATCH":10.0},"matches":[{"firstFileName":"YUSUF_KULLUK/StackQuestionsNonMember.tpp","secondFileName":"AGAH_DEMIR_GOK/StackQuestionsNonMember.tpp","startInFirst":{"line":64,"column":2,"tokenListIndex":117},"endInFirst":{"line":67,"column":20,"tokenListIndex":126},"startInSecond":{"line":68,"column":2,"tokenListIndex":171},"endInSecond":{"line":71,"column":6,"tokenListIndex":180},"lengthOfFirst":10,"lengthOfSecond":10},{"firstFileName":"YUSUF_KULLUK/StackQuestionsMember.tpp","secondFileName":"AGAH_DEMIR_GOK/StackQuestionsMember.tpp","startInFirst":{"line":37,"column":4,"tokenListIndex":27},"endInFirst":{"line":48,"column":6,"tokenListIndex":33},"startInSecond":{"line":37,"column":2,"tokenListIndex":41},"endInSecond":{"line":44,"column":15,"tokenListIndex":47},"lengthOfFirst":7,"lengthOfSecond":7},{"firstFileName":"YUSUF_KULLUK/StackQuestionsNonMember.tpp","secondFileName":"AGAH_DEMIR_GOK/StackQuestionsNonMember.tpp","startInFirst":{"line":57,"column":2,"tokenListIndex":108},"endInFirst":{"line":59,"column":2,"tokenListIndex":114},"startInSecond":{"line":62,"column":8,"tokenListIndex":159},"endInSecond":{"line":63,"column":33,"tokenListIndex":165},"lengthOfFirst":7,"lengthOfSecond":7},{"firstFileName":"YUSUF_KULLUK/StackQuestionsMember.tpp","secondFileName":"AGAH_DEMIR_GOK/StackQuestionsMember.tpp","startInFirst":{"line":58,"column":2,"tokenListIndex":45},"endInFirst":{"line":61,"column":2,"tokenListIndex":50},"startInSecond":{"line":18,"column":2,"tokenListIndex":10},"endInSecond":{"line":21,"column":2,"tokenListIndex":15},"lengthOfFirst":6,"lengthOfSecond":6},{"firstFileName":"YUSUF_KULLUK/StackQuestionsMember.tpp","secondFileName":"AGAH_DEMIR_GOK/StackQuestionsMember.tpp","startInFirst":{"line":62,"column":2,"tokenListIndex":51},"endInFirst":{"line":65,"column":2,"tokenListIndex":56},"startInSecond":{"line":60,"column":2,"tokenListIndex":67},"endInSecond":{"line":63,"column":2,"tokenListIndex":72},"lengthOfFirst":6,"lengthOfSecond":6},{"firstFileName":"YUSUF_KULLUK/StackQuestionsMember.tpp","secondFileName":"AGAH_DEMIR_GOK/StackQuestionsNonMember.tpp","startInFirst":{"line":66,"column":2,"tokenListIndex":57},"endInFirst":{"line":69,"column":2,"tokenListIndex":62},"startInSecond":{"line":20,"column":2,"tokenListIndex":102},"endInSecond":{"line":23,"column":2,"tokenListIndex":107},"lengthOfFirst":6,"lengthOfSecond":6},{"firstFileName":"YUSUF_KULLUK/StackQuestionsNonMember.tpp","secondFileName":"AGAH_DEMIR_GOK/StackQuestionsNonMember.tpp","startInFirst":{"line":25,"column":4,"tokenListIndex":81},"endInFirst":{"line":28,"column":4,"tokenListIndex":86},"startInSecond":{"line":51,"column":2,"tokenListIndex":143},"endInSecond":{"line":54,"column":2,"tokenListIndex":148},"lengthOfFirst":6,"lengthOfSecond":6}],"firstSimilarity":0.3157894736842105,"secondSimilarity":0.25263157894736843}