{"firstSubmissionId":"YUSUF_KULLUK","secondSubmissionId":"ATAKAN_NAKTURK","similarities":{"AVG":0.366120218579235,"MAX":0.4407894736842105,"MAXIMUM_LENGTH":216.0,"LONGEST_MATCH":21.0},"matches":[{"firstFileName":"YUSUF_KULLUK/StackQuestionsNonMember.tpp","secondFileName":"ATAKAN_NAKTURK/StackQuestionsNonMember.tpp","startInFirst":{"line":30,"column":11,"tokenListIndex":88},"endInFirst":{"line":57,"column":2,"tokenListIndex":108},"startInSecond":{"line":44,"column":43,"tokenListIndex":162},"endInSecond":{"line":64,"column":4,"tokenListIndex":182},"lengthOfFirst":21,"lengthOfSecond":21},{"firstFileName":"YUSUF_KULLUK/StackQuestionsMember.tpp","secondFileName":"ATAKAN_NAKTURK/StackQuestionsMember.tpp","startInFirst":{"line":58,"column":2,"tokenListIndex":45},"endInFirst":{"line":70,"column":0,"tokenListIndex":63},"startInSecond":{"line":89,"column":4,"tokenListIndex":91},"endInSecond":{"line":104,"column":0,"tokenListIndex":109},"lengthOfFirst":19,"lengthOfSecond":19},{"firstFileName":"YUSUF_KULLUK/StackQuestionsNonMember.tpp","secondFileName":"ATAKAN_NAKTURK/StackQuestionsNonMember.tpp","startInFirst":{"line":24,"column":4,"tokenListIndex":80},"endInFirst":{"line":30,"column":4,"tokenListIndex":87},"startInSecond":{"line":38,"column":4,"tokenListIndex":153},"endInSecond":{"line":44,"column":4,"tokenListIndex":160},"lengthOfFirst":8,"lengthOfSecond":8},{"firstFileName":"YUSUF_KULLUK/StackQuestionsNonMember.tpp","secondFileName":"ATAKAN_NAKTURK/StackQuestionsNonMember.tpp","startInFirst":{"line":59,"column":2,"tokenListIndex":114},"endInFirst":{"line":64,"column":24,"tokenListIndex":120},"startInSecond":{"line":20,"column":4,"tokenListIndex":129},"endInSecond":{"line":24,"column":32,"tokenListIndex":135},"lengthOfFirst":7,"lengthOfSecond":7},{"firstFileName":"YUSUF_KULLUK/StackQuestionsMember.tpp","secondFileName":"ATAKAN_NAKTURK/StackQuestionsMember.tpp","startInFirst":{"line":41,"column":0,"tokenListIndex":28},"endInFirst":{"line":48,"column":6,"tokenListIndex":33},"startInSecond":{"line":55,"column":0,"tokenListIndex":54},"endInSecond":{"line":61,"column":11,"tokenListIndex":59},"lengthOfFirst":6,"lengthOfSecond":6},{"firstFileName":"YUSUF_KULLUK/StackQuestionsNonMember.tpp","secondFileName":"ATAKAN_NAKTURK/StackQuestionsNonMember.tpp","startInFirst":{"line":66,"column":4,"tokenListIndex":123},"endInFirst":{"line":69,"column":4,"tokenListIndex":128},"startInSecond":{"line":66,"column":4,"tokenListIndex":183},"endInSecond":{"line":70,"column":4,"tokenListIndex":188},"lengthOfFirst":6,"lengthOfSecond":6}],"firstSimilarity":0.4407894736842105,"secondSimilarity":0.3130841121495327}