{"firstSubmissionId":"YUSUF_KULLUK","secondSubmissionId":"ALI_OZUER","similarities":{"AVG":0.4180064308681672,"MAX":0.4276315789473684,"MAXIMUM_LENGTH":161.0,"LONGEST_MATCH":18.0},"matches":[{"firstFileName":"YUSUF_KULLUK/StackQuestionsMember.tpp","secondFileName":"ALI_OZUER/StackQuestionsMember.tpp","startInFirst":{"line":58,"column":2,"tokenListIndex":45},"endInFirst":{"line":69,"column":2,"tokenListIndex":62},"startInSecond":{"line":51,"column":4,"tokenListIndex":59},"endInSecond":{"line":62,"column":4,"tokenListIndex":76},"lengthOfFirst":18,"lengthOfSecond":18},{"firstFileName":"YUSUF_KULLUK/StackQuestionsNonMember.tpp","secondFileName":"ALI_OZUER/StackQuestionsNonMember.tpp","startInFirst":{"line":33,"column":8,"tokenListIndex":91},"endInFirst":{"line":51,"column":56,"tokenListIndex":105},"startInSecond":{"line":27,"column":10,"tokenListIndex":143},"endInSecond":{"line":40,"column":56,"tokenListIndex":157},"lengthOfFirst":15,"lengthOfSecond":15},{"firstFileName":"YUSUF_KULLUK/StackQuestionsNonMember.tpp","secondFileName":"ALI_OZUER/StackQuestionsMember.tpp","startInFirst":{"line":24,"column":4,"tokenListIndex":80},"endInFirst":{"line":32,"column":19,"tokenListIndex":90},"startInSecond":{"line":71,"column":4,"tokenListIndex":91},"endInSecond":{"line":77,"column":17,"tokenListIndex":101},"lengthOfFirst":11,"lengthOfSecond":11},{"firstFileName":"YUSUF_KULLUK/StackQuestionsMember.tpp","secondFileName":"ALI_OZUER/StackQuestionsMember.tpp","startInFirst":{"line":33,"column":12,"tokenListIndex":24},"endInFirst":{"line":46,"column":58,"tokenListIndex":31},"startInSecond":{"line":32,"column":6,"tokenListIndex":34},"endInSecond":{"line":40,"column":58,"tokenListIndex":41},"lengthOfFirst":8,"lengthOfSecond":8},{"firstFileName":"YUSUF_KULLUK/StackQuestionsMember.tpp","secondFileName":"ALI_OZUER/StackQuestionsMember.tpp","startInFirst":{"line":13,"column":1,"tokenListIndex":1},"endInFirst":{"line":20,"column":4,"tokenListIndex":7},"startInSecond":{"line":13,"column":2,"tokenListIndex":5},"endInSecond":{"line":17,"column":2,"tokenListIndex":11},"lengthOfFirst":7,"lengthOfSecond":7},{"firstFileName":"YUSUF_KULLUK/StackQuestionsNonMember.tpp","secondFileName":"ALI_OZUER/StackQuestionsNonMember.tpp","startInFirst":{"line":66,"column":4,"tokenListIndex":123},"endInFirst":{"line":69,"column":4,"tokenListIndex":128},"startInSecond":{"line":17,"column":2,"tokenListIndex":126},"endInSecond":{"line":20,"column":2,"tokenListIndex":131},"lengthOfFirst":6,"lengthOfSecond":6}],"firstSimilarity":0.4276315789473684,"secondSimilarity":0.4088050314465409}