{"firstSubmissionId":"YUSUF_KULLUK","secondSubmissionId":"CAGATAY_YUREKLI","similarities":{"AVG":0.3954802259887006,"MAX":0.4605263157894737,"MAXIMUM_LENGTH":204.0,"LONGEST_MATCH":20.0},"matches":[{"firstFileName":"YUSUF_KULLUK/StackQuestionsMember.tpp","secondFileName":"CAGATAY_YUREKLI/StackQuestionsNonMember.tpp","startInFirst":{"line":57,"column":2,"tokenListIndex":44},"endInFirst":{"line":70,"column":0,"tokenListIndex":63},"startInSecond":{"line":52,"column":1,"tokenListIndex":130},"endInSecond":{"line":70,"column":0,"tokenListIndex":149},"lengthOfFirst":20,"lengthOfSecond":20},{"firstFileName":"YUSUF_KULLUK/StackQuestionsNonMember.tpp","secondFileName":"CAGATAY_YUREKLI/StackQuestionsMember.tpp","startInFirst":{"line":24,"column":4,"tokenListIndex":80},"endInFirst":{"line":33,"column":8,"tokenListIndex":91},"startInSecond":{"line":97,"column":1,"tokenListIndex":74},"endInSecond":{"line":108,"column":2,"tokenListIndex":85},"lengthOfFirst":12,"lengthOfSecond":12},{"firstFileName":"YUSUF_KULLUK/StackQuestionsNonMember.tpp","secondFileName":"CAGATAY_YUREKLI/StackQuestionsNonMember.tpp","startInFirst":{"line":60,"column":2,"tokenListIndex":116},"endInFirst":{"line":67,"column":20,"tokenListIndex":126},"startInSecond":{"line":105,"column":4,"tokenListIndex":180},"endInSecond":{"line":111,"column":12,"tokenListIndex":190},"lengthOfFirst":11,"lengthOfSecond":11},{"firstFileName":"YUSUF_KULLUK/StackQuestionsNonMember.tpp","secondFileName":"CAGATAY_YUREKLI/StackQuestionsNonMember.tpp","startInFirst":{"line":16,"column":4,"tokenListIndex":68},"endInFirst":{"line":21,"column":8,"tokenListIndex":76},"startInSecond":{"line":18,"column":1,"tokenListIndex":96},"endInSecond":{"line":24,"column":7,"tokenListIndex":104},"lengthOfFirst":9,"lengthOfSecond":9},{"firstFileName":"YUSUF_KULLUK/StackQuestionsMember.tpp","secondFileName":"CAGATAY_YUREKLI/StackQuestionsMember.tpp","startInFirst":{"line":48,"column":2,"tokenListIndex":32},"endInFirst":{"line":49,"column":27,"tokenListIndex":37},"startInSecond":{"line":21,"column":2,"tokenListIndex":11},"endInSecond":{"line":25,"column":5,"tokenListIndex":16},"lengthOfFirst":6,"lengthOfSecond":6},{"firstFileName":"YUSUF_KULLUK/StackQuestionsNonMember.tpp","secondFileName":"CAGATAY_YUREKLI/StackQuestionsNonMember.tpp","startInFirst":{"line":37,"column":4,"tokenListIndex":96},"endInFirst":{"line":40,"column":4,"tokenListIndex":101},"startInSecond":{"line":86,"column":4,"tokenListIndex":158},"endInSecond":{"line":89,"column":4,"tokenListIndex":163},"lengthOfFirst":6,"lengthOfSecond":6},{"firstFileName":"YUSUF_KULLUK/StackQuestionsNonMember.tpp","secondFileName":"CAGATAY_YUREKLI/StackQuestionsNonMember.tpp","startInFirst":{"line":70,"column":4,"tokenListIndex":129},"endInFirst":{"line":72,"column":4,"tokenListIndex":134},"startInSecond":{"line":101,"column":4,"tokenListIndex":174},"endInSecond":{"line":103,"column":4,"tokenListIndex":179},"lengthOfFirst":6,"lengthOfSecond":6}],"firstSimilarity":0.4605263157894737,"secondSimilarity":0.3465346534653465}