{"firstSubmissionId":"ZEYNEP_ECE_BIKEZ","secondSubmissionId":"ATAKAN_NAKTURK","similarities":{"AVG":0.16040100250626566,"MAX":0.17297297297297298,"MAXIMUM_LENGTH":216.0,"LONGEST_MATCH":7.0},"matches":[{"firstFileName":"ZEYNEP_ECE_BIKEZ/StackQuestionsMember.tpp","secondFileName":"ATAKAN_NAKTURK/StackQuestionsMember.tpp","startInFirst":{"line":11,"column":2,"tokenListIndex":1},"endInFirst":{"line":14,"column":20,"tokenListIndex":7},"startInSecond":{"line":16,"column":2,"tokenListIndex":10},"endInSecond":{"line":19,"column":2,"tokenListIndex":16},"lengthOfFirst":7,"lengthOfSecond":7},{"firstFileName":"ZEYNEP_ECE_BIKEZ/StackQuestionsMember.tpp","secondFileName":"ATAKAN_NAKTURK/StackQuestionsMember.tpp","startInFirst":{"line":18,"column":4,"tokenListIndex":11},"endInFirst":{"line":22,"column":2,"tokenListIndex":17},"startInSecond":{"line":88,"column":4,"tokenListIndex":90},"endInSecond":{"line":93,"column":4,"tokenListIndex":96},"lengthOfFirst":7,"lengthOfSecond":7},{"firstFileName":"ZEYNEP_ECE_BIKEZ/StackQuestionsMember.tpp","secondFileName":"ATAKAN_NAKTURK/StackQuestionsMember.tpp","startInFirst":{"line":40,"column":0,"tokenListIndex":37},"endInFirst":{"line":47,"column":8,"tokenListIndex":42},"startInSecond":{"line":55,"column":0,"tokenListIndex":54},"endInSecond":{"line":61,"column":11,"tokenListIndex":59},"lengthOfFirst":6,"lengthOfSecond":6},{"firstFileName":"ZEYNEP_ECE_BIKEZ/StackQuestionsMember.tpp","secondFileName":"ATAKAN_NAKTURK/StackQuestionsMember.tpp","startInFirst":{"line":55,"column":4,"tokenListIndex":54},"endInFirst":{"line":58,"column":4,"tokenListIndex":59},"startInSecond":{"line":94,"column":4,"tokenListIndex":97},"endInSecond":{"line":98,"column":4,"tokenListIndex":102},"lengthOfFirst":6,"lengthOfSecond":6},{"firstFileName":"ZEYNEP_ECE_BIKEZ/StackQuestionsNonMember.tpp","secondFileName":"ATAKAN_NAKTURK/StackQuestionsMember.tpp","startInFirst":{"line":62,"column":16,"tokenListIndex":172},"endInFirst":{"line":65,"column":16,"tokenListIndex":177},"startInSecond":{"line":99,"column":4,"tokenListIndex":103},"endInSecond":{"line":103,"column":4,"tokenListIndex":108},"lengthOfFirst":6,"lengthOfSecond":6}],"firstSimilarity":0.17297297297297298,"secondSimilarity":0.14953271028037382}