{"firstSubmissionId":"ZEYNEP_ECE_BIKEZ","secondSubmissionId":"AGAH_DEMIR_GOK","similarities":{"AVG":0.21866666666666668,"MAX":0.22162162162162163,"MAXIMUM_LENGTH":192.0,"LONGEST_MATCH":9.0},"matches":[{"firstFileName":"ZEYNEP_ECE_BIKEZ/StackQuestionsMember.tpp","secondFileName":"AGAH_DEMIR_GOK/StackQuestionsNonMember.tpp","startInFirst":{"line":19,"column":2,"tokenListIndex":12},"endInFirst":{"line":25,"column":4,"tokenListIndex":20},"startInSecond":{"line":51,"column":2,"tokenListIndex":143},"endInSecond":{"line":57,"column":4,"tokenListIndex":151},"lengthOfFirst":9,"lengthOfSecond":9},{"firstFileName":"ZEYNEP_ECE_BIKEZ/StackQuestionsMember.tpp","secondFileName":"AGAH_DEMIR_GOK/StackQuestionsMember.tpp","startInFirst":{"line":37,"column":4,"tokenListIndex":35},"endInFirst":{"line":47,"column":8,"tokenListIndex":42},"startInSecond":{"line":35,"column":2,"tokenListIndex":40},"endInSecond":{"line":44,"column":15,"tokenListIndex":47},"lengthOfFirst":8,"lengthOfSecond":8},{"firstFileName":"ZEYNEP_ECE_BIKEZ/StackQuestionsMember.tpp","secondFileName":"AGAH_DEMIR_GOK/StackQuestionsMember.tpp","startInFirst":{"line":12,"column":2,"tokenListIndex":1},"endInFirst":{"line":14,"column":20,"tokenListIndex":6},"startInSecond":{"line":23,"column":2,"tokenListIndex":16},"endInSecond":{"line":25,"column":10,"tokenListIndex":21},"lengthOfFirst":6,"lengthOfSecond":6},{"firstFileName":"ZEYNEP_ECE_BIKEZ/StackQuestionsMember.tpp","secondFileName":"AGAH_DEMIR_GOK/StackQuestionsNonMember.tpp","startInFirst":{"line":54,"column":4,"tokenListIndex":52},"endInFirst":{"line":56,"column":26,"tokenListIndex":57},"startInSecond":{"line":69,"column":10,"tokenListIndex":175},"endInSecond":{"line":71,"column":6,"tokenListIndex":180},"lengthOfFirst":6,"lengthOfSecond":6},{"firstFileName":"ZEYNEP_ECE_BIKEZ/StackQuestionsNonMember.tpp","secondFileName":"AGAH_DEMIR_GOK/StackQuestionsNonMember.tpp","startInFirst":{"line":18,"column":11,"tokenListIndex":102},"endInFirst":{"line":20,"column":16,"tokenListIndex":107},"startInSecond":{"line":60,"column":36,"tokenListIndex":158},"endInSecond":{"line":63,"column":10,"tokenListIndex":163},"lengthOfFirst":6,"lengthOfSecond":6},{"firstFileName":"ZEYNEP_ECE_BIKEZ/StackQuestionsNonMember.tpp","secondFileName":"AGAH_DEMIR_GOK/StackQuestionsMember.tpp","startInFirst":{"line":62,"column":16,"tokenListIndex":172},"endInFirst":{"line":65,"column":16,"tokenListIndex":177},"startInSecond":{"line":18,"column":2,"tokenListIndex":10},"endInSecond":{"line":21,"column":2,"tokenListIndex":15},"lengthOfFirst":6,"lengthOfSecond":6}],"firstSimilarity":0.22162162162162163,"secondSimilarity":0.21578947368421053}