{"firstSubmissionId":"ZEYNEP_ECE_BIKEZ","secondSubmissionId":"CAGATAY_YUREKLI","similarities":{"AVG":0.26356589147286824,"MAX":0.2756756756756757,"MAXIMUM_LENGTH":204.0,"LONGEST_MATCH":8.0},"matches":[{"firstFileName":"ZEYNEP_ECE_BIKEZ/StackQuestionsNonMember.tpp","secondFileName":"CAGATAY_YUREKLI/StackQuestionsMember.tpp","startInFirst":{"line":12,"column":4,"tokenListIndex":95},"endInFirst":{"line":18,"column":11,"tokenListIndex":102},"startInSecond":{"line":81,"column":1,"tokenListIndex":58},"endInSecond":{"line":89,"column":3,"tokenListIndex":65},"lengthOfFirst":8,"lengthOfSecond":8},{"firstFileName":"ZEYNEP_ECE_BIKEZ/StackQuestionsNonMember.tpp","secondFileName":"CAGATAY_YUREKLI/StackQuestionsNonMember.tpp","startInFirst":{"line":19,"column":12,"tokenListIndex":103},"endInFirst":{"line":22,"column":16,"tokenListIndex":109},"startInSecond":{"line":21,"column":1,"tokenListIndex":98},"endInSecond":{"line":24,"column":7,"tokenListIndex":104},"lengthOfFirst":7,"lengthOfSecond":7},{"firstFileName":"ZEYNEP_ECE_BIKEZ/StackQuestionsMember.tpp","secondFileName":"CAGATAY_YUREKLI/StackQuestionsMember.tpp","startInFirst":{"line":12,"column":2,"tokenListIndex":1},"endInFirst":{"line":14,"column":20,"tokenListIndex":6},"startInSecond":{"line":21,"column":2,"tokenListIndex":9},"endInSecond":{"line":24,"column":4,"tokenListIndex":14},"lengthOfFirst":6,"lengthOfSecond":6},{"firstFileName":"ZEYNEP_ECE_BIKEZ/StackQuestionsMember.tpp","secondFileName":"CAGATAY_YUREKLI/StackQuestionsMember.tpp","startInFirst":{"line":19,"column":2,"tokenListIndex":12},"endInFirst":{"line":22,"column":2,"tokenListIndex":17},"startInSecond":{"line":99,"column":1,"tokenListIndex":75},"endInSecond":{"line":103,"column":1,"tokenListIndex":80},"lengthOfFirst":6,"lengthOfSecond":6},{"firstFileName":"ZEYNEP_ECE_BIKEZ/StackQuestionsMember.tpp","secondFileName":"CAGATAY_YUREKLI/StackQuestionsNonMember.tpp","startInFirst":{"line":54,"column":4,"tokenListIndex":52},"endInFirst":{"line":56,"column":26,"tokenListIndex":57},"startInSecond":{"line":108,"column":8,"tokenListIndex":185},"endInSecond":{"line":111,"column":12,"tokenListIndex":190},"lengthOfFirst":6,"lengthOfSecond":6},{"firstFileName":"ZEYNEP_ECE_BIKEZ/StackQuestionsNonMember.tpp","secondFileName":"CAGATAY_YUREKLI/StackQuestionsNonMember.tpp","startInFirst":{"line":29,"column":44,"tokenListIndex":121},"endInFirst":{"line":32,"column":20,"tokenListIndex":126},"startInSecond":{"line":39,"column":8,"tokenListIndex":117},"endInSecond":{"line":44,"column":3,"tokenListIndex":122},"lengthOfFirst":6,"lengthOfSecond":6},{"firstFileName":"ZEYNEP_ECE_BIKEZ/StackQuestionsNonMember.tpp","secondFileName":"CAGATAY_YUREKLI/StackQuestionsNonMember.tpp","startInFirst":{"line":34,"column":21,"tokenListIndex":128},"endInFirst":{"line":37,"column":16,"tokenListIndex":133},"startInSecond":{"line":47,"column":2,"tokenListIndex":124},"endInSecond":{"line":51,"column":2,"tokenListIndex":129},"lengthOfFirst":6,"lengthOfSecond":6},{"firstFileName":"ZEYNEP_ECE_BIKEZ/StackQuestionsNonMember.tpp","secondFileName":"CAGATAY_YUREKLI/StackQuestionsMember.tpp","startInFirst":{"line":62,"column":16,"tokenListIndex":172},"endInFirst":{"line":65,"column":16,"tokenListIndex":177},"startInSecond":{"line":105,"column":1,"tokenListIndex":81},"endInSecond":{"line":109,"column":1,"tokenListIndex":86},"lengthOfFirst":6,"lengthOfSecond":6}],"firstSimilarity":0.2756756756756757,"secondSimilarity":0.2524752475247525}