[{"averageSimilarity":0.2740315638450502,"strength":0.006093345427780393,"members":["IREM_IRMAK_UNLUER","SAFA_GOKALP_UGUR","BAHAR_CETIN_ASLAN"]},{"averageSimilarity":0.6362057592619594,"strength":0.01406086934831588,"members":["EFE_KASAPOGLU","UMUT_ERTUGRUL_DASGIN","AGAH_DEMIR_GOK","KARDELEN_KARTAL"]},{"averageSimilarity":0.13594857565961713,"strength":0.0036010024244256793,"members":["YUSUF_KULLUK","EREN_ADA_DOGAN","HASAN_KHALILOV","MERT_ACAR"]},{"averageSimilarity":1.0,"strength":0.04677738190313073,"members":["ALI_OZUER","KENAN_OZCAKIR","ALISA_IDA_DELEON"]},{"averageSimilarity":0.3412911381964679,"strength":0.008628191665618717,"members":["CLAUDE","ZEYNEP_ECE_BIKEZ","ATAKAN_NAKTURK"]},{"averageSimilarity":0.2165171989954025,"strength":0.010507672402204949,"members":["TARIK_SERTVURAN","EFE_BORAN_BERBER","CEM_KAYARDI","ELIF_KAYAR","HATICE_AYGAN"]},{"averageSimilarity":0.46285000528235315,"strength":0.005627200947363797,"members":["GPT","PELIN_GORER","MUHAMMED_ENES_CAM","SELEN_YULAF"]}]