{"submissionIds":{"MUHAMMED_ENES_CAM":"MUHAMMED_ENES_CAM","GPT":"GPT","IREM_IRMAK_UNLUER":"IREM_IRMAK_UNLUER","CEM_KAYARDI":"CEM_KAYARDI","EFE_KASAPOGLU":"EFE_KASAPOGLU","ALISA_IDA_DELEON":"ALISA_IDA_DELEON","EFE_BORAN_BERBER":"EFE_BORAN_BERBER","ELIF_KAYAR":"ELIF_KAYAR","KENAN_OZCAKIR":"KENAN_OZCAKIR","CAGATAY_YUREKLI":"CAGATAY_YUREKLI","YUSUF_KULLUK":"YUSUF_KULLUK","HASAN_KHALILOV":"HASAN_KHALILOV","EREN_ADA_DOGAN":"EREN_ADA_DOGAN","MERT_ACAR":"MERT_ACAR","PELIN_GORER":"PELIN_GORER","ATAKAN_NAKTURK":"ATAKAN_NAKTURK","KARDELEN_KARTAL":"KARDELEN_KARTAL","SAFA_GOKALP_UGUR":"SAFA_GOKALP_UGUR","ZEYNEP_ECE_BIKEZ":"ZEYNEP_ECE_BIKEZ","UMUT_ERTUGRUL_DASGIN":"UMUT_ERTUGRUL_DASGIN","AGAH_DEMIR_GOK":"AGAH_DEMIR_GOK","HATICE_AYGAN":"HATICE_AYGAN","ALI_OZUER":"ALI_OZUER","BAHAR_CETIN_ASLAN":"BAHAR_CETIN_ASLAN","SELEN_YULAF":"SELEN_YULAF","CLAUDE":"CLAUDE","TARIK_SERTVURAN":"TARIK_SERTVURAN"},"submissionIdsToComparisonFileName":{"MUHAMMED_ENES_CAM":{"GPT":"MUHAMMED_ENES_CAM-GPT.json","IREM_IRMAK_UNLUER":"IREM_IRMAK_UNLUER-MUHAMMED_ENES_CAM.json","CEM_KAYARDI":"CEM_KAYARDI-MUHAMMED_ENES_CAM.json","EFE_KASAPOGLU":"MUHAMMED_ENES_CAM-EFE_KASAPOGLU.json","ALISA_IDA_DELEON":"ALISA_IDA_DELEON-MUHAMMED_ENES_CAM.json","EFE_BORAN_BERBER":"EFE_BORAN_BERBER-MUHAMMED_ENES_CAM.json","ELIF_KAYAR":"ELIF_KAYAR-MUHAMMED_ENES_CAM.json","KENAN_OZCAKIR":"KENAN_OZCAKIR-MUHAMMED_ENES_CAM.json","CAGATAY_YUREKLI":"CAGATAY_YUREKLI-MUHAMMED_ENES_CAM.json","YUSUF_KULLUK":"MUHAMMED_ENES_CAM-YUSUF_KULLUK.json","HASAN_KHALILOV":"HASAN_KHALILOV-MUHAMMED_ENES_CAM.json","EREN_ADA_DOGAN":"EREN_ADA_DOGAN-MUHAMMED_ENES_CAM.json","MERT_ACAR":"MUHAMMED_ENES_CAM-MERT_ACAR.json","PELIN_GORER":"PELIN_GORER-MUHAMMED_ENES_CAM.json","KARDELEN_KARTAL":"MUHAMMED_ENES_CAM-KARDELEN_KARTAL.json","ATAKAN_NAKTURK":"MUHAMMED_ENES_CAM-ATAKAN_NAKTURK.json","UMUT_ERTUGRUL_DASGIN":"MUHAMMED_ENES_CAM-UMUT_ERTUGRUL_DASGIN.json","SAFA_GOKALP_UGUR":"SAFA_GOKALP_UGUR-MUHAMMED_ENES_CAM.json","ZEYNEP_ECE_BIKEZ":"ZEYNEP_ECE_BIKEZ-MUHAMMED_ENES_CAM.json","AGAH_DEMIR_GOK":"MUHAMMED_ENES_CAM-AGAH_DEMIR_GOK.json","ALI_OZUER":"ALI_OZUER-MUHAMMED_ENES_CAM.json","BAHAR_CETIN_ASLAN":"BAHAR_CETIN_ASLAN-MUHAMMED_ENES_CAM.json","HATICE_AYGAN":"HATICE_AYGAN-MUHAMMED_ENES_CAM.json","SELEN_YULAF":"MUHAMMED_ENES_CAM-SELEN_YULAF.json","CLAUDE":"MUHAMMED_ENES_CAM-CLAUDE.json","TARIK_SERTVURAN":"TARIK_SERTVURAN-MUHAMMED_ENES_CAM.json"},"GPT":{"MUHAMMED_ENES_CAM":"MUHAMMED_ENES_CAM-GPT.json","IREM_IRMAK_UNLUER":"IREM_IRMAK_UNLUER-GPT.json","CEM_KAYARDI":"CEM_KAYARDI-GPT.json","EFE_KASAPOGLU":"EFE_KASAPOGLU-GPT.json","ALISA_IDA_DELEON":"ALISA_IDA_DELEON-GPT.json","EFE_BORAN_BERBER":"EFE_BORAN_BERBER-GPT.json","ELIF_KAYAR":"ELIF_KAYAR-GPT.json","KENAN_OZCAKIR":"KENAN_OZCAKIR-GPT.json","CAGATAY_YUREKLI":"CAGATAY_YUREKLI-GPT.json","YUSUF_KULLUK":"YUSUF_KULLUK-GPT.json","HASAN_KHALILOV":"HASAN_KHALILOV-GPT.json","EREN_ADA_DOGAN":"EREN_ADA_DOGAN-GPT.json","MERT_ACAR":"GPT-MERT_ACAR.json","PELIN_GORER":"PELIN_GORER-GPT.json","KARDELEN_KARTAL":"GPT-KARDELEN_KARTAL.json","ATAKAN_NAKTURK":"GPT-ATAKAN_NAKTURK.json","UMUT_ERTUGRUL_DASGIN":"UMUT_ERTUGRUL_DASGIN-GPT.json","ZEYNEP_ECE_BIKEZ":"ZEYNEP_ECE_BIKEZ-GPT.json","SAFA_GOKALP_UGUR":"SAFA_GOKALP_UGUR-GPT.json","AGAH_DEMIR_GOK":"AGAH_DEMIR_GOK-GPT.json","BAHAR_CETIN_ASLAN":"BAHAR_CETIN_ASLAN-GPT.json","HATICE_AYGAN":"HATICE_AYGAN-GPT.json","ALI_OZUER":"ALI_OZUER-GPT.json","SELEN_YULAF":"SELEN_YULAF-GPT.json","CLAUDE":"CLAUDE-GPT.json","TARIK_SERTVURAN":"TARIK_SERTVURAN-GPT.json"},"IREM_IRMAK_UNLUER":{"MUHAMMED_ENES_CAM":"IREM_IRMAK_UNLUER-MUHAMMED_ENES_CAM.json","GPT":"IREM_IRMAK_UNLUER-GPT.json","CEM_KAYARDI":"IREM_IRMAK_UNLUER-CEM_KAYARDI.json","EFE_KASAPOGLU":"IREM_IRMAK_UNLUER-EFE_KASAPOGLU.json","ALISA_IDA_DELEON":"ALISA_IDA_DELEON-IREM_IRMAK_UNLUER.json","EFE_BORAN_BERBER":"EFE_BORAN_BERBER-IREM_IRMAK_UNLUER.json","ELIF_KAYAR":"IREM_IRMAK_UNLUER-ELIF_KAYAR.json","KENAN_OZCAKIR":"KENAN_OZCAKIR-IREM_IRMAK_UNLUER.json","CAGATAY_YUREKLI":"CAGATAY_YUREKLI-IREM_IRMAK_UNLUER.json","YUSUF_KULLUK":"IREM_IRMAK_UNLUER-YUSUF_KULLUK.json","HASAN_KHALILOV":"IREM_IRMAK_UNLUER-HASAN_KHALILOV.json","EREN_ADA_DOGAN":"IREM_IRMAK_UNLUER-EREN_ADA_DOGAN.json","MERT_ACAR":"IREM_IRMAK_UNLUER-MERT_ACAR.json","PELIN_GORER":"IREM_IRMAK_UNLUER-PELIN_GORER.json","KARDELEN_KARTAL":"IREM_IRMAK_UNLUER-KARDELEN_KARTAL.json","ATAKAN_NAKTURK":"IREM_IRMAK_UNLUER-ATAKAN_NAKTURK.json","ZEYNEP_ECE_BIKEZ":"IREM_IRMAK_UNLUER-ZEYNEP_ECE_BIKEZ.json","SAFA_GOKALP_UGUR":"SAFA_GOKALP_UGUR-IREM_IRMAK_UNLUER.json","UMUT_ERTUGRUL_DASGIN":"IREM_IRMAK_UNLUER-UMUT_ERTUGRUL_DASGIN.json","AGAH_DEMIR_GOK":"IREM_IRMAK_UNLUER-AGAH_DEMIR_GOK.json","BAHAR_CETIN_ASLAN":"BAHAR_CETIN_ASLAN-IREM_IRMAK_UNLUER.json","HATICE_AYGAN":"HATICE_AYGAN-IREM_IRMAK_UNLUER.json","ALI_OZUER":"ALI_OZUER-IREM_IRMAK_UNLUER.json","SELEN_YULAF":"IREM_IRMAK_UNLUER-SELEN_YULAF.json","CLAUDE":"IREM_IRMAK_UNLUER-CLAUDE.json","TARIK_SERTVURAN":"IREM_IRMAK_UNLUER-TARIK_SERTVURAN.json"},"CEM_KAYARDI":{"MUHAMMED_ENES_CAM":"CEM_KAYARDI-MUHAMMED_ENES_CAM.json","GPT":"CEM_KAYARDI-GPT.json","IREM_IRMAK_UNLUER":"IREM_IRMAK_UNLUER-CEM_KAYARDI.json","EFE_KASAPOGLU":"CEM_KAYARDI-EFE_KASAPOGLU.json","ALISA_IDA_DELEON":"ALISA_IDA_DELEON-CEM_KAYARDI.json","EFE_BORAN_BERBER":"EFE_BORAN_BERBER-CEM_KAYARDI.json","ELIF_KAYAR":"ELIF_KAYAR-CEM_KAYARDI.json","KENAN_OZCAKIR":"KENAN_OZCAKIR-CEM_KAYARDI.json","CAGATAY_YUREKLI":"CAGATAY_YUREKLI-CEM_KAYARDI.json","YUSUF_KULLUK":"CEM_KAYARDI-YUSUF_KULLUK.json","HASAN_KHALILOV":"CEM_KAYARDI-HASAN_KHALILOV.json","EREN_ADA_DOGAN":"EREN_ADA_DOGAN-CEM_KAYARDI.json","MERT_ACAR":"CEM_KAYARDI-MERT_ACAR.json","PELIN_GORER":"PELIN_GORER-CEM_KAYARDI.json","KARDELEN_KARTAL":"CEM_KAYARDI-KARDELEN_KARTAL.json","ATAKAN_NAKTURK":"CEM_KAYARDI-ATAKAN_NAKTURK.json","UMUT_ERTUGRUL_DASGIN":"CEM_KAYARDI-UMUT_ERTUGRUL_DASGIN.json","SAFA_GOKALP_UGUR":"SAFA_GOKALP_UGUR-CEM_KAYARDI.json","ZEYNEP_ECE_BIKEZ":"ZEYNEP_ECE_BIKEZ-CEM_KAYARDI.json","AGAH_DEMIR_GOK":"CEM_KAYARDI-AGAH_DEMIR_GOK.json","HATICE_AYGAN":"HATICE_AYGAN-CEM_KAYARDI.json","BAHAR_CETIN_ASLAN":"BAHAR_CETIN_ASLAN-CEM_KAYARDI.json","ALI_OZUER":"ALI_OZUER-CEM_KAYARDI.json","SELEN_YULAF":"CEM_KAYARDI-SELEN_YULAF.json","CLAUDE":"CEM_KAYARDI-CLAUDE.json","TARIK_SERTVURAN":"TARIK_SERTVURAN-CEM_KAYARDI.json"},"EFE_KASAPOGLU":{"MUHAMMED_ENES_CAM":"MUHAMMED_ENES_CAM-EFE_KASAPOGLU.json","GPT":"EFE_KASAPOGLU-GPT.json","IREM_IRMAK_UNLUER":"IREM_IRMAK_UNLUER-EFE_KASAPOGLU.json","CEM_KAYARDI":"CEM_KAYARDI-EFE_KASAPOGLU.json","ALISA_IDA_DELEON":"ALISA_IDA_DELEON-EFE_KASAPOGLU.json","EFE_BORAN_BERBER":"EFE_BORAN_BERBER-EFE_KASAPOGLU.json","ELIF_KAYAR":"ELIF_KAYAR-EFE_KASAPOGLU.json","KENAN_OZCAKIR":"KENAN_OZCAKIR-EFE_KASAPOGLU.json","CAGATAY_YUREKLI":"CAGATAY_YUREKLI-EFE_KASAPOGLU.json","YUSUF_KULLUK":"YUSUF_KULLUK-EFE_KASAPOGLU.json","HASAN_KHALILOV":"HASAN_KHALILOV-EFE_KASAPOGLU.json","EREN_ADA_DOGAN":"EREN_ADA_DOGAN-EFE_KASAPOGLU.json","MERT_ACAR":"EFE_KASAPOGLU-MERT_ACAR.json","PELIN_GORER":"PELIN_GORER-EFE_KASAPOGLU.json","KARDELEN_KARTAL":"EFE_KASAPOGLU-KARDELEN_KARTAL.json","ATAKAN_NAKTURK":"EFE_KASAPOGLU-ATAKAN_NAKTURK.json","UMUT_ERTUGRUL_DASGIN":"EFE_KASAPOGLU-UMUT_ERTUGRUL_DASGIN.json","ZEYNEP_ECE_BIKEZ":"ZEYNEP_ECE_BIKEZ-EFE_KASAPOGLU.json","SAFA_GOKALP_UGUR":"SAFA_GOKALP_UGUR-EFE_KASAPOGLU.json","AGAH_DEMIR_GOK":"AGAH_DEMIR_GOK-EFE_KASAPOGLU.json","BAHAR_CETIN_ASLAN":"BAHAR_CETIN_ASLAN-EFE_KASAPOGLU.json","HATICE_AYGAN":"HATICE_AYGAN-EFE_KASAPOGLU.json","ALI_OZUER":"ALI_OZUER-EFE_KASAPOGLU.json","SELEN_YULAF":"EFE_KASAPOGLU-SELEN_YULAF.json","CLAUDE":"EFE_KASAPOGLU-CLAUDE.json","TARIK_SERTVURAN":"TARIK_SERTVURAN-EFE_KASAPOGLU.json"},"ALISA_IDA_DELEON":{"MUHAMMED_ENES_CAM":"ALISA_IDA_DELEON-MUHAMMED_ENES_CAM.json","GPT":"ALISA_IDA_DELEON-GPT.json","IREM_IRMAK_UNLUER":"ALISA_IDA_DELEON-IREM_IRMAK_UNLUER.json","CEM_KAYARDI":"ALISA_IDA_DELEON-CEM_KAYARDI.json","EFE_KASAPOGLU":"ALISA_IDA_DELEON-EFE_KASAPOGLU.json","EFE_BORAN_BERBER":"ALISA_IDA_DELEON-EFE_BORAN_BERBER.json","ELIF_KAYAR":"ALISA_IDA_DELEON-ELIF_KAYAR.json","KENAN_OZCAKIR":"ALISA_IDA_DELEON-KENAN_OZCAKIR.json","CAGATAY_YUREKLI":"CAGATAY_YUREKLI-ALISA_IDA_DELEON.json","YUSUF_KULLUK":"ALISA_IDA_DELEON-YUSUF_KULLUK.json","HASAN_KHALILOV":"ALISA_IDA_DELEON-HASAN_KHALILOV.json","EREN_ADA_DOGAN":"ALISA_IDA_DELEON-EREN_ADA_DOGAN.json","MERT_ACAR":"ALISA_IDA_DELEON-MERT_ACAR.json","PELIN_GORER":"ALISA_IDA_DELEON-PELIN_GORER.json","ATAKAN_NAKTURK":"ALISA_IDA_DELEON-ATAKAN_NAKTURK.json","KARDELEN_KARTAL":"ALISA_IDA_DELEON-KARDELEN_KARTAL.json","SAFA_GOKALP_UGUR":"ALISA_IDA_DELEON-SAFA_GOKALP_UGUR.json","ZEYNEP_ECE_BIKEZ":"ALISA_IDA_DELEON-ZEYNEP_ECE_BIKEZ.json","UMUT_ERTUGRUL_DASGIN":"ALISA_IDA_DELEON-UMUT_ERTUGRUL_DASGIN.json","AGAH_DEMIR_GOK":"ALISA_IDA_DELEON-AGAH_DEMIR_GOK.json","ALI_OZUER":"ALISA_IDA_DELEON-ALI_OZUER.json","HATICE_AYGAN":"ALISA_IDA_DELEON-HATICE_AYGAN.json","BAHAR_CETIN_ASLAN":"BAHAR_CETIN_ASLAN-ALISA_IDA_DELEON.json","SELEN_YULAF":"ALISA_IDA_DELEON-SELEN_YULAF.json","CLAUDE":"ALISA_IDA_DELEON-CLAUDE.json","TARIK_SERTVURAN":"ALISA_IDA_DELEON-TARIK_SERTVURAN.json"},"EFE_BORAN_BERBER":{"MUHAMMED_ENES_CAM":"EFE_BORAN_BERBER-MUHAMMED_ENES_CAM.json","GPT":"EFE_BORAN_BERBER-GPT.json","CEM_KAYARDI":"EFE_BORAN_BERBER-CEM_KAYARDI.json","IREM_IRMAK_UNLUER":"EFE_BORAN_BERBER-IREM_IRMAK_UNLUER.json","EFE_KASAPOGLU":"EFE_BORAN_BERBER-EFE_KASAPOGLU.json","ALISA_IDA_DELEON":"ALISA_IDA_DELEON-EFE_BORAN_BERBER.json","ELIF_KAYAR":"EFE_BORAN_BERBER-ELIF_KAYAR.json","KENAN_OZCAKIR":"KENAN_OZCAKIR-EFE_BORAN_BERBER.json","CAGATAY_YUREKLI":"CAGATAY_YUREKLI-EFE_BORAN_BERBER.json","YUSUF_KULLUK":"EFE_BORAN_BERBER-YUSUF_KULLUK.json","HASAN_KHALILOV":"EFE_BORAN_BERBER-HASAN_KHALILOV.json","EREN_ADA_DOGAN":"EFE_BORAN_BERBER-EREN_ADA_DOGAN.json","MERT_ACAR":"EFE_BORAN_BERBER-MERT_ACAR.json","PELIN_GORER":"EFE_BORAN_BERBER-PELIN_GORER.json","KARDELEN_KARTAL":"EFE_BORAN_BERBER-KARDELEN_KARTAL.json","ATAKAN_NAKTURK":"EFE_BORAN_BERBER-ATAKAN_NAKTURK.json","SAFA_GOKALP_UGUR":"EFE_BORAN_BERBER-SAFA_GOKALP_UGUR.json","UMUT_ERTUGRUL_DASGIN":"EFE_BORAN_BERBER-UMUT_ERTUGRUL_DASGIN.json","ZEYNEP_ECE_BIKEZ":"EFE_BORAN_BERBER-ZEYNEP_ECE_BIKEZ.json","AGAH_DEMIR_GOK":"EFE_BORAN_BERBER-AGAH_DEMIR_GOK.json","ALI_OZUER":"ALI_OZUER-EFE_BORAN_BERBER.json","BAHAR_CETIN_ASLAN":"BAHAR_CETIN_ASLAN-EFE_BORAN_BERBER.json","HATICE_AYGAN":"HATICE_AYGAN-EFE_BORAN_BERBER.json","SELEN_YULAF":"EFE_BORAN_BERBER-SELEN_YULAF.json","CLAUDE":"EFE_BORAN_BERBER-CLAUDE.json","TARIK_SERTVURAN":"EFE_BORAN_BERBER-TARIK_SERTVURAN.json"},"ELIF_KAYAR":{"MUHAMMED_ENES_CAM":"ELIF_KAYAR-MUHAMMED_ENES_CAM.json","GPT":"ELIF_KAYAR-GPT.json","CEM_KAYARDI":"ELIF_KAYAR-CEM_KAYARDI.json","IREM_IRMAK_UNLUER":"IREM_IRMAK_UNLUER-ELIF_KAYAR.json","EFE_KASAPOGLU":"ELIF_KAYAR-EFE_KASAPOGLU.json","ALISA_IDA_DELEON":"ALISA_IDA_DELEON-ELIF_KAYAR.json","EFE_BORAN_BERBER":"EFE_BORAN_BERBER-ELIF_KAYAR.json","KENAN_OZCAKIR":"KENAN_OZCAKIR-ELIF_KAYAR.json","CAGATAY_YUREKLI":"CAGATAY_YUREKLI-ELIF_KAYAR.json","YUSUF_KULLUK":"ELIF_KAYAR-YUSUF_KULLUK.json","HASAN_KHALILOV":"ELIF_KAYAR-HASAN_KHALILOV.json","EREN_ADA_DOGAN":"ELIF_KAYAR-EREN_ADA_DOGAN.json","MERT_ACAR":"ELIF_KAYAR-MERT_ACAR.json","PELIN_GORER":"ELIF_KAYAR-PELIN_GORER.json","ATAKAN_NAKTURK":"ELIF_KAYAR-ATAKAN_NAKTURK.json","KARDELEN_KARTAL":"ELIF_KAYAR-KARDELEN_KARTAL.json","SAFA_GOKALP_UGUR":"SAFA_GOKALP_UGUR-ELIF_KAYAR.json","ZEYNEP_ECE_BIKEZ":"ELIF_KAYAR-ZEYNEP_ECE_BIKEZ.json","UMUT_ERTUGRUL_DASGIN":"ELIF_KAYAR-UMUT_ERTUGRUL_DASGIN.json","AGAH_DEMIR_GOK":"ELIF_KAYAR-AGAH_DEMIR_GOK.json","ALI_OZUER":"ALI_OZUER-ELIF_KAYAR.json","HATICE_AYGAN":"HATICE_AYGAN-ELIF_KAYAR.json","BAHAR_CETIN_ASLAN":"BAHAR_CETIN_ASLAN-ELIF_KAYAR.json","SELEN_YULAF":"ELIF_KAYAR-SELEN_YULAF.json","CLAUDE":"ELIF_KAYAR-CLAUDE.json","TARIK_SERTVURAN":"ELIF_KAYAR-TARIK_SERTVURAN.json"},"KENAN_OZCAKIR":{"MUHAMMED_ENES_CAM":"KENAN_OZCAKIR-MUHAMMED_ENES_CAM.json","GPT":"KENAN_OZCAKIR-GPT.json","IREM_IRMAK_UNLUER":"KENAN_OZCAKIR-IREM_IRMAK_UNLUER.json","CEM_KAYARDI":"KENAN_OZCAKIR-CEM_KAYARDI.json","EFE_KASAPOGLU":"KENAN_OZCAKIR-EFE_KASAPOGLU.json","ALISA_IDA_DELEON":"ALISA_IDA_DELEON-KENAN_OZCAKIR.json","EFE_BORAN_BERBER":"KENAN_OZCAKIR-EFE_BORAN_BERBER.json","ELIF_KAYAR":"KENAN_OZCAKIR-ELIF_KAYAR.json","CAGATAY_YUREKLI":"CAGATAY_YUREKLI-KENAN_OZCAKIR.json","YUSUF_KULLUK":"KENAN_OZCAKIR-YUSUF_KULLUK.json","HASAN_KHALILOV":"KENAN_OZCAKIR-HASAN_KHALILOV.json","EREN_ADA_DOGAN":"KENAN_OZCAKIR-EREN_ADA_DOGAN.json","MERT_ACAR":"KENAN_OZCAKIR-MERT_ACAR.json","PELIN_GORER":"KENAN_OZCAKIR-PELIN_GORER.json","ATAKAN_NAKTURK":"KENAN_OZCAKIR-ATAKAN_NAKTURK.json","KARDELEN_KARTAL":"KENAN_OZCAKIR-KARDELEN_KARTAL.json","SAFA_GOKALP_UGUR":"KENAN_OZCAKIR-SAFA_GOKALP_UGUR.json","ZEYNEP_ECE_BIKEZ":"KENAN_OZCAKIR-ZEYNEP_ECE_BIKEZ.json","UMUT_ERTUGRUL_DASGIN":"KENAN_OZCAKIR-UMUT_ERTUGRUL_DASGIN.json","AGAH_DEMIR_GOK":"KENAN_OZCAKIR-AGAH_DEMIR_GOK.json","ALI_OZUER":"ALI_OZUER-KENAN_OZCAKIR.json","HATICE_AYGAN":"KENAN_OZCAKIR-HATICE_AYGAN.json","BAHAR_CETIN_ASLAN":"BAHAR_CETIN_ASLAN-KENAN_OZCAKIR.json","SELEN_YULAF":"KENAN_OZCAKIR-SELEN_YULAF.json","CLAUDE":"KENAN_OZCAKIR-CLAUDE.json","TARIK_SERTVURAN":"KENAN_OZCAKIR-TARIK_SERTVURAN.json"},"CAGATAY_YUREKLI":{"MUHAMMED_ENES_CAM":"CAGATAY_YUREKLI-MUHAMMED_ENES_CAM.json","GPT":"CAGATAY_YUREKLI-GPT.json","IREM_IRMAK_UNLUER":"CAGATAY_YUREKLI-IREM_IRMAK_UNLUER.json","CEM_KAYARDI":"CAGATAY_YUREKLI-CEM_KAYARDI.json","EFE_KASAPOGLU":"CAGATAY_YUREKLI-EFE_KASAPOGLU.json","ALISA_IDA_DELEON":"CAGATAY_YUREKLI-ALISA_IDA_DELEON.json","EFE_BORAN_BERBER":"CAGATAY_YUREKLI-EFE_BORAN_BERBER.json","ELIF_KAYAR":"CAGATAY_YUREKLI-ELIF_KAYAR.json","KENAN_OZCAKIR":"CAGATAY_YUREKLI-KENAN_OZCAKIR.json","YUSUF_KULLUK":"CAGATAY_YUREKLI-YUSUF_KULLUK.json","HASAN_KHALILOV":"CAGATAY_YUREKLI-HASAN_KHALILOV.json","EREN_ADA_DOGAN":"CAGATAY_YUREKLI-EREN_ADA_DOGAN.json","MERT_ACAR":"CAGATAY_YUREKLI-MERT_ACAR.json","PELIN_GORER":"CAGATAY_YUREKLI-PELIN_GORER.json","ATAKAN_NAKTURK":"CAGATAY_YUREKLI-ATAKAN_NAKTURK.json","KARDELEN_KARTAL":"CAGATAY_YUREKLI-KARDELEN_KARTAL.json","ZEYNEP_ECE_BIKEZ":"CAGATAY_YUREKLI-ZEYNEP_ECE_BIKEZ.json","SAFA_GOKALP_UGUR":"CAGATAY_YUREKLI-SAFA_GOKALP_UGUR.json","UMUT_ERTUGRUL_DASGIN":"CAGATAY_YUREKLI-UMUT_ERTUGRUL_DASGIN.json","AGAH_DEMIR_GOK":"CAGATAY_YUREKLI-AGAH_DEMIR_GOK.json","HATICE_AYGAN":"CAGATAY_YUREKLI-HATICE_AYGAN.json","ALI_OZUER":"CAGATAY_YUREKLI-ALI_OZUER.json","BAHAR_CETIN_ASLAN":"CAGATAY_YUREKLI-BAHAR_CETIN_ASLAN.json","SELEN_YULAF":"CAGATAY_YUREKLI-SELEN_YULAF.json","CLAUDE":"CAGATAY_YUREKLI-CLAUDE.json","TARIK_SERTVURAN":"CAGATAY_YUREKLI-TARIK_SERTVURAN.json"},"YUSUF_KULLUK":{"MUHAMMED_ENES_CAM":"MUHAMMED_ENES_CAM-YUSUF_KULLUK.json","GPT":"YUSUF_KULLUK-GPT.json","IREM_IRMAK_UNLUER":"IREM_IRMAK_UNLUER-YUSUF_KULLUK.json","CEM_KAYARDI":"CEM_KAYARDI-YUSUF_KULLUK.json","EFE_KASAPOGLU":"YUSUF_KULLUK-EFE_KASAPOGLU.json","ALISA_IDA_DELEON":"ALISA_IDA_DELEON-YUSUF_KULLUK.json","EFE_BORAN_BERBER":"EFE_BORAN_BERBER-YUSUF_KULLUK.json","ELIF_KAYAR":"ELIF_KAYAR-YUSUF_KULLUK.json","KENAN_OZCAKIR":"KENAN_OZCAKIR-YUSUF_KULLUK.json","CAGATAY_YUREKLI":"CAGATAY_YUREKLI-YUSUF_KULLUK.json","HASAN_KHALILOV":"HASAN_KHALILOV-YUSUF_KULLUK.json","EREN_ADA_DOGAN":"EREN_ADA_DOGAN-YUSUF_KULLUK.json","MERT_ACAR":"YUSUF_KULLUK-MERT_ACAR.json","PELIN_GORER":"PELIN_GORER-YUSUF_KULLUK.json","ATAKAN_NAKTURK":"YUSUF_KULLUK-ATAKAN_NAKTURK.json","KARDELEN_KARTAL":"YUSUF_KULLUK-KARDELEN_KARTAL.json","SAFA_GOKALP_UGUR":"SAFA_GOKALP_UGUR-YUSUF_KULLUK.json","UMUT_ERTUGRUL_DASGIN":"YUSUF_KULLUK-UMUT_ERTUGRUL_DASGIN.json","ZEYNEP_ECE_BIKEZ":"ZEYNEP_ECE_BIKEZ-YUSUF_KULLUK.json","AGAH_DEMIR_GOK":"AGAH_DEMIR_GOK-YUSUF_KULLUK.json","HATICE_AYGAN":"HATICE_AYGAN-YUSUF_KULLUK.json","ALI_OZUER":"ALI_OZUER-YUSUF_KULLUK.json","BAHAR_CETIN_ASLAN":"BAHAR_CETIN_ASLAN-YUSUF_KULLUK.json","SELEN_YULAF":"YUSUF_KULLUK-SELEN_YULAF.json","CLAUDE":"YUSUF_KULLUK-CLAUDE.json","TARIK_SERTVURAN":"TARIK_SERTVURAN-YUSUF_KULLUK.json"},"HASAN_KHALILOV":{"MUHAMMED_ENES_CAM":"HASAN_KHALILOV-MUHAMMED_ENES_CAM.json","GPT":"HASAN_KHALILOV-GPT.json","CEM_KAYARDI":"CEM_KAYARDI-HASAN_KHALILOV.json","IREM_IRMAK_UNLUER":"IREM_IRMAK_UNLUER-HASAN_KHALILOV.json","EFE_KASAPOGLU":"HASAN_KHALILOV-EFE_KASAPOGLU.json","ALISA_IDA_DELEON":"ALISA_IDA_DELEON-HASAN_KHALILOV.json","EFE_BORAN_BERBER":"EFE_BORAN_BERBER-HASAN_KHALILOV.json","ELIF_KAYAR":"ELIF_KAYAR-HASAN_KHALILOV.json","KENAN_OZCAKIR":"KENAN_OZCAKIR-HASAN_KHALILOV.json","CAGATAY_YUREKLI":"CAGATAY_YUREKLI-HASAN_KHALILOV.json","YUSUF_KULLUK":"HASAN_KHALILOV-YUSUF_KULLUK.json","EREN_ADA_DOGAN":"EREN_ADA_DOGAN-HASAN_KHALILOV.json","MERT_ACAR":"HASAN_KHALILOV-MERT_ACAR.json","PELIN_GORER":"PELIN_GORER-HASAN_KHALILOV.json","KARDELEN_KARTAL":"HASAN_KHALILOV-KARDELEN_KARTAL.json","ATAKAN_NAKTURK":"HASAN_KHALILOV-ATAKAN_NAKTURK.json","UMUT_ERTUGRUL_DASGIN":"HASAN_KHALILOV-UMUT_ERTUGRUL_DASGIN.json","ZEYNEP_ECE_BIKEZ":"ZEYNEP_ECE_BIKEZ-HASAN_KHALILOV.json","SAFA_GOKALP_UGUR":"SAFA_GOKALP_UGUR-HASAN_KHALILOV.json","AGAH_DEMIR_GOK":"HASAN_KHALILOV-AGAH_DEMIR_GOK.json","HATICE_AYGAN":"HATICE_AYGAN-HASAN_KHALILOV.json","ALI_OZUER":"ALI_OZUER-HASAN_KHALILOV.json","BAHAR_CETIN_ASLAN":"BAHAR_CETIN_ASLAN-HASAN_KHALILOV.json","SELEN_YULAF":"HASAN_KHALILOV-SELEN_YULAF.json","CLAUDE":"HASAN_KHALILOV-CLAUDE.json","TARIK_SERTVURAN":"TARIK_SERTVURAN-HASAN_KHALILOV.json"},"EREN_ADA_DOGAN":{"MUHAMMED_ENES_CAM":"EREN_ADA_DOGAN-MUHAMMED_ENES_CAM.json","GPT":"EREN_ADA_DOGAN-GPT.json","IREM_IRMAK_UNLUER":"IREM_IRMAK_UNLUER-EREN_ADA_DOGAN.json","CEM_KAYARDI":"EREN_ADA_DOGAN-CEM_KAYARDI.json","EFE_KASAPOGLU":"EREN_ADA_DOGAN-EFE_KASAPOGLU.json","ALISA_IDA_DELEON":"ALISA_IDA_DELEON-EREN_ADA_DOGAN.json","EFE_BORAN_BERBER":"EFE_BORAN_BERBER-EREN_ADA_DOGAN.json","ELIF_KAYAR":"ELIF_KAYAR-EREN_ADA_DOGAN.json","KENAN_OZCAKIR":"KENAN_OZCAKIR-EREN_ADA_DOGAN.json","CAGATAY_YUREKLI":"CAGATAY_YUREKLI-EREN_ADA_DOGAN.json","YUSUF_KULLUK":"EREN_ADA_DOGAN-YUSUF_KULLUK.json","HASAN_KHALILOV":"EREN_ADA_DOGAN-HASAN_KHALILOV.json","MERT_ACAR":"EREN_ADA_DOGAN-MERT_ACAR.json","PELIN_GORER":"EREN_ADA_DOGAN-PELIN_GORER.json","KARDELEN_KARTAL":"EREN_ADA_DOGAN-KARDELEN_KARTAL.json","ATAKAN_NAKTURK":"EREN_ADA_DOGAN-ATAKAN_NAKTURK.json","UMUT_ERTUGRUL_DASGIN":"EREN_ADA_DOGAN-UMUT_ERTUGRUL_DASGIN.json","SAFA_GOKALP_UGUR":"SAFA_GOKALP_UGUR-EREN_ADA_DOGAN.json","ZEYNEP_ECE_BIKEZ":"EREN_ADA_DOGAN-ZEYNEP_ECE_BIKEZ.json","AGAH_DEMIR_GOK":"EREN_ADA_DOGAN-AGAH_DEMIR_GOK.json","ALI_OZUER":"ALI_OZUER-EREN_ADA_DOGAN.json","HATICE_AYGAN":"HATICE_AYGAN-EREN_ADA_DOGAN.json","BAHAR_CETIN_ASLAN":"BAHAR_CETIN_ASLAN-EREN_ADA_DOGAN.json","SELEN_YULAF":"EREN_ADA_DOGAN-SELEN_YULAF.json","CLAUDE":"EREN_ADA_DOGAN-CLAUDE.json","TARIK_SERTVURAN":"EREN_ADA_DOGAN-TARIK_SERTVURAN.json"},"MERT_ACAR":{"MUHAMMED_ENES_CAM":"MUHAMMED_ENES_CAM-MERT_ACAR.json","GPT":"GPT-MERT_ACAR.json","CEM_KAYARDI":"CEM_KAYARDI-MERT_ACAR.json","IREM_IRMAK_UNLUER":"IREM_IRMAK_UNLUER-MERT_ACAR.json","EFE_KASAPOGLU":"EFE_KASAPOGLU-MERT_ACAR.json","ALISA_IDA_DELEON":"ALISA_IDA_DELEON-MERT_ACAR.json","EFE_BORAN_BERBER":"EFE_BORAN_BERBER-MERT_ACAR.json","ELIF_KAYAR":"ELIF_KAYAR-MERT_ACAR.json","KENAN_OZCAKIR":"KENAN_OZCAKIR-MERT_ACAR.json","CAGATAY_YUREKLI":"CAGATAY_YUREKLI-MERT_ACAR.json","YUSUF_KULLUK":"YUSUF_KULLUK-MERT_ACAR.json","HASAN_KHALILOV":"HASAN_KHALILOV-MERT_ACAR.json","EREN_ADA_DOGAN":"EREN_ADA_DOGAN-MERT_ACAR.json","PELIN_GORER":"PELIN_GORER-MERT_ACAR.json","KARDELEN_KARTAL":"KARDELEN_KARTAL-MERT_ACAR.json","ATAKAN_NAKTURK":"ATAKAN_NAKTURK-MERT_ACAR.json","SAFA_GOKALP_UGUR":"SAFA_GOKALP_UGUR-MERT_ACAR.json","ZEYNEP_ECE_BIKEZ":"ZEYNEP_ECE_BIKEZ-MERT_ACAR.json","UMUT_ERTUGRUL_DASGIN":"UMUT_ERTUGRUL_DASGIN-MERT_ACAR.json","AGAH_DEMIR_GOK":"AGAH_DEMIR_GOK-MERT_ACAR.json","ALI_OZUER":"ALI_OZUER-MERT_ACAR.json","BAHAR_CETIN_ASLAN":"BAHAR_CETIN_ASLAN-MERT_ACAR.json","HATICE_AYGAN":"HATICE_AYGAN-MERT_ACAR.json","SELEN_YULAF":"SELEN_YULAF-MERT_ACAR.json","CLAUDE":"CLAUDE-MERT_ACAR.json","TARIK_SERTVURAN":"TARIK_SERTVURAN-MERT_ACAR.json"},"PELIN_GORER":{"MUHAMMED_ENES_CAM":"PELIN_GORER-MUHAMMED_ENES_CAM.json","GPT":"PELIN_GORER-GPT.json","IREM_IRMAK_UNLUER":"IREM_IRMAK_UNLUER-PELIN_GORER.json","CEM_KAYARDI":"PELIN_GORER-CEM_KAYARDI.json","EFE_KASAPOGLU":"PELIN_GORER-EFE_KASAPOGLU.json","ALISA_IDA_DELEON":"ALISA_IDA_DELEON-PELIN_GORER.json","EFE_BORAN_BERBER":"EFE_BORAN_BERBER-PELIN_GORER.json","ELIF_KAYAR":"ELIF_KAYAR-PELIN_GORER.json","KENAN_OZCAKIR":"KENAN_OZCAKIR-PELIN_GORER.json","CAGATAY_YUREKLI":"CAGATAY_YUREKLI-PELIN_GORER.json","YUSUF_KULLUK":"PELIN_GORER-YUSUF_KULLUK.json","HASAN_KHALILOV":"PELIN_GORER-HASAN_KHALILOV.json","EREN_ADA_DOGAN":"EREN_ADA_DOGAN-PELIN_GORER.json","MERT_ACAR":"PELIN_GORER-MERT_ACAR.json","KARDELEN_KARTAL":"PELIN_GORER-KARDELEN_KARTAL.json","ATAKAN_NAKTURK":"PELIN_GORER-ATAKAN_NAKTURK.json","UMUT_ERTUGRUL_DASGIN":"PELIN_GORER-UMUT_ERTUGRUL_DASGIN.json","ZEYNEP_ECE_BIKEZ":"ZEYNEP_ECE_BIKEZ-PELIN_GORER.json","SAFA_GOKALP_UGUR":"SAFA_GOKALP_UGUR-PELIN_GORER.json","AGAH_DEMIR_GOK":"PELIN_GORER-AGAH_DEMIR_GOK.json","BAHAR_CETIN_ASLAN":"BAHAR_CETIN_ASLAN-PELIN_GORER.json","HATICE_AYGAN":"HATICE_AYGAN-PELIN_GORER.json","ALI_OZUER":"ALI_OZUER-PELIN_GORER.json","SELEN_YULAF":"PELIN_GORER-SELEN_YULAF.json","CLAUDE":"PELIN_GORER-CLAUDE.json","TARIK_SERTVURAN":"TARIK_SERTVURAN-PELIN_GORER.json"},"KARDELEN_KARTAL":{"MUHAMMED_ENES_CAM":"MUHAMMED_ENES_CAM-KARDELEN_KARTAL.json","GPT":"GPT-KARDELEN_KARTAL.json","CEM_KAYARDI":"CEM_KAYARDI-KARDELEN_KARTAL.json","IREM_IRMAK_UNLUER":"IREM_IRMAK_UNLUER-KARDELEN_KARTAL.json","EFE_KASAPOGLU":"EFE_KASAPOGLU-KARDELEN_KARTAL.json","ALISA_IDA_DELEON":"ALISA_IDA_DELEON-KARDELEN_KARTAL.json","EFE_BORAN_BERBER":"EFE_BORAN_BERBER-KARDELEN_KARTAL.json","ELIF_KAYAR":"ELIF_KAYAR-KARDELEN_KARTAL.json","KENAN_OZCAKIR":"KENAN_OZCAKIR-KARDELEN_KARTAL.json","CAGATAY_YUREKLI":"CAGATAY_YUREKLI-KARDELEN_KARTAL.json","YUSUF_KULLUK":"YUSUF_KULLUK-KARDELEN_KARTAL.json","HASAN_KHALILOV":"HASAN_KHALILOV-KARDELEN_KARTAL.json","EREN_ADA_DOGAN":"EREN_ADA_DOGAN-KARDELEN_KARTAL.json","MERT_ACAR":"KARDELEN_KARTAL-MERT_ACAR.json","PELIN_GORER":"PELIN_GORER-KARDELEN_KARTAL.json","ATAKAN_NAKTURK":"ATAKAN_NAKTURK-KARDELEN_KARTAL.json","UMUT_ERTUGRUL_DASGIN":"UMUT_ERTUGRUL_DASGIN-KARDELEN_KARTAL.json","ZEYNEP_ECE_BIKEZ":"ZEYNEP_ECE_BIKEZ-KARDELEN_KARTAL.json","SAFA_GOKALP_UGUR":"SAFA_GOKALP_UGUR-KARDELEN_KARTAL.json","AGAH_DEMIR_GOK":"AGAH_DEMIR_GOK-KARDELEN_KARTAL.json","BAHAR_CETIN_ASLAN":"BAHAR_CETIN_ASLAN-KARDELEN_KARTAL.json","HATICE_AYGAN":"HATICE_AYGAN-KARDELEN_KARTAL.json","ALI_OZUER":"ALI_OZUER-KARDELEN_KARTAL.json","SELEN_YULAF":"SELEN_YULAF-KARDELEN_KARTAL.json","CLAUDE":"CLAUDE-KARDELEN_KARTAL.json","TARIK_SERTVURAN":"TARIK_SERTVURAN-KARDELEN_KARTAL.json"},"ATAKAN_NAKTURK":{"MUHAMMED_ENES_CAM":"MUHAMMED_ENES_CAM-ATAKAN_NAKTURK.json","GPT":"GPT-ATAKAN_NAKTURK.json","CEM_KAYARDI":"CEM_KAYARDI-ATAKAN_NAKTURK.json","IREM_IRMAK_UNLUER":"IREM_IRMAK_UNLUER-ATAKAN_NAKTURK.json","EFE_KASAPOGLU":"EFE_KASAPOGLU-ATAKAN_NAKTURK.json","ALISA_IDA_DELEON":"ALISA_IDA_DELEON-ATAKAN_NAKTURK.json","EFE_BORAN_BERBER":"EFE_BORAN_BERBER-ATAKAN_NAKTURK.json","ELIF_KAYAR":"ELIF_KAYAR-ATAKAN_NAKTURK.json","KENAN_OZCAKIR":"KENAN_OZCAKIR-ATAKAN_NAKTURK.json","CAGATAY_YUREKLI":"CAGATAY_YUREKLI-ATAKAN_NAKTURK.json","YUSUF_KULLUK":"YUSUF_KULLUK-ATAKAN_NAKTURK.json","HASAN_KHALILOV":"HASAN_KHALILOV-ATAKAN_NAKTURK.json","EREN_ADA_DOGAN":"EREN_ADA_DOGAN-ATAKAN_NAKTURK.json","MERT_ACAR":"ATAKAN_NAKTURK-MERT_ACAR.json","PELIN_GORER":"PELIN_GORER-ATAKAN_NAKTURK.json","KARDELEN_KARTAL":"ATAKAN_NAKTURK-KARDELEN_KARTAL.json","SAFA_GOKALP_UGUR":"SAFA_GOKALP_UGUR-ATAKAN_NAKTURK.json","UMUT_ERTUGRUL_DASGIN":"UMUT_ERTUGRUL_DASGIN-ATAKAN_NAKTURK.json","ZEYNEP_ECE_BIKEZ":"ZEYNEP_ECE_BIKEZ-ATAKAN_NAKTURK.json","AGAH_DEMIR_GOK":"AGAH_DEMIR_GOK-ATAKAN_NAKTURK.json","HATICE_AYGAN":"HATICE_AYGAN-ATAKAN_NAKTURK.json","ALI_OZUER":"ALI_OZUER-ATAKAN_NAKTURK.json","BAHAR_CETIN_ASLAN":"BAHAR_CETIN_ASLAN-ATAKAN_NAKTURK.json","SELEN_YULAF":"SELEN_YULAF-ATAKAN_NAKTURK.json","CLAUDE":"CLAUDE-ATAKAN_NAKTURK.json","TARIK_SERTVURAN":"TARIK_SERTVURAN-ATAKAN_NAKTURK.json"},"UMUT_ERTUGRUL_DASGIN":{"MUHAMMED_ENES_CAM":"MUHAMMED_ENES_CAM-UMUT_ERTUGRUL_DASGIN.json","GPT":"UMUT_ERTUGRUL_DASGIN-GPT.json","IREM_IRMAK_UNLUER":"IREM_IRMAK_UNLUER-UMUT_ERTUGRUL_DASGIN.json","CEM_KAYARDI":"CEM_KAYARDI-UMUT_ERTUGRUL_DASGIN.json","EFE_KASAPOGLU":"EFE_KASAPOGLU-UMUT_ERTUGRUL_DASGIN.json","ALISA_IDA_DELEON":"ALISA_IDA_DELEON-UMUT_ERTUGRUL_DASGIN.json","EFE_BORAN_BERBER":"EFE_BORAN_BERBER-UMUT_ERTUGRUL_DASGIN.json","ELIF_KAYAR":"ELIF_KAYAR-UMUT_ERTUGRUL_DASGIN.json","KENAN_OZCAKIR":"KENAN_OZCAKIR-UMUT_ERTUGRUL_DASGIN.json","CAGATAY_YUREKLI":"CAGATAY_YUREKLI-UMUT_ERTUGRUL_DASGIN.json","YUSUF_KULLUK":"YUSUF_KULLUK-UMUT_ERTUGRUL_DASGIN.json","HASAN_KHALILOV":"HASAN_KHALILOV-UMUT_ERTUGRUL_DASGIN.json","EREN_ADA_DOGAN":"EREN_ADA_DOGAN-UMUT_ERTUGRUL_DASGIN.json","MERT_ACAR":"UMUT_ERTUGRUL_DASGIN-MERT_ACAR.json","PELIN_GORER":"PELIN_GORER-UMUT_ERTUGRUL_DASGIN.json","KARDELEN_KARTAL":"UMUT_ERTUGRUL_DASGIN-KARDELEN_KARTAL.json","ATAKAN_NAKTURK":"UMUT_ERTUGRUL_DASGIN-ATAKAN_NAKTURK.json","ZEYNEP_ECE_BIKEZ":"ZEYNEP_ECE_BIKEZ-UMUT_ERTUGRUL_DASGIN.json","SAFA_GOKALP_UGUR":"SAFA_GOKALP_UGUR-UMUT_ERTUGRUL_DASGIN.json","AGAH_DEMIR_GOK":"AGAH_DEMIR_GOK-UMUT_ERTUGRUL_DASGIN.json","BAHAR_CETIN_ASLAN":"BAHAR_CETIN_ASLAN-UMUT_ERTUGRUL_DASGIN.json","HATICE_AYGAN":"HATICE_AYGAN-UMUT_ERTUGRUL_DASGIN.json","ALI_OZUER":"ALI_OZUER-UMUT_ERTUGRUL_DASGIN.json","SELEN_YULAF":"UMUT_ERTUGRUL_DASGIN-SELEN_YULAF.json","CLAUDE":"UMUT_ERTUGRUL_DASGIN-CLAUDE.json","TARIK_SERTVURAN":"TARIK_SERTVURAN-UMUT_ERTUGRUL_DASGIN.json"},"ZEYNEP_ECE_BIKEZ":{"MUHAMMED_ENES_CAM":"ZEYNEP_ECE_BIKEZ-MUHAMMED_ENES_CAM.json","GPT":"ZEYNEP_ECE_BIKEZ-GPT.json","IREM_IRMAK_UNLUER":"IREM_IRMAK_UNLUER-ZEYNEP_ECE_BIKEZ.json","CEM_KAYARDI":"ZEYNEP_ECE_BIKEZ-CEM_KAYARDI.json","EFE_KASAPOGLU":"ZEYNEP_ECE_BIKEZ-EFE_KASAPOGLU.json","ALISA_IDA_DELEON":"ALISA_IDA_DELEON-ZEYNEP_ECE_BIKEZ.json","EFE_BORAN_BERBER":"EFE_BORAN_BERBER-ZEYNEP_ECE_BIKEZ.json","ELIF_KAYAR":"ELIF_KAYAR-ZEYNEP_ECE_BIKEZ.json","KENAN_OZCAKIR":"KENAN_OZCAKIR-ZEYNEP_ECE_BIKEZ.json","CAGATAY_YUREKLI":"CAGATAY_YUREKLI-ZEYNEP_ECE_BIKEZ.json","YUSUF_KULLUK":"ZEYNEP_ECE_BIKEZ-YUSUF_KULLUK.json","HASAN_KHALILOV":"ZEYNEP_ECE_BIKEZ-HASAN_KHALILOV.json","EREN_ADA_DOGAN":"EREN_ADA_DOGAN-ZEYNEP_ECE_BIKEZ.json","MERT_ACAR":"ZEYNEP_ECE_BIKEZ-MERT_ACAR.json","PELIN_GORER":"ZEYNEP_ECE_BIKEZ-PELIN_GORER.json","KARDELEN_KARTAL":"ZEYNEP_ECE_BIKEZ-KARDELEN_KARTAL.json","ATAKAN_NAKTURK":"ZEYNEP_ECE_BIKEZ-ATAKAN_NAKTURK.json","UMUT_ERTUGRUL_DASGIN":"ZEYNEP_ECE_BIKEZ-UMUT_ERTUGRUL_DASGIN.json","SAFA_GOKALP_UGUR":"SAFA_GOKALP_UGUR-ZEYNEP_ECE_BIKEZ.json","AGAH_DEMIR_GOK":"ZEYNEP_ECE_BIKEZ-AGAH_DEMIR_GOK.json","BAHAR_CETIN_ASLAN":"BAHAR_CETIN_ASLAN-ZEYNEP_ECE_BIKEZ.json","HATICE_AYGAN":"HATICE_AYGAN-ZEYNEP_ECE_BIKEZ.json","ALI_OZUER":"ALI_OZUER-ZEYNEP_ECE_BIKEZ.json","SELEN_YULAF":"ZEYNEP_ECE_BIKEZ-SELEN_YULAF.json","CLAUDE":"ZEYNEP_ECE_BIKEZ-CLAUDE.json","TARIK_SERTVURAN":"ZEYNEP_ECE_BIKEZ-TARIK_SERTVURAN.json"},"SAFA_GOKALP_UGUR":{"MUHAMMED_ENES_CAM":"SAFA_GOKALP_UGUR-MUHAMMED_ENES_CAM.json","GPT":"SAFA_GOKALP_UGUR-GPT.json","CEM_KAYARDI":"SAFA_GOKALP_UGUR-CEM_KAYARDI.json","IREM_IRMAK_UNLUER":"SAFA_GOKALP_UGUR-IREM_IRMAK_UNLUER.json","EFE_KASAPOGLU":"SAFA_GOKALP_UGUR-EFE_KASAPOGLU.json","ALISA_IDA_DELEON":"ALISA_IDA_DELEON-SAFA_GOKALP_UGUR.json","EFE_BORAN_BERBER":"EFE_BORAN_BERBER-SAFA_GOKALP_UGUR.json","ELIF_KAYAR":"SAFA_GOKALP_UGUR-ELIF_KAYAR.json","KENAN_OZCAKIR":"KENAN_OZCAKIR-SAFA_GOKALP_UGUR.json","CAGATAY_YUREKLI":"CAGATAY_YUREKLI-SAFA_GOKALP_UGUR.json","YUSUF_KULLUK":"SAFA_GOKALP_UGUR-YUSUF_KULLUK.json","HASAN_KHALILOV":"SAFA_GOKALP_UGUR-HASAN_KHALILOV.json","EREN_ADA_DOGAN":"SAFA_GOKALP_UGUR-EREN_ADA_DOGAN.json","MERT_ACAR":"SAFA_GOKALP_UGUR-MERT_ACAR.json","PELIN_GORER":"SAFA_GOKALP_UGUR-PELIN_GORER.json","KARDELEN_KARTAL":"SAFA_GOKALP_UGUR-KARDELEN_KARTAL.json","ATAKAN_NAKTURK":"SAFA_GOKALP_UGUR-ATAKAN_NAKTURK.json","UMUT_ERTUGRUL_DASGIN":"SAFA_GOKALP_UGUR-UMUT_ERTUGRUL_DASGIN.json","ZEYNEP_ECE_BIKEZ":"SAFA_GOKALP_UGUR-ZEYNEP_ECE_BIKEZ.json","AGAH_DEMIR_GOK":"SAFA_GOKALP_UGUR-AGAH_DEMIR_GOK.json","BAHAR_CETIN_ASLAN":"BAHAR_CETIN_ASLAN-SAFA_GOKALP_UGUR.json","HATICE_AYGAN":"HATICE_AYGAN-SAFA_GOKALP_UGUR.json","ALI_OZUER":"ALI_OZUER-SAFA_GOKALP_UGUR.json","SELEN_YULAF":"SAFA_GOKALP_UGUR-SELEN_YULAF.json","CLAUDE":"SAFA_GOKALP_UGUR-CLAUDE.json","TARIK_SERTVURAN":"SAFA_GOKALP_UGUR-TARIK_SERTVURAN.json"},"AGAH_DEMIR_GOK":{"MUHAMMED_ENES_CAM":"MUHAMMED_ENES_CAM-AGAH_DEMIR_GOK.json","GPT":"AGAH_DEMIR_GOK-GPT.json","CEM_KAYARDI":"CEM_KAYARDI-AGAH_DEMIR_GOK.json","IREM_IRMAK_UNLUER":"IREM_IRMAK_UNLUER-AGAH_DEMIR_GOK.json","EFE_KASAPOGLU":"AGAH_DEMIR_GOK-EFE_KASAPOGLU.json","ALISA_IDA_DELEON":"ALISA_IDA_DELEON-AGAH_DEMIR_GOK.json","EFE_BORAN_BERBER":"EFE_BORAN_BERBER-AGAH_DEMIR_GOK.json","ELIF_KAYAR":"ELIF_KAYAR-AGAH_DEMIR_GOK.json","KENAN_OZCAKIR":"KENAN_OZCAKIR-AGAH_DEMIR_GOK.json","CAGATAY_YUREKLI":"CAGATAY_YUREKLI-AGAH_DEMIR_GOK.json","YUSUF_KULLUK":"AGAH_DEMIR_GOK-YUSUF_KULLUK.json","HASAN_KHALILOV":"HASAN_KHALILOV-AGAH_DEMIR_GOK.json","EREN_ADA_DOGAN":"EREN_ADA_DOGAN-AGAH_DEMIR_GOK.json","MERT_ACAR":"AGAH_DEMIR_GOK-MERT_ACAR.json","PELIN_GORER":"PELIN_GORER-AGAH_DEMIR_GOK.json","KARDELEN_KARTAL":"AGAH_DEMIR_GOK-KARDELEN_KARTAL.json","ATAKAN_NAKTURK":"AGAH_DEMIR_GOK-ATAKAN_NAKTURK.json","UMUT_ERTUGRUL_DASGIN":"AGAH_DEMIR_GOK-UMUT_ERTUGRUL_DASGIN.json","ZEYNEP_ECE_BIKEZ":"ZEYNEP_ECE_BIKEZ-AGAH_DEMIR_GOK.json","SAFA_GOKALP_UGUR":"SAFA_GOKALP_UGUR-AGAH_DEMIR_GOK.json","BAHAR_CETIN_ASLAN":"BAHAR_CETIN_ASLAN-AGAH_DEMIR_GOK.json","HATICE_AYGAN":"HATICE_AYGAN-AGAH_DEMIR_GOK.json","ALI_OZUER":"ALI_OZUER-AGAH_DEMIR_GOK.json","SELEN_YULAF":"AGAH_DEMIR_GOK-SELEN_YULAF.json","CLAUDE":"AGAH_DEMIR_GOK-CLAUDE.json","TARIK_SERTVURAN":"TARIK_SERTVURAN-AGAH_DEMIR_GOK.json"},"ALI_OZUER":{"MUHAMMED_ENES_CAM":"ALI_OZUER-MUHAMMED_ENES_CAM.json","GPT":"ALI_OZUER-GPT.json","IREM_IRMAK_UNLUER":"ALI_OZUER-IREM_IRMAK_UNLUER.json","CEM_KAYARDI":"ALI_OZUER-CEM_KAYARDI.json","EFE_KASAPOGLU":"ALI_OZUER-EFE_KASAPOGLU.json","ALISA_IDA_DELEON":"ALISA_IDA_DELEON-ALI_OZUER.json","EFE_BORAN_BERBER":"ALI_OZUER-EFE_BORAN_BERBER.json","ELIF_KAYAR":"ALI_OZUER-ELIF_KAYAR.json","KENAN_OZCAKIR":"ALI_OZUER-KENAN_OZCAKIR.json","CAGATAY_YUREKLI":"CAGATAY_YUREKLI-ALI_OZUER.json","YUSUF_KULLUK":"ALI_OZUER-YUSUF_KULLUK.json","HASAN_KHALILOV":"ALI_OZUER-HASAN_KHALILOV.json","EREN_ADA_DOGAN":"ALI_OZUER-EREN_ADA_DOGAN.json","MERT_ACAR":"ALI_OZUER-MERT_ACAR.json","PELIN_GORER":"ALI_OZUER-PELIN_GORER.json","ATAKAN_NAKTURK":"ALI_OZUER-ATAKAN_NAKTURK.json","KARDELEN_KARTAL":"ALI_OZUER-KARDELEN_KARTAL.json","SAFA_GOKALP_UGUR":"ALI_OZUER-SAFA_GOKALP_UGUR.json","ZEYNEP_ECE_BIKEZ":"ALI_OZUER-ZEYNEP_ECE_BIKEZ.json","UMUT_ERTUGRUL_DASGIN":"ALI_OZUER-UMUT_ERTUGRUL_DASGIN.json","AGAH_DEMIR_GOK":"ALI_OZUER-AGAH_DEMIR_GOK.json","HATICE_AYGAN":"ALI_OZUER-HATICE_AYGAN.json","BAHAR_CETIN_ASLAN":"BAHAR_CETIN_ASLAN-ALI_OZUER.json","SELEN_YULAF":"ALI_OZUER-SELEN_YULAF.json","CLAUDE":"ALI_OZUER-CLAUDE.json","TARIK_SERTVURAN":"ALI_OZUER-TARIK_SERTVURAN.json"},"BAHAR_CETIN_ASLAN":{"MUHAMMED_ENES_CAM":"BAHAR_CETIN_ASLAN-MUHAMMED_ENES_CAM.json","GPT":"BAHAR_CETIN_ASLAN-GPT.json","IREM_IRMAK_UNLUER":"BAHAR_CETIN_ASLAN-IREM_IRMAK_UNLUER.json","CEM_KAYARDI":"BAHAR_CETIN_ASLAN-CEM_KAYARDI.json","EFE_KASAPOGLU":"BAHAR_CETIN_ASLAN-EFE_KASAPOGLU.json","ALISA_IDA_DELEON":"BAHAR_CETIN_ASLAN-ALISA_IDA_DELEON.json","EFE_BORAN_BERBER":"BAHAR_CETIN_ASLAN-EFE_BORAN_BERBER.json","ELIF_KAYAR":"BAHAR_CETIN_ASLAN-ELIF_KAYAR.json","KENAN_OZCAKIR":"BAHAR_CETIN_ASLAN-KENAN_OZCAKIR.json","CAGATAY_YUREKLI":"CAGATAY_YUREKLI-BAHAR_CETIN_ASLAN.json","YUSUF_KULLUK":"BAHAR_CETIN_ASLAN-YUSUF_KULLUK.json","HASAN_KHALILOV":"BAHAR_CETIN_ASLAN-HASAN_KHALILOV.json","EREN_ADA_DOGAN":"BAHAR_CETIN_ASLAN-EREN_ADA_DOGAN.json","MERT_ACAR":"BAHAR_CETIN_ASLAN-MERT_ACAR.json","PELIN_GORER":"BAHAR_CETIN_ASLAN-PELIN_GORER.json","KARDELEN_KARTAL":"BAHAR_CETIN_ASLAN-KARDELEN_KARTAL.json","ATAKAN_NAKTURK":"BAHAR_CETIN_ASLAN-ATAKAN_NAKTURK.json","UMUT_ERTUGRUL_DASGIN":"BAHAR_CETIN_ASLAN-UMUT_ERTUGRUL_DASGIN.json","ZEYNEP_ECE_BIKEZ":"BAHAR_CETIN_ASLAN-ZEYNEP_ECE_BIKEZ.json","SAFA_GOKALP_UGUR":"BAHAR_CETIN_ASLAN-SAFA_GOKALP_UGUR.json","AGAH_DEMIR_GOK":"BAHAR_CETIN_ASLAN-AGAH_DEMIR_GOK.json","HATICE_AYGAN":"BAHAR_CETIN_ASLAN-HATICE_AYGAN.json","ALI_OZUER":"BAHAR_CETIN_ASLAN-ALI_OZUER.json","SELEN_YULAF":"BAHAR_CETIN_ASLAN-SELEN_YULAF.json","CLAUDE":"BAHAR_CETIN_ASLAN-CLAUDE.json","TARIK_SERTVURAN":"BAHAR_CETIN_ASLAN-TARIK_SERTVURAN.json"},"HATICE_AYGAN":{"MUHAMMED_ENES_CAM":"HATICE_AYGAN-MUHAMMED_ENES_CAM.json","GPT":"HATICE_AYGAN-GPT.json","CEM_KAYARDI":"HATICE_AYGAN-CEM_KAYARDI.json","IREM_IRMAK_UNLUER":"HATICE_AYGAN-IREM_IRMAK_UNLUER.json","EFE_KASAPOGLU":"HATICE_AYGAN-EFE_KASAPOGLU.json","ALISA_IDA_DELEON":"ALISA_IDA_DELEON-HATICE_AYGAN.json","EFE_BORAN_BERBER":"HATICE_AYGAN-EFE_BORAN_BERBER.json","ELIF_KAYAR":"HATICE_AYGAN-ELIF_KAYAR.json","KENAN_OZCAKIR":"KENAN_OZCAKIR-HATICE_AYGAN.json","CAGATAY_YUREKLI":"CAGATAY_YUREKLI-HATICE_AYGAN.json","YUSUF_KULLUK":"HATICE_AYGAN-YUSUF_KULLUK.json","HASAN_KHALILOV":"HATICE_AYGAN-HASAN_KHALILOV.json","EREN_ADA_DOGAN":"HATICE_AYGAN-EREN_ADA_DOGAN.json","MERT_ACAR":"HATICE_AYGAN-MERT_ACAR.json","PELIN_GORER":"HATICE_AYGAN-PELIN_GORER.json","ATAKAN_NAKTURK":"HATICE_AYGAN-ATAKAN_NAKTURK.json","KARDELEN_KARTAL":"HATICE_AYGAN-KARDELEN_KARTAL.json","ZEYNEP_ECE_BIKEZ":"HATICE_AYGAN-ZEYNEP_ECE_BIKEZ.json","SAFA_GOKALP_UGUR":"HATICE_AYGAN-SAFA_GOKALP_UGUR.json","UMUT_ERTUGRUL_DASGIN":"HATICE_AYGAN-UMUT_ERTUGRUL_DASGIN.json","AGAH_DEMIR_GOK":"HATICE_AYGAN-AGAH_DEMIR_GOK.json","ALI_OZUER":"ALI_OZUER-HATICE_AYGAN.json","BAHAR_CETIN_ASLAN":"BAHAR_CETIN_ASLAN-HATICE_AYGAN.json","SELEN_YULAF":"HATICE_AYGAN-SELEN_YULAF.json","CLAUDE":"HATICE_AYGAN-CLAUDE.json","TARIK_SERTVURAN":"HATICE_AYGAN-TARIK_SERTVURAN.json"},"SELEN_YULAF":{"MUHAMMED_ENES_CAM":"MUHAMMED_ENES_CAM-SELEN_YULAF.json","GPT":"SELEN_YULAF-GPT.json","IREM_IRMAK_UNLUER":"IREM_IRMAK_UNLUER-SELEN_YULAF.json","CEM_KAYARDI":"CEM_KAYARDI-SELEN_YULAF.json","EFE_KASAPOGLU":"EFE_KASAPOGLU-SELEN_YULAF.json","ALISA_IDA_DELEON":"ALISA_IDA_DELEON-SELEN_YULAF.json","EFE_BORAN_BERBER":"EFE_BORAN_BERBER-SELEN_YULAF.json","ELIF_KAYAR":"ELIF_KAYAR-SELEN_YULAF.json","KENAN_OZCAKIR":"KENAN_OZCAKIR-SELEN_YULAF.json","CAGATAY_YUREKLI":"CAGATAY_YUREKLI-SELEN_YULAF.json","YUSUF_KULLUK":"YUSUF_KULLUK-SELEN_YULAF.json","HASAN_KHALILOV":"HASAN_KHALILOV-SELEN_YULAF.json","EREN_ADA_DOGAN":"EREN_ADA_DOGAN-SELEN_YULAF.json","MERT_ACAR":"SELEN_YULAF-MERT_ACAR.json","PELIN_GORER":"PELIN_GORER-SELEN_YULAF.json","KARDELEN_KARTAL":"SELEN_YULAF-KARDELEN_KARTAL.json","ATAKAN_NAKTURK":"SELEN_YULAF-ATAKAN_NAKTURK.json","ZEYNEP_ECE_BIKEZ":"ZEYNEP_ECE_BIKEZ-SELEN_YULAF.json","UMUT_ERTUGRUL_DASGIN":"UMUT_ERTUGRUL_DASGIN-SELEN_YULAF.json","SAFA_GOKALP_UGUR":"SAFA_GOKALP_UGUR-SELEN_YULAF.json","AGAH_DEMIR_GOK":"AGAH_DEMIR_GOK-SELEN_YULAF.json","ALI_OZUER":"ALI_OZUER-SELEN_YULAF.json","HATICE_AYGAN":"HATICE_AYGAN-SELEN_YULAF.json","BAHAR_CETIN_ASLAN":"BAHAR_CETIN_ASLAN-SELEN_YULAF.json","CLAUDE":"SELEN_YULAF-CLAUDE.json","TARIK_SERTVURAN":"TARIK_SERTVURAN-SELEN_YULAF.json"},"CLAUDE":{"MUHAMMED_ENES_CAM":"MUHAMMED_ENES_CAM-CLAUDE.json","GPT":"CLAUDE-GPT.json","CEM_KAYARDI":"CEM_KAYARDI-CLAUDE.json","IREM_IRMAK_UNLUER":"IREM_IRMAK_UNLUER-CLAUDE.json","EFE_KASAPOGLU":"EFE_KASAPOGLU-CLAUDE.json","ALISA_IDA_DELEON":"ALISA_IDA_DELEON-CLAUDE.json","EFE_BORAN_BERBER":"EFE_BORAN_BERBER-CLAUDE.json","ELIF_KAYAR":"ELIF_KAYAR-CLAUDE.json","KENAN_OZCAKIR":"KENAN_OZCAKIR-CLAUDE.json","CAGATAY_YUREKLI":"CAGATAY_YUREKLI-CLAUDE.json","YUSUF_KULLUK":"YUSUF_KULLUK-CLAUDE.json","HASAN_KHALILOV":"HASAN_KHALILOV-CLAUDE.json","EREN_ADA_DOGAN":"EREN_ADA_DOGAN-CLAUDE.json","MERT_ACAR":"CLAUDE-MERT_ACAR.json","PELIN_GORER":"PELIN_GORER-CLAUDE.json","KARDELEN_KARTAL":"CLAUDE-KARDELEN_KARTAL.json","ATAKAN_NAKTURK":"CLAUDE-ATAKAN_NAKTURK.json","UMUT_ERTUGRUL_DASGIN":"UMUT_ERTUGRUL_DASGIN-CLAUDE.json","ZEYNEP_ECE_BIKEZ":"ZEYNEP_ECE_BIKEZ-CLAUDE.json","SAFA_GOKALP_UGUR":"SAFA_GOKALP_UGUR-CLAUDE.json","AGAH_DEMIR_GOK":"AGAH_DEMIR_GOK-CLAUDE.json","HATICE_AYGAN":"HATICE_AYGAN-CLAUDE.json","BAHAR_CETIN_ASLAN":"BAHAR_CETIN_ASLAN-CLAUDE.json","ALI_OZUER":"ALI_OZUER-CLAUDE.json","SELEN_YULAF":"SELEN_YULAF-CLAUDE.json","TARIK_SERTVURAN":"TARIK_SERTVURAN-CLAUDE.json"},"TARIK_SERTVURAN":{"MUHAMMED_ENES_CAM":"TARIK_SERTVURAN-MUHAMMED_ENES_CAM.json","GPT":"TARIK_SERTVURAN-GPT.json","CEM_KAYARDI":"TARIK_SERTVURAN-CEM_KAYARDI.json","IREM_IRMAK_UNLUER":"IREM_IRMAK_UNLUER-TARIK_SERTVURAN.json","EFE_KASAPOGLU":"TARIK_SERTVURAN-EFE_KASAPOGLU.json","ALISA_IDA_DELEON":"ALISA_IDA_DELEON-TARIK_SERTVURAN.json","EFE_BORAN_BERBER":"EFE_BORAN_BERBER-TARIK_SERTVURAN.json","ELIF_KAYAR":"ELIF_KAYAR-TARIK_SERTVURAN.json","KENAN_OZCAKIR":"KENAN_OZCAKIR-TARIK_SERTVURAN.json","CAGATAY_YUREKLI":"CAGATAY_YUREKLI-TARIK_SERTVURAN.json","YUSUF_KULLUK":"TARIK_SERTVURAN-YUSUF_KULLUK.json","HASAN_KHALILOV":"TARIK_SERTVURAN-HASAN_KHALILOV.json","EREN_ADA_DOGAN":"EREN_ADA_DOGAN-TARIK_SERTVURAN.json","MERT_ACAR":"TARIK_SERTVURAN-MERT_ACAR.json","PELIN_GORER":"TARIK_SERTVURAN-PELIN_GORER.json","KARDELEN_KARTAL":"TARIK_SERTVURAN-KARDELEN_KARTAL.json","ATAKAN_NAKTURK":"TARIK_SERTVURAN-ATAKAN_NAKTURK.json","UMUT_ERTUGRUL_DASGIN":"TARIK_SERTVURAN-UMUT_ERTUGRUL_DASGIN.json","SAFA_GOKALP_UGUR":"SAFA_GOKALP_UGUR-TARIK_SERTVURAN.json","ZEYNEP_ECE_BIKEZ":"ZEYNEP_ECE_BIKEZ-TARIK_SERTVURAN.json","AGAH_DEMIR_GOK":"TARIK_SERTVURAN-AGAH_DEMIR_GOK.json","BAHAR_CETIN_ASLAN":"BAHAR_CETIN_ASLAN-TARIK_SERTVURAN.json","HATICE_AYGAN":"HATICE_AYGAN-TARIK_SERTVURAN.json","ALI_OZUER":"ALI_OZUER-TARIK_SERTVURAN.json","SELEN_YULAF":"TARIK_SERTVURAN-SELEN_YULAF.json","CLAUDE":"TARIK_SERTVURAN-CLAUDE.json"}}}