{"fileIndexes":{"MUHAMMED_ENES_CAM":{"MUHAMMED_ENES_CAM/LinkedListQuestions.cpp":{"tokenCount":66}},"GPT":{"GPT/LinkedListQuestions.cpp":{"tokenCount":95}},"IREM_IRMAK_UNLUER":{"IREM_IRMAK_UNLUER/LinkedListQuestions.cpp":{"tokenCount":46}},"CEM_KAYARDI":{"CEM_KAYARDI/LinkedListQuestions.cpp":{"tokenCount":64}},"EFE_KASAPOGLU":{"EFE_KASAPOGLU/LinkedListQuestions.cpp":{"tokenCount":80}},"ALISA_IDA_DELEON":{"ALISA_IDA_DELEON/LinkedListQuestions.cpp":{"tokenCount":18}},"EFE_BORAN_BERBER":{"EFE_BORAN_BERBER/LinkedListQuestions1.cpp":{"tokenCount":32}},"ELIF_KAYAR":{"ELIF_KAYAR/LinkedListQuestions.cpp":{"tokenCount":47}},"KENAN_OZCAKIR":{"KENAN_OZCAKIR/LinkedListQuestions.cpp":{"tokenCount":18}},"CAGATAY_YUREKLI":{"CAGATAY_YUREKLI/LinkedListQuestions.cpp":{"tokenCount":5}},"YUSUF_KULLUK":{"YUSUF_KULLUK/LinkedListQuestions.cpp":{"tokenCount":78}},"HASAN_KHALILOV":{"HASAN_KHALILOV/LinkedListQuestions.cpp":{"tokenCount":64}},"EREN_ADA_DOGAN":{"EREN_ADA_DOGAN/LinkedListQuestions.cpp":{"tokenCount":59}},"MERT_ACAR":{"MERT_ACAR/LinkedListQuestions.cpp":{"tokenCount":24},"MERT_ACAR/LinkedList.cpp":{"tokenCount":133},"MERT_ACAR/main.cpp":{"tokenCount":127}},"PELIN_GORER":{"PELIN_GORER/LinkedListQuestions.cpp":{"tokenCount":63}},"KARDELEN_KARTAL":{"KARDELEN_KARTAL/LinkedListQuestions.cpp":{"tokenCount":131}},"ATAKAN_NAKTURK":{"ATAKAN_NAKTURK/LinkedListQuestions.cpp":{"tokenCount":117}},"UMUT_ERTUGRUL_DASGIN":{"UMUT_ERTUGRUL_DASGIN/LinkedListQuestions.cpp":{"tokenCount":85}},"ZEYNEP_ECE_BIKEZ":{"ZEYNEP_ECE_BIKEZ/LinkedListQuestions.cpp":{"tokenCount":60}},"SAFA_GOKALP_UGUR":{"SAFA_GOKALP_UGUR/LinkedListQuestions.cpp":{"tokenCount":37}},"AGAH_DEMIR_GOK":{"AGAH_DEMIR_GOK/LinkedListQuestions.cpp":{"tokenCount":71}},"ALI_OZUER":{"ALI_OZUER/LinkedListQuestions.cpp":{"tokenCount":18}},"BAHAR_CETIN_ASLAN":{"BAHAR_CETIN_ASLAN/LinkedListQuestionsbc.cpp":{"tokenCount":13}},"HATICE_AYGAN":{"HATICE_AYGAN/hatice_aygan.cpp":{"tokenCount":31}},"SELEN_YULAF":{"SELEN_YULAF/LinkedListQuestions.cpp":{"tokenCount":46},"SELEN_YULAF/selen linked list questions.cpp":{"tokenCount":46}},"CLAUDE":{"CLAUDE/LinkedListQuestions.cpp":{"tokenCount":94}},"TARIK_SERTVURAN":{"TARIK_SERTVURAN/LinkedListQuestions.cpp":{"tokenCount":62}}}}