[{"firstSubmission":"ALI_OZUER","secondSubmission":"KENAN_OZCAKIR","similarities":{"AVG":1.0,"MAX":1.0,"MAXIMUM_LENGTH":18.0,"LONGEST_MATCH":10.0}},{"firstSubmission":"ALISA_IDA_DELEON","secondSubmission":"KENAN_OZCAKIR","similarities":{"AVG":1.0,"MAX":1.0,"MAXIMUM_LENGTH":18.0,"LONGEST_MATCH":10.0}},{"firstSubmission":"ALISA_IDA_DELEON","secondSubmission":"ALI_OZUER","similarities":{"AVG":1.0,"MAX":1.0,"MAXIMUM_LENGTH":18.0,"LONGEST_MATCH":10.0}},{"firstSubmission":"EFE_KASAPOGLU","secondSubmission":"UMUT_ERTUGRUL_DASGIN","similarities":{"AVG":1.0,"MAX":1.0,"MAXIMUM_LENGTH":85.0,"LONGEST_MATCH":79.0}},{"firstSubmission":"EFE_KASAPOGLU","secondSubmission":"GPT","similarities":{"AVG":0.8901734104046243,"MAX":0.8987341772151899,"MAXIMUM_LENGTH":95.0,"LONGEST_MATCH":32.0}},{"firstSubmission":"AGAH_DEMIR_GOK","secondSubmission":"UMUT_ERTUGRUL_DASGIN","similarities":{"AVG":0.8246753246753247,"MAX":0.9,"MAXIMUM_LENGTH":85.0,"LONGEST_MATCH":22.0}},{"firstSubmission":"PELIN_GORER","secondSubmission":"MUHAMMED_ENES_CAM","similarities":{"AVG":0.7933884297520661,"MAX":0.8153846153846154,"MAXIMUM_LENGTH":66.0,"LONGEST_MATCH":25.0}},{"firstSubmission":"PELIN_GORER","secondSubmission":"UMUT_ERTUGRUL_DASGIN","similarities":{"AVG":0.7642857142857142,"MAX":0.875,"MAXIMUM_LENGTH":85.0,"LONGEST_MATCH":26.0}},{"firstSubmission":"PELIN_GORER","secondSubmission":"GPT","similarities":{"AVG":0.76,"MAX":0.9107142857142857,"MAXIMUM_LENGTH":95.0,"LONGEST_MATCH":30.0}},{"firstSubmission":"UMUT_ERTUGRUL_DASGIN","secondSubmission":"GPT","similarities":{"AVG":0.6966292134831461,"MAX":0.7380952380952381,"MAXIMUM_LENGTH":95.0,"LONGEST_MATCH":24.0}},{"firstSubmission":"AGAH_DEMIR_GOK","secondSubmission":"EFE_KASAPOGLU","similarities":{"AVG":0.6778523489932886,"MAX":0.6962025316455697,"MAXIMUM_LENGTH":80.0,"LONGEST_MATCH":21.0}},{"firstSubmission":"MUHAMMED_ENES_CAM","secondSubmission":"EFE_KASAPOGLU","similarities":{"AVG":0.625,"MAX":0.6923076923076923,"MAXIMUM_LENGTH":80.0,"LONGEST_MATCH":15.0}},{"firstSubmission":"TARIK_SERTVURAN","secondSubmission":"UMUT_ERTUGRUL_DASGIN","similarities":{"AVG":0.6206896551724138,"MAX":0.7377049180327869,"MAXIMUM_LENGTH":85.0,"LONGEST_MATCH":15.0}},{"firstSubmission":"UMUT_ERTUGRUL_DASGIN","secondSubmission":"CLAUDE","similarities":{"AVG":0.5819209039548022,"MAX":0.5952380952380952,"MAXIMUM_LENGTH":94.0,"LONGEST_MATCH":18.0}},{"firstSubmission":"EFE_KASAPOGLU","secondSubmission":"KARDELEN_KARTAL","similarities":{"AVG":0.5454545454545454,"MAX":0.7215189873417721,"MAXIMUM_LENGTH":131.0,"LONGEST_MATCH":18.0}},{"firstSubmission":"IREM_IRMAK_UNLUER","secondSubmission":"UMUT_ERTUGRUL_DASGIN","similarities":{"AVG":0.5040650406504065,"MAX":0.7948717948717948,"MAXIMUM_LENGTH":85.0,"LONGEST_MATCH":18.0}},{"firstSubmission":"TARIK_SERTVURAN","secondSubmission":"MUHAMMED_ENES_CAM","similarities":{"AVG":0.49206349206349204,"MAX":0.5081967213114754,"MAXIMUM_LENGTH":66.0,"LONGEST_MATCH":10.0}},{"firstSubmission":"ZEYNEP_ECE_BIKEZ","secondSubmission":"YUSUF_KULLUK","similarities":{"AVG":0.45161290322580644,"MAX":0.5283018867924528,"MAXIMUM_LENGTH":78.0,"LONGEST_MATCH":8.0}},{"firstSubmission":"TARIK_SERTVURAN","secondSubmission":"EFE_KASAPOGLU","similarities":{"AVG":0.44285714285714284,"MAX":0.5081967213114754,"MAXIMUM_LENGTH":80.0,"LONGEST_MATCH":8.0}},{"firstSubmission":"UMUT_ERTUGRUL_DASGIN","secondSubmission":"KARDELEN_KARTAL","similarities":{"AVG":0.4392523364485981,"MAX":0.5595238095238095,"MAXIMUM_LENGTH":131.0,"LONGEST_MATCH":18.0}},{"firstSubmission":"IREM_IRMAK_UNLUER","secondSubmission":"EFE_KASAPOGLU","similarities":{"AVG":0.423728813559322,"MAX":0.6410256410256411,"MAXIMUM_LENGTH":80.0,"LONGEST_MATCH":18.0}},{"firstSubmission":"CLAUDE","secondSubmission":"ATAKAN_NAKTURK","similarities":{"AVG":0.42105263157894735,"MAX":0.4731182795698925,"MAXIMUM_LENGTH":117.0,"LONGEST_MATCH":16.0}},{"firstSubmission":"EFE_BORAN_BERBER","secondSubmission":"MUHAMMED_ENES_CAM","similarities":{"AVG":0.4166666666666667,"MAX":0.6451612903225806,"MAXIMUM_LENGTH":66.0,"LONGEST_MATCH":7.0}},{"firstSubmission":"GPT","secondSubmission":"KARDELEN_KARTAL","similarities":{"AVG":0.39285714285714285,"MAX":0.46808510638297873,"MAXIMUM_LENGTH":131.0,"LONGEST_MATCH":9.0}},{"firstSubmission":"MUHAMMED_ENES_CAM","secondSubmission":"UMUT_ERTUGRUL_DASGIN","similarities":{"AVG":0.38926174496644295,"MAX":0.4461538461538462,"MAXIMUM_LENGTH":85.0,"LONGEST_MATCH":13.0}},{"firstSubmission":"IREM_IRMAK_UNLUER","secondSubmission":"PELIN_GORER","similarities":{"AVG":0.37894736842105264,"MAX":0.46153846153846156,"MAXIMUM_LENGTH":63.0,"LONGEST_MATCH":6.0}},{"firstSubmission":"IREM_IRMAK_UNLUER","secondSubmission":"GPT","similarities":{"AVG":0.37593984962406013,"MAX":0.6410256410256411,"MAXIMUM_LENGTH":95.0,"LONGEST_MATCH":18.0}},{"firstSubmission":"MUHAMMED_ENES_CAM","secondSubmission":"GPT","similarities":{"AVG":0.36477987421383645,"MAX":0.4461538461538462,"MAXIMUM_LENGTH":95.0,"LONGEST_MATCH":13.0}},{"firstSubmission":"YUSUF_KULLUK","secondSubmission":"SELEN_YULAF","similarities":{"AVG":0.36363636363636365,"MAX":0.39436619718309857,"MAXIMUM_LENGTH":92.0,"LONGEST_MATCH":8.0}},{"firstSubmission":"TARIK_SERTVURAN","secondSubmission":"SELEN_YULAF","similarities":{"AVG":0.3611111111111111,"MAX":0.4262295081967213,"MAXIMUM_LENGTH":92.0,"LONGEST_MATCH":8.0}},{"firstSubmission":"MUHAMMED_ENES_CAM","secondSubmission":"KARDELEN_KARTAL","similarities":{"AVG":0.358974358974359,"MAX":0.5384615384615384,"MAXIMUM_LENGTH":131.0,"LONGEST_MATCH":8.0}},{"firstSubmission":"MUHAMMED_ENES_CAM","secondSubmission":"SELEN_YULAF","similarities":{"AVG":0.35135135135135137,"MAX":0.4,"MAXIMUM_LENGTH":92.0,"LONGEST_MATCH":12.0}},{"firstSubmission":"ZEYNEP_ECE_BIKEZ","secondSubmission":"CLAUDE","similarities":{"AVG":0.3424657534246575,"MAX":0.4716981132075472,"MAXIMUM_LENGTH":94.0,"LONGEST_MATCH":7.0}},{"firstSubmission":"PELIN_GORER","secondSubmission":"EFE_KASAPOGLU","similarities":{"AVG":0.34074074074074073,"MAX":0.4107142857142857,"MAXIMUM_LENGTH":80.0,"LONGEST_MATCH":14.0}},{"firstSubmission":"CEM_KAYARDI","secondSubmission":"UMUT_ERTUGRUL_DASGIN","similarities":{"AVG":0.3404255319148936,"MAX":0.42105263157894735,"MAXIMUM_LENGTH":85.0,"LONGEST_MATCH":10.0}},{"firstSubmission":"TARIK_SERTVURAN","secondSubmission":"CEM_KAYARDI","similarities":{"AVG":0.3389830508474576,"MAX":0.3508771929824561,"MAXIMUM_LENGTH":64.0,"LONGEST_MATCH":8.0}},{"firstSubmission":"EFE_BORAN_BERBER","secondSubmission":"SAFA_GOKALP_UGUR","similarities":{"AVG":0.3333333333333333,"MAX":0.3448275862068966,"MAXIMUM_LENGTH":37.0,"LONGEST_MATCH":10.0}},{"firstSubmission":"CLAUDE","secondSubmission":"GPT","similarities":{"AVG":0.3315508021390374,"MAX":0.3333333333333333,"MAXIMUM_LENGTH":95.0,"LONGEST_MATCH":17.0}},{"firstSubmission":"AGAH_DEMIR_GOK","secondSubmission":"KARDELEN_KARTAL","similarities":{"AVG":0.33,"MAX":0.4714285714285714,"MAXIMUM_LENGTH":131.0,"LONGEST_MATCH":11.0}},{"firstSubmission":"AGAH_DEMIR_GOK","secondSubmission":"GPT","similarities":{"AVG":0.32926829268292684,"MAX":0.38571428571428573,"MAXIMUM_LENGTH":95.0,"LONGEST_MATCH":13.0}},{"firstSubmission":"IREM_IRMAK_UNLUER","secondSubmission":"MUHAMMED_ENES_CAM","similarities":{"AVG":0.3269230769230769,"MAX":0.4358974358974359,"MAXIMUM_LENGTH":66.0,"LONGEST_MATCH":10.0}},{"firstSubmission":"EFE_BORAN_BERBER","secondSubmission":"TARIK_SERTVURAN","similarities":{"AVG":0.32608695652173914,"MAX":0.4838709677419355,"MAXIMUM_LENGTH":62.0,"LONGEST_MATCH":9.0}},{"firstSubmission":"EREN_ADA_DOGAN","secondSubmission":"MUHAMMED_ENES_CAM","similarities":{"AVG":0.3247863247863248,"MAX":0.36538461538461536,"MAXIMUM_LENGTH":66.0,"LONGEST_MATCH":19.0}},{"firstSubmission":"ZEYNEP_ECE_BIKEZ","secondSubmission":"EFE_KASAPOGLU","similarities":{"AVG":0.3181818181818182,"MAX":0.39622641509433965,"MAXIMUM_LENGTH":80.0,"LONGEST_MATCH":13.0}},{"firstSubmission":"EFE_KASAPOGLU","secondSubmission":"ATAKAN_NAKTURK","similarities":{"AVG":0.31794871794871793,"MAX":0.3924050632911392,"MAXIMUM_LENGTH":117.0,"LONGEST_MATCH":10.0}},{"firstSubmission":"TARIK_SERTVURAN","secondSubmission":"KARDELEN_KARTAL","similarities":{"AVG":0.31413612565445026,"MAX":0.4918032786885246,"MAXIMUM_LENGTH":131.0,"LONGEST_MATCH":8.0}},{"firstSubmission":"UMUT_ERTUGRUL_DASGIN","secondSubmission":"SELEN_YULAF","similarities":{"AVG":0.31137724550898205,"MAX":0.3132530120481928,"MAXIMUM_LENGTH":92.0,"LONGEST_MATCH":8.0}},{"firstSubmission":"SAFA_GOKALP_UGUR","secondSubmission":"TARIK_SERTVURAN","similarities":{"AVG":0.3111111111111111,"MAX":0.4827586206896552,"MAXIMUM_LENGTH":62.0,"LONGEST_MATCH":7.0}},{"firstSubmission":"CEM_KAYARDI","secondSubmission":"GPT","similarities":{"AVG":0.304635761589404,"MAX":0.40350877192982454,"MAXIMUM_LENGTH":95.0,"LONGEST_MATCH":10.0}},{"firstSubmission":"SAFA_GOKALP_UGUR","secondSubmission":"CEM_KAYARDI","similarities":{"AVG":0.3023255813953488,"MAX":0.4482758620689655,"MAXIMUM_LENGTH":64.0,"LONGEST_MATCH":7.0}},{"firstSubmission":"EFE_KASAPOGLU","secondSubmission":"SELEN_YULAF","similarities":{"AVG":0.2962962962962963,"MAX":0.3037974683544304,"MAXIMUM_LENGTH":92.0,"LONGEST_MATCH":12.0}},{"firstSubmission":"EFE_BORAN_BERBER","secondSubmission":"CEM_KAYARDI","similarities":{"AVG":0.29545454545454547,"MAX":0.41935483870967744,"MAXIMUM_LENGTH":64.0,"LONGEST_MATCH":7.0}},{"firstSubmission":"SAFA_GOKALP_UGUR","secondSubmission":"IREM_IRMAK_UNLUER","similarities":{"AVG":0.29411764705882354,"MAX":0.3448275862068966,"MAXIMUM_LENGTH":46.0,"LONGEST_MATCH":10.0}},{"firstSubmission":"CEM_KAYARDI","secondSubmission":"EFE_KASAPOGLU","similarities":{"AVG":0.29411764705882354,"MAX":0.3508771929824561,"MAXIMUM_LENGTH":80.0,"LONGEST_MATCH":12.0}},{"firstSubmission":"KENAN_OZCAKIR","secondSubmission":"EFE_BORAN_BERBER","similarities":{"AVG":0.2926829268292683,"MAX":0.6,"MAXIMUM_LENGTH":32.0,"LONGEST_MATCH":6.0}},{"firstSubmission":"BAHAR_CETIN_ASLAN","secondSubmission":"SAFA_GOKALP_UGUR","similarities":{"AVG":0.2926829268292683,"MAX":0.5,"MAXIMUM_LENGTH":37.0,"LONGEST_MATCH":6.0}},{"firstSubmission":"ALI_OZUER","secondSubmission":"EFE_BORAN_BERBER","similarities":{"AVG":0.2926829268292683,"MAX":0.6,"MAXIMUM_LENGTH":32.0,"LONGEST_MATCH":6.0}},{"firstSubmission":"ALISA_IDA_DELEON","secondSubmission":"EFE_BORAN_BERBER","similarities":{"AVG":0.2926829268292683,"MAX":0.6,"MAXIMUM_LENGTH":32.0,"LONGEST_MATCH":6.0}},{"firstSubmission":"EFE_BORAN_BERBER","secondSubmission":"IREM_IRMAK_UNLUER","similarities":{"AVG":0.2857142857142857,"MAX":0.3225806451612903,"MAXIMUM_LENGTH":46.0,"LONGEST_MATCH":10.0}},{"firstSubmission":"TARIK_SERTVURAN","secondSubmission":"GPT","similarities":{"AVG":0.2838709677419355,"MAX":0.36065573770491804,"MAXIMUM_LENGTH":95.0,"LONGEST_MATCH":8.0}},{"firstSubmission":"IREM_IRMAK_UNLUER","secondSubmission":"ZEYNEP_ECE_BIKEZ","similarities":{"AVG":0.2826086956521739,"MAX":0.3333333333333333,"MAXIMUM_LENGTH":60.0,"LONGEST_MATCH":7.0}},{"firstSubmission":"KENAN_OZCAKIR","secondSubmission":"ELIF_KAYAR","similarities":{"AVG":0.28,"MAX":0.7,"MAXIMUM_LENGTH":47.0,"LONGEST_MATCH":7.0}},{"firstSubmission":"ALI_OZUER","secondSubmission":"ELIF_KAYAR","similarities":{"AVG":0.28,"MAX":0.7,"MAXIMUM_LENGTH":47.0,"LONGEST_MATCH":7.0}},{"firstSubmission":"ALISA_IDA_DELEON","secondSubmission":"ELIF_KAYAR","similarities":{"AVG":0.28,"MAX":0.7,"MAXIMUM_LENGTH":47.0,"LONGEST_MATCH":7.0}},{"firstSubmission":"BAHAR_CETIN_ASLAN","secondSubmission":"EFE_BORAN_BERBER","similarities":{"AVG":0.27906976744186046,"MAX":0.5,"MAXIMUM_LENGTH":32.0,"LONGEST_MATCH":6.0}},{"firstSubmission":"ZEYNEP_ECE_BIKEZ","secondSubmission":"UMUT_ERTUGRUL_DASGIN","similarities":{"AVG":0.2773722627737226,"MAX":0.3584905660377358,"MAXIMUM_LENGTH":85.0,"LONGEST_MATCH":13.0}},{"firstSubmission":"EFE_BORAN_BERBER","secondSubmission":"PELIN_GORER","similarities":{"AVG":0.27586206896551724,"MAX":0.3870967741935484,"MAXIMUM_LENGTH":63.0,"LONGEST_MATCH":6.0}},{"firstSubmission":"TARIK_SERTVURAN","secondSubmission":"PELIN_GORER","similarities":{"AVG":0.27350427350427353,"MAX":0.2857142857142857,"MAXIMUM_LENGTH":63.0,"LONGEST_MATCH":8.0}},{"firstSubmission":"PELIN_GORER","secondSubmission":"KARDELEN_KARTAL","similarities":{"AVG":0.26881720430107525,"MAX":0.44642857142857145,"MAXIMUM_LENGTH":131.0,"LONGEST_MATCH":10.0}},{"firstSubmission":"ATAKAN_NAKTURK","secondSubmission":"KARDELEN_KARTAL","similarities":{"AVG":0.2682926829268293,"MAX":0.28448275862068967,"MAXIMUM_LENGTH":131.0,"LONGEST_MATCH":10.0}},{"firstSubmission":"PELIN_GORER","secondSubmission":"YUSUF_KULLUK","similarities":{"AVG":0.2677165354330709,"MAX":0.30357142857142855,"MAXIMUM_LENGTH":78.0,"LONGEST_MATCH":11.0}},{"firstSubmission":"ZEYNEP_ECE_BIKEZ","secondSubmission":"ATAKAN_NAKTURK","similarities":{"AVG":0.2603550295857988,"MAX":0.41509433962264153,"MAXIMUM_LENGTH":117.0,"LONGEST_MATCH":8.0}},{"firstSubmission":"ZEYNEP_ECE_BIKEZ","secondSubmission":"AGAH_DEMIR_GOK","similarities":{"AVG":0.2601626016260163,"MAX":0.3018867924528302,"MAXIMUM_LENGTH":71.0,"LONGEST_MATCH":10.0}},{"firstSubmission":"IREM_IRMAK_UNLUER","secondSubmission":"TARIK_SERTVURAN","similarities":{"AVG":0.26,"MAX":0.3333333333333333,"MAXIMUM_LENGTH":62.0,"LONGEST_MATCH":7.0}},{"firstSubmission":"PELIN_GORER","secondSubmission":"SELEN_YULAF","similarities":{"AVG":0.2589928057553957,"MAX":0.32142857142857145,"MAXIMUM_LENGTH":92.0,"LONGEST_MATCH":6.0}},{"firstSubmission":"EFE_KASAPOGLU","secondSubmission":"CLAUDE","similarities":{"AVG":0.2558139534883721,"MAX":0.27848101265822783,"MAXIMUM_LENGTH":94.0,"LONGEST_MATCH":10.0}},{"firstSubmission":"SELEN_YULAF","secondSubmission":"GPT","similarities":{"AVG":0.24858757062146894,"MAX":0.26506024096385544,"MAXIMUM_LENGTH":95.0,"LONGEST_MATCH":10.0}},{"firstSubmission":"YUSUF_KULLUK","secondSubmission":"ATAKAN_NAKTURK","similarities":{"AVG":0.24598930481283424,"MAX":0.323943661971831,"MAXIMUM_LENGTH":117.0,"LONGEST_MATCH":10.0}},{"firstSubmission":"AGAH_DEMIR_GOK","secondSubmission":"CLAUDE","similarities":{"AVG":0.24539877300613497,"MAX":0.2857142857142857,"MAXIMUM_LENGTH":94.0,"LONGEST_MATCH":8.0}},{"firstSubmission":"SAFA_GOKALP_UGUR","secondSubmission":"AGAH_DEMIR_GOK","similarities":{"AVG":0.24242424242424243,"MAX":0.41379310344827586,"MAXIMUM_LENGTH":71.0,"LONGEST_MATCH":6.0}},{"firstSubmission":"TARIK_SERTVURAN","secondSubmission":"YUSUF_KULLUK","similarities":{"AVG":0.24242424242424243,"MAX":0.26229508196721313,"MAXIMUM_LENGTH":78.0,"LONGEST_MATCH":10.0}},{"firstSubmission":"TARIK_SERTVURAN","secondSubmission":"HASAN_KHALILOV","similarities":{"AVG":0.24193548387096775,"MAX":0.2459016393442623,"MAXIMUM_LENGTH":64.0,"LONGEST_MATCH":8.0}},{"firstSubmission":"SAFA_GOKALP_UGUR","secondSubmission":"EFE_KASAPOGLU","similarities":{"AVG":0.24074074074074073,"MAX":0.4482758620689655,"MAXIMUM_LENGTH":80.0,"LONGEST_MATCH":7.0}},{"firstSubmission":"ZEYNEP_ECE_BIKEZ","secondSubmission":"KARDELEN_KARTAL","similarities":{"AVG":0.24043715846994534,"MAX":0.41509433962264153,"MAXIMUM_LENGTH":131.0,"LONGEST_MATCH":13.0}},{"firstSubmission":"ELIF_KAYAR","secondSubmission":"TARIK_SERTVURAN","similarities":{"AVG":0.2376237623762376,"MAX":0.3,"MAXIMUM_LENGTH":62.0,"LONGEST_MATCH":6.0}},{"firstSubmission":"EFE_BORAN_BERBER","secondSubmission":"EFE_KASAPOGLU","similarities":{"AVG":0.23636363636363636,"MAX":0.41935483870967744,"MAXIMUM_LENGTH":80.0,"LONGEST_MATCH":7.0}},{"firstSubmission":"BAHAR_CETIN_ASLAN","secondSubmission":"IREM_IRMAK_UNLUER","similarities":{"AVG":0.23529411764705882,"MAX":0.5,"MAXIMUM_LENGTH":46.0,"LONGEST_MATCH":6.0}},{"firstSubmission":"UMUT_ERTUGRUL_DASGIN","secondSubmission":"ATAKAN_NAKTURK","similarities":{"AVG":0.23,"MAX":0.27380952380952384,"MAXIMUM_LENGTH":117.0,"LONGEST_MATCH":10.0}},{"firstSubmission":"ZEYNEP_ECE_BIKEZ","secondSubmission":"TARIK_SERTVURAN","similarities":{"AVG":0.22807017543859648,"MAX":0.24528301886792453,"MAXIMUM_LENGTH":62.0,"LONGEST_MATCH":7.0}},{"firstSubmission":"EFE_BORAN_BERBER","secondSubmission":"UMUT_ERTUGRUL_DASGIN","similarities":{"AVG":0.22608695652173913,"MAX":0.41935483870967744,"MAXIMUM_LENGTH":85.0,"LONGEST_MATCH":7.0}},{"firstSubmission":"KENAN_OZCAKIR","secondSubmission":"EREN_ADA_DOGAN","similarities":{"AVG":0.22580645161290322,"MAX":0.7,"MAXIMUM_LENGTH":59.0,"LONGEST_MATCH":7.0}},{"firstSubmission":"ALI_OZUER","secondSubmission":"EREN_ADA_DOGAN","similarities":{"AVG":0.22580645161290322,"MAX":0.7,"MAXIMUM_LENGTH":59.0,"LONGEST_MATCH":7.0}},{"firstSubmission":"ALISA_IDA_DELEON","secondSubmission":"EREN_ADA_DOGAN","similarities":{"AVG":0.22580645161290322,"MAX":0.7,"MAXIMUM_LENGTH":59.0,"LONGEST_MATCH":7.0}},{"firstSubmission":"EFE_BORAN_BERBER","secondSubmission":"CLAUDE","similarities":{"AVG":0.22580645161290322,"MAX":0.45161290322580644,"MAXIMUM_LENGTH":94.0,"LONGEST_MATCH":7.0}},{"firstSubmission":"EFE_BORAN_BERBER","secondSubmission":"ELIF_KAYAR","similarities":{"AVG":0.22535211267605634,"MAX":0.25806451612903225,"MAXIMUM_LENGTH":47.0,"LONGEST_MATCH":8.0}},{"firstSubmission":"CEM_KAYARDI","secondSubmission":"KARDELEN_KARTAL","similarities":{"AVG":0.22459893048128343,"MAX":0.3684210526315789,"MAXIMUM_LENGTH":131.0,"LONGEST_MATCH":8.0}},{"firstSubmission":"IREM_IRMAK_UNLUER","secondSubmission":"EREN_ADA_DOGAN","similarities":{"AVG":0.21978021978021978,"MAX":0.2564102564102564,"MAXIMUM_LENGTH":59.0,"LONGEST_MATCH":10.0}},{"firstSubmission":"EREN_ADA_DOGAN","secondSubmission":"KARDELEN_KARTAL","similarities":{"AVG":0.21978021978021978,"MAX":0.38461538461538464,"MAXIMUM_LENGTH":131.0,"LONGEST_MATCH":7.0}},{"firstSubmission":"KARDELEN_KARTAL","secondSubmission":"MERT_ACAR","similarities":{"AVG":0.21782178217821782,"MAX":0.3384615384615385,"MAXIMUM_LENGTH":284.0,"LONGEST_MATCH":10.0}},{"firstSubmission":"CLAUDE","secondSubmission":"KARDELEN_KARTAL","similarities":{"AVG":0.21524663677130046,"MAX":0.25806451612903225,"MAXIMUM_LENGTH":131.0,"LONGEST_MATCH":12.0}},{"firstSubmission":"AGAH_DEMIR_GOK","secondSubmission":"ATAKAN_NAKTURK","similarities":{"AVG":0.21505376344086022,"MAX":0.2857142857142857,"MAXIMUM_LENGTH":117.0,"LONGEST_MATCH":8.0}},{"firstSubmission":"IREM_IRMAK_UNLUER","secondSubmission":"SELEN_YULAF","similarities":{"AVG":0.21311475409836064,"MAX":0.3333333333333333,"MAXIMUM_LENGTH":92.0,"LONGEST_MATCH":7.0}},{"firstSubmission":"IREM_IRMAK_UNLUER","secondSubmission":"KARDELEN_KARTAL","similarities":{"AVG":0.21301775147928995,"MAX":0.46153846153846156,"MAXIMUM_LENGTH":131.0,"LONGEST_MATCH":6.0}},{"firstSubmission":"SELEN_YULAF","secondSubmission":"MERT_ACAR","similarities":{"AVG":0.21288515406162464,"MAX":0.4578313253012048,"MAXIMUM_LENGTH":284.0,"LONGEST_MATCH":12.0}},{"firstSubmission":"HATICE_AYGAN","secondSubmission":"CLAUDE","similarities":{"AVG":0.21138211382113822,"MAX":0.43333333333333335,"MAXIMUM_LENGTH":94.0,"LONGEST_MATCH":7.0}},{"firstSubmission":"HASAN_KHALILOV","secondSubmission":"AGAH_DEMIR_GOK","similarities":{"AVG":0.21052631578947367,"MAX":0.2222222222222222,"MAXIMUM_LENGTH":71.0,"LONGEST_MATCH":7.0}},{"firstSubmission":"GPT","secondSubmission":"ATAKAN_NAKTURK","similarities":{"AVG":0.20952380952380953,"MAX":0.23404255319148937,"MAXIMUM_LENGTH":117.0,"LONGEST_MATCH":8.0}},{"firstSubmission":"HASAN_KHALILOV","secondSubmission":"YUSUF_KULLUK","similarities":{"AVG":0.208955223880597,"MAX":0.2222222222222222,"MAXIMUM_LENGTH":78.0,"LONGEST_MATCH":8.0}},{"firstSubmission":"EFE_BORAN_BERBER","secondSubmission":"GPT","similarities":{"AVG":0.208,"MAX":0.41935483870967744,"MAXIMUM_LENGTH":95.0,"LONGEST_MATCH":7.0}},{"firstSubmission":"HATICE_AYGAN","secondSubmission":"CEM_KAYARDI","similarities":{"AVG":0.20689655172413793,"MAX":0.3,"MAXIMUM_LENGTH":64.0,"LONGEST_MATCH":9.0}},{"firstSubmission":"ELIF_KAYAR","secondSubmission":"CEM_KAYARDI","similarities":{"AVG":0.20618556701030927,"MAX":0.25,"MAXIMUM_LENGTH":64.0,"LONGEST_MATCH":10.0}},{"firstSubmission":"ZEYNEP_ECE_BIKEZ","secondSubmission":"GPT","similarities":{"AVG":0.20408163265306123,"MAX":0.2830188679245283,"MAXIMUM_LENGTH":95.0,"LONGEST_MATCH":8.0}},{"firstSubmission":"YUSUF_KULLUK","secondSubmission":"EFE_KASAPOGLU","similarities":{"AVG":0.2,"MAX":0.2112676056338028,"MAXIMUM_LENGTH":80.0,"LONGEST_MATCH":9.0}},{"firstSubmission":"CEM_KAYARDI","secondSubmission":"SELEN_YULAF","similarities":{"AVG":0.2,"MAX":0.24561403508771928,"MAXIMUM_LENGTH":92.0,"LONGEST_MATCH":14.0}},{"firstSubmission":"EREN_ADA_DOGAN","secondSubmission":"EFE_KASAPOGLU","similarities":{"AVG":0.1984732824427481,"MAX":0.25,"MAXIMUM_LENGTH":80.0,"LONGEST_MATCH":13.0}},{"firstSubmission":"HATICE_AYGAN","secondSubmission":"EFE_BORAN_BERBER","similarities":{"AVG":0.19672131147540983,"MAX":0.2,"MAXIMUM_LENGTH":32.0,"LONGEST_MATCH":6.0}},{"firstSubmission":"CEM_KAYARDI","secondSubmission":"MUHAMMED_ENES_CAM","similarities":{"AVG":0.19672131147540983,"MAX":0.21052631578947367,"MAXIMUM_LENGTH":66.0,"LONGEST_MATCH":12.0}},{"firstSubmission":"YUSUF_KULLUK","secondSubmission":"GPT","similarities":{"AVG":0.19393939393939394,"MAX":0.22535211267605634,"MAXIMUM_LENGTH":95.0,"LONGEST_MATCH":9.0}},{"firstSubmission":"YUSUF_KULLUK","secondSubmission":"UMUT_ERTUGRUL_DASGIN","similarities":{"AVG":0.1935483870967742,"MAX":0.2112676056338028,"MAXIMUM_LENGTH":85.0,"LONGEST_MATCH":9.0}},{"firstSubmission":"ZEYNEP_ECE_BIKEZ","secondSubmission":"SELEN_YULAF","similarities":{"AVG":0.19117647058823528,"MAX":0.24528301886792453,"MAXIMUM_LENGTH":92.0,"LONGEST_MATCH":7.0}},{"firstSubmission":"EREN_ADA_DOGAN","secondSubmission":"UMUT_ERTUGRUL_DASGIN","similarities":{"AVG":0.19117647058823528,"MAX":0.25,"MAXIMUM_LENGTH":85.0,"LONGEST_MATCH":13.0}},{"firstSubmission":"CEM_KAYARDI","secondSubmission":"AGAH_DEMIR_GOK","similarities":{"AVG":0.1889763779527559,"MAX":0.21052631578947367,"MAXIMUM_LENGTH":71.0,"LONGEST_MATCH":6.0}},{"firstSubmission":"EFE_KASAPOGLU","secondSubmission":"MERT_ACAR","similarities":{"AVG":0.18696883852691218,"MAX":0.4177215189873418,"MAXIMUM_LENGTH":284.0,"LONGEST_MATCH":15.0}},{"firstSubmission":"BAHAR_CETIN_ASLAN","secondSubmission":"ZEYNEP_ECE_BIKEZ","similarities":{"AVG":0.18461538461538463,"MAX":0.5,"MAXIMUM_LENGTH":60.0,"LONGEST_MATCH":6.0}},{"firstSubmission":"ZEYNEP_ECE_BIKEZ","secondSubmission":"PELIN_GORER","similarities":{"AVG":0.1834862385321101,"MAX":0.18867924528301888,"MAXIMUM_LENGTH":63.0,"LONGEST_MATCH":10.0}},{"firstSubmission":"TARIK_SERTVURAN","secondSubmission":"CLAUDE","similarities":{"AVG":0.18181818181818182,"MAX":0.22950819672131148,"MAXIMUM_LENGTH":94.0,"LONGEST_MATCH":8.0}},{"firstSubmission":"UMUT_ERTUGRUL_DASGIN","secondSubmission":"MERT_ACAR","similarities":{"AVG":0.1787709497206704,"MAX":0.38095238095238093,"MAXIMUM_LENGTH":284.0,"LONGEST_MATCH":11.0}},{"firstSubmission":"EREN_ADA_DOGAN","secondSubmission":"GPT","similarities":{"AVG":0.1780821917808219,"MAX":0.25,"MAXIMUM_LENGTH":95.0,"LONGEST_MATCH":13.0}},{"firstSubmission":"BAHAR_CETIN_ASLAN","secondSubmission":"PELIN_GORER","similarities":{"AVG":0.17647058823529413,"MAX":0.5,"MAXIMUM_LENGTH":63.0,"LONGEST_MATCH":6.0}},{"firstSubmission":"HASAN_KHALILOV","secondSubmission":"KARDELEN_KARTAL","similarities":{"AVG":0.17616580310880828,"MAX":0.2698412698412698,"MAXIMUM_LENGTH":131.0,"LONGEST_MATCH":10.0}},{"firstSubmission":"ELIF_KAYAR","secondSubmission":"EREN_ADA_DOGAN","similarities":{"AVG":0.17391304347826086,"MAX":0.2,"MAXIMUM_LENGTH":59.0,"LONGEST_MATCH":8.0}},{"firstSubmission":"BAHAR_CETIN_ASLAN","secondSubmission":"CEM_KAYARDI","similarities":{"AVG":0.17391304347826086,"MAX":0.5,"MAXIMUM_LENGTH":64.0,"LONGEST_MATCH":6.0}},{"firstSubmission":"KENAN_OZCAKIR","secondSubmission":"SELEN_YULAF","similarities":{"AVG":0.17204301075268819,"MAX":0.8,"MAXIMUM_LENGTH":92.0,"LONGEST_MATCH":8.0}},{"firstSubmission":"ALI_OZUER","secondSubmission":"SELEN_YULAF","similarities":{"AVG":0.17204301075268819,"MAX":0.8,"MAXIMUM_LENGTH":92.0,"LONGEST_MATCH":8.0}},{"firstSubmission":"ALISA_IDA_DELEON","secondSubmission":"SELEN_YULAF","similarities":{"AVG":0.17204301075268819,"MAX":0.8,"MAXIMUM_LENGTH":92.0,"LONGEST_MATCH":8.0}},{"firstSubmission":"TARIK_SERTVURAN","secondSubmission":"ATAKAN_NAKTURK","similarities":{"AVG":0.1694915254237288,"MAX":0.2459016393442623,"MAXIMUM_LENGTH":117.0,"LONGEST_MATCH":9.0}},{"firstSubmission":"SELEN_YULAF","secondSubmission":"KARDELEN_KARTAL","similarities":{"AVG":0.16901408450704225,"MAX":0.21686746987951808,"MAXIMUM_LENGTH":131.0,"LONGEST_MATCH":6.0}},{"firstSubmission":"GPT","secondSubmission":"MERT_ACAR","similarities":{"AVG":0.16847826086956522,"MAX":0.32978723404255317,"MAXIMUM_LENGTH":284.0,"LONGEST_MATCH":10.0}},{"firstSubmission":"EREN_ADA_DOGAN","secondSubmission":"PELIN_GORER","similarities":{"AVG":0.16666666666666666,"MAX":0.17307692307692307,"MAXIMUM_LENGTH":63.0,"LONGEST_MATCH":9.0}},{"firstSubmission":"MUHAMMED_ENES_CAM","secondSubmission":"MERT_ACAR","similarities":{"AVG":0.16519174041297935,"MAX":0.4307692307692308,"MAXIMUM_LENGTH":284.0,"LONGEST_MATCH":15.0}},{"firstSubmission":"BAHAR_CETIN_ASLAN","secondSubmission":"TARIK_SERTVURAN","similarities":{"AVG":0.1643835616438356,"MAX":0.5,"MAXIMUM_LENGTH":62.0,"LONGEST_MATCH":6.0}},{"firstSubmission":"HASAN_KHALILOV","secondSubmission":"UMUT_ERTUGRUL_DASGIN","similarities":{"AVG":0.16326530612244897,"MAX":0.19047619047619047,"MAXIMUM_LENGTH":85.0,"LONGEST_MATCH":12.0}},{"firstSubmission":"MUHAMMED_ENES_CAM","secondSubmission":"AGAH_DEMIR_GOK","similarities":{"AVG":0.16296296296296298,"MAX":0.16923076923076924,"MAXIMUM_LENGTH":71.0,"LONGEST_MATCH":11.0}},{"firstSubmission":"KENAN_OZCAKIR","secondSubmission":"MUHAMMED_ENES_CAM","similarities":{"AVG":0.16,"MAX":0.6,"MAXIMUM_LENGTH":66.0,"LONGEST_MATCH":6.0}},{"firstSubmission":"ALI_OZUER","secondSubmission":"MUHAMMED_ENES_CAM","similarities":{"AVG":0.16,"MAX":0.6,"MAXIMUM_LENGTH":66.0,"LONGEST_MATCH":6.0}},{"firstSubmission":"ALISA_IDA_DELEON","secondSubmission":"MUHAMMED_ENES_CAM","similarities":{"AVG":0.16,"MAX":0.6,"MAXIMUM_LENGTH":66.0,"LONGEST_MATCH":6.0}},{"firstSubmission":"AGAH_DEMIR_GOK","secondSubmission":"MERT_ACAR","similarities":{"AVG":0.1569767441860465,"MAX":0.38571428571428573,"MAXIMUM_LENGTH":284.0,"LONGEST_MATCH":8.0}},{"firstSubmission":"BAHAR_CETIN_ASLAN","secondSubmission":"MUHAMMED_ENES_CAM","similarities":{"AVG":0.15584415584415584,"MAX":0.5,"MAXIMUM_LENGTH":66.0,"LONGEST_MATCH":6.0}},{"firstSubmission":"SAFA_GOKALP_UGUR","secondSubmission":"KARDELEN_KARTAL","similarities":{"AVG":0.1509433962264151,"MAX":0.41379310344827586,"MAXIMUM_LENGTH":131.0,"LONGEST_MATCH":6.0}},{"firstSubmission":"EFE_BORAN_BERBER","secondSubmission":"KARDELEN_KARTAL","similarities":{"AVG":0.14906832298136646,"MAX":0.3870967741935484,"MAXIMUM_LENGTH":131.0,"LONGEST_MATCH":6.0}},{"firstSubmission":"SAFA_GOKALP_UGUR","secondSubmission":"MUHAMMED_ENES_CAM","similarities":{"AVG":0.14893617021276595,"MAX":0.2413793103448276,"MAXIMUM_LENGTH":66.0,"LONGEST_MATCH":7.0}},{"firstSubmission":"SAFA_GOKALP_UGUR","secondSubmission":"ZEYNEP_ECE_BIKEZ","similarities":{"AVG":0.14634146341463414,"MAX":0.20689655172413793,"MAXIMUM_LENGTH":60.0,"LONGEST_MATCH":6.0}},{"firstSubmission":"EREN_ADA_DOGAN","secondSubmission":"YUSUF_KULLUK","similarities":{"AVG":0.14634146341463414,"MAX":0.17307692307692307,"MAXIMUM_LENGTH":78.0,"LONGEST_MATCH":9.0}},{"firstSubmission":"BAHAR_CETIN_ASLAN","secondSubmission":"AGAH_DEMIR_GOK","similarities":{"AVG":0.14634146341463414,"MAX":0.5,"MAXIMUM_LENGTH":71.0,"LONGEST_MATCH":6.0}},{"firstSubmission":"IREM_IRMAK_UNLUER","secondSubmission":"CEM_KAYARDI","similarities":{"AVG":0.14583333333333334,"MAX":0.1794871794871795,"MAXIMUM_LENGTH":64.0,"LONGEST_MATCH":7.0}},{"firstSubmission":"CEM_KAYARDI","secondSubmission":"MERT_ACAR","similarities":{"AVG":0.14501510574018128,"MAX":0.42105263157894735,"MAXIMUM_LENGTH":284.0,"LONGEST_MATCH":12.0}},{"firstSubmission":"EFE_BORAN_BERBER","secondSubmission":"ZEYNEP_ECE_BIKEZ","similarities":{"AVG":0.14285714285714285,"MAX":0.1935483870967742,"MAXIMUM_LENGTH":60.0,"LONGEST_MATCH":6.0}},{"firstSubmission":"HATICE_AYGAN","secondSubmission":"SELEN_YULAF","similarities":{"AVG":0.1415929203539823,"MAX":0.26666666666666666,"MAXIMUM_LENGTH":92.0,"LONGEST_MATCH":8.0}},{"firstSubmission":"SAFA_GOKALP_UGUR","secondSubmission":"PELIN_GORER","similarities":{"AVG":0.1411764705882353,"MAX":0.20689655172413793,"MAXIMUM_LENGTH":63.0,"LONGEST_MATCH":6.0}},{"firstSubmission":"HASAN_KHALILOV","secondSubmission":"EFE_KASAPOGLU","similarities":{"AVG":0.14084507042253522,"MAX":0.15873015873015872,"MAXIMUM_LENGTH":80.0,"LONGEST_MATCH":10.0}},{"firstSubmission":"EREN_ADA_DOGAN","secondSubmission":"HASAN_KHALILOV","similarities":{"AVG":0.1391304347826087,"MAX":0.15384615384615385,"MAXIMUM_LENGTH":64.0,"LONGEST_MATCH":8.0}},{"firstSubmission":"ZEYNEP_ECE_BIKEZ","secondSubmission":"MUHAMMED_ENES_CAM","similarities":{"AVG":0.13559322033898305,"MAX":0.1509433962264151,"MAXIMUM_LENGTH":66.0,"LONGEST_MATCH":8.0}},{"firstSubmission":"PELIN_GORER","secondSubmission":"HASAN_KHALILOV","similarities":{"AVG":0.13445378151260504,"MAX":0.14285714285714285,"MAXIMUM_LENGTH":64.0,"LONGEST_MATCH":8.0}},{"firstSubmission":"CEM_KAYARDI","secondSubmission":"CLAUDE","similarities":{"AVG":0.13333333333333333,"MAX":0.17543859649122806,"MAXIMUM_LENGTH":94.0,"LONGEST_MATCH":10.0}},{"firstSubmission":"MUHAMMED_ENES_CAM","secondSubmission":"YUSUF_KULLUK","similarities":{"AVG":0.1323529411764706,"MAX":0.13846153846153847,"MAXIMUM_LENGTH":78.0,"LONGEST_MATCH":9.0}},{"firstSubmission":"BAHAR_CETIN_ASLAN","secondSubmission":"EFE_KASAPOGLU","similarities":{"AVG":0.13186813186813187,"MAX":0.5,"MAXIMUM_LENGTH":80.0,"LONGEST_MATCH":6.0}},{"firstSubmission":"HATICE_AYGAN","secondSubmission":"TARIK_SERTVURAN","similarities":{"AVG":0.13186813186813187,"MAX":0.2,"MAXIMUM_LENGTH":62.0,"LONGEST_MATCH":6.0}},{"firstSubmission":"EFE_BORAN_BERBER","secondSubmission":"MERT_ACAR","similarities":{"AVG":0.13114754098360656,"MAX":0.6451612903225806,"MAXIMUM_LENGTH":284.0,"LONGEST_MATCH":7.0}},{"firstSubmission":"YUSUF_KULLUK","secondSubmission":"KARDELEN_KARTAL","similarities":{"AVG":0.12935323383084577,"MAX":0.18309859154929578,"MAXIMUM_LENGTH":131.0,"LONGEST_MATCH":7.0}},{"firstSubmission":"ZEYNEP_ECE_BIKEZ","secondSubmission":"MERT_ACAR","similarities":{"AVG":0.12844036697247707,"MAX":0.39622641509433965,"MAXIMUM_LENGTH":284.0,"LONGEST_MATCH":7.0}},{"firstSubmission":"EFE_BORAN_BERBER","secondSubmission":"HASAN_KHALILOV","similarities":{"AVG":0.1276595744680851,"MAX":0.1935483870967742,"MAXIMUM_LENGTH":64.0,"LONGEST_MATCH":6.0}},{"firstSubmission":"PELIN_GORER","secondSubmission":"AGAH_DEMIR_GOK","similarities":{"AVG":0.12698412698412698,"MAX":0.14285714285714285,"MAXIMUM_LENGTH":71.0,"LONGEST_MATCH":8.0}},{"firstSubmission":"MUHAMMED_ENES_CAM","secondSubmission":"CLAUDE","similarities":{"AVG":0.12658227848101267,"MAX":0.15384615384615385,"MAXIMUM_LENGTH":94.0,"LONGEST_MATCH":10.0}},{"firstSubmission":"BAHAR_CETIN_ASLAN","secondSubmission":"SELEN_YULAF","similarities":{"AVG":0.12631578947368421,"MAX":0.5,"MAXIMUM_LENGTH":92.0,"LONGEST_MATCH":6.0}},{"firstSubmission":"HATICE_AYGAN","secondSubmission":"MUHAMMED_ENES_CAM","similarities":{"AVG":0.12631578947368421,"MAX":0.2,"MAXIMUM_LENGTH":66.0,"LONGEST_MATCH":6.0}},{"firstSubmission":"SAFA_GOKALP_UGUR","secondSubmission":"MERT_ACAR","similarities":{"AVG":0.1254125412541254,"MAX":0.6551724137931034,"MAXIMUM_LENGTH":284.0,"LONGEST_MATCH":7.0}},{"firstSubmission":"SAFA_GOKALP_UGUR","secondSubmission":"SELEN_YULAF","similarities":{"AVG":0.125,"MAX":0.2413793103448276,"MAXIMUM_LENGTH":92.0,"LONGEST_MATCH":7.0}},{"firstSubmission":"BAHAR_CETIN_ASLAN","secondSubmission":"UMUT_ERTUGRUL_DASGIN","similarities":{"AVG":0.125,"MAX":0.5,"MAXIMUM_LENGTH":85.0,"LONGEST_MATCH":6.0}},{"firstSubmission":"SAFA_GOKALP_UGUR","secondSubmission":"UMUT_ERTUGRUL_DASGIN","similarities":{"AVG":0.12389380530973451,"MAX":0.2413793103448276,"MAXIMUM_LENGTH":85.0,"LONGEST_MATCH":7.0}},{"firstSubmission":"EFE_BORAN_BERBER","secondSubmission":"SELEN_YULAF","similarities":{"AVG":0.12280701754385964,"MAX":0.22580645161290322,"MAXIMUM_LENGTH":92.0,"LONGEST_MATCH":7.0}},{"firstSubmission":"HATICE_AYGAN","secondSubmission":"UMUT_ERTUGRUL_DASGIN","similarities":{"AVG":0.12280701754385964,"MAX":0.23333333333333334,"MAXIMUM_LENGTH":85.0,"LONGEST_MATCH":7.0}},{"firstSubmission":"YUSUF_KULLUK","secondSubmission":"CLAUDE","similarities":{"AVG":0.12195121951219512,"MAX":0.14084507042253522,"MAXIMUM_LENGTH":94.0,"LONGEST_MATCH":10.0}},{"firstSubmission":"EFE_BORAN_BERBER","secondSubmission":"AGAH_DEMIR_GOK","similarities":{"AVG":0.1188118811881188,"MAX":0.1935483870967742,"MAXIMUM_LENGTH":71.0,"LONGEST_MATCH":6.0}},{"firstSubmission":"EFE_BORAN_BERBER","secondSubmission":"YUSUF_KULLUK","similarities":{"AVG":0.11764705882352941,"MAX":0.1935483870967742,"MAXIMUM_LENGTH":78.0,"LONGEST_MATCH":6.0}},{"firstSubmission":"ELIF_KAYAR","secondSubmission":"HASAN_KHALILOV","similarities":{"AVG":0.11650485436893204,"MAX":0.15,"MAXIMUM_LENGTH":64.0,"LONGEST_MATCH":6.0}},{"firstSubmission":"IREM_IRMAK_UNLUER","secondSubmission":"MERT_ACAR","similarities":{"AVG":0.11501597444089456,"MAX":0.46153846153846156,"MAXIMUM_LENGTH":284.0,"LONGEST_MATCH":11.0}},{"firstSubmission":"SAFA_GOKALP_UGUR","secondSubmission":"CLAUDE","similarities":{"AVG":0.11475409836065574,"MAX":0.2413793103448276,"MAXIMUM_LENGTH":94.0,"LONGEST_MATCH":7.0}},{"firstSubmission":"EREN_ADA_DOGAN","secondSubmission":"AGAH_DEMIR_GOK","similarities":{"AVG":0.11475409836065574,"MAX":0.1346153846153846,"MAXIMUM_LENGTH":71.0,"LONGEST_MATCH":7.0}},{"firstSubmission":"BAHAR_CETIN_ASLAN","secondSubmission":"CLAUDE","similarities":{"AVG":0.11428571428571428,"MAX":0.5,"MAXIMUM_LENGTH":94.0,"LONGEST_MATCH":6.0}},{"firstSubmission":"SAFA_GOKALP_UGUR","secondSubmission":"GPT","similarities":{"AVG":0.11382113821138211,"MAX":0.2413793103448276,"MAXIMUM_LENGTH":95.0,"LONGEST_MATCH":7.0}},{"firstSubmission":"ELIF_KAYAR","secondSubmission":"SELEN_YULAF","similarities":{"AVG":0.11382113821138211,"MAX":0.175,"MAXIMUM_LENGTH":92.0,"LONGEST_MATCH":7.0}},{"firstSubmission":"SELEN_YULAF","secondSubmission":"CLAUDE","similarities":{"AVG":0.11363636363636363,"MAX":0.12048192771084337,"MAXIMUM_LENGTH":94.0,"LONGEST_MATCH":10.0}},{"firstSubmission":"BAHAR_CETIN_ASLAN","secondSubmission":"GPT","similarities":{"AVG":0.11320754716981132,"MAX":0.5,"MAXIMUM_LENGTH":95.0,"LONGEST_MATCH":6.0}},{"firstSubmission":"YUSUF_KULLUK","secondSubmission":"MERT_ACAR","similarities":{"AVG":0.11014492753623188,"MAX":0.2676056338028169,"MAXIMUM_LENGTH":284.0,"LONGEST_MATCH":7.0}},{"firstSubmission":"IREM_IRMAK_UNLUER","secondSubmission":"AGAH_DEMIR_GOK","similarities":{"AVG":0.11009174311926606,"MAX":0.15384615384615385,"MAXIMUM_LENGTH":71.0,"LONGEST_MATCH":6.0}},{"firstSubmission":"HATICE_AYGAN","secondSubmission":"EFE_KASAPOGLU","similarities":{"AVG":0.11009174311926606,"MAX":0.2,"MAXIMUM_LENGTH":80.0,"LONGEST_MATCH":6.0}},{"firstSubmission":"HASAN_KHALILOV","secondSubmission":"MUHAMMED_ENES_CAM","similarities":{"AVG":0.109375,"MAX":0.1111111111111111,"MAXIMUM_LENGTH":66.0,"LONGEST_MATCH":7.0}},{"firstSubmission":"IREM_IRMAK_UNLUER","secondSubmission":"YUSUF_KULLUK","similarities":{"AVG":0.10909090909090909,"MAX":0.15384615384615385,"MAXIMUM_LENGTH":78.0,"LONGEST_MATCH":6.0}},{"firstSubmission":"ZEYNEP_ECE_BIKEZ","secondSubmission":"CEM_KAYARDI","similarities":{"AVG":0.10909090909090909,"MAX":0.11320754716981132,"MAXIMUM_LENGTH":64.0,"LONGEST_MATCH":6.0}},{"firstSubmission":"ELIF_KAYAR","secondSubmission":"YUSUF_KULLUK","similarities":{"AVG":0.10810810810810811,"MAX":0.15,"MAXIMUM_LENGTH":78.0,"LONGEST_MATCH":6.0}},{"firstSubmission":"HASAN_KHALILOV","secondSubmission":"MERT_ACAR","similarities":{"AVG":0.10682492581602374,"MAX":0.2857142857142857,"MAXIMUM_LENGTH":284.0,"LONGEST_MATCH":10.0}},{"firstSubmission":"PELIN_GORER","secondSubmission":"CEM_KAYARDI","similarities":{"AVG":0.10619469026548672,"MAX":0.10714285714285714,"MAXIMUM_LENGTH":64.0,"LONGEST_MATCH":6.0}},{"firstSubmission":"EREN_ADA_DOGAN","secondSubmission":"TARIK_SERTVURAN","similarities":{"AVG":0.10619469026548672,"MAX":0.11538461538461539,"MAXIMUM_LENGTH":62.0,"LONGEST_MATCH":6.0}},{"firstSubmission":"IREM_IRMAK_UNLUER","secondSubmission":"CLAUDE","similarities":{"AVG":0.10606060606060606,"MAX":0.1794871794871795,"MAXIMUM_LENGTH":94.0,"LONGEST_MATCH":7.0}},{"firstSubmission":"EREN_ADA_DOGAN","secondSubmission":"MERT_ACAR","similarities":{"AVG":0.10429447852760736,"MAX":0.3269230769230769,"MAXIMUM_LENGTH":284.0,"LONGEST_MATCH":10.0}},{"firstSubmission":"EREN_ADA_DOGAN","secondSubmission":"SELEN_YULAF","similarities":{"AVG":0.1037037037037037,"MAX":0.1346153846153846,"MAXIMUM_LENGTH":92.0,"LONGEST_MATCH":7.0}},{"firstSubmission":"ZEYNEP_ECE_BIKEZ","secondSubmission":"HASAN_KHALILOV","similarities":{"AVG":0.10344827586206896,"MAX":0.11320754716981132,"MAXIMUM_LENGTH":64.0,"LONGEST_MATCH":6.0}},{"firstSubmission":"CEM_KAYARDI","secondSubmission":"HASAN_KHALILOV","similarities":{"AVG":0.1,"MAX":0.10526315789473684,"MAXIMUM_LENGTH":64.0,"LONGEST_MATCH":6.0}},{"firstSubmission":"TARIK_SERTVURAN","secondSubmission":"MERT_ACAR","similarities":{"AVG":0.0955223880597015,"MAX":0.26229508196721313,"MAXIMUM_LENGTH":284.0,"LONGEST_MATCH":8.0}},{"firstSubmission":"CLAUDE","secondSubmission":"MERT_ACAR","similarities":{"AVG":0.09264305177111716,"MAX":0.1827956989247312,"MAXIMUM_LENGTH":284.0,"LONGEST_MATCH":10.0}},{"firstSubmission":"TARIK_SERTVURAN","secondSubmission":"AGAH_DEMIR_GOK","similarities":{"AVG":0.0916030534351145,"MAX":0.09836065573770492,"MAXIMUM_LENGTH":71.0,"LONGEST_MATCH":6.0}},{"firstSubmission":"AGAH_DEMIR_GOK","secondSubmission":"SELEN_YULAF","similarities":{"AVG":0.0915032679738562,"MAX":0.1,"MAXIMUM_LENGTH":92.0,"LONGEST_MATCH":7.0}},{"firstSubmission":"HASAN_KHALILOV","secondSubmission":"GPT","similarities":{"AVG":0.08917197452229299,"MAX":0.1111111111111111,"MAXIMUM_LENGTH":95.0,"LONGEST_MATCH":7.0}},{"firstSubmission":"PELIN_GORER","secondSubmission":"MERT_ACAR","similarities":{"AVG":0.08484848484848485,"MAX":0.25,"MAXIMUM_LENGTH":284.0,"LONGEST_MATCH":7.0}},{"firstSubmission":"BAHAR_CETIN_ASLAN","secondSubmission":"KARDELEN_KARTAL","similarities":{"AVG":0.08450704225352113,"MAX":0.5,"MAXIMUM_LENGTH":131.0,"LONGEST_MATCH":6.0}},{"firstSubmission":"ELIF_KAYAR","secondSubmission":"MERT_ACAR","similarities":{"AVG":0.08280254777070063,"MAX":0.325,"MAXIMUM_LENGTH":284.0,"LONGEST_MATCH":7.0}},{"firstSubmission":"HASAN_KHALILOV","secondSubmission":"SELEN_YULAF","similarities":{"AVG":0.0821917808219178,"MAX":0.09523809523809523,"MAXIMUM_LENGTH":92.0,"LONGEST_MATCH":6.0}},{"firstSubmission":"PELIN_GORER","secondSubmission":"ATAKAN_NAKTURK","similarities":{"AVG":0.08139534883720931,"MAX":0.125,"MAXIMUM_LENGTH":117.0,"LONGEST_MATCH":7.0}},{"firstSubmission":"CEM_KAYARDI","secondSubmission":"ATAKAN_NAKTURK","similarities":{"AVG":0.08092485549132948,"MAX":0.12280701754385964,"MAXIMUM_LENGTH":117.0,"LONGEST_MATCH":7.0}},{"firstSubmission":"PELIN_GORER","secondSubmission":"CLAUDE","similarities":{"AVG":0.08053691275167785,"MAX":0.10714285714285714,"MAXIMUM_LENGTH":94.0,"LONGEST_MATCH":6.0}},{"firstSubmission":"ATAKAN_NAKTURK","secondSubmission":"MERT_ACAR","similarities":{"AVG":0.07692307692307693,"MAX":0.12931034482758622,"MAXIMUM_LENGTH":284.0,"LONGEST_MATCH":9.0}},{"firstSubmission":"HASAN_KHALILOV","secondSubmission":"CLAUDE","similarities":{"AVG":0.07692307692307693,"MAX":0.09523809523809523,"MAXIMUM_LENGTH":94.0,"LONGEST_MATCH":6.0}},{"firstSubmission":"SELEN_YULAF","secondSubmission":"ATAKAN_NAKTURK","similarities":{"AVG":0.07035175879396985,"MAX":0.08433734939759036,"MAXIMUM_LENGTH":117.0,"LONGEST_MATCH":7.0}},{"firstSubmission":"MUHAMMED_ENES_CAM","secondSubmission":"ATAKAN_NAKTURK","similarities":{"AVG":0.06629834254143646,"MAX":0.09230769230769231,"MAXIMUM_LENGTH":117.0,"LONGEST_MATCH":6.0}},{"firstSubmission":"KENAN_OZCAKIR","secondSubmission":"MERT_ACAR","similarities":{"AVG":0.056338028169014086,"MAX":0.8,"MAXIMUM_LENGTH":284.0,"LONGEST_MATCH":8.0}},{"firstSubmission":"ALI_OZUER","secondSubmission":"MERT_ACAR","similarities":{"AVG":0.056338028169014086,"MAX":0.8,"MAXIMUM_LENGTH":284.0,"LONGEST_MATCH":8.0}},{"firstSubmission":"ALISA_IDA_DELEON","secondSubmission":"MERT_ACAR","similarities":{"AVG":0.056338028169014086,"MAX":0.8,"MAXIMUM_LENGTH":284.0,"LONGEST_MATCH":8.0}},{"firstSubmission":"BAHAR_CETIN_ASLAN","secondSubmission":"MERT_ACAR","similarities":{"AVG":0.04895104895104895,"MAX":0.5833333333333334,"MAXIMUM_LENGTH":284.0,"LONGEST_MATCH":7.0}},{"firstSubmission":"HATICE_AYGAN","secondSubmission":"MERT_ACAR","similarities":{"AVG":0.039473684210526314,"MAX":0.2,"MAXIMUM_LENGTH":284.0,"LONGEST_MATCH":6.0}},{"firstSubmission":"CAGATAY_YUREKLI","secondSubmission":"MERT_ACAR","similarities":{"AVG":0.0,"MAX":0.0,"MAXIMUM_LENGTH":284.0,"LONGEST_MATCH":0.0}},{"firstSubmission":"KENAN_OZCAKIR","secondSubmission":"PELIN_GORER","similarities":{"AVG":0.0,"MAX":0.0,"MAXIMUM_LENGTH":63.0,"LONGEST_MATCH":0.0}},{"firstSubmission":"CAGATAY_YUREKLI","secondSubmission":"PELIN_GORER","similarities":{"AVG":0.0,"MAX":0.0,"MAXIMUM_LENGTH":63.0,"LONGEST_MATCH":0.0}},{"firstSubmission":"HATICE_AYGAN","secondSubmission":"PELIN_GORER","similarities":{"AVG":0.0,"MAX":0.0,"MAXIMUM_LENGTH":63.0,"LONGEST_MATCH":0.0}},{"firstSubmission":"ALI_OZUER","secondSubmission":"PELIN_GORER","similarities":{"AVG":0.0,"MAX":0.0,"MAXIMUM_LENGTH":63.0,"LONGEST_MATCH":0.0}},{"firstSubmission":"ALISA_IDA_DELEON","secondSubmission":"PELIN_GORER","similarities":{"AVG":0.0,"MAX":0.0,"MAXIMUM_LENGTH":63.0,"LONGEST_MATCH":0.0}},{"firstSubmission":"ELIF_KAYAR","secondSubmission":"PELIN_GORER","similarities":{"AVG":0.0,"MAX":0.0,"MAXIMUM_LENGTH":63.0,"LONGEST_MATCH":0.0}},{"firstSubmission":"KENAN_OZCAKIR","secondSubmission":"SAFA_GOKALP_UGUR","similarities":{"AVG":0.0,"MAX":0.0,"MAXIMUM_LENGTH":37.0,"LONGEST_MATCH":0.0}},{"firstSubmission":"KENAN_OZCAKIR","secondSubmission":"IREM_IRMAK_UNLUER","similarities":{"AVG":0.0,"MAX":0.0,"MAXIMUM_LENGTH":46.0,"LONGEST_MATCH":0.0}},{"firstSubmission":"KENAN_OZCAKIR","secondSubmission":"ZEYNEP_ECE_BIKEZ","similarities":{"AVG":0.0,"MAX":0.0,"MAXIMUM_LENGTH":60.0,"LONGEST_MATCH":0.0}},{"firstSubmission":"KENAN_OZCAKIR","secondSubmission":"EFE_KASAPOGLU","similarities":{"AVG":0.0,"MAX":0.0,"MAXIMUM_LENGTH":80.0,"LONGEST_MATCH":0.0}},{"firstSubmission":"CAGATAY_YUREKLI","secondSubmission":"KENAN_OZCAKIR","similarities":{"AVG":0.0,"MAX":0.0,"MAXIMUM_LENGTH":18.0,"LONGEST_MATCH":0.0}},{"firstSubmission":"KENAN_OZCAKIR","secondSubmission":"ATAKAN_NAKTURK","similarities":{"AVG":0.0,"MAX":0.0,"MAXIMUM_LENGTH":117.0,"LONGEST_MATCH":0.0}},{"firstSubmission":"KENAN_OZCAKIR","secondSubmission":"HATICE_AYGAN","similarities":{"AVG":0.0,"MAX":0.0,"MAXIMUM_LENGTH":31.0,"LONGEST_MATCH":0.0}},{"firstSubmission":"KENAN_OZCAKIR","secondSubmission":"YUSUF_KULLUK","similarities":{"AVG":0.0,"MAX":0.0,"MAXIMUM_LENGTH":78.0,"LONGEST_MATCH":0.0}},{"firstSubmission":"KENAN_OZCAKIR","secondSubmission":"CLAUDE","similarities":{"AVG":0.0,"MAX":0.0,"MAXIMUM_LENGTH":94.0,"LONGEST_MATCH":0.0}},{"firstSubmission":"KENAN_OZCAKIR","secondSubmission":"KARDELEN_KARTAL","similarities":{"AVG":0.0,"MAX":0.0,"MAXIMUM_LENGTH":131.0,"LONGEST_MATCH":0.0}},{"firstSubmission":"KENAN_OZCAKIR","secondSubmission":"GPT","similarities":{"AVG":0.0,"MAX":0.0,"MAXIMUM_LENGTH":95.0,"LONGEST_MATCH":0.0}},{"firstSubmission":"KENAN_OZCAKIR","secondSubmission":"TARIK_SERTVURAN","similarities":{"AVG":0.0,"MAX":0.0,"MAXIMUM_LENGTH":62.0,"LONGEST_MATCH":0.0}},{"firstSubmission":"KENAN_OZCAKIR","secondSubmission":"CEM_KAYARDI","similarities":{"AVG":0.0,"MAX":0.0,"MAXIMUM_LENGTH":64.0,"LONGEST_MATCH":0.0}},{"firstSubmission":"KENAN_OZCAKIR","secondSubmission":"UMUT_ERTUGRUL_DASGIN","similarities":{"AVG":0.0,"MAX":0.0,"MAXIMUM_LENGTH":85.0,"LONGEST_MATCH":0.0}},{"firstSubmission":"BAHAR_CETIN_ASLAN","secondSubmission":"KENAN_OZCAKIR","similarities":{"AVG":0.0,"MAX":0.0,"MAXIMUM_LENGTH":18.0,"LONGEST_MATCH":0.0}},{"firstSubmission":"KENAN_OZCAKIR","secondSubmission":"HASAN_KHALILOV","similarities":{"AVG":0.0,"MAX":0.0,"MAXIMUM_LENGTH":64.0,"LONGEST_MATCH":0.0}},{"firstSubmission":"KENAN_OZCAKIR","secondSubmission":"AGAH_DEMIR_GOK","similarities":{"AVG":0.0,"MAX":0.0,"MAXIMUM_LENGTH":71.0,"LONGEST_MATCH":0.0}},{"firstSubmission":"CAGATAY_YUREKLI","secondSubmission":"SAFA_GOKALP_UGUR","similarities":{"AVG":0.0,"MAX":0.0,"MAXIMUM_LENGTH":37.0,"LONGEST_MATCH":0.0}},{"firstSubmission":"SAFA_GOKALP_UGUR","secondSubmission":"ATAKAN_NAKTURK","similarities":{"AVG":0.0,"MAX":0.0,"MAXIMUM_LENGTH":117.0,"LONGEST_MATCH":0.0}},{"firstSubmission":"SAFA_GOKALP_UGUR","secondSubmission":"EREN_ADA_DOGAN","similarities":{"AVG":0.0,"MAX":0.0,"MAXIMUM_LENGTH":59.0,"LONGEST_MATCH":0.0}},{"firstSubmission":"HATICE_AYGAN","secondSubmission":"SAFA_GOKALP_UGUR","similarities":{"AVG":0.0,"MAX":0.0,"MAXIMUM_LENGTH":37.0,"LONGEST_MATCH":0.0}},{"firstSubmission":"ALI_OZUER","secondSubmission":"SAFA_GOKALP_UGUR","similarities":{"AVG":0.0,"MAX":0.0,"MAXIMUM_LENGTH":37.0,"LONGEST_MATCH":0.0}},{"firstSubmission":"SAFA_GOKALP_UGUR","secondSubmission":"YUSUF_KULLUK","similarities":{"AVG":0.0,"MAX":0.0,"MAXIMUM_LENGTH":78.0,"LONGEST_MATCH":0.0}},{"firstSubmission":"ALISA_IDA_DELEON","secondSubmission":"SAFA_GOKALP_UGUR","similarities":{"AVG":0.0,"MAX":0.0,"MAXIMUM_LENGTH":37.0,"LONGEST_MATCH":0.0}},{"firstSubmission":"SAFA_GOKALP_UGUR","secondSubmission":"ELIF_KAYAR","similarities":{"AVG":0.0,"MAX":0.0,"MAXIMUM_LENGTH":47.0,"LONGEST_MATCH":0.0}},{"firstSubmission":"SAFA_GOKALP_UGUR","secondSubmission":"HASAN_KHALILOV","similarities":{"AVG":0.0,"MAX":0.0,"MAXIMUM_LENGTH":64.0,"LONGEST_MATCH":0.0}},{"firstSubmission":"CAGATAY_YUREKLI","secondSubmission":"IREM_IRMAK_UNLUER","similarities":{"AVG":0.0,"MAX":0.0,"MAXIMUM_LENGTH":46.0,"LONGEST_MATCH":0.0}},{"firstSubmission":"IREM_IRMAK_UNLUER","secondSubmission":"ATAKAN_NAKTURK","similarities":{"AVG":0.0,"MAX":0.0,"MAXIMUM_LENGTH":117.0,"LONGEST_MATCH":0.0}},{"firstSubmission":"HATICE_AYGAN","secondSubmission":"IREM_IRMAK_UNLUER","similarities":{"AVG":0.0,"MAX":0.0,"MAXIMUM_LENGTH":46.0,"LONGEST_MATCH":0.0}},{"firstSubmission":"ALI_OZUER","secondSubmission":"IREM_IRMAK_UNLUER","similarities":{"AVG":0.0,"MAX":0.0,"MAXIMUM_LENGTH":46.0,"LONGEST_MATCH":0.0}},{"firstSubmission":"ALISA_IDA_DELEON","secondSubmission":"IREM_IRMAK_UNLUER","similarities":{"AVG":0.0,"MAX":0.0,"MAXIMUM_LENGTH":46.0,"LONGEST_MATCH":0.0}},{"firstSubmission":"IREM_IRMAK_UNLUER","secondSubmission":"ELIF_KAYAR","similarities":{"AVG":0.0,"MAX":0.0,"MAXIMUM_LENGTH":47.0,"LONGEST_MATCH":0.0}},{"firstSubmission":"IREM_IRMAK_UNLUER","secondSubmission":"HASAN_KHALILOV","similarities":{"AVG":0.0,"MAX":0.0,"MAXIMUM_LENGTH":64.0,"LONGEST_MATCH":0.0}},{"firstSubmission":"CAGATAY_YUREKLI","secondSubmission":"ZEYNEP_ECE_BIKEZ","similarities":{"AVG":0.0,"MAX":0.0,"MAXIMUM_LENGTH":60.0,"LONGEST_MATCH":0.0}},{"firstSubmission":"EREN_ADA_DOGAN","secondSubmission":"ZEYNEP_ECE_BIKEZ","similarities":{"AVG":0.0,"MAX":0.0,"MAXIMUM_LENGTH":60.0,"LONGEST_MATCH":0.0}},{"firstSubmission":"HATICE_AYGAN","secondSubmission":"ZEYNEP_ECE_BIKEZ","similarities":{"AVG":0.0,"MAX":0.0,"MAXIMUM_LENGTH":60.0,"LONGEST_MATCH":0.0}},{"firstSubmission":"ALI_OZUER","secondSubmission":"ZEYNEP_ECE_BIKEZ","similarities":{"AVG":0.0,"MAX":0.0,"MAXIMUM_LENGTH":60.0,"LONGEST_MATCH":0.0}},{"firstSubmission":"ALISA_IDA_DELEON","secondSubmission":"ZEYNEP_ECE_BIKEZ","similarities":{"AVG":0.0,"MAX":0.0,"MAXIMUM_LENGTH":60.0,"LONGEST_MATCH":0.0}},{"firstSubmission":"ELIF_KAYAR","secondSubmission":"ZEYNEP_ECE_BIKEZ","similarities":{"AVG":0.0,"MAX":0.0,"MAXIMUM_LENGTH":60.0,"LONGEST_MATCH":0.0}},{"firstSubmission":"CAGATAY_YUREKLI","secondSubmission":"EFE_KASAPOGLU","similarities":{"AVG":0.0,"MAX":0.0,"MAXIMUM_LENGTH":80.0,"LONGEST_MATCH":0.0}},{"firstSubmission":"ALI_OZUER","secondSubmission":"EFE_KASAPOGLU","similarities":{"AVG":0.0,"MAX":0.0,"MAXIMUM_LENGTH":80.0,"LONGEST_MATCH":0.0}},{"firstSubmission":"ALISA_IDA_DELEON","secondSubmission":"EFE_KASAPOGLU","similarities":{"AVG":0.0,"MAX":0.0,"MAXIMUM_LENGTH":80.0,"LONGEST_MATCH":0.0}},{"firstSubmission":"ELIF_KAYAR","secondSubmission":"EFE_KASAPOGLU","similarities":{"AVG":0.0,"MAX":0.0,"MAXIMUM_LENGTH":80.0,"LONGEST_MATCH":0.0}},{"firstSubmission":"CAGATAY_YUREKLI","secondSubmission":"SELEN_YULAF","similarities":{"AVG":0.0,"MAX":0.0,"MAXIMUM_LENGTH":92.0,"LONGEST_MATCH":0.0}},{"firstSubmission":"CAGATAY_YUREKLI","secondSubmission":"ATAKAN_NAKTURK","similarities":{"AVG":0.0,"MAX":0.0,"MAXIMUM_LENGTH":117.0,"LONGEST_MATCH":0.0}},{"firstSubmission":"CAGATAY_YUREKLI","secondSubmission":"EREN_ADA_DOGAN","similarities":{"AVG":0.0,"MAX":0.0,"MAXIMUM_LENGTH":59.0,"LONGEST_MATCH":0.0}},{"firstSubmission":"CAGATAY_YUREKLI","secondSubmission":"HATICE_AYGAN","similarities":{"AVG":0.0,"MAX":0.0,"MAXIMUM_LENGTH":31.0,"LONGEST_MATCH":0.0}},{"firstSubmission":"CAGATAY_YUREKLI","secondSubmission":"ALI_OZUER","similarities":{"AVG":0.0,"MAX":0.0,"MAXIMUM_LENGTH":18.0,"LONGEST_MATCH":0.0}},{"firstSubmission":"CAGATAY_YUREKLI","secondSubmission":"YUSUF_KULLUK","similarities":{"AVG":0.0,"MAX":0.0,"MAXIMUM_LENGTH":78.0,"LONGEST_MATCH":0.0}},{"firstSubmission":"CAGATAY_YUREKLI","secondSubmission":"CLAUDE","similarities":{"AVG":0.0,"MAX":0.0,"MAXIMUM_LENGTH":94.0,"LONGEST_MATCH":0.0}},{"firstSubmission":"CAGATAY_YUREKLI","secondSubmission":"KARDELEN_KARTAL","similarities":{"AVG":0.0,"MAX":0.0,"MAXIMUM_LENGTH":131.0,"LONGEST_MATCH":0.0}},{"firstSubmission":"CAGATAY_YUREKLI","secondSubmission":"ALISA_IDA_DELEON","similarities":{"AVG":0.0,"MAX":0.0,"MAXIMUM_LENGTH":18.0,"LONGEST_MATCH":0.0}},{"firstSubmission":"CAGATAY_YUREKLI","secondSubmission":"GPT","similarities":{"AVG":0.0,"MAX":0.0,"MAXIMUM_LENGTH":95.0,"LONGEST_MATCH":0.0}},{"firstSubmission":"CAGATAY_YUREKLI","secondSubmission":"TARIK_SERTVURAN","similarities":{"AVG":0.0,"MAX":0.0,"MAXIMUM_LENGTH":62.0,"LONGEST_MATCH":0.0}},{"firstSubmission":"CAGATAY_YUREKLI","secondSubmission":"ELIF_KAYAR","similarities":{"AVG":0.0,"MAX":0.0,"MAXIMUM_LENGTH":47.0,"LONGEST_MATCH":0.0}},{"firstSubmission":"CAGATAY_YUREKLI","secondSubmission":"MUHAMMED_ENES_CAM","similarities":{"AVG":0.0,"MAX":0.0,"MAXIMUM_LENGTH":66.0,"LONGEST_MATCH":0.0}},{"firstSubmission":"CAGATAY_YUREKLI","secondSubmission":"CEM_KAYARDI","similarities":{"AVG":0.0,"MAX":0.0,"MAXIMUM_LENGTH":64.0,"LONGEST_MATCH":0.0}},{"firstSubmission":"CAGATAY_YUREKLI","secondSubmission":"UMUT_ERTUGRUL_DASGIN","similarities":{"AVG":0.0,"MAX":0.0,"MAXIMUM_LENGTH":85.0,"LONGEST_MATCH":0.0}},{"firstSubmission":"CAGATAY_YUREKLI","secondSubmission":"BAHAR_CETIN_ASLAN","similarities":{"AVG":0.0,"MAX":0.0,"MAXIMUM_LENGTH":13.0,"LONGEST_MATCH":0.0}},{"firstSubmission":"CAGATAY_YUREKLI","secondSubmission":"HASAN_KHALILOV","similarities":{"AVG":0.0,"MAX":0.0,"MAXIMUM_LENGTH":64.0,"LONGEST_MATCH":0.0}},{"firstSubmission":"CAGATAY_YUREKLI","secondSubmission":"EFE_BORAN_BERBER","similarities":{"AVG":0.0,"MAX":0.0,"MAXIMUM_LENGTH":32.0,"LONGEST_MATCH":0.0}},{"firstSubmission":"CAGATAY_YUREKLI","secondSubmission":"AGAH_DEMIR_GOK","similarities":{"AVG":0.0,"MAX":0.0,"MAXIMUM_LENGTH":71.0,"LONGEST_MATCH":0.0}},{"firstSubmission":"EREN_ADA_DOGAN","secondSubmission":"ATAKAN_NAKTURK","similarities":{"AVG":0.0,"MAX":0.0,"MAXIMUM_LENGTH":117.0,"LONGEST_MATCH":0.0}},{"firstSubmission":"HATICE_AYGAN","secondSubmission":"ATAKAN_NAKTURK","similarities":{"AVG":0.0,"MAX":0.0,"MAXIMUM_LENGTH":117.0,"LONGEST_MATCH":0.0}},{"firstSubmission":"ALI_OZUER","secondSubmission":"ATAKAN_NAKTURK","similarities":{"AVG":0.0,"MAX":0.0,"MAXIMUM_LENGTH":117.0,"LONGEST_MATCH":0.0}},{"firstSubmission":"ALISA_IDA_DELEON","secondSubmission":"ATAKAN_NAKTURK","similarities":{"AVG":0.0,"MAX":0.0,"MAXIMUM_LENGTH":117.0,"LONGEST_MATCH":0.0}},{"firstSubmission":"ELIF_KAYAR","secondSubmission":"ATAKAN_NAKTURK","similarities":{"AVG":0.0,"MAX":0.0,"MAXIMUM_LENGTH":117.0,"LONGEST_MATCH":0.0}},{"firstSubmission":"BAHAR_CETIN_ASLAN","secondSubmission":"ATAKAN_NAKTURK","similarities":{"AVG":0.0,"MAX":0.0,"MAXIMUM_LENGTH":117.0,"LONGEST_MATCH":0.0}},{"firstSubmission":"HASAN_KHALILOV","secondSubmission":"ATAKAN_NAKTURK","similarities":{"AVG":0.0,"MAX":0.0,"MAXIMUM_LENGTH":117.0,"LONGEST_MATCH":0.0}},{"firstSubmission":"EFE_BORAN_BERBER","secondSubmission":"ATAKAN_NAKTURK","similarities":{"AVG":0.0,"MAX":0.0,"MAXIMUM_LENGTH":117.0,"LONGEST_MATCH":0.0}},{"firstSubmission":"HATICE_AYGAN","secondSubmission":"EREN_ADA_DOGAN","similarities":{"AVG":0.0,"MAX":0.0,"MAXIMUM_LENGTH":59.0,"LONGEST_MATCH":0.0}},{"firstSubmission":"EREN_ADA_DOGAN","secondSubmission":"CLAUDE","similarities":{"AVG":0.0,"MAX":0.0,"MAXIMUM_LENGTH":94.0,"LONGEST_MATCH":0.0}},{"firstSubmission":"EREN_ADA_DOGAN","secondSubmission":"CEM_KAYARDI","similarities":{"AVG":0.0,"MAX":0.0,"MAXIMUM_LENGTH":64.0,"LONGEST_MATCH":0.0}},{"firstSubmission":"BAHAR_CETIN_ASLAN","secondSubmission":"EREN_ADA_DOGAN","similarities":{"AVG":0.0,"MAX":0.0,"MAXIMUM_LENGTH":59.0,"LONGEST_MATCH":0.0}},{"firstSubmission":"EFE_BORAN_BERBER","secondSubmission":"EREN_ADA_DOGAN","similarities":{"AVG":0.0,"MAX":0.0,"MAXIMUM_LENGTH":59.0,"LONGEST_MATCH":0.0}},{"firstSubmission":"ALI_OZUER","secondSubmission":"HATICE_AYGAN","similarities":{"AVG":0.0,"MAX":0.0,"MAXIMUM_LENGTH":31.0,"LONGEST_MATCH":0.0}},{"firstSubmission":"HATICE_AYGAN","secondSubmission":"YUSUF_KULLUK","similarities":{"AVG":0.0,"MAX":0.0,"MAXIMUM_LENGTH":78.0,"LONGEST_MATCH":0.0}},{"firstSubmission":"HATICE_AYGAN","secondSubmission":"KARDELEN_KARTAL","similarities":{"AVG":0.0,"MAX":0.0,"MAXIMUM_LENGTH":131.0,"LONGEST_MATCH":0.0}},{"firstSubmission":"ALISA_IDA_DELEON","secondSubmission":"HATICE_AYGAN","similarities":{"AVG":0.0,"MAX":0.0,"MAXIMUM_LENGTH":31.0,"LONGEST_MATCH":0.0}},{"firstSubmission":"HATICE_AYGAN","secondSubmission":"GPT","similarities":{"AVG":0.0,"MAX":0.0,"MAXIMUM_LENGTH":95.0,"LONGEST_MATCH":0.0}},{"firstSubmission":"HATICE_AYGAN","secondSubmission":"ELIF_KAYAR","similarities":{"AVG":0.0,"MAX":0.0,"MAXIMUM_LENGTH":47.0,"LONGEST_MATCH":0.0}},{"firstSubmission":"BAHAR_CETIN_ASLAN","secondSubmission":"HATICE_AYGAN","similarities":{"AVG":0.0,"MAX":0.0,"MAXIMUM_LENGTH":31.0,"LONGEST_MATCH":0.0}},{"firstSubmission":"HATICE_AYGAN","secondSubmission":"HASAN_KHALILOV","similarities":{"AVG":0.0,"MAX":0.0,"MAXIMUM_LENGTH":64.0,"LONGEST_MATCH":0.0}},{"firstSubmission":"HATICE_AYGAN","secondSubmission":"AGAH_DEMIR_GOK","similarities":{"AVG":0.0,"MAX":0.0,"MAXIMUM_LENGTH":71.0,"LONGEST_MATCH":0.0}},{"firstSubmission":"ALI_OZUER","secondSubmission":"YUSUF_KULLUK","similarities":{"AVG":0.0,"MAX":0.0,"MAXIMUM_LENGTH":78.0,"LONGEST_MATCH":0.0}},{"firstSubmission":"ALI_OZUER","secondSubmission":"CLAUDE","similarities":{"AVG":0.0,"MAX":0.0,"MAXIMUM_LENGTH":94.0,"LONGEST_MATCH":0.0}},{"firstSubmission":"ALI_OZUER","secondSubmission":"KARDELEN_KARTAL","similarities":{"AVG":0.0,"MAX":0.0,"MAXIMUM_LENGTH":131.0,"LONGEST_MATCH":0.0}},{"firstSubmission":"ALI_OZUER","secondSubmission":"GPT","similarities":{"AVG":0.0,"MAX":0.0,"MAXIMUM_LENGTH":95.0,"LONGEST_MATCH":0.0}},{"firstSubmission":"ALI_OZUER","secondSubmission":"TARIK_SERTVURAN","similarities":{"AVG":0.0,"MAX":0.0,"MAXIMUM_LENGTH":62.0,"LONGEST_MATCH":0.0}},{"firstSubmission":"ALI_OZUER","secondSubmission":"CEM_KAYARDI","similarities":{"AVG":0.0,"MAX":0.0,"MAXIMUM_LENGTH":64.0,"LONGEST_MATCH":0.0}},{"firstSubmission":"ALI_OZUER","secondSubmission":"UMUT_ERTUGRUL_DASGIN","similarities":{"AVG":0.0,"MAX":0.0,"MAXIMUM_LENGTH":85.0,"LONGEST_MATCH":0.0}},{"firstSubmission":"BAHAR_CETIN_ASLAN","secondSubmission":"ALI_OZUER","similarities":{"AVG":0.0,"MAX":0.0,"MAXIMUM_LENGTH":18.0,"LONGEST_MATCH":0.0}},{"firstSubmission":"ALI_OZUER","secondSubmission":"HASAN_KHALILOV","similarities":{"AVG":0.0,"MAX":0.0,"MAXIMUM_LENGTH":64.0,"LONGEST_MATCH":0.0}},{"firstSubmission":"ALI_OZUER","secondSubmission":"AGAH_DEMIR_GOK","similarities":{"AVG":0.0,"MAX":0.0,"MAXIMUM_LENGTH":71.0,"LONGEST_MATCH":0.0}},{"firstSubmission":"ALISA_IDA_DELEON","secondSubmission":"YUSUF_KULLUK","similarities":{"AVG":0.0,"MAX":0.0,"MAXIMUM_LENGTH":78.0,"LONGEST_MATCH":0.0}},{"firstSubmission":"CEM_KAYARDI","secondSubmission":"YUSUF_KULLUK","similarities":{"AVG":0.0,"MAX":0.0,"MAXIMUM_LENGTH":78.0,"LONGEST_MATCH":0.0}},{"firstSubmission":"BAHAR_CETIN_ASLAN","secondSubmission":"YUSUF_KULLUK","similarities":{"AVG":0.0,"MAX":0.0,"MAXIMUM_LENGTH":78.0,"LONGEST_MATCH":0.0}},{"firstSubmission":"AGAH_DEMIR_GOK","secondSubmission":"YUSUF_KULLUK","similarities":{"AVG":0.0,"MAX":0.0,"MAXIMUM_LENGTH":78.0,"LONGEST_MATCH":0.0}},{"firstSubmission":"ALISA_IDA_DELEON","secondSubmission":"CLAUDE","similarities":{"AVG":0.0,"MAX":0.0,"MAXIMUM_LENGTH":94.0,"LONGEST_MATCH":0.0}},{"firstSubmission":"ELIF_KAYAR","secondSubmission":"CLAUDE","similarities":{"AVG":0.0,"MAX":0.0,"MAXIMUM_LENGTH":94.0,"LONGEST_MATCH":0.0}},{"firstSubmission":"ALISA_IDA_DELEON","secondSubmission":"KARDELEN_KARTAL","similarities":{"AVG":0.0,"MAX":0.0,"MAXIMUM_LENGTH":131.0,"LONGEST_MATCH":0.0}},{"firstSubmission":"ELIF_KAYAR","secondSubmission":"KARDELEN_KARTAL","similarities":{"AVG":0.0,"MAX":0.0,"MAXIMUM_LENGTH":131.0,"LONGEST_MATCH":0.0}},{"firstSubmission":"ALISA_IDA_DELEON","secondSubmission":"GPT","similarities":{"AVG":0.0,"MAX":0.0,"MAXIMUM_LENGTH":95.0,"LONGEST_MATCH":0.0}},{"firstSubmission":"ALISA_IDA_DELEON","secondSubmission":"TARIK_SERTVURAN","similarities":{"AVG":0.0,"MAX":0.0,"MAXIMUM_LENGTH":62.0,"LONGEST_MATCH":0.0}},{"firstSubmission":"ALISA_IDA_DELEON","secondSubmission":"CEM_KAYARDI","similarities":{"AVG":0.0,"MAX":0.0,"MAXIMUM_LENGTH":64.0,"LONGEST_MATCH":0.0}},{"firstSubmission":"ALISA_IDA_DELEON","secondSubmission":"UMUT_ERTUGRUL_DASGIN","similarities":{"AVG":0.0,"MAX":0.0,"MAXIMUM_LENGTH":85.0,"LONGEST_MATCH":0.0}},{"firstSubmission":"BAHAR_CETIN_ASLAN","secondSubmission":"ALISA_IDA_DELEON","similarities":{"AVG":0.0,"MAX":0.0,"MAXIMUM_LENGTH":18.0,"LONGEST_MATCH":0.0}},{"firstSubmission":"ALISA_IDA_DELEON","secondSubmission":"HASAN_KHALILOV","similarities":{"AVG":0.0,"MAX":0.0,"MAXIMUM_LENGTH":64.0,"LONGEST_MATCH":0.0}},{"firstSubmission":"ALISA_IDA_DELEON","secondSubmission":"AGAH_DEMIR_GOK","similarities":{"AVG":0.0,"MAX":0.0,"MAXIMUM_LENGTH":71.0,"LONGEST_MATCH":0.0}},{"firstSubmission":"ELIF_KAYAR","secondSubmission":"GPT","similarities":{"AVG":0.0,"MAX":0.0,"MAXIMUM_LENGTH":95.0,"LONGEST_MATCH":0.0}},{"firstSubmission":"ELIF_KAYAR","secondSubmission":"MUHAMMED_ENES_CAM","similarities":{"AVG":0.0,"MAX":0.0,"MAXIMUM_LENGTH":66.0,"LONGEST_MATCH":0.0}},{"firstSubmission":"ELIF_KAYAR","secondSubmission":"UMUT_ERTUGRUL_DASGIN","similarities":{"AVG":0.0,"MAX":0.0,"MAXIMUM_LENGTH":85.0,"LONGEST_MATCH":0.0}},{"firstSubmission":"BAHAR_CETIN_ASLAN","secondSubmission":"ELIF_KAYAR","similarities":{"AVG":0.0,"MAX":0.0,"MAXIMUM_LENGTH":47.0,"LONGEST_MATCH":0.0}},{"firstSubmission":"ELIF_KAYAR","secondSubmission":"AGAH_DEMIR_GOK","similarities":{"AVG":0.0,"MAX":0.0,"MAXIMUM_LENGTH":71.0,"LONGEST_MATCH":0.0}},{"firstSubmission":"BAHAR_CETIN_ASLAN","secondSubmission":"HASAN_KHALILOV","similarities":{"AVG":0.0,"MAX":0.0,"MAXIMUM_LENGTH":64.0,"LONGEST_MATCH":0.0}}]