{"id1":"ALGUHAN_KURULAR","id2":"ALP_DIKMEN","similarity":0.42168674698795183,"matches":[{"file1":"ALGUHAN_KURULAR/LinkedListQuestions.cpp","file2":"ALP_DIKMEN/LinkedListQuestions.cpp","start1":23,"end1":33,"start2":26,"end2":39,"tokens":13},{"file1":"ALGUHAN_KURULAR/LinkedListQuestions.cpp","file2":"ALP_DIKMEN/LinkedListQuestions.cpp","start1":35,"end1":45,"start2":41,"end2":54,"tokens":11},{"file1":"ALGUHAN_KURULAR/LinkedListQuestions.cpp","file2":"ALP_DIKMEN/LinkedListQuestions.cpp","start1":76,"end1":87,"start2":98,"end2":111,"tokens":11}]}