{"id1":"ALGUHAN_KURULAR","id2":"MERTCAN_ARSLAN","similarity":0.38823529411764707,"matches":[{"file1":"ALGUHAN_KURULAR/LinkedListQuestions.cpp","file2":"MERTCAN_ARSLAN/LinkedListQuestions.cpp","start1":15,"end1":20,"start2":28,"end2":33,"tokens":11},{"file1":"ALGUHAN_KURULAR/LinkedListQuestions.cpp","file2":"MERTCAN_ARSLAN/LinkedListQuestions.cpp","start1":37,"end1":48,"start2":38,"end2":47,"tokens":11},{"file1":"ALGUHAN_KURULAR/LinkedListQuestions.cpp","file2":"MERTCAN_ARSLAN/LinkedListQuestions.cpp","start1":76,"end1":87,"start2":75,"end2":84,"tokens":11}]}