{"id1":"AYSE_ALKAN","id2":"ISMAIL_EFE_YALCINKAYA","similarity":0.5733333333333334,"matches":[{"file1":"AYSE_ALKAN/LinkedListQuestions.cpp","file2":"ISMAIL_EFE_YALCINKAYA/LinkedListQuestions.cpp","start1":11,"end1":27,"start2":7,"end2":21,"tokens":18},{"file1":"AYSE_ALKAN/LinkedListQuestions.cpp","file2":"ISMAIL_EFE_YALCINKAYA/LinkedListQuestions.cpp","start1":58,"end1":70,"start2":44,"end2":54,"tokens":13},{"file1":"AYSE_ALKAN/LinkedListQuestions.cpp","file2":"ISMAIL_EFE_YALCINKAYA/LinkedListQuestions.cpp","start1":30,"end1":40,"start2":22,"end2":31,"tokens":12}]}