{"id1":"AYSE_ALKAN","id2":"SUDE_ATANSAY","similarity":0.5228758169934641,"matches":[{"file1":"AYSE_ALKAN/LinkedListQuestions.cpp","file2":"SUDE_ATANSAY/LinkedListQuestions.cpp","start1":11,"end1":27,"start2":12,"end2":29,"tokens":18},{"file1":"AYSE_ALKAN/LinkedListQuestions.cpp","file2":"SUDE_ATANSAY/LinkedListQuestions.cpp","start1":30,"end1":40,"start2":30,"end2":39,"tokens":12},{"file1":"AYSE_ALKAN/LinkedListQuestions.cpp","file2":"SUDE_ATANSAY/LinkedListQuestions.cpp","start1":61,"end1":70,"start2":59,"end2":69,"tokens":10}]}