{"id1":"ISMAIL_EFE_YALCINKAYA","id2":"ERDAL_DENIZ_OZBEY","similarity":0.5595238095238095,"matches":[{"file1":"ISMAIL_EFE_YALCINKAYA/LinkedListQuestions.cpp","file2":"ERDAL_DENIZ_OZBEY/LinkedListQuestions.cpp","start1":7,"end1":21,"start2":14,"end2":29,"tokens":18},{"file1":"ISMAIL_EFE_YALCINKAYA/LinkedListQuestions.cpp","file2":"ERDAL_DENIZ_OZBEY/LinkedListQuestions.cpp","start1":22,"end1":34,"start2":30,"end2":45,"tokens":16},{"file1":"ISMAIL_EFE_YALCINKAYA/LinkedListQuestions.cpp","file2":"ERDAL_DENIZ_OZBEY/LinkedListQuestions.cpp","start1":44,"end1":54,"start2":57,"end2":67,"tokens":13}]}