{"id1":"ISMAIL_EFE_YALCINKAYA","id2":"SUDE_ATANSAY","similarity":0.8050314465408805,"matches":[{"file1":"ISMAIL_EFE_YALCINKAYA/LinkedListQuestions.cpp","file2":"SUDE_ATANSAY/LinkedListQuestions.cpp","start1":7,"end1":38,"start2":12,"end2":49,"tokens":42},{"file1":"ISMAIL_EFE_YALCINKAYA/LinkedListQuestions.cpp","file2":"SUDE_ATANSAY/LinkedListQuestions.cpp","start1":39,"end1":46,"start2":51,"end2":57,"tokens":11},{"file1":"ISMAIL_EFE_YALCINKAYA/LinkedListQuestions.cpp","file2":"SUDE_ATANSAY/LinkedListQuestions.cpp","start1":47,"end1":55,"start2":59,"end2":70,"tokens":11}]}