{"id1":"OMER_FARUK_GUCER","id2":"DENIZ_KAYRA_AYDIN","similarity":0.5314685314685315,"matches":[{"file1":"OMER_FARUK_GUCER/LinkedListQuestions.cpp","file2":"DENIZ_KAYRA_AYDIN/LinkedListQuestions.cpp","start1":28,"end1":40,"start2":32,"end2":46,"tokens":17},{"file1":"OMER_FARUK_GUCER/LinkedListQuestions.cpp","file2":"DENIZ_KAYRA_AYDIN/LinkedListQuestions.cpp","start1":8,"end1":18,"start2":8,"end2":19,"tokens":11},{"file1":"OMER_FARUK_GUCER/LinkedListQuestions.cpp","file2":"DENIZ_KAYRA_AYDIN/LinkedListQuestions.cpp","start1":59,"end1":67,"start2":70,"end2":80,"tokens":10}]}