{"id1":"SUDE_ATANSAY","id2":"ERDAL_DENIZ_OZBEY","similarity":0.5263157894736842,"matches":[{"file1":"SUDE_ATANSAY/LinkedListQuestions.cpp","file2":"ERDAL_DENIZ_OZBEY/LinkedListQuestions.cpp","start1":12,"end1":29,"start2":14,"end2":29,"tokens":18},{"file1":"SUDE_ATANSAY/LinkedListQuestions.cpp","file2":"ERDAL_DENIZ_OZBEY/LinkedListQuestions.cpp","start1":30,"end1":45,"start2":30,"end2":45,"tokens":16},{"file1":"SUDE_ATANSAY/LinkedListQuestions.cpp","file2":"ERDAL_DENIZ_OZBEY/LinkedListQuestions.cpp","start1":69,"end1":79,"start2":71,"end2":80,"tokens":11}]}