id,hash,ignored,data,files
28,2572541,false,,"[0,1,2,3,4,5,7,8,9,11,10,12,13,14,15,16,17,18,19,20,21,22,23,24,25,26,27]"
29,2345568,false,,"[0,1,2,3,4,5,7,8,9,11,10,12,13,14,15,16,17,18,19,20,21,22,23,24,25,26,27]"
30,2141905,false,,"[0,1,2,3,4,5,6,7,8,9,11,10,12,13,14,15,16,17,18,19,20,21,22,23,24,25,26,27]"
31,7533973,false,,"[0,1,2,3,4,5,6,7,8,9,11,10,12,13,14,15,16,17,18,19,20,21,23,24,25,26,27]"
32,3470180,false,,"[0,1,2,3,4,5,6,7,8,9,11,10,12,13,14,15,16,17,18,19,20,21,22,23,24,25,26,27]"
33,3020351,false,,"[0,1,2,3,4,5,6,7,8,9,11,10,12,13,14,15,16,17,18,19,20,21,22,23,24,25,26,27]"
34,263056,false,,"[0,1,2,3,4,5,6,7,8,9,11,10,12,13,14,15,16,17,18,19,20,21,22,23,24,25,26,27]"
35,472691,false,,"[0,1,2,3,4,5,6,7,8,9,11,10,12,13,14,15,16,17,18,19,20,21,22,23,24,25,26,27]"
36,3001241,false,,"[0,1,2,3,4,5,6,7,8,9,11,10,12,13,14,15,16,17,18,19,20,21,22,23,24,25,26,27]"
37,618494,false,,"[0,1,2,3,4,7,8,9,11,10,12,13,14,16,17,19,20,21,22,23,25,27]"
38,2445778,false,,"[0,4,25]"
39,3560775,false,,"[0,1,4,6,25]"
40,3753071,false,,"[0,4,6,25]"
41,4591705,false,,"[0,4,6,8,25]"
42,336884,false,,"[0,1,3,4,6,7,8,9,13,14,20,21,24,25]"
43,4649559,false,,"[0,1,3,4,8,9,11,15,16,20,21,22,23,24,25,26]"
44,1488532,false,,"[0,1,3,8,9,16,21,23,25]"
45,460855,false,,"[0,1,3,8,9,16,21,25]"
46,6576607,false,,"[0,1,2,3,4,6,8,13,20,21,25]"
47,2680717,false,,"[0,1,2,3,6,7,8,17,20,25]"
48,2407289,false,,[0]
49,2030694,false,,[0]
50,286053,false,,[0]
51,3558834,false,,"[0,12,24]"
52,2885658,false,,"[0,1,3,4,6,8,11,10,12,13,15,20,21,22,25,26]"
53,663784,false,,"[0,1,6,8,10,12,13,15,20,21,25]"
54,5064967,false,,"[0,1,3,6,7,8,9,10,12,13,14,15,19,20,21,25]"
55,7481846,false,,"[0,1,3,5,6,7,8,9,10,12,13,14,15,17,19,20,21,25]"
56,4510614,false,,"[0,1,2,3,4,5,6,7,8,9,11,10,12,13,14,15,16,17,18,19,20,21,22,23,24,25,26,27]"
57,4115795,false,,"[0,1,2,3,4,5,6,7,8,9,11,10,12,13,14,15,16,17,18,19,20,21,22,23,24,25,26,27]"
58,2529596,false,,"[0,1,2,3,4,5,6,7,8,9,11,10,12,13,14,15,16,17,18,19,20,21,22,23,24,25,26,27]"
59,3586629,false,,"[0,1,2,3,4,5,6,7,8,9,11,10,12,13,14,15,16,17,18,19,20,21,22,23,24,25,26,27]"
60,2538407,false,,"[0,1,2,3,4,5,6,7,8,9,11,10,12,13,14,15,16,17,18,19,20,21,22,23,24,25,26,27]"
61,2117606,false,,"[0,1,2,3,4,5,6,7,8,9,11,10,12,13,14,15,16,17,18,19,20,21,22,23,24,25,26,27]"
62,92543,false,,"[0,1,2,3,4,5,6,7,8,9,11,10,12,13,14,15,16,17,18,19,20,21,22,23,24,25,26,27]"
63,3925678,false,,"[0,4,6,25]"
64,1967682,false,,"[0,1,3,4,5,8,9,10,12,17,21,25]"
65,1224129,false,,"[0,1,3,4,5,8,9,11,10,12,15,16,17,20,21,22,23,24,25,26]"
66,2192911,false,,"[0,1,2,3,4,5,6,7,8,9,11,10,12,14,15,16,17,19,20,21,23,24,25,27]"
67,3095743,false,,"[0,1,2,3,4,5,6,7,8,9,11,10,12,14,15,19,20,21,24,25,27]"
68,5371223,false,,"[0,1,2,3,5,6,7,8,9,10,14,15,19,20,21,25]"
69,6805930,false,,"[0,1,3,6,8,10,13,15,20,21,25]"
70,867916,false,,"[0,1,3,6,8,23,25]"
71,879151,false,,"[0,1,3,6,8,25]"
72,2423425,false,,"[0,1,8,25]"
73,3704479,false,,"[0,1,8,20,21,25]"
74,5213423,false,,"[0,1,8,20,25]"
75,1164014,false,,"[0,1,6,8,20,25]"
76,2003134,false,,"[0,1,6,8,25]"
77,2201359,false,,"[0,6,25]"
78,2932397,false,,"[0,6,25]"
79,6691546,false,,"[0,6,25]"
80,3602174,false,,"[0,1,2,3,4,5,6,7,8,10,13,14,15,19,20,21,24,25]"
81,5516608,false,,"[0,1,3,6,8,15,20,25]"
82,7986385,false,,"[0,1,3,6,8,15,20,25]"
83,7204728,false,,"[0,1,3,6,8,15,20,25]"
84,6810914,false,,"[0,1,3,6,8,15,20,25]"
85,2329088,false,,"[0,1,3,8,15,20,25]"
86,5927361,false,,"[0,20]"
87,2251265,false,,[0]
88,624189,false,,[0]
89,75601,false,,[0]
90,1992651,false,,[0]
91,635036,false,,[0]
92,755507,false,,[0]
93,775732,false,,"[0,11,15,27]"
94,1448339,false,,"[0,11,15,27]"
95,2990476,false,,"[0,15,27]"
96,2342147,false,,"[0,1,3,6,20,25,27]"
97,1631618,false,,"[0,1,3,6,20,25,27]"
98,1152095,false,,"[0,1,3,6,20,25,27]"
99,39764,false,,"[0,6,25]"
100,73653,false,,"[0,6,25]"
101,196515,false,,"[0,1,3,15,20,25]"
102,59252,false,,"[0,1,3,15,20,25]"
103,110193,false,,"[0,1,3,15,20,25]"
104,2119773,false,,"[0,1,2,6,7,10,17,20,21,25,27]"
105,612322,false,,"[0,1,2,5,6,7,9,10,14,17,20,21,24,25,27]"
106,4357527,false,,"[0,15,16]"
107,322414,false,,[0]
108,529593,false,,[0]
109,2972591,false,,[0]
110,1827608,false,,"[0,1,25]"
111,475531,false,,"[0,1,25]"
112,3681243,false,,"[0,25]"
113,4169918,false,,"[0,25]"
114,3775785,false,,"[0,1,2,3,5,6,7,8,10,13,14,15,19,20,25]"
115,4566867,false,,"[0,1,2,3,6,7,8,14,15,17,19,20,25]"
116,3001125,false,,"[0,1,2,3,6,7,8,14,15,17,19,20,25]"
117,1474255,false,,"[0,1,2,3,6,7,8,10,14,15,17,19,20,21,22,25]"
118,2246909,false,,"[0,1,3,6,7,14,19,25]"
119,2422920,false,,"[0,1,3,5,6,7,10,14,19,25]"
120,2300873,false,,"[0,1,3,5,6,7,10,14,17,19,21,25]"
121,412107,false,,"[0,1,3,5,6,7,10,14,17,19,21,25]"
122,951552,false,,"[0,1,3,5,6,7,10,14,17,19,21,25]"
123,1958297,false,,"[0,1,3,5,6,7,10,14,17,19,21,25]"
124,2504447,false,,"[0,1,2,3,4,5,6,7,8,9,11,10,12,13,14,15,16,17,18,19,20,21,22,23,24,25,26,27]"
125,4355654,false,,"[0,1,2,3,4,5,6,7,8,9,11,10,12,13,14,15,16,17,18,19,20,21,22,23,24,25,26,27]"
126,4453203,false,,"[0,1,2,3,4,5,6,7,8,9,11,10,12,13,14,15,16,17,18,19,20,21,22,23,24,25,26,27]"
127,2642605,false,,"[0,1,2,3,4,5,6,7,8,9,11,10,12,13,14,15,16,17,18,19,20,21,22,23,24,25,26,27]"
128,2654566,false,,"[0,1,2,3,4,5,6,7,8,9,11,10,12,13,14,15,16,17,18,19,20,21,22,23,24,25,26,27]"
129,2822480,false,,"[0,1,2,3,4,5,6,7,8,9,11,10,12,13,14,15,16,17,18,19,20,21,22,23,24,25,26,27]"
130,245534,false,,"[0,1,2,3,4,5,6,7,8,9,11,10,12,13,14,15,16,17,18,19,20,21,22,23,24,25,26,27]"
131,2172341,false,,"[0,1,2,3,4,5,6,7,8,9,11,10,12,13,14,15,16,17,18,19,20,21,22,23,24,25,26,27]"
132,2978386,false,,"[0,1,2,3,4,5,6,7,8,9,11,10,12,13,14,15,16,17,18,19,20,21,22,23,24,25,26,27]"
133,3210079,false,,"[0,1,2,3,4,5,6,7,8,9,11,10,12,13,14,15,16,17,18,19,20,21,22,23,24,25,26,27]"
134,784307,false,,"[0,1,2,3,4,5,6,7,8,9,11,10,12,13,14,15,16,17,18,19,20,21,22,23,24,25,26,27]"
135,823659,false,,"[0,1,2,3,4,5,6,7,8,9,11,10,12,13,14,15,16,17,18,19,20,21,22,23,24,25,26,27]"
136,1999637,false,,"[0,1,2,3,4,5,6,7,8,9,11,10,12,13,14,15,16,17,18,19,20,21,22,23,24,25,26,27]"
137,1062460,false,,[1]
138,4028312,false,,[1]
139,6545273,false,,"[1,3,7,9,13,14,24]"
140,4751280,false,,"[1,3,6,8,20,25]"
141,3422399,false,,"[1,3,4,6,7,8,11,12,13,14,16,20,21,23,25]"
142,3790009,false,,"[1,3,6,8,25]"
143,3147674,false,,"[1,3,5,8,9,10,12,13,14,17,19,20,21]"
144,6473860,false,,[1]
145,13594582,false,,[1]
146,2609822,false,,"[1,3,4,8,9,11,13,14,15,18,20,23,27]"
147,4952508,false,,[1]
148,2970918,false,,[1]
149,2869454,false,,"[1,3,20,25]"
150,611175,false,,"[1,3,12,20,25,27]"
151,3902461,false,,"[1,3,20,25]"
152,4260936,false,,"[1,3,20,25]"
153,3486587,false,,"[1,3,20,25]"
154,463178,false,,[1]
155,2324448,false,,"[1,2,5,6,7,8,9,10,12,13,14,17,19,25]"
156,23130,false,,"[1,2,3,5,6,7,8,9,11,10,12,13,14,16,17,18,19,20,21,22,23,24,25,27]"
157,3771144,false,,"[1,2,3,5,6,7,8,9,10,14,19,20,21,24,25]"
158,2241680,false,,"[1,2,3,5,6,7,8,9,10,14,19,20,21,24]"
159,1725709,false,,"[1,2,3,5,6,7,8,9,10,14,19,20,21,24]"
160,4964753,false,,"[1,2,3,5,6,7,8,9,11,10,12,13,14,17,18,19,20,21,23,24,27]"
161,4138407,false,,"[1,3,5,8,9,11,13,14,18,20,23,27]"
162,7134434,false,,"[2,3,7,9,10,12,13,14,21,24]"
163,8972460,false,,"[2,12,21]"
164,6633984,false,,[2]
165,6439818,false,,[2]
166,5605867,false,,[2]
167,228591,false,,[2]
168,4399764,false,,"[2,7]"
169,2960505,false,,"[2,7]"
170,443579,false,,[2]
171,907350,false,,[2]
172,1972039,false,,[2]
173,1931367,false,,[2]
174,5023014,false,,[2]
175,8810636,false,,"[2,6,20]"
176,2376432,false,,[2]
177,1923975,false,,[2]
178,415699,false,,[2]
179,382137,false,,[2]
180,3480660,false,,"[2,7]"
181,2016469,false,,"[2,7]"
182,3352247,false,,"[2,7]"
183,1320071,false,,"[2,7]"
184,1249165,false,,"[2,7]"
185,1247431,false,,"[2,7]"
186,157753,false,,"[2,7]"
187,5191562,false,,"[2,7]"
188,1827141,false,,"[2,7,14]"
189,1987373,false,,"[2,17]"
190,3251976,false,,"[2,4,5,7,9,11,10,13,14,15,16,17,18,19,21,22,24,26,27]"
191,574166,false,,"[2,7]"
192,3918513,false,,"[2,7]"
193,5608409,false,,"[2,7]"
194,3979495,false,,"[2,7]"
195,3462331,false,,"[2,7]"
196,2616175,false,,"[2,7,12,17]"
197,2089812,false,,"[2,7,10]"
198,1114360,false,,"[2,7,19]"
199,1017393,false,,"[2,6]"
200,2295517,false,,"[2,3,15]"
201,2797365,false,,[2]
202,1308862,false,,"[2,3,5,6,7,9,10,12,13,17,19,20,21,23,24]"
203,5222600,false,,"[2,7,11,16,17,21,22,23,24,27]"
204,121085,false,,"[2,7,16,21,23,24]"
205,2890161,false,,"[2,7,23,24]"
206,6826031,false,,"[2,5,7,12,17,22,23]"
207,2326354,false,,"[2,7,10]"
208,3423965,false,,"[2,7,10]"
209,3606815,false,,"[2,5,7,10,17,21]"
210,3632945,false,,"[2,4,5,7,9,11,10,12,13,15,17,19,21,22,24]"
211,1782668,false,,"[2,5,6,7,9,10,12,17,19,20,21,24]"
212,604743,false,,"[2,7,19,20,21]"
213,4948632,false,,"[2,5,7,10,19,20,21,22]"
214,1907814,false,,"[2,5,7,19,20,22,23]"
215,1608345,false,,"[2,5,6,7,10,15,19,20,21,24]"
216,2435140,false,,"[2,8,15]"
217,1593770,false,,"[2,8,13,15]"
218,1004244,false,,"[3,5,7,9,11,10,13,14,16,17,18,19,21,22,24,27]"
219,4821943,false,,[3]
220,2147828,false,,[3]
221,607775,false,,"[3,23]"
222,4017844,false,,"[3,6]"
223,6886784,false,,[3]
224,6690090,false,,[3]
225,3407129,false,,[3]
226,1431239,false,,[3]
227,3817492,false,,[3]
228,3043734,false,,[3]
229,4857283,false,,[3]
230,5956103,false,,[3]
231,7277695,false,,[3]
232,6738489,false,,[3]
233,5388736,false,,[3]
234,1750860,false,,[3]
235,1245885,false,,[3]
236,2902800,false,,[3]
237,1784309,false,,[3]
238,5143702,false,,[3]
239,2467289,false,,[3]
240,1237135,false,,"[3,15]"
241,1926881,false,,"[3,15]"
242,3049553,false,,[3]
243,2686334,false,,"[4,14]"
244,4840887,false,,"[4,14]"
245,11244887,false,,"[4,14]"
246,11547998,false,,"[4,7,13,14]"
247,1964959,false,,"[4,13,14]"
248,1121208,false,,[4]
249,3641936,false,,[4]
250,3618524,false,,[4]
251,4554417,false,,[4]
252,1679607,false,,"[4,11,12,16,21]"
253,2701337,false,,"[4,11,12,16,21,23]"
254,317671,false,,"[4,12,18,20,23]"
255,4852286,false,,"[4,20]"
256,1290752,false,,[4]
257,5173658,false,,[4]
258,3505206,false,,[4]
259,6308011,false,,[4]
260,111174,false,,[4]
261,7232757,false,,"[4,8]"
262,809008,false,,"[4,5,12,17,22]"
263,911632,false,,[4]
264,4167465,false,,[4]
265,1790648,false,,[4]
266,2870602,false,,[4]
267,2573843,false,,[4]
268,559762,false,,"[4,23]"
269,104480,false,,[4]
270,782669,false,,[4]
271,2346520,false,,[4]
272,1608250,false,,[4]
273,7781761,false,,[4]
274,5925196,false,,[4]
275,1956208,false,,"[4,10,13]"
276,4460580,false,,[4]
277,7215440,false,,[4]
278,4404539,false,,[4]
279,1270660,false,,[4]
280,495582,false,,[4]
281,4379390,false,,[4]
282,5445560,false,,[4]
283,3607150,false,,[4]
284,383999,false,,[4]
285,462013,false,,"[4,9,11,13,18,23,27]"
286,728937,false,,"[4,13,21]"
287,1263563,false,,"[4,11,12,22]"
288,3132756,false,,"[4,5,11,10,12,17,21]"
289,3002533,false,,"[4,5,12,17,21]"
290,5780883,false,,"[4,12,27]"
291,3720240,false,,[5]
292,2524287,false,,[5]
293,843298,false,,"[5,19]"
294,671296,false,,[5]
295,1375219,false,,[5]
296,8505541,false,,[5]
297,6334558,false,,"[5,17]"
298,8569519,false,,[5]
299,3942974,false,,[5]
300,1211583,false,,"[5,9,24]"
301,146084,false,,"[5,15]"
302,2378676,false,,"[5,15]"
303,3934230,false,,[5]
304,255684,false,,"[5,19]"
305,348052,false,,"[5,9,19]"
306,235260,false,,"[5,9]"
307,2876912,false,,"[5,9,27]"
308,8408097,false,,[5]
309,6513204,false,,[5]
310,2898391,false,,[5]
311,4465685,false,,[5]
312,1719433,false,,"[5,17]"
313,5823262,false,,"[5,11,24]"
314,4694679,false,,[5]
315,4017221,false,,[5]
316,7184823,false,,[5]
317,6814918,false,,[5]
318,5946124,false,,[5]
319,1911795,false,,[5]
320,7349812,false,,[5]
321,8937664,false,,[5]
322,7686824,false,,[5]
323,1588693,false,,"[5,10,19]"
324,936543,false,,"[5,17]"
325,7024820,false,,"[5,24]"
326,2101388,false,,[5]
327,2173202,false,,"[5,12,24]"
328,2548004,false,,"[5,12,21]"
329,918474,false,,[5]
330,282074,false,,"[5,16]"
331,2483389,false,,[5]
332,1558001,false,,"[5,10,21]"
333,7345791,false,,"[5,10,12,21,26]"
334,3836314,false,,"[5,10,26]"
335,23672063,false,,[6]
336,6063136,false,,[6]
337,861000,false,,[6]
338,112775,false,,[6]
339,327158,false,,[6]
340,10860443,false,,[6]
341,68694,false,,[6]
342,77778,false,,[6]
343,1162116,false,,"[6,20]"
344,2784193,false,,"[6,20]"
345,2197005,false,,"[6,20]"
346,3955921,false,,"[6,13,19]"
347,2159422,false,,[6]
348,1581801,false,,[6]
349,609786,false,,[6]
350,864477,false,,[6]
351,1247661,false,,[6]
352,6791638,false,,[6]
353,2886235,false,,[6]
354,1216487,false,,[6]
355,581554,false,,[6]
356,2815112,false,,[6]
357,117190,false,,[6]
358,1342481,false,,[6]
359,3424427,false,,[6]
360,3234394,false,,[6]
361,1119455,false,,[6]
362,592144,false,,[6]
363,329440,false,,[6]
364,6260211,false,,[7]
365,2109390,false,,[7]
366,5532291,false,,[7]
367,1415869,false,,[7]
368,2307288,false,,[7]
369,2925568,false,,[7]
370,717586,false,,[7]
371,1982419,false,,"[7,10,14,24]"
372,1189546,false,,"[7,11,10,14,24]"
373,2263247,false,,"[7,14]"
374,967601,false,,"[7,14]"
375,454939,false,,"[7,14]"
376,955910,false,,"[7,14]"
377,5517882,false,,"[7,14]"
378,1045866,false,,"[7,14]"
379,6609156,false,,[7]
380,5453820,false,,[7]
381,4936860,false,,[7]
382,2634932,false,,[7]
383,490233,false,,[7]
384,739179,false,,"[7,19]"
385,2538651,false,,"[7,10,13,17,21,22,26,27]"
386,518775,false,,[7]
387,1437911,false,,[8]
388,1506497,false,,[8]
389,7012966,false,,[8]
390,2571354,false,,[8]
391,1818592,false,,[8]
392,3745964,false,,[8]
393,3282917,false,,"[8,14,19]"
394,2233882,false,,"[8,13,14,19,22]"
395,1711611,false,,[9]
396,2912360,false,,[9]
397,1405442,false,,[9]
398,715590,false,,[9]
399,5458971,false,,[9]
400,469022,false,,[9]
401,3126616,false,,[9]
402,4618934,false,,"[9,15,16]"
403,6786219,false,,"[9,15,16]"
404,3460471,false,,[9]
405,609695,false,,[9]
406,409821,false,,"[9,19]"
407,1430278,false,,"[9,19,22,24]"
408,5781317,false,,"[9,10,12,13,23,24]"
409,6455309,false,,"[9,12,13,23,24]"
410,9224068,false,,"[9,12,13,23,24]"
411,4194982,false,,"[9,12,13,23,24]"
412,2352105,false,,"[9,12,23,24]"
413,1518077,false,,"[9,12,23,24]"
414,743435,false,,"[9,10,12,15,17,22,23,24]"
415,2578184,false,,[9]
416,4534358,false,,"[9,10]"
417,2244449,false,,"[9,11,14,16]"
418,2276789,false,,"[9,11,10,18,21,23]"
419,524790,false,,"[9,21,22]"
420,3178601,false,,"[9,21]"
421,446700,false,,"[9,24]"
422,2008355,false,,"[9,24]"
423,4433056,false,,"[9,24]"
424,4639971,false,,"[9,24]"
425,2331925,false,,[11]
426,172703,false,,[11]
427,2024739,false,,"[11,16,23]"
428,3083305,false,,"[11,16,23]"
429,6130993,false,,"[11,16,23]"
430,9444476,false,,"[11,16,23]"
431,2514632,false,,"[11,23]"
432,271553,false,,"[11,23]"
433,680867,false,,"[11,23]"
434,1442452,false,,"[11,21,23]"
435,1744263,false,,"[11,12,16,21]"
436,2780948,false,,"[11,16,22,23,27]"
437,3001351,false,,"[11,15,23,27]"
438,2055682,false,,"[11,15,27]"
439,1978781,false,,"[11,27]"
440,872006,false,,[11]
441,2806298,false,,[11]
442,3846826,false,,"[11,22]"
443,1931261,false,,[11]
444,2526361,false,,[11]
445,8364232,false,,[11]
446,6564355,false,,"[11,13,15,19]"
447,644990,false,,"[11,18]"
448,754194,false,,"[11,18]"
449,4760477,false,,[10]
450,1289902,false,,[10]
451,1605426,false,,[10]
452,2275280,false,,"[10,15,17,19,22,24]"
453,6674608,false,,"[10,15,17,22,24]"
454,4209907,false,,"[10,12,17,24]"
455,10611394,false,,"[10,17,24]"
456,845602,false,,"[10,17,24]"
457,3974929,false,,[10]
458,3764488,false,,[10]
459,4205173,false,,[10]
460,10011387,false,,[10]
461,4758236,false,,[10]
462,4590530,false,,[10]
463,1569077,false,,"[10,17,21]"
464,1847266,false,,[10]
465,6078744,false,,[10]
466,3174226,false,,[10]
467,4718074,false,,[10]
468,4828835,false,,[10]
469,3514824,false,,[10]
470,500907,false,,[10]
471,2320218,false,,[10]
472,971388,false,,[10]
473,6893793,false,,[12]
474,1112030,false,,[12]
475,701775,false,,[12]
476,751356,false,,[12]
477,1483810,false,,[12]
478,4227876,false,,[12]
479,3189797,false,,[12]
480,5360437,false,,[12]
481,5931201,false,,[12]
482,1693190,false,,"[12,22]"
483,570884,false,,"[12,22]"
484,719478,false,,"[12,27]"
485,4267641,false,,"[12,27]"
486,5160808,false,,[12]
487,4541766,false,,[12]
488,466198,false,,"[12,20,24]"
489,702206,false,,[12]
490,566492,false,,[12]
491,313981,false,,[12]
492,571120,false,,[12]
493,1858649,false,,[12]
494,1989995,false,,[12]
495,6528745,false,,[12]
496,4562178,false,,"[12,23]"
497,5439868,false,,[12]
498,3618814,false,,[12]
499,1079577,false,,[12]
500,1153154,false,,[12]
501,483092,false,,[12]
502,2043242,false,,[12]
503,3156304,false,,[12]
504,812294,false,,"[12,14]"
505,114110,false,,[12]
506,2109391,false,,[12]
507,1423712,false,,[13]
508,2433744,false,,[13]
509,3045048,false,,[13]
510,8339212,false,,[13]
511,9774155,false,,[13]
512,2625935,false,,[13]
513,968929,false,,[13]
514,3907149,false,,[13]
515,3189897,false,,[13]
516,2841769,false,,[13]
517,7934976,false,,"[13,17]"
518,3579848,false,,[13]
519,1548757,false,,[13]
520,1849960,false,,[13]
521,3262652,false,,[13]
522,1606108,false,,[13]
523,5918939,false,,[13]
524,830815,false,,[13]
525,3392145,false,,[13]
526,5203825,false,,"[13,23]"
527,2903883,false,,"[13,16,22]"
528,343776,false,,[13]
529,42071,false,,[13]
530,1755025,false,,[13]
531,3155449,false,,[13]
532,692880,false,,[13]
533,2397007,false,,[13]
534,3225677,false,,[13]
535,2361763,false,,[13]
536,4913837,false,,[13]
537,5285524,false,,[13]
538,3240874,false,,[13]
539,46599,false,,[13]
540,401833,false,,[13]
541,525258,false,,[13]
542,3078298,false,,[13]
543,3077202,false,,[13]
544,3883308,false,,[13]
545,6465012,false,,[13]
546,1404973,false,,[14]
547,2431706,false,,[14]
548,1654438,false,,[14]
549,2957683,false,,[14]
550,234893,false,,[14]
551,2899455,false,,[14]
552,925522,false,,[14]
553,517921,false,,[14]
554,1641578,false,,[14]
555,3335453,false,,[14]
556,506662,false,,[14]
557,1949105,false,,[14]
558,2654165,false,,[14]
559,4524054,false,,[14]
560,936836,false,,[14]
561,5405449,false,,[14]
562,6180419,false,,[14]
563,6645795,false,,[14]
564,9593996,false,,[14]
565,7643499,false,,[14]
566,1017967,false,,[14]
567,939890,false,,[14]
568,742174,false,,[14]
569,2561537,false,,[14]
570,4916920,false,,[14]
571,1390718,false,,[14]
572,6188018,false,,[14]
573,421462,false,,[14]
574,5077527,false,,[14]
575,5129408,false,,"[15,24]"
576,6533164,false,,"[15,24]"
577,7385,false,,"[15,24]"
578,695844,false,,"[15,24]"
579,529729,false,,"[15,17,24]"
580,2094656,false,,[15]
581,5153237,false,,[15]
582,3980994,false,,[15]
583,572065,false,,[15]
584,876733,false,,[15]
585,1559092,false,,"[15,23]"
586,3290973,false,,[15]
587,398344,false,,[15]
588,2418695,false,,[15]
589,7361501,false,,[15]
590,8176918,false,,"[15,26]"
591,7454780,false,,"[15,26]"
592,6464675,false,,"[15,26]"
593,238203,false,,"[15,22]"
594,8932616,false,,[15]
595,1140040,false,,[15]
596,6070249,false,,[15]
597,991923,false,,[15]
598,930095,false,,[15]
599,1858040,false,,[15]
600,713501,false,,[15]
601,2346361,false,,[15]
602,522995,false,,[15]
603,399580,false,,[15]
604,2445432,false,,[15]
605,6523523,false,,[15]
606,4405543,false,,[15]
607,1847125,false,,[15]
608,1040729,false,,[15]
609,1805908,false,,[16]
610,1393424,false,,[16]
611,1060399,false,,[16]
612,4802671,false,,[16]
613,4755634,false,,[16]
614,527311,false,,[16]
615,1044784,false,,[16]
616,797290,false,,[16]
617,1815667,false,,[16]
618,2585076,false,,[16]
619,1901068,false,,[16]
620,460920,false,,[16]
621,6709966,false,,[16]
622,5701693,false,,[16]
623,411815,false,,[16]
624,102459,false,,"[16,24]"
625,405445,false,,[16]
626,4617231,false,,[16]
627,91852,false,,[16]
628,2550080,false,,[16]
629,2471211,false,,[16]
630,5420543,false,,[16]
631,3149313,false,,[16]
632,1579871,false,,[16]
633,3624020,false,,[16]
634,5294195,false,,[16]
635,7772319,false,,[16]
636,9686319,false,,[16]
637,6185978,false,,[16]
638,3614420,false,,[16]
639,2529157,false,,[16]
640,6533181,false,,[16]
641,5553662,false,,[16]
642,5265596,false,,"[16,21,23,24]"
643,3427815,false,,[16]
644,3877289,false,,[16]
645,2610036,false,,[16]
646,5983510,false,,[16]
647,7548654,false,,[16]
648,8809394,false,,[16]
649,6409761,false,,[16]
650,5916814,false,,[16]
651,2608570,false,,[16]
652,1667041,false,,[16]
653,2597429,false,,"[17,19]"
654,1013792,false,,[17]
655,1103378,false,,[17]
656,3349704,false,,[17]
657,502840,false,,[17]
658,4031742,false,,[17]
659,4815927,false,,[17]
660,4180698,false,,[17]
661,861413,false,,[17]
662,578734,false,,"[17,21,23]"
663,2306304,false,,"[17,21,23]"
664,2785662,false,,"[17,22,23,26]"
665,3378858,false,,[17]
666,6139346,false,,"[17,21]"
667,5665776,false,,"[17,21]"
668,4403811,false,,"[17,21]"
669,1833592,false,,"[17,21]"
670,3574946,false,,"[17,21,22]"
671,103900,false,,"[17,22]"
672,21515,false,,"[17,22]"
673,1514411,false,,[17]
674,2365446,false,,[17]
675,4465169,false,,[17]
676,938330,false,,"[17,21]"
677,3653046,false,,[17]
678,4270357,false,,[17]
679,5598374,false,,"[17,22]"
680,2553830,false,,[17]
681,2838613,false,,[17]
682,3844556,false,,[17]
683,4295695,false,,[17]
684,3648232,false,,[17]
685,5025357,false,,[18]
686,3378791,false,,[18]
687,2105856,false,,[18]
688,1613862,false,,[18]
689,2418140,false,,"[18,23]"
690,1468349,false,,"[18,23]"
691,2405688,false,,"[18,23]"
692,3242795,false,,[18]
693,1076284,false,,[18]
694,1026263,false,,[18]
695,518173,false,,[19]
696,5292894,false,,[19]
697,1491600,false,,[19]
698,6832088,false,,[19]
699,8308612,false,,[19]
700,3008141,false,,"[19,23]"
701,2404066,false,,[19]
702,2309544,false,,[19]
703,3245609,false,,[19]
704,2508485,false,,[19]
705,1029986,false,,[19]
706,695629,false,,[19]
707,6957078,false,,[19]
708,2096518,false,,[19]
709,7453321,false,,[19]
710,6232066,false,,[19]
711,3295621,false,,[19]
712,1599818,false,,[19]
713,5486024,false,,[19]
714,6077529,false,,[19]
715,6982259,false,,[19]
716,3400707,false,,[19]
717,2767320,false,,[19]
718,2994847,false,,[19]
719,10579679,false,,[19]
720,1145747,false,,[19]
721,2902468,false,,[19]
722,2271081,false,,[19]
723,1900342,false,,"[19,21,24]"
724,98798,false,,[19]
725,845995,false,,[19]
726,8439414,false,,[19]
727,385903,false,,[20]
728,1638065,false,,[20]
729,1688376,false,,[20]
730,2794118,false,,[20]
731,6509938,false,,[20]
732,2428168,false,,[20]
733,2559672,false,,[20]
734,374034,false,,[20]
735,1721209,false,,[20]
736,1289382,false,,[20]
737,832069,false,,[20]
738,813215,false,,[20]
739,4075707,false,,[20]
740,1083774,false,,[20]
741,1083826,false,,[20]
742,2556989,false,,[20]
743,1062994,false,,[20]
744,8257276,false,,[20]
745,512362,false,,[20]
746,2141733,false,,[20]
747,3668283,false,,[20]
748,738549,false,,[20]
749,6444035,false,,[20]
750,1234064,false,,"[20,21,23,24,27]"
751,1162042,false,,[20]
752,1100614,false,,[20]
753,2621899,false,,[20]
754,1531574,false,,[20]
755,2580564,false,,[20]
756,2154029,false,,[20]
757,1771847,false,,[20]
758,158627,false,,[20]
759,3048417,false,,[21]
760,6167275,false,,[21]
761,516508,false,,[21]
762,2944584,false,,[21]
763,829482,false,,[21]
764,472360,false,,"[21,22]"
765,1347270,false,,[21]
766,594516,false,,[21]
767,360995,false,,[21]
768,2737151,false,,[21]
769,640060,false,,[21]
770,2246670,false,,[21]
771,156230,false,,[21]
772,1388801,false,,[21]
773,2183284,false,,[21]
774,3345466,false,,[21]
775,1947376,false,,[21]
776,2585147,false,,[21]
777,3349009,false,,[21]
778,2622465,false,,[21]
779,2390237,false,,[21]
780,3943882,false,,[21]
781,2269473,false,,[21]
782,5455724,false,,[21]
783,875771,false,,[21]
784,1872362,false,,[21]
785,1893662,false,,[21]
786,1487187,false,,"[21,24]"
787,499283,false,,[21]
788,4599403,false,,"[21,23]"
789,2972299,false,,[22]
790,2438123,false,,[22]
791,1957613,false,,[22]
792,809000,false,,[22]
793,2257974,false,,[22]
794,73431,false,,[22]
795,1175834,false,,[22]
796,522301,false,,[22]
797,2887776,false,,[22]
798,3779136,false,,[22]
799,6424523,false,,[22]
800,3525548,false,,[22]
801,1103201,false,,[22]
802,1836539,false,,[22]
803,193193,false,,[22]
804,1770882,false,,[22]
805,3073264,false,,[22]
806,3172881,false,,[22]
807,1545247,false,,[22]
808,3586903,false,,[22]
809,3426406,false,,[22]
810,2096342,false,,[22]
811,1942984,false,,[22]
812,64676,false,,[22]
813,120363,false,,[22]
814,470708,false,,[22]
815,720584,false,,"[22,23]"
816,4233256,false,,[22]
817,3907454,false,,[22]
818,2446808,false,,[22]
819,1138354,false,,[22]
820,6221276,false,,[22]
821,1329919,false,,[22]
822,2749150,false,,[22]
823,2575718,false,,[22]
824,2266771,false,,[22]
825,54992,false,,[22]
826,2552091,false,,[22]
827,2320042,false,,[22]
828,3728362,false,,[22]
829,4428501,false,,[22]
830,3484552,false,,[22]
831,2422326,false,,[22]
832,1884350,false,,[22]
833,1774813,false,,[22]
834,275661,false,,[22]
835,1855735,false,,[22]
836,6902285,false,,[22]
837,5742368,false,,[22]
838,1203718,false,,[22]
839,918586,false,,[22]
840,5867853,false,,[22]
841,4092984,false,,[22]
842,1338773,false,,[22]
843,4028887,false,,[22]
844,1446371,false,,[22]
845,547916,false,,[22]
846,545794,false,,[22]
847,3191705,false,,[22]
848,16960,false,,[22]
849,2641955,false,,[22]
850,469880,false,,[22]
851,296430,false,,[22]
852,3312503,false,,[22]
853,2671164,false,,[22]
854,2566326,false,,[22]
855,932535,false,,[22]
856,619610,false,,[22]
857,1260647,false,,[22]
858,4406231,false,,[22]
859,1034891,false,,[22]
860,11524915,false,,[22]
861,4129241,false,,[22]
862,76821,false,,[22]
863,1876963,false,,[22]
864,2025886,false,,[22]
865,2649726,false,,[22]
866,774914,false,,[22]
867,1488222,false,,[22]
868,2714385,false,,[22]
869,677862,false,,[22]
870,231331,false,,[22]
871,2789758,false,,[22]
872,2914499,false,,[22]
873,3518067,false,,[22]
874,2401172,false,,[22]
875,3557239,false,,[22]
876,91261,false,,[22]
877,398036,false,,[22]
878,2186380,false,,[22]
879,7513150,false,,[22]
880,4171482,false,,[22]
881,287112,false,,[22]
882,467358,false,,[22]
883,2280681,false,,[22]
884,7239926,false,,[22]
885,4504749,false,,[22]
886,3762336,false,,[22]
887,3770575,false,,[22]
888,6576610,false,,[22]
889,336345,false,,[22]
890,2880106,false,,[22]
891,5339924,false,,[22]
892,1680886,false,,[22]
893,1625887,false,,[22]
894,1361456,false,,[22]
895,80055,false,,[22]
896,585189,false,,[22]
897,4460932,false,,[22]
898,4200891,false,,[22]
899,3107858,false,,[22]
900,2313600,false,,[22]
901,1178213,false,,[22]
902,2725373,false,,[22]
903,4266273,false,,[22]
904,1741123,false,,[22]
905,503117,false,,[22]
906,595878,false,,[22]
907,661453,false,,[22]
908,2524710,false,,[22]
909,1751903,false,,[22]
910,597823,false,,[22]
911,3420178,false,,[22]
912,2388946,false,,[22]
913,2553417,false,,[22]
914,1397290,false,,[22]
915,3581084,false,,[22]
916,4349039,false,,[22]
917,2042806,false,,[23]
918,4106619,false,,[23]
919,1359571,false,,[23]
920,1437402,false,,[23]
921,2836011,false,,[23]
922,3411223,false,,[23]
923,3473068,false,,[23]
924,115879,false,,[23]
925,1783491,false,,[23]
926,1494246,false,,[23]
927,172071,false,,[23]
928,2560877,false,,[23]
929,353269,false,,[23]
930,3354213,false,,[23]
931,7185567,false,,[23]
932,3441594,false,,[23]
933,1028562,false,,[23]
934,4252499,false,,[23]
935,1501115,false,,[23]
936,1009166,false,,[23]
937,362195,false,,[23]
938,4049826,false,,[23]
939,58195,false,,[23]
940,2847909,false,,[23]
941,6297151,false,,[23]
942,3754026,false,,[23]
943,2682006,false,,[23]
944,1586450,false,,[23]
945,1246005,false,,[23]
946,1884288,false,,[23]
947,4995747,false,,[23]
948,4424535,false,,[23]
949,2053907,false,,[23]
950,166367,false,,[23]
951,3508591,false,,[23]
952,2545354,false,,"[23,24]"
953,2280301,false,,[23]
954,1427447,false,,[23]
955,1285051,false,,[23]
956,299111,false,,[23]
957,5857536,false,,[23]
958,1749274,false,,[23]
959,2901544,false,,[23]
960,4814489,false,,[23]
961,4222026,false,,[23]
962,2219144,false,,[23]
963,229508,false,,[23]
964,2294341,false,,[23]
965,681666,false,,[23]
966,3981809,false,,[23]
967,1415991,false,,[23]
968,1472550,false,,[23]
969,3121632,false,,[23]
970,4377795,false,,[23]
971,2616385,false,,[23]
972,3433384,false,,[23]
973,2820282,false,,[23]
974,2250698,false,,[23]
975,559264,false,,[23]
976,1740642,false,,[23]
977,3559453,false,,[23]
978,4198071,false,,[23]
979,564905,false,,[24]
980,751411,false,,[24]
981,930415,false,,[24]
982,113956,false,,[24]
983,828168,false,,[24]
984,3028398,false,,[24]
985,1935422,false,,[24]
986,753769,false,,[24]
987,4965585,false,,[24]
988,10057722,false,,[24]
989,2688995,false,,[24]
990,1075322,false,,[24]
991,142034,false,,[24]
992,5724882,false,,[24]
993,1597364,false,,[24]
994,144826,false,,[24]
995,521796,false,,[24]
996,9198638,false,,[24]
997,3360050,false,,[24]
998,2029423,false,,[24]
999,648729,false,,[24]
1000,1334090,false,,[24]
1001,993377,false,,[24]
1002,688769,false,,[24]
1003,674694,false,,[24]
1004,990987,false,,[24]
1005,4205160,false,,[25]
1006,3021425,false,,[25]
1007,2133553,false,,[26]
1008,1212872,false,,[26]
1009,360647,false,,[26]
1010,865138,false,,[26]
1011,1080785,false,,[26]
1012,20275,false,,[26]
1013,7082188,false,,[26]
1014,2390110,false,,[26]
1015,5347477,false,,[26]
1016,873605,false,,[26]
1017,1290543,false,,[26]
1018,1474379,false,,[26]
1019,387924,false,,[26]
1020,1071404,false,,[26]
1021,2548086,false,,[26]
1022,5864823,false,,[26]
1023,2742644,false,,[26]
1024,4701414,false,,[26]
1025,1355970,false,,[26]
1026,1978851,false,,[26]
1027,2169732,false,,[26]
1028,3754081,false,,[26]
1029,3601071,false,,[26]
1030,1074127,false,,[26]
1031,3501838,false,,[26]
1032,4557566,false,,[26]
1033,727981,false,,[26]
1034,270211,false,,[26]
1035,21794,false,,[26]
1036,3212044,false,,[26]
1037,1764278,false,,[26]
1038,1695150,false,,[26]
1039,2580468,false,,[26]
1040,2508372,false,,[26]
1041,3763035,false,,[26]
1042,2560704,false,,[26]
1043,4589542,false,,[26]
1044,2470689,false,,[26]
1045,1570450,false,,[26]
1046,1210929,false,,[26]
1047,3579747,false,,[26]
1048,929214,false,,[26]
1049,4477890,false,,[26]
1050,5757248,false,,[26]
1051,641219,false,,[26]
1052,2180320,false,,[26]
1053,960991,false,,[26]
1054,1587968,false,,[26]
1055,4060095,false,,[26]
1056,4272209,false,,[26]
1057,2592990,false,,[26]
1058,234740,false,,[26]
1059,439233,false,,[26]
1060,2235404,false,,[26]
1061,686284,false,,[26]
1062,1728315,false,,[26]
1063,6777275,false,,[26]
1064,1791642,false,,[26]
1065,1452140,false,,[26]
1066,3626192,false,,[26]
1067,2769146,false,,[26]
1068,2550482,false,,[26]
1069,2313521,false,,[26]
1070,2098878,false,,[27]
1071,469177,false,,[27]
1072,4480213,false,,[27]
1073,951007,false,,[27]
1074,9313692,false,,[27]
1075,3956628,false,,[27]
1076,1969793,false,,[27]
1077,284289,false,,[27]
1078,347310,false,,[27]
1079,2624858,false,,[27]
1080,4836429,false,,[27]
1081,871524,false,,[27]
1082,1633203,false,,[27]
1083,4208356,false,,[27]
1084,4505136,false,,[27]
1085,4592754,false,,[27]
1086,5419156,false,,[27]
1087,4396846,false,,[27]
1088,543478,false,,[27]
1089,4201892,false,,[27]
1090,4372697,false,,[27]
1091,8481342,false,,[27]
